date,industry_code,pe_ttm,pb,dividend_yield
2019-01-02,801890,23.5,1.67,1.07
2019-01-02,801010,25.96,2.45,1.26
2019-01-02,801030,13.14,1.55,2.15
2019-01-02,801040,5.69,0.98,3.47
2019-01-02,801050,22.69,1.71,1.21
2019-01-02,801080,23.19,2.13,0.98
2019-01-02,801110,10.61,2.2,1.83
2019-01-02,801120,22.6,4.17,1.96
2019-01-02,801150,23.95,2.61,1.08
2019-01-02,801160,19.16,1.4,1.82
2019-01-02,801170,16.14,1.26,1.86
2019-01-02,801880,13.29,1.37,3.01
2019-01-02,801790,14.84,1.43,2.48
2019-01-02,801780,5.85,0.72,3.56
2019-01-02,801770,35.78,2.23,0.48
2019-01-02,801760,21.1,1.71,0.95
2019-01-02,801750,37.51,2.56,0.56
2019-01-02,801180,8.76,1.23,2.99
2019-01-02,801730,22.56,1.64,1.12
2019-01-02,801710,10.15,1.52,2.07
2019-01-03,801160,19.07,1.39,1.83
2019-01-03,801150,23.49,2.56,1.1
2019-01-03,801120,22.19,4.09,2.0
2019-01-03,801050,22.96,1.73,1.2
2019-01-03,801080,22.74,2.09,0.99
2019-01-03,801040,5.71,0.98,3.46
2019-01-03,801030,13.01,1.53,2.17
2019-01-03,801010,25.93,2.45,1.26
2019-01-03,801170,16.1,1.26,1.87
2019-01-03,801110,10.55,2.19,1.84
2019-01-03,801180,8.75,1.23,2.99
2019-01-03,801880,13.16,1.36,3.03
2019-01-03,801790,15.07,1.45,2.44
2019-01-03,801780,5.9,0.73,3.52
2019-01-03,801770,34.99,2.18,0.5
2019-01-03,801760,20.98,1.7,0.95
2019-01-03,801890,23.48,1.67,1.08
2019-01-03,801730,22.54,1.63,1.12
2019-01-03,801710,9.98,1.5,2.1
2019-01-03,801750,37.34,2.54,0.57
2019-01-04,801150,24.15,2.63,1.07
2019-01-04,801120,22.59,4.17,1.97
2019-01-04,801110,10.78,2.23,1.8
2019-01-04,801040,5.81,1.0,3.4
2019-01-04,801050,23.52,1.77,1.17
2019-01-04,801030,13.27,1.56,2.13
2019-01-04,801010,26.64,2.52,1.22
2019-01-04,801160,19.4,1.41,1.81
2019-01-04,801080,23.23,2.13,0.97
2019-01-04,801170,16.35,1.28,1.84
2019-01-04,801180,8.97,1.26,2.92
2019-01-04,801890,24.07,1.71,1.05
2019-01-04,801880,13.36,1.38,2.99
2019-01-04,801790,15.73,1.52,2.34
2019-01-04,801780,6.02,0.74,3.45
2019-01-04,801770,35.65,2.22,0.49
2019-01-04,801760,20.77,1.82,0.88
2019-01-04,801750,38.85,2.65,0.55
2019-01-04,801730,23.26,1.69,1.09
2019-01-04,801710,10.19,1.53,2.06
2019-01-07,801160,19.61,1.42,1.79
2019-01-07,801150,24.31,2.65,1.06
2019-01-07,801120,22.76,4.2,1.95
2019-01-07,801050,23.94,1.8,1.15
2019-01-07,801080,23.89,2.19,0.95
2019-01-07,801040,5.89,1.02,3.35
2019-01-07,801030,13.48,1.58,2.1
2019-01-07,801010,27.26,2.58,1.23
2019-01-07,801170,16.55,1.29,1.82
2019-01-07,801110,10.82,2.24,1.79
2019-01-07,801890,24.62,1.75,1.03
2019-01-07,801880,13.55,1.4,2.95
2019-01-07,801790,15.67,1.51,2.35
2019-01-07,801780,6.01,0.75,3.46
2019-01-07,801180,9.04,1.27,2.9
2019-01-07,801760,21.13,1.85,0.87
2019-01-07,801770,36.79,2.29,0.47
2019-01-07,801730,24.04,1.74,1.05
2019-01-07,801710,10.38,1.56,2.02
2019-01-07,801750,39.92,2.72,0.53
2019-01-08,801160,19.72,1.43,1.78
2019-01-08,801150,24.28,2.65,1.06
2019-01-08,801120,22.68,4.18,1.96
2019-01-08,801170,16.56,1.29,1.82
2019-01-08,801080,24.0,2.2,0.94
2019-01-08,801050,23.62,1.78,1.17
2019-01-08,801040,5.87,1.01,3.36
2019-01-08,801030,13.5,1.59,2.09
2019-01-08,801010,27.06,2.56,1.24
2019-01-08,801110,10.85,2.25,1.79
2019-01-08,801180,8.99,1.26,2.91
2019-01-08,801880,13.54,1.4,2.98
2019-01-08,801790,15.62,1.51,2.35
2019-01-08,801780,5.98,0.74,3.47
2019-01-08,801770,36.6,2.28,0.47
2019-01-08,801760,21.15,1.85,0.87
2019-01-08,801890,24.69,1.75,1.02
2019-01-08,801730,24.02,1.74,1.05
2019-01-08,801710,10.42,1.56,2.02
2019-01-08,801750,39.69,2.71,0.53
2019-01-09,801150,24.49,2.67,1.05
2019-01-09,801120,23.01,4.25,1.93
2019-01-09,801110,11.28,2.34,1.73
2019-01-09,801040,5.92,1.02,3.34
2019-01-09,801050,23.64,1.78,1.17
2019-01-09,801030,13.63,1.61,2.08
2019-01-09,801010,27.03,2.56,1.24
2019-01-09,801160,19.66,1.43,1.78
2019-01-09,801080,24.2,2.22,0.93
2019-01-09,801170,16.64,1.3,1.81
2019-01-09,801180,9.05,1.27,2.89
2019-01-09,801890,24.71,1.75,1.02
2019-01-09,801880,13.79,1.43,2.93
2019-01-09,801790,15.77,1.52,2.33
2019-01-09,801780,6.03,0.75,3.44
2019-01-09,801760,21.2,1.85,0.87
2019-01-09,801750,39.66,2.71,0.53
2019-01-09,801770,36.76,2.29,0.47
2019-01-09,801730,24.03,1.74,1.05
2019-01-09,801710,10.43,1.56,2.01
2019-01-10,801160,19.62,1.42,1.78
2019-01-10,801150,24.36,2.66,1.06
2019-01-10,801120,23.03,4.25,1.93
2019-01-10,801170,16.57,1.29,1.82
2019-01-10,801080,24.23,2.22,0.93
2019-01-10,801050,23.64,1.78,1.17
2019-01-10,801040,5.9,1.02,3.35
2019-01-10,801030,13.59,1.6,2.08
2019-01-10,801010,27.04,2.56,1.24
2019-01-10,801110,11.28,2.34,1.73
2019-01-10,801180,8.98,1.26,2.92
2019-01-10,801880,13.67,1.42,2.96
2019-01-10,801790,15.72,1.52,2.34
2019-01-10,801780,6.03,0.75,3.45
2019-01-10,801770,37.13,2.32,0.46
2019-01-10,801760,21.17,1.85,0.87
2019-01-10,801890,24.66,1.75,1.02
2019-01-10,801730,24.45,1.77,1.03
2019-01-10,801710,10.45,1.57,2.01
2019-01-10,801750,39.55,2.7,0.54
2019-01-11,801160,19.67,1.43,1.78
2019-01-11,801150,24.4,2.66,1.05
2019-01-11,801120,23.44,4.32,1.89
2019-01-11,801050,23.84,1.79,1.16
2019-01-11,801080,24.43,2.25,0.92
2019-01-11,801040,5.94,1.03,3.32
2019-01-11,801030,13.67,1.61,2.07
2019-01-11,801010,27.16,2.57,1.23
2019-01-11,801170,16.71,1.3,1.8
2019-01-11,801110,11.35,2.38,1.72
2019-01-11,801180,9.04,1.27,2.9
2019-01-11,801880,13.78,1.43,2.93
2019-01-11,801790,15.84,1.53,2.32
2019-01-11,801780,6.08,0.75,3.42
2019-01-11,801770,37.6,2.34,0.46
2019-01-11,801760,21.3,1.86,0.86
2019-01-11,801890,24.89,1.77,1.01
2019-01-11,801730,24.49,1.78,1.03
2019-01-11,801710,10.59,1.59,1.98
2019-01-11,801750,39.88,2.72,0.53
2019-01-14,801150,23.99,2.62,1.07
2019-01-14,801120,23.09,4.26,1.92
2019-01-14,801110,11.28,2.37,1.73
2019-01-14,801040,6.02,1.04,3.28
2019-01-14,801050,23.84,1.79,1.16
2019-01-14,801030,13.61,1.61,2.08
2019-01-14,801010,27.17,2.58,1.23
2019-01-14,801160,19.58,1.42,1.78
2019-01-14,801080,24.17,2.23,0.93
2019-01-14,801170,16.56,1.29,1.81
2019-01-14,801180,8.98,1.26,2.92
2019-01-14,801880,13.71,1.42,2.94
2019-01-14,801790,15.69,1.51,2.34
2019-01-14,801780,6.04,0.75,3.45
2019-01-14,801770,37.39,2.33,0.46
2019-01-14,801760,21.06,1.84,0.87
2019-01-14,801750,39.39,2.69,0.54
2019-01-14,801890,24.91,1.77,1.01
2019-01-14,801730,24.36,1.77,1.04
2019-01-14,801710,10.59,1.59,1.98
2019-01-15,801160,19.66,1.43,1.77
2019-01-15,801150,24.52,2.68,1.05
2019-01-15,801120,24.28,4.48,1.83
2019-01-15,801050,23.98,1.8,1.15
2019-01-15,801080,24.6,2.27,0.92
2019-01-15,801040,6.02,1.04,3.28
2019-01-15,801030,13.73,1.62,2.06
2019-01-15,801010,27.21,2.58,1.23
2019-01-15,801170,16.69,1.3,1.8
2019-01-15,801110,11.61,2.44,1.68
2019-01-15,801180,9.04,1.27,2.9
2019-01-15,801880,13.82,1.43,2.92
2019-01-15,801790,16.09,1.55,2.28
2019-01-15,801780,6.1,0.76,3.41
2019-01-15,801770,37.81,2.36,0.46
2019-01-15,801760,21.3,1.86,0.86
2019-01-15,801890,25.33,1.8,1.0
2019-01-15,801730,24.82,1.8,1.02
2019-01-15,801710,10.77,1.62,1.95
2019-01-15,801750,40.29,2.75,0.53
2019-01-16,801160,19.67,1.43,1.77
2019-01-16,801150,24.75,2.7,1.04
2019-01-16,801120,24.22,4.47,1.83
2019-01-16,801050,23.79,1.79,1.16
2019-01-16,801080,24.32,2.24,0.93
2019-01-16,801040,6.01,1.04,3.29
2019-01-16,801030,13.67,1.61,2.07
2019-01-16,801010,27.19,2.58,1.23
2019-01-16,801170,16.59,1.29,1.81
2019-01-16,801110,11.59,2.43,1.69
2019-01-16,801180,9.07,1.28,2.86
2019-01-16,801880,13.85,1.43,2.92
2019-01-16,801790,16.04,1.55,2.29
2019-01-16,801780,6.14,0.76,3.4
2019-01-16,801770,37.44,2.33,0.46
2019-01-16,801760,21.37,1.87,0.86
2019-01-16,801890,25.21,1.79,1.0
2019-01-16,801730,24.67,1.79,1.02
2019-01-16,801710,10.72,1.61,1.96
2019-01-16,801750,40.4,2.76,0.52
2019-01-17,801150,24.59,2.68,1.04
2019-01-17,801120,24.16,4.46,1.83
2019-01-17,801110,11.49,2.41,1.7
2019-01-17,801040,6.02,1.04,3.28
2019-01-17,801050,23.75,1.79,1.16
2019-01-17,801030,13.53,1.6,2.09
2019-01-17,801010,27.05,2.56,1.24
2019-01-17,801160,19.57,1.42,1.78
2019-01-17,801080,23.97,2.21,0.94
2019-01-17,801170,16.52,1.29,1.82
2019-01-17,801180,9.01,1.27,2.87
2019-01-17,801890,25.03,1.78,1.01
2019-01-17,801880,13.73,1.42,2.94
2019-01-17,801790,15.96,1.54,2.3
2019-01-17,801780,6.11,0.76,3.42
2019-01-17,801760,21.19,1.86,0.86
2019-01-17,801750,39.75,2.71,0.53
2019-01-17,801770,36.89,2.3,0.47
2019-01-17,801730,24.44,1.77,1.03
2019-01-17,801710,10.67,1.6,1.97
2019-01-18,801160,19.71,1.43,1.77
2019-01-18,801150,25.16,2.75,1.02
2019-01-18,801120,24.77,4.57,1.79
2019-01-18,801170,16.75,1.3,1.77
2019-01-18,801080,24.2,2.23,0.93
2019-01-18,801050,24.17,1.82,1.14
2019-01-18,801040,6.2,1.07,3.19
2019-01-18,801030,13.7,1.62,2.06
2019-01-18,801010,27.55,2.61,1.22
2019-01-18,801110,11.69,2.45,1.67
2019-01-18,801880,13.79,1.43,2.93
2019-01-18,801790,16.23,1.57,2.26
2019-01-18,801780,6.22,0.77,3.35
2019-01-18,801770,36.79,2.29,0.47
2019-01-18,801760,21.24,1.87,0.86
2019-01-18,801180,9.11,1.28,2.84
2019-01-18,801730,24.61,1.79,1.03
2019-01-18,801890,25.13,1.79,1.0
2019-01-18,801710,10.84,1.63,1.94
2019-01-18,801750,39.95,2.72,0.53
2019-01-21,801150,25.28,2.76,1.01
2019-01-21,801120,25.08,4.63,1.77
2019-01-21,801110,11.78,2.47,1.66
2019-01-21,801040,6.2,1.07,3.19
2019-01-21,801050,24.27,1.82,1.14
2019-01-21,801030,13.86,1.63,2.04
2019-01-21,801010,27.45,2.6,1.22
2019-01-21,801160,19.78,1.43,1.76
2019-01-21,801080,24.45,2.25,0.92
2019-01-21,801170,16.99,1.31,1.73
2019-01-21,801180,9.08,1.28,2.85
2019-01-21,801770,37.48,2.33,0.46
2019-01-21,801710,10.88,1.63,1.93
2019-01-21,801730,24.72,1.8,1.02
2019-01-21,801750,40.15,2.74,0.53
2019-01-21,801760,21.3,1.87,0.85
2019-01-21,801780,6.24,0.77,3.35
2019-01-21,801790,16.28,1.57,2.25
2019-01-21,801880,13.92,1.44,2.9
2019-01-21,801890,25.27,1.8,1.0
2019-01-22,801150,24.86,2.7,1.03
2019-01-22,801170,16.6,1.29,1.76
2019-01-22,801160,19.56,1.42,1.78
2019-01-22,801010,27.17,2.57,1.23
2019-01-22,801110,11.6,2.43,1.69
2019-01-22,801080,24.2,2.23,0.93
2019-01-22,801050,23.92,1.8,1.15
2019-01-22,801040,6.07,1.05,3.25
2019-01-22,801030,13.72,1.62,2.05
2019-01-22,801120,24.64,4.55,1.8
2019-01-22,801180,9.05,1.27,2.86
2019-01-22,801710,10.7,1.6,1.97
2019-01-22,801890,25.02,1.78,1.01
2019-01-22,801880,13.76,1.42,2.93
2019-01-22,801790,16.05,1.55,2.29
2019-01-22,801770,36.92,2.3,0.47
2019-01-22,801780,6.19,0.77,3.38
2019-01-22,801750,39.48,2.69,0.53
2019-01-22,801730,24.42,1.77,1.03
2019-01-22,801760,20.99,1.85,0.87
2019-01-23,801160,19.59,1.42,1.78
2019-01-23,801150,24.77,2.69,1.03
2019-01-23,801120,24.57,4.53,1.8
2019-01-23,801010,27.42,2.6,1.21
2019-01-23,801080,24.14,2.22,0.93
2019-01-23,801050,24.0,1.8,1.15
2019-01-23,801040,6.05,1.04,3.26
2019-01-23,801030,13.84,1.64,2.04
2019-01-23,801170,16.76,1.29,1.76
2019-01-23,801110,11.65,2.44,1.68
2019-01-23,801180,9.03,1.27,2.87
2019-01-23,801710,10.78,1.62,1.95
2019-01-23,801890,25.11,1.78,1.0
2019-01-23,801880,13.86,1.44,2.91
2019-01-23,801790,15.98,1.54,2.3
2019-01-23,801770,36.84,2.29,0.47
2019-01-23,801780,6.21,0.77,3.37
2019-01-23,801750,39.45,2.69,0.53
2019-01-23,801730,24.51,1.78,1.02
2019-01-23,801760,20.96,1.84,0.87
2019-01-24,801160,19.6,1.42,1.78
2019-01-24,801150,24.89,2.71,1.03
2019-01-24,801120,24.75,4.57,1.79
2019-01-24,801170,16.79,1.29,1.75
2019-01-24,801080,24.52,2.26,0.92
2019-01-24,801050,23.88,1.79,1.15
2019-01-24,801040,6.03,1.04,3.27
2019-01-24,801030,13.79,1.63,2.04
2019-01-24,801010,27.75,2.63,1.2
2019-01-24,801110,11.74,2.46,1.67
2019-01-24,801180,9.03,1.27,2.86
2019-01-24,801890,25.15,1.79,1.0
2019-01-24,801880,13.89,1.44,2.91
2019-01-24,801790,16.23,1.57,2.27
2019-01-24,801780,6.27,0.78,3.34
2019-01-24,801770,37.01,2.31,0.46
2019-01-24,801760,21.12,1.86,0.86
2019-01-24,801730,24.65,1.79,1.02
2019-01-24,801710,10.79,1.62,1.95
2019-01-24,801750,40.11,2.74,0.53
2019-01-25,801150,24.81,2.7,1.03
2019-01-25,801120,24.85,4.59,1.78
2019-01-25,801110,11.84,2.48,1.65
2019-01-25,801040,6.05,1.04,3.27
2019-01-25,801050,23.73,1.78,1.16
2019-01-25,801030,13.75,1.62,2.05
2019-01-25,801010,27.54,2.61,1.21
2019-01-25,801160,19.48,1.41,1.79
2019-01-25,801080,24.65,2.27,0.91
2019-01-25,801170,17.03,1.29,1.75
2019-01-25,801180,9.1,1.28,2.84
2019-01-25,801890,25.22,1.79,1.0
2019-01-25,801880,14.0,1.45,2.89
2019-01-25,801790,16.3,1.57,2.26
2019-01-25,801780,6.37,0.79,3.29
2019-01-25,801760,20.99,1.85,0.86
2019-01-25,801750,39.76,2.71,0.53
2019-01-25,801770,36.5,2.27,0.47
2019-01-25,801730,24.51,1.78,1.02
2019-01-25,801710,10.86,1.63,1.94
2019-01-28,801160,19.4,1.41,1.8
2019-01-28,801150,24.48,2.66,1.05
2019-01-28,801120,24.91,4.6,1.78
2019-01-28,801170,17.18,1.3,1.75
2019-01-28,801080,24.61,2.27,0.91
2019-01-28,801050,23.69,1.78,1.16
2019-01-28,801040,6.01,1.04,3.29
2019-01-28,801030,13.67,1.62,1.83
2019-01-28,801010,27.64,2.62,1.2
2019-01-28,801110,11.85,2.49,1.65
2019-01-28,801180,9.07,1.28,2.85
2019-01-28,801880,13.9,1.44,2.91
2019-01-28,801790,16.28,1.57,2.26
2019-01-28,801780,6.36,0.79,3.29
2019-01-28,801770,36.15,2.25,0.48
2019-01-28,801760,20.78,1.83,0.87
2019-01-28,801890,25.09,1.78,1.0
2019-01-28,801730,24.57,1.78,1.02
2019-01-28,801710,10.91,1.63,1.92
2019-01-28,801750,39.72,2.71,0.53
2019-01-29,801160,19.24,1.4,1.81
2019-01-29,801150,24.43,2.65,1.05
2019-01-29,801120,25.08,4.63,1.77
2019-01-29,801050,23.15,1.74,1.19
2019-01-29,801080,24.06,2.22,0.93
2019-01-29,801040,6.08,1.05,3.26
2019-01-29,801030,13.56,1.6,1.85
2019-01-29,801010,27.48,2.6,1.21
2019-01-29,801170,17.09,1.28,1.76
2019-01-29,801110,12.0,2.52,1.63
2019-01-29,801180,9.14,1.29,2.83
2019-01-29,801880,13.76,1.43,2.94
2019-01-29,801790,16.22,1.56,2.27
2019-01-29,801780,6.4,0.79,3.27
2019-01-29,801770,35.54,2.21,0.48
2019-01-29,801760,20.29,1.79,0.89
2019-01-29,801890,24.74,1.76,1.02
2019-01-29,801730,24.17,1.75,1.03
2019-01-29,801710,10.9,1.63,1.92
2019-01-29,801750,39.2,2.67,0.54
2019-01-30,801150,24.16,2.62,1.06
2019-01-30,801120,24.66,4.55,1.79
2019-01-30,801110,11.83,2.48,1.66
2019-01-30,801040,6.04,1.04,3.27
2019-01-30,801050,23.0,1.73,1.2
2019-01-30,801030,13.42,1.59,1.86
2019-01-30,801010,27.23,2.58,1.22
2019-01-30,801160,18.98,1.38,1.83
2019-01-30,801080,23.76,2.19,0.94
2019-01-30,801170,16.98,1.28,1.77
2019-01-30,801180,9.17,1.29,2.82
2019-01-30,801880,13.58,1.37,2.98
2019-01-30,801790,16.05,1.55,2.29
2019-01-30,801780,6.38,0.79,3.28
2019-01-30,801770,34.85,2.16,0.49
2019-01-30,801760,19.84,1.75,0.91
2019-01-30,801750,38.52,2.63,0.55
2019-01-30,801890,24.39,1.73,1.03
2019-01-30,801730,23.96,1.74,1.04
2019-01-30,801710,10.78,1.61,1.94
2019-01-31,801160,18.81,1.36,
2019-01-31,801150,24.1,2.62,
2019-01-31,801120,24.98,4.61,
2019-01-31,801050,22.55,1.69,
2019-01-31,801080,23.75,2.19,
2019-01-31,801040,6.01,1.04,
2019-01-31,801030,13.32,1.57,
2019-01-31,801010,27.01,2.56,
2019-01-31,801170,16.87,1.27,
2019-01-31,801110,12.06,2.53,
2019-01-31,801180,9.16,1.29,
2019-01-31,801880,13.57,1.4,
2019-01-31,801790,16.35,1.58,
2019-01-31,801780,6.49,0.81,
2019-01-31,801770,34.8,2.16,
2019-01-31,801760,19.49,1.71,
2019-01-31,801890,24.03,1.71,
2019-01-31,801730,23.58,1.71,
2019-01-31,801710,10.73,1.6,
2019-01-31,801750,37.96,2.59,
2019-02-01,801160,19.25,1.39,1.81
2019-02-01,801150,24.89,2.71,1.03
2019-02-01,801120,25.36,4.67,1.75
2019-02-01,801050,23.13,1.73,1.19
2019-02-01,801080,24.67,2.27,0.91
2019-02-01,801040,6.1,1.05,3.24
2019-02-01,801030,13.65,1.61,1.83
2019-02-01,801010,27.5,2.6,1.21
2019-02-01,801170,17.18,1.29,1.76
2019-02-01,801110,12.24,2.57,1.6
2019-02-01,801180,9.27,1.3,2.79
2019-02-01,801880,13.82,1.42,2.93
2019-02-01,801790,16.6,1.6,2.22
2019-02-01,801780,6.5,0.81,3.2
2019-02-01,801760,20.1,1.77,0.9
2019-02-01,801770,35.7,2.21,0.48
2019-02-01,801730,24.37,1.77,1.02
2019-02-01,801890,24.67,1.75,1.02
2019-02-01,801710,10.95,1.64,1.91
2019-02-01,801750,39.31,2.68,0.54
2019-02-11,801160,19.62,1.42,1.78
2019-02-11,801150,25.52,2.77,1.0
2019-02-11,801120,26.43,4.87,1.68
2019-02-11,801010,28.92,2.74,1.15
2019-02-11,801080,25.69,2.36,0.87
2019-02-11,801050,23.76,1.78,1.15
2019-02-11,801040,6.21,1.07,3.19
2019-02-11,801030,13.93,1.65,1.8
2019-02-11,801170,17.43,1.31,1.73
2019-02-11,801110,12.6,2.64,1.56
2019-02-11,801180,9.4,1.32,2.75
2019-02-11,801710,11.19,1.67,1.87
2019-02-11,801890,25.21,1.79,1.0
2019-02-11,801880,14.11,1.45,2.87
2019-02-11,801790,16.89,1.63,2.18
2019-02-11,801770,36.9,2.29,0.47
2019-02-11,801780,6.5,0.81,3.2
2019-02-11,801750,40.8,2.78,0.52
2019-02-11,801730,24.96,1.82,1.0
2019-02-11,801760,20.71,1.82,0.87
2019-02-12,801160,19.82,1.43,1.76
2019-02-12,801150,26.2,2.84,0.98
2019-02-12,801120,26.38,4.86,1.68
2019-02-12,801170,17.61,1.32,1.71
2019-02-12,801080,26.24,2.42,0.86
2019-02-12,801050,23.99,1.79,1.14
2019-02-12,801040,6.24,1.08,3.17
2019-02-12,801030,14.12,1.67,1.77
2019-02-12,801010,29.29,2.77,1.14
2019-02-12,801110,12.69,2.66,1.54
2019-02-12,801180,9.46,1.33,2.74
2019-02-12,801890,25.5,1.81,0.99
2019-02-12,801880,14.33,1.48,2.83
2019-02-12,801790,16.96,1.63,2.17
2019-02-12,801780,6.5,0.81,3.19
2019-02-12,801770,37.18,2.31,0.46
2019-02-12,801760,20.95,1.84,0.86
2019-02-12,801730,25.14,1.82,0.99
2019-02-12,801710,11.27,1.69,1.86
2019-02-12,801750,41.07,2.8,0.51
2019-02-13,801160,20.05,1.45,1.74
2019-02-13,801150,26.55,2.88,0.96
2019-02-13,801120,26.79,4.94,1.64
2019-02-13,801050,24.58,1.84,1.11
2019-02-13,801080,27.22,2.51,0.82
2019-02-13,801040,6.33,1.09,3.12
2019-02-13,801030,14.42,1.7,1.73
2019-02-13,801010,29.54,2.78,1.13
2019-02-13,801170,17.85,1.34,1.68
2019-02-13,801110,12.85,2.7,1.52
2019-02-13,801180,9.61,1.35,2.69
2019-02-13,801880,14.61,1.51,2.78
2019-02-13,801790,17.39,1.67,2.11
2019-02-13,801780,6.59,0.82,3.15
2019-02-13,801770,38.87,2.41,0.44
2019-02-13,801760,21.34,1.88,0.85
2019-02-13,801890,25.93,1.84,0.97
2019-02-13,801730,25.43,1.84,0.97
2019-02-13,801710,11.47,1.72,1.83
2019-02-13,801750,42.2,2.88,0.5
2019-02-14,801150,26.69,2.9,0.96
2019-02-14,801120,27.22,5.02,1.62
2019-02-14,801110,12.98,2.72,1.51
2019-02-14,801040,6.32,1.09,3.13
2019-02-14,801050,24.55,1.84,1.11
2019-02-14,801030,14.51,1.71,1.72
2019-02-14,801010,29.58,2.78,1.13
2019-02-14,801160,20.07,1.45,1.74
2019-02-14,801080,27.43,2.53,0.82
2019-02-14,801170,17.94,1.35,1.67
2019-02-14,801180,9.63,1.36,2.68
2019-02-14,801890,26.07,1.85,0.97
2019-02-14,801880,14.62,1.51,2.77
2019-02-14,801790,17.35,1.67,2.12
2019-02-14,801780,6.56,0.81,3.17
2019-02-14,801770,38.67,2.4,0.45
2019-02-14,801760,21.53,1.9,0.84
2019-02-14,801750,42.23,2.88,0.5
2019-02-14,801730,25.79,1.87,0.96
2019-02-14,801710,11.47,1.72,1.83
2019-02-15,801160,20.14,1.46,1.73
2019-02-15,801150,26.48,2.87,0.97
2019-02-15,801120,26.72,4.92,1.65
2019-02-15,801050,24.49,1.83,1.11
2019-02-15,801080,27.42,2.53,0.82
2019-02-15,801040,6.24,1.08,3.17
2019-02-15,801030,14.37,1.61,1.74
2019-02-15,801010,30.41,2.86,1.09
2019-02-15,801170,17.76,1.34,1.69
2019-02-15,801110,12.57,2.63,1.56
2019-02-15,801890,26.0,1.84,0.97
2019-02-15,801880,14.3,1.48,2.83
2019-02-15,801790,16.94,1.63,2.17
2019-02-15,801780,6.43,0.8,3.23
2019-02-15,801180,9.44,1.33,2.74
2019-02-15,801760,21.3,1.87,0.85
2019-02-15,801770,38.67,2.4,0.45
2019-02-15,801730,25.63,1.86,0.97
2019-02-15,801710,11.29,1.69,1.85
2019-02-15,801750,42.05,2.87,0.5
2019-02-18,801160,20.63,1.49,1.69
2019-02-18,801150,27.35,2.98,0.93
2019-02-18,801120,27.49,5.06,1.6
2019-02-18,801170,18.15,1.37,1.65
2019-02-18,801080,28.88,2.66,0.78
2019-02-18,801050,25.21,1.89,1.08
2019-02-18,801040,6.38,1.1,3.1
2019-02-18,801030,14.83,1.66,1.68
2019-02-18,801010,31.48,2.96,1.06
2019-02-18,801110,12.94,2.71,1.51
2019-02-18,801180,9.7,1.36,2.67
2019-02-18,801890,26.91,1.91,0.94
2019-02-18,801880,14.81,1.53,2.73
2019-02-18,801790,17.75,1.7,2.07
2019-02-18,801780,6.55,0.81,3.17
2019-02-18,801770,40.18,2.49,0.43
2019-02-18,801760,22.08,1.94,0.82
2019-02-18,801730,26.55,1.92,0.93
2019-02-18,801710,11.7,1.75,1.79
2019-02-18,801750,43.82,2.99,0.48
2019-02-19,801150,27.17,2.96,0.94
2019-02-19,801120,27.19,5.0,1.62
2019-02-19,801110,12.94,2.71,1.51
2019-02-19,801040,6.38,1.1,3.1
2019-02-19,801050,25.22,1.89,1.08
2019-02-19,801030,14.84,1.67,1.68
2019-02-19,801010,31.41,2.95,1.05
2019-02-19,801160,20.6,1.49,1.69
2019-02-19,801080,29.02,2.68,0.77
2019-02-19,801170,18.33,1.38,1.64
2019-02-19,801180,9.71,1.37,2.66
2019-02-19,801890,26.88,1.91,0.94
2019-02-19,801880,14.83,1.53,2.73
2019-02-19,801790,17.91,1.72,2.05
2019-02-19,801780,6.55,0.81,3.17
2019-02-19,801760,22.09,1.94,0.82
2019-02-19,801750,44.3,3.02,0.48
2019-02-19,801770,40.1,2.49,0.43
2019-02-19,801730,26.51,1.92,0.94
2019-02-19,801710,11.71,1.75,1.78
2019-02-20,801160,20.59,1.49,1.69
2019-02-20,801150,26.98,2.93,0.94
2019-02-20,801120,27.04,4.98,1.63
2019-02-20,801170,18.44,1.39,1.63
2019-02-20,801080,29.1,2.68,0.77
2019-02-20,801050,25.69,1.92,1.06
2019-02-20,801040,6.41,1.1,3.09
2019-02-20,801030,15.05,1.68,1.68
2019-02-20,801010,31.74,3.02,1.03
2019-02-20,801110,12.97,2.72,1.51
2019-02-20,801180,9.83,1.39,2.63
2019-02-20,801890,26.88,1.91,0.94
2019-02-20,801880,14.93,1.54,2.71
2019-02-20,801790,18.01,1.73,2.04
2019-02-20,801780,6.56,0.81,3.17
2019-02-20,801760,22.15,1.95,0.81
2019-02-20,801770,40.29,2.5,0.43
2019-02-20,801730,26.63,1.93,0.93
2019-02-20,801710,11.79,1.76,1.77
2019-02-20,801750,43.89,3.0,0.48
2019-02-21,801160,20.45,1.48,1.71
2019-02-21,801150,26.89,2.92,0.95
2019-02-21,801120,26.88,4.94,1.64
2019-02-21,801170,18.38,1.38,1.63
2019-02-21,801080,29.09,2.68,0.77
2019-02-21,801050,25.7,1.92,1.06
2019-02-21,801040,6.34,1.09,3.12
2019-02-21,801030,14.92,1.67,1.69
2019-02-21,801010,32.17,3.06,1.02
2019-02-21,801110,12.89,2.7,1.52
2019-02-21,801180,9.73,1.37,2.66
2019-02-21,801890,26.79,1.9,0.94
2019-02-21,801880,14.99,1.55,2.7
2019-02-21,801790,18.04,1.73,2.04
2019-02-21,801780,6.52,0.81,3.18
2019-02-21,801770,41.12,2.55,0.42
2019-02-21,801760,22.36,1.97,0.81
2019-02-21,801730,26.54,1.92,0.94
2019-02-21,801710,11.66,1.74,1.79
2019-02-21,801750,43.74,2.98,0.48
2019-02-22,801160,20.72,1.5,1.68
2019-02-22,801120,27.06,4.97,1.62
2019-02-22,801110,12.92,2.71,1.51
2019-02-22,801040,6.45,1.1,3.08
2019-02-22,801050,25.95,1.94,1.05
2019-02-22,801170,18.72,1.41,1.6
2019-02-22,801030,15.13,1.69,1.67
2019-02-22,801010,32.58,3.09,1.01
2019-02-22,801080,30.08,2.77,0.75
2019-02-22,801180,9.88,1.39,2.62
2019-02-22,801150,27.27,2.96,0.93
2019-02-22,801890,27.36,1.94,0.92
2019-02-22,801790,19.19,1.84,1.91
2019-02-22,801780,6.61,0.82,3.14
2019-02-22,801770,43.2,2.68,0.4
2019-02-22,801760,23.09,2.03,0.78
2019-02-22,801880,15.16,1.56,2.67
2019-02-22,801730,27.17,1.97,0.91
2019-02-22,801710,11.8,1.76,1.78
2019-02-22,801750,45.6,3.11,0.46
2019-02-25,801160,21.66,1.57,1.61
2019-02-25,801120,27.94,5.14,1.57
2019-02-25,801110,13.6,2.88,1.83
2019-02-25,801040,6.78,1.16,2.93
2019-02-25,801050,27.72,2.07,0.98
2019-02-25,801030,15.88,1.77,1.6
2019-02-25,801010,33.2,3.14,0.99
2019-02-25,801170,19.62,1.48,1.53
2019-02-25,801080,31.81,2.93,0.7
2019-02-25,801180,10.42,1.47,2.48
2019-02-25,801150,28.41,3.09,0.89
2019-02-25,801880,15.8,1.63,2.56
2019-02-25,801790,21.03,2.02,1.75
2019-02-25,801780,7.06,0.88,2.94
2019-02-25,801770,45.59,2.83,0.38
2019-02-25,801760,24.44,2.15,0.73
2019-02-25,801750,49.01,3.34,0.43
2019-02-25,801730,28.37,2.06,0.88
2019-02-25,801890,28.84,2.05,0.87
2019-02-25,801710,12.34,1.84,1.7
2019-02-26,801170,19.59,1.48,1.53
2019-02-26,801160,21.73,1.57,1.61
2019-02-26,801150,28.73,3.12,0.88
2019-02-26,801080,31.42,2.9,0.71
2019-02-26,801110,13.31,2.82,1.87
2019-02-26,801050,27.95,2.09,0.97
2019-02-26,801040,7.01,1.2,2.83
2019-02-26,801030,15.85,1.77,1.6
2019-02-26,801180,10.39,1.46,2.5
2019-02-26,801120,27.46,5.05,1.6
2019-02-26,801010,34.13,3.23,0.96
2019-02-26,801890,28.83,2.04,0.87
2019-02-26,801880,15.73,1.62,2.57
2019-02-26,801790,20.51,1.97,1.79
2019-02-26,801770,44.52,2.76,0.39
2019-02-26,801780,6.9,0.86,3.01
2019-02-26,801750,49.11,3.35,0.43
2019-02-26,801730,28.03,2.03,0.89
2019-02-26,801710,12.27,1.83,1.71
2019-02-26,801760,24.5,2.16,0.73
2019-02-27,801120,27.88,5.13,1.58
2019-02-27,801160,21.75,1.57,1.6
2019-02-27,801110,13.27,2.82,1.87
2019-02-27,801170,19.58,1.48,1.53
2019-02-27,801050,27.65,2.07,0.98
2019-02-27,801040,6.93,1.19,2.87
2019-02-27,801030,15.78,1.76,1.6
2019-02-27,801010,32.84,3.13,0.99
2019-02-27,801080,30.61,2.82,0.73
2019-02-27,801180,10.51,1.47,2.47
2019-02-27,801150,28.51,3.1,0.89
2019-02-27,801880,15.63,1.61,2.59
2019-02-27,801790,20.5,1.97,1.79
2019-02-27,801780,7.02,0.87,2.96
2019-02-27,801770,44.82,2.78,0.38
2019-02-27,801760,24.46,2.16,0.73
2019-02-27,801750,48.73,3.32,0.43
2019-02-27,801730,27.51,1.99,0.9
2019-02-27,801890,28.67,2.03,0.88
2019-02-27,801710,12.26,1.83,1.71
2019-02-28,801160,21.7,1.57,1.61
2019-02-28,801120,28.03,5.16,1.56
2019-02-28,801050,27.54,2.03,0.99
2019-02-28,801080,30.64,2.83,0.73
2019-02-28,801170,19.54,1.47,1.54
2019-02-28,801040,6.93,1.19,2.86
2019-02-28,801030,15.92,1.78,1.59
2019-02-28,801010,32.46,3.1,1.0
2019-02-28,801110,13.28,2.82,1.87
2019-02-28,801180,10.49,1.47,2.48
2019-02-28,801150,29.25,3.18,0.87
2019-02-28,801890,28.68,2.03,0.88
2019-02-28,801880,15.67,1.62,2.58
2019-02-28,801790,20.02,1.92,1.83
2019-02-28,801780,6.99,0.87,2.97
2019-02-28,801770,44.59,2.76,0.39
2019-02-28,801760,24.44,2.16,0.73
2019-02-28,801730,27.62,2.0,0.9
2019-02-28,801710,12.45,1.86,1.69
2019-02-28,801750,48.64,3.32,0.43
2019-03-01,801170,19.69,1.48,1.52
2019-03-01,801160,21.86,1.58,1.6
2019-03-01,801150,29.35,3.19,0.86
2019-03-01,801080,30.92,2.85,0.72
2019-03-01,801110,13.53,2.87,1.84
2019-03-01,801050,27.63,2.04,0.98
2019-03-01,801040,7.03,1.2,2.83
2019-03-01,801030,16.1,1.8,1.57
2019-03-01,801180,10.57,1.48,2.46
2019-03-01,801120,29.03,5.35,1.51
2019-03-01,801010,33.3,3.18,0.98
2019-03-01,801890,29.08,2.06,0.86
2019-03-01,801880,15.82,1.63,2.56
2019-03-01,801790,20.73,1.99,1.77
2019-03-01,801780,7.21,0.89,2.87
2019-03-01,801770,44.9,2.78,0.38
2019-03-01,801750,48.96,3.34,0.43
2019-03-01,801730,27.89,2.02,0.89
2019-03-01,801710,12.78,1.91,1.64
2019-03-01,801760,24.67,2.18,0.72
2019-03-04,801160,22.34,1.61,1.56
2019-03-04,801150,29.83,3.24,0.85
2019-03-04,801120,29.2,5.38,1.5
2019-03-04,801050,28.12,2.07,0.97
2019-03-04,801080,31.56,2.91,0.71
2019-03-04,801040,7.14,1.22,2.79
2019-03-04,801030,16.24,1.81,1.56
2019-03-04,801170,19.85,1.5,1.51
2019-03-04,801110,13.84,2.94,1.8
2019-03-04,801010,35.1,3.35,0.93
2019-03-04,801180,10.89,1.52,2.39
2019-03-04,801890,29.77,2.11,0.84
2019-03-04,801880,15.98,1.65,2.53
2019-03-04,801790,20.88,2.01,1.76
2019-03-04,801770,45.8,2.84,0.37
2019-03-04,801760,25.11,2.22,0.71
2019-03-04,801780,7.26,0.9,2.86
2019-03-04,801730,28.34,2.05,0.88
2019-03-04,801710,13.0,1.94,1.62
2019-03-04,801750,50.41,3.44,0.42
2019-03-05,801160,22.72,1.64,1.54
2019-03-05,801150,30.22,3.28,0.84
2019-03-05,801120,29.19,5.38,1.5
2019-03-05,801010,36.38,3.47,0.9
2019-03-05,801080,32.77,3.02,0.68
2019-03-05,801050,28.64,2.11,0.95
2019-03-05,801170,19.99,1.51,1.5
2019-03-05,801040,7.17,1.22,2.78
2019-03-05,801030,16.43,1.84,1.54
2019-03-05,801110,14.11,3.0,1.76
2019-03-05,801180,11.16,1.56,2.33
2019-03-05,801780,7.23,0.9,2.87
2019-03-05,801880,16.16,1.67,2.5
2019-03-05,801790,20.89,2.01,1.76
2019-03-05,801770,47.98,2.97,0.36
2019-03-05,801760,25.94,2.29,0.69
2019-03-05,801890,30.54,2.16,0.82
2019-03-05,801730,28.98,2.1,0.86
2019-03-05,801710,13.12,1.96,1.6
2019-03-05,801750,52.71,3.59,0.4
2019-03-06,801160,23.18,1.67,1.51
2019-03-06,801120,28.92,5.33,1.51
2019-03-06,801110,14.24,3.02,1.75
2019-03-06,801040,7.48,1.28,2.67
2019-03-06,801050,29.41,2.17,0.93
2019-03-06,801170,20.34,1.53,1.47
2019-03-06,801030,16.7,1.87,1.51
2019-03-06,801010,36.87,3.52,0.88
2019-03-06,801080,33.03,3.05,0.68
2019-03-06,801180,11.17,1.57,2.32
2019-03-06,801150,30.5,3.31,0.83
2019-03-06,801890,31.04,2.2,0.81
2019-03-06,801790,21.59,2.07,1.7
2019-03-06,801780,7.26,0.9,2.85
2019-03-06,801770,48.77,3.03,0.35
2019-03-06,801760,26.48,2.32,0.68
2019-03-06,801880,16.47,1.7,2.46
2019-03-06,801730,29.37,2.13,0.85
2019-03-06,801710,13.26,1.98,1.58
2019-03-06,801750,54.04,3.68,0.39
2019-03-07,801160,23.4,1.69,1.49
2019-03-07,801120,28.27,5.21,1.55
2019-03-07,801110,13.97,2.96,1.78
2019-03-07,801040,7.51,1.28,2.66
2019-03-07,801050,30.17,2.22,0.9
2019-03-07,801030,16.74,1.88,1.5
2019-03-07,801010,36.95,3.53,0.88
2019-03-07,801170,20.52,1.55,1.46
2019-03-07,801080,32.94,3.04,0.68
2019-03-07,801180,11.09,1.55,2.34
2019-03-07,801150,30.45,3.3,0.83
2019-03-07,801880,16.45,1.7,2.45
2019-03-07,801790,21.78,2.09,1.69
2019-03-07,801780,7.15,0.89,2.89
2019-03-07,801770,49.12,3.05,0.35
2019-03-07,801760,26.75,2.35,0.67
2019-03-07,801750,56.17,3.83,0.37
2019-03-07,801730,29.51,2.14,0.84
2019-03-07,801890,31.26,2.21,0.8
2019-03-07,801710,13.27,1.98,1.58
2019-03-08,801170,19.53,1.47,1.53
2019-03-08,801160,22.27,1.61,1.57
2019-03-08,801150,29.54,3.21,0.85
2019-03-08,801080,32.66,3.01,0.68
2019-03-08,801110,13.41,2.85,1.85
2019-03-08,801050,28.23,2.08,0.96
2019-03-08,801040,7.01,1.2,2.84
2019-03-08,801030,15.96,1.79,1.58
2019-03-08,801180,10.52,1.48,2.46
2019-03-08,801120,27.64,5.09,1.58
2019-03-08,801010,37.25,3.56,0.88
2019-03-08,801890,29.78,2.11,0.84
2019-03-08,801880,15.73,1.62,2.57
2019-03-08,801790,20.42,1.96,1.8
2019-03-08,801770,47.82,2.97,0.36
2019-03-08,801780,6.89,0.85,3.01
2019-03-08,801750,55.02,3.75,0.38
2019-03-08,801730,28.28,2.05,0.88
2019-03-08,801710,12.67,1.89,1.65
2019-03-08,801760,25.42,2.23,0.71
2019-03-11,801160,22.96,1.66,1.52
2019-03-11,801150,30.72,3.33,0.82
2019-03-11,801120,28.54,5.26,1.53
2019-03-11,801170,20.2,1.52,1.48
2019-03-11,801080,33.93,3.14,0.66
2019-03-11,801050,29.0,2.14,0.94
2019-03-11,801010,38.64,3.69,0.84
2019-03-11,801040,7.17,1.22,2.78
2019-03-11,801030,16.6,1.86,1.52
2019-03-11,801110,13.75,2.92,1.81
2019-03-11,801180,10.62,1.5,2.41
2019-03-11,801780,6.91,0.86,3.0
2019-03-11,801880,16.18,1.67,2.49
2019-03-11,801790,20.58,1.98,1.78
2019-03-11,801770,49.54,3.08,0.35
2019-03-11,801760,26.64,2.33,0.67
2019-03-11,801890,30.9,2.19,0.81
2019-03-11,801730,30.46,2.2,0.82
2019-03-11,801710,12.98,1.94,1.61
2019-03-11,801750,56.82,3.88,0.37
2019-03-12,801160,23.31,1.69,1.5
2019-03-12,801120,28.41,5.23,1.54
2019-03-12,801110,13.66,2.9,1.82
2019-03-12,801040,7.22,1.23,2.76
2019-03-12,801050,29.2,2.15,0.93
2019-03-12,801170,20.38,1.53,1.47
2019-03-12,801030,16.77,1.88,1.5
2019-03-12,801010,40.9,3.9,0.8
2019-03-12,801080,34.46,3.19,0.65
2019-03-12,801180,10.79,1.52,2.38
2019-03-12,801150,30.96,3.36,0.81
2019-03-12,801880,16.4,1.69,2.46
2019-03-12,801790,20.79,2.0,1.77
2019-03-12,801780,6.94,0.86,2.99
2019-03-12,801770,50.62,3.14,0.34
2019-03-12,801760,27.74,2.44,0.65
2019-03-12,801890,31.47,2.23,0.8
2019-03-12,801730,31.1,2.25,0.8
2019-03-12,801710,13.06,1.96,1.59
2019-03-12,801750,59.01,3.96,0.35
2019-03-13,801160,22.87,1.66,1.52
2019-03-13,801150,30.84,3.33,0.82
2019-03-13,801120,28.42,5.23,1.54
2019-03-13,801050,28.97,2.13,0.94
2019-03-13,801080,33.02,3.05,0.67
2019-03-13,801010,38.42,3.67,0.85
2019-03-13,801040,7.11,1.21,2.8
2019-03-13,801030,16.52,1.85,1.52
2019-03-13,801170,20.12,1.51,1.48
2019-03-13,801110,13.58,2.88,1.83
2019-03-13,801180,10.99,1.55,2.34
2019-03-13,801780,6.94,0.86,2.99
2019-03-13,801880,16.07,1.66,2.51
2019-03-13,801790,20.18,1.96,1.77
2019-03-13,801770,48.13,2.98,0.36
2019-03-13,801760,26.91,2.36,0.66
2019-03-13,801890,30.9,2.19,0.81
2019-03-13,801730,30.47,2.21,0.81
2019-03-13,801710,12.93,1.94,1.61
2019-03-13,801750,55.64,3.73,0.37
2019-03-14,801160,22.37,1.62,1.56
2019-03-14,801150,30.45,3.29,0.83
2019-03-14,801120,28.73,5.29,1.52
2019-03-14,801050,28.44,2.09,0.96
2019-03-14,801080,32.12,2.97,0.69
2019-03-14,801040,7.06,1.2,2.83
2019-03-14,801030,16.48,1.83,1.54
2019-03-14,801170,19.88,1.5,1.5
2019-03-14,801110,13.56,2.88,1.83
2019-03-14,801010,36.53,3.45,0.9
2019-03-14,801180,10.77,1.52,2.39
2019-03-14,801890,30.25,2.14,0.83
2019-03-14,801880,15.85,1.63,2.54
2019-03-14,801790,19.89,1.94,1.79
2019-03-14,801780,6.93,0.86,2.99
2019-03-14,801770,45.29,2.91,0.36
2019-03-14,801760,25.91,2.27,0.69
2019-03-14,801730,29.52,2.14,0.84
2019-03-14,801710,12.95,1.94,1.61
2019-03-14,801750,53.19,3.57,0.39
2019-03-15,801160,22.6,1.64,1.54
2019-03-15,801150,31.02,3.34,0.81
2019-03-15,801120,29.08,5.36,1.5
2019-03-15,801050,28.81,2.12,0.94
2019-03-15,801080,32.53,3.0,0.69
2019-03-15,801040,7.12,1.21,2.8
2019-03-15,801030,16.85,1.87,1.51
2019-03-15,801010,37.36,3.53,0.88
2019-03-15,801170,20.17,1.52,1.48
2019-03-15,801110,14.0,2.97,1.78
2019-03-15,801180,11.09,1.56,2.32
2019-03-15,801880,16.1,1.66,2.51
2019-03-15,801790,20.15,1.96,1.77
2019-03-15,801780,6.96,0.86,2.98
2019-03-15,801770,45.0,2.9,0.37
2019-03-15,801760,26.09,2.29,0.69
2019-03-15,801890,30.89,2.19,0.81
2019-03-15,801730,29.88,2.16,0.83
2019-03-15,801710,13.21,1.98,1.57
2019-03-15,801750,52.96,3.56,0.39
2019-03-18,801160,23.0,1.67,1.51
2019-03-18,801150,32.32,3.47,0.78
2019-03-18,801120,30.85,5.67,1.41
2019-03-18,801050,29.57,2.18,0.92
2019-03-18,801080,33.13,3.05,0.67
2019-03-18,801040,7.41,1.26,2.69
2019-03-18,801030,17.32,1.92,1.47
2019-03-18,801010,38.68,3.66,0.85
2019-03-18,801170,20.57,1.55,1.44
2019-03-18,801110,14.33,3.04,1.73
2019-03-18,801180,11.41,1.61,2.24
2019-03-18,801880,16.49,1.69,2.45
2019-03-18,801790,20.57,2.0,1.73
2019-03-18,801780,7.08,0.88,2.92
2019-03-18,801770,45.99,2.97,0.36
2019-03-18,801760,26.67,2.34,0.67
2019-03-18,801890,31.65,2.24,0.79
2019-03-18,801730,30.24,2.19,0.82
2019-03-18,801710,13.48,2.02,1.54
2019-03-18,801750,54.42,3.64,0.38
2019-03-19,801150,32.13,3.45,0.78
2019-03-19,801120,30.39,5.59,1.43
2019-03-19,801110,14.28,3.03,1.74
2019-03-19,801040,7.37,1.25,2.72
2019-03-19,801050,29.81,2.18,0.92
2019-03-19,801030,17.34,1.92,1.47
2019-03-19,801010,38.81,3.67,0.85
2019-03-19,801160,23.19,1.69,1.5
2019-03-19,801080,33.3,3.07,0.66
2019-03-19,801170,20.56,1.55,1.44
2019-03-19,801180,11.42,1.59,2.25
2019-03-19,801890,31.66,2.24,0.79
2019-03-19,801880,16.5,1.69,2.45
2019-03-19,801790,20.49,1.99,1.74
2019-03-19,801780,7.05,0.87,2.94
2019-03-19,801760,26.78,2.35,0.67
2019-03-19,801750,55.39,3.71,0.38
2019-03-19,801770,46.04,2.97,0.35
2019-03-19,801730,30.34,2.2,0.82
2019-03-19,801710,13.45,2.02,1.54
2019-03-20,801160,23.16,1.68,1.49
2019-03-20,801150,32.12,3.44,0.78
2019-03-20,801120,30.47,5.6,1.43
2019-03-20,801170,20.58,1.56,1.44
2019-03-20,801080,32.78,3.02,0.67
2019-03-20,801050,29.6,2.16,0.93
2019-03-20,801040,7.35,1.24,2.73
2019-03-20,801030,17.35,1.91,1.47
2019-03-20,801010,37.84,3.58,0.87
2019-03-20,801110,14.1,2.99,1.76
2019-03-20,801180,11.54,1.6,2.24
2019-03-20,801880,16.53,1.7,2.45
2019-03-20,801790,20.79,2.02,1.72
2019-03-20,801780,7.06,0.87,2.93
2019-03-20,801770,45.98,2.95,0.36
2019-03-20,801760,26.85,2.36,0.66
2019-03-20,801890,31.68,2.24,0.79
2019-03-20,801730,30.15,2.18,0.82
2019-03-20,801710,13.71,2.05,1.52
2019-03-20,801750,55.04,3.69,0.38
2019-03-21,801160,23.38,1.7,1.48
2019-03-21,801150,32.4,3.46,0.78
2019-03-21,801120,30.26,5.56,1.44
2019-03-21,801050,29.97,2.19,0.92
2019-03-21,801080,33.18,3.06,0.67
2019-03-21,801040,7.37,1.24,2.73
2019-03-21,801030,17.48,1.92,1.46
2019-03-21,801010,38.19,3.61,0.86
2019-03-21,801170,20.69,1.57,1.43
2019-03-21,801110,14.05,2.98,1.76
2019-03-21,801180,11.59,1.61,2.23
2019-03-21,801880,16.59,1.7,2.44
2019-03-21,801790,21.08,2.03,1.71
2019-03-21,801780,7.01,0.87,2.95
2019-03-21,801770,46.41,2.98,0.35
2019-03-21,801760,27.54,2.42,0.65
2019-03-21,801890,31.87,2.25,0.79
2019-03-21,801730,30.39,2.2,0.82
2019-03-21,801710,13.58,2.04,1.5
2019-03-21,801750,56.42,3.79,0.37
2019-03-22,801150,32.67,3.49,0.77
2019-03-22,801120,30.59,5.63,1.43
2019-03-22,801110,14.12,3.0,1.76
2019-03-22,801040,7.42,1.24,2.74
2019-03-22,801050,29.77,2.17,0.92
2019-03-22,801030,17.65,1.94,1.45
2019-03-22,801010,37.64,3.56,0.87
2019-03-22,801160,23.6,1.71,1.48
2019-03-22,801080,33.42,3.08,0.66
2019-03-22,801170,20.89,1.59,1.41
2019-03-22,801180,11.64,1.62,2.22
2019-03-22,801890,31.87,2.25,0.79
2019-03-22,801880,16.79,1.72,2.41
2019-03-22,801790,21.04,2.01,1.72
2019-03-22,801780,6.99,0.87,2.96
2019-03-22,801770,46.09,2.95,0.36
2019-03-22,801760,27.36,2.4,0.65
2019-03-22,801750,56.16,3.77,0.37
2019-03-22,801730,30.3,2.19,0.82
2019-03-22,801710,12.99,2.0,1.5
2019-03-25,801160,23.34,1.68,1.5
2019-03-25,801150,32.06,3.43,0.78
2019-03-25,801120,29.84,5.48,1.46
2019-03-25,801050,29.69,2.12,0.94
2019-03-25,801080,33.02,3.04,0.67
2019-03-25,801040,7.3,1.21,2.8
2019-03-25,801030,17.79,1.92,1.46
2019-03-25,801010,37.37,3.54,0.88
2019-03-25,801170,20.31,1.56,1.44
2019-03-25,801110,13.86,2.94,1.79
2019-03-25,801890,31.71,2.24,0.79
2019-03-25,801880,16.58,1.69,2.45
2019-03-25,801790,20.2,1.94,1.79
2019-03-25,801780,6.79,0.84,3.05
2019-03-25,801180,11.52,1.58,2.27
2019-03-25,801760,26.68,2.33,0.67
2019-03-25,801770,45.84,2.93,0.36
2019-03-25,801730,30.07,2.17,0.82
2019-03-25,801710,12.65,1.95,1.54
2019-03-25,801750,55.84,3.74,0.37
2019-03-26,801160,22.57,1.64,1.53
2019-03-26,801150,31.31,3.36,0.8
2019-03-26,801120,29.88,5.49,1.46
2019-03-26,801170,19.86,1.52,1.47
2019-03-26,801080,32.73,2.95,0.69
2019-03-26,801050,29.36,2.08,0.96
2019-03-26,801040,7.15,1.18,2.87
2019-03-26,801030,17.42,1.88,1.49
2019-03-26,801010,37.23,3.52,0.88
2019-03-26,801110,13.67,2.9,1.81
2019-03-26,801180,11.08,1.54,2.31
2019-03-26,801890,30.84,2.18,0.81
2019-03-26,801880,16.15,1.65,2.51
2019-03-26,801790,19.85,1.9,1.82
2019-03-26,801780,6.77,0.84,3.05
2019-03-26,801770,44.16,2.83,0.37
2019-03-26,801760,25.79,2.26,0.7
2019-03-26,801730,29.46,2.12,0.85
2019-03-26,801710,12.51,1.93,1.55
2019-03-26,801750,54.46,3.67,0.38
2019-03-27,801160,22.51,1.64,1.54
2019-03-27,801150,32.26,3.46,0.77
2019-03-27,801120,30.68,5.64,1.42
2019-03-27,801050,29.22,2.07,0.96
2019-03-27,801080,32.78,2.96,0.69
2019-03-27,801040,7.2,1.19,2.85
2019-03-27,801030,17.72,1.92,1.46
2019-03-27,801010,36.93,3.5,0.89
2019-03-27,801170,20.15,1.55,1.44
2019-03-27,801110,13.93,2.96,1.78
2019-03-27,801180,11.24,1.55,2.28
2019-03-27,801880,16.17,1.65,2.5
2019-03-27,801790,20.2,1.92,1.8
2019-03-27,801780,6.84,0.84,3.02
2019-03-27,801770,43.91,2.81,0.37
2019-03-27,801760,25.66,2.25,0.7
2019-03-27,801890,30.97,2.2,0.8
2019-03-27,801730,29.57,2.13,0.84
2019-03-27,801710,12.77,1.97,1.52
2019-03-27,801750,54.26,3.63,0.38
2019-03-28,801150,31.37,3.37,0.82
2019-03-28,801120,30.66,5.67,1.4
2019-03-28,801110,13.81,2.93,1.79
2019-03-28,801040,7.09,1.16,2.9
2019-03-28,801050,28.87,2.04,0.98
2019-03-28,801030,17.42,1.89,1.48
2019-03-28,801010,36.77,3.49,0.89
2019-03-28,801160,22.34,1.62,1.55
2019-03-28,801080,32.6,2.94,0.69
2019-03-28,801170,20.31,1.55,1.45
2019-03-28,801180,10.99,1.52,2.33
2019-03-28,801890,30.62,2.16,0.81
2019-03-28,801880,15.97,1.62,2.49
2019-03-28,801790,20.4,1.91,1.82
2019-03-28,801780,6.8,0.84,3.03
2019-03-28,801770,44.46,2.86,0.37
2019-03-28,801760,25.2,2.21,0.71
2019-03-28,801750,54.1,3.59,0.39
2019-03-28,801730,29.28,2.12,0.85
2019-03-28,801710,12.57,1.93,1.55
2019-03-29,801160,22.65,1.65,1.52
2019-03-29,801150,32.95,3.52,0.79
2019-03-29,801120,30.98,5.81,1.34
2019-03-29,801050,30.32,2.12,0.95
2019-03-29,801080,33.73,3.03,0.67
2019-03-29,801040,7.56,1.19,2.82
2019-03-29,801030,17.9,1.94,1.45
2019-03-29,801010,38.42,3.64,0.85
2019-03-29,801170,20.97,1.59,1.41
2019-03-29,801110,14.26,3.03,1.74
2019-03-29,801890,31.71,2.23,0.79
2019-03-29,801880,16.4,1.66,2.43
2019-03-29,801790,21.8,2.03,1.71
2019-03-29,801780,7.01,0.86,2.94
2019-03-29,801180,11.53,1.6,2.22
2019-03-29,801760,25.96,2.27,0.69
2019-03-29,801770,45.29,2.91,0.36
2019-03-29,801730,30.04,2.16,0.84
2019-03-29,801710,12.94,1.99,1.51
2019-03-29,801750,55.09,3.71,0.38
2019-04-01,801160,23.16,1.69,1.48
2019-04-01,801150,33.8,3.61,0.77
2019-04-01,801120,31.41,5.9,1.32
2019-04-01,801170,21.53,1.64,1.37
2019-04-01,801080,34.61,3.14,0.65
2019-04-01,801050,31.82,2.22,0.91
2019-04-01,801040,7.85,1.23,2.72
2019-04-01,801030,18.64,2.02,1.39
2019-04-01,801010,40.45,3.83,0.81
2019-04-01,801110,15.61,3.17,1.66
2019-04-01,801180,11.82,1.64,2.15
2019-04-01,801890,31.5,2.29,0.77
2019-04-01,801880,17.03,1.72,2.36
2019-04-01,801790,22.61,2.07,1.67
2019-04-01,801780,7.16,0.87,2.89
2019-04-01,801770,46.75,3.02,0.35
2019-04-01,801760,27.19,2.36,0.66
2019-04-01,801730,30.98,2.23,0.81
2019-04-01,801710,13.33,2.06,1.45
2019-04-01,801750,57.8,3.9,0.35
2019-04-02,801150,33.98,3.61,0.77
2019-04-02,801120,31.06,5.83,1.33
2019-04-02,801110,15.45,3.13,1.68
2019-04-02,801040,7.85,1.23,2.72
2019-04-02,801050,32.45,2.26,0.89
2019-04-02,801030,18.94,2.06,1.36
2019-04-02,801010,39.92,3.78,0.82
2019-04-02,801160,23.14,1.69,1.48
2019-04-02,801080,34.64,3.14,0.65
2019-04-02,801170,21.47,1.64,1.37
2019-04-02,801180,11.83,1.65,2.14
2019-04-02,801890,31.55,2.29,0.77
2019-04-02,801880,17.44,1.73,2.33
2019-04-02,801790,22.65,2.07,1.67
2019-04-02,801780,7.2,0.87,2.88
2019-04-02,801760,27.23,2.36,0.66
2019-04-02,801750,58.22,3.93,0.34
2019-04-02,801770,46.57,3.02,0.35
2019-04-02,801730,31.05,2.24,0.8
2019-04-02,801710,13.42,2.07,1.45
2019-04-03,801160,23.27,1.7,1.47
2019-04-03,801150,34.51,3.64,0.77
2019-04-03,801120,31.0,5.83,1.36
2019-04-03,801170,22.14,1.69,1.33
2019-04-03,801080,34.85,3.16,0.64
2019-04-03,801050,32.66,2.26,0.89
2019-04-03,801040,7.97,1.25,2.68
2019-04-03,801030,19.12,2.08,1.36
2019-04-03,801010,40.08,3.82,0.82
2019-04-03,801110,15.56,3.16,1.67
2019-04-03,801180,11.97,1.67,2.11
2019-04-03,801890,32.05,2.33,0.75
2019-04-03,801880,17.7,1.76,2.29
2019-04-03,801790,23.46,2.14,1.62
2019-04-03,801780,7.25,0.88,2.86
2019-04-03,801760,27.59,2.38,0.65
2019-04-03,801770,46.33,3.02,0.35
2019-04-03,801730,31.16,2.23,0.81
2019-04-03,801710,13.75,2.12,1.41
2019-04-03,801750,58.83,3.97,0.34
2019-04-04,801160,23.33,1.7,1.47
2019-04-04,801150,34.57,3.65,0.77
2019-04-04,801170,22.67,1.73,1.3
2019-04-04,801010,41.0,3.89,0.8
2019-04-04,801110,15.68,3.18,1.65
2019-04-04,801080,34.66,3.14,0.64
2019-04-04,801050,32.99,2.29,0.88
2019-04-04,801040,8.0,1.26,2.67
2019-04-04,801030,19.51,2.13,1.33
2019-04-04,801120,31.72,5.97,1.33
2019-04-04,801180,12.0,1.68,2.1
2019-04-04,801880,18.05,1.79,2.25
2019-04-04,801790,23.49,2.15,1.62
2019-04-04,801780,7.37,0.9,2.81
2019-04-04,801770,46.22,3.01,0.35
2019-04-04,801890,32.21,2.34,0.75
2019-04-04,801750,58.75,3.96,0.34
2019-04-04,801730,31.31,2.25,0.8
2019-04-04,801710,13.81,2.13,1.41
2019-04-04,801760,27.58,2.37,0.65
2019-04-08,801160,23.23,1.7,1.47
2019-04-08,801120,32.04,6.15,1.6
2019-04-08,801110,15.66,3.18,1.66
2019-04-08,801040,8.32,1.31,2.29
2019-04-08,801050,33.45,2.32,0.87
2019-04-08,801170,22.15,1.69,1.33
2019-04-08,801030,20.29,2.21,1.28
2019-04-08,801010,40.88,3.88,0.8
2019-04-08,801080,33.73,3.06,0.66
2019-04-08,801180,11.92,1.66,2.12
2019-04-08,801150,34.44,3.64,0.77
2019-04-08,801890,32.28,2.35,0.75
2019-04-08,801790,23.24,2.13,1.64
2019-04-08,801780,7.42,0.9,2.78
2019-04-08,801770,45.24,2.95,0.35
2019-04-08,801760,27.14,2.34,0.66
2019-04-08,801880,18.05,1.79,2.26
2019-04-08,801730,30.98,2.22,0.81
2019-04-08,801710,14.27,2.2,1.37
2019-04-08,801750,57.33,3.87,0.35
2019-04-09,801160,23.37,1.7,1.46
2019-04-09,801120,32.88,6.31,1.57
2019-04-09,801110,16.28,3.3,1.59
2019-04-09,801040,8.14,1.28,2.35
2019-04-09,801050,32.82,2.28,0.89
2019-04-09,801030,19.88,2.17,1.31
2019-04-09,801010,39.76,3.81,0.82
2019-04-09,801170,22.11,1.69,1.33
2019-04-09,801080,33.93,3.08,0.66
2019-04-09,801180,12.24,1.7,2.06
2019-04-09,801150,34.93,3.69,0.76
2019-04-09,801880,18.15,1.81,2.24
2019-04-09,801790,23.28,2.13,1.64
2019-04-09,801780,7.34,0.89,2.82
2019-04-09,801770,46.21,3.0,0.35
2019-04-09,801760,27.62,2.38,0.65
2019-04-09,801750,57.36,3.87,0.35
2019-04-09,801730,31.3,2.24,0.8
2019-04-09,801890,32.51,2.36,0.75
2019-04-09,801710,14.03,2.16,1.39
2019-04-10,801170,22.17,1.69,1.32
2019-04-10,801160,23.35,1.7,1.46
2019-04-10,801150,35.5,3.76,0.76
2019-04-10,801080,33.74,3.06,0.66
2019-04-10,801110,16.71,3.39,1.55
2019-04-10,801050,32.46,2.26,0.9
2019-04-10,801040,8.03,1.26,2.38
2019-04-10,801030,19.85,2.16,1.31
2019-04-10,801180,12.11,1.69,2.08
2019-04-10,801120,33.55,6.43,1.54
2019-04-10,801010,42.93,3.79,0.82
2019-04-10,801890,32.38,2.35,0.75
2019-04-10,801880,18.58,1.86,2.19
2019-04-10,801790,23.16,2.12,1.64
2019-04-10,801770,46.47,3.01,0.34
2019-04-10,801780,7.31,0.89,2.82
2019-04-10,801750,56.69,3.83,0.35
2019-04-10,801730,31.24,2.24,0.8
2019-04-10,801710,14.0,2.16,1.39
2019-04-10,801760,27.4,2.36,0.66
2019-04-11,801120,32.26,6.18,1.6
2019-04-11,801160,23.19,1.69,1.47
2019-04-11,801110,16.12,3.27,1.6
2019-04-11,801170,21.6,1.66,1.35
2019-04-11,801050,31.91,2.22,0.91
2019-04-11,801040,7.88,1.24,2.42
2019-04-11,801030,19.3,2.1,1.34
2019-04-11,801010,42.83,3.77,0.82
2019-04-11,801080,32.93,2.98,0.68
2019-04-11,801180,11.9,1.66,2.12
2019-04-11,801150,34.46,3.64,0.78
2019-04-11,801880,18.48,1.85,2.2
2019-04-11,801790,22.73,2.08,1.68
2019-04-11,801780,7.26,0.88,2.84
2019-04-11,801770,45.26,2.93,0.35
2019-04-11,801760,26.89,2.31,0.67
2019-04-11,801750,55.31,3.74,0.36
2019-04-11,801730,31.04,2.22,0.81
2019-04-11,801890,32.05,2.31,0.76
2019-04-11,801710,13.52,2.09,1.44
2019-04-12,801160,23.41,1.71,1.46
2019-04-12,801120,32.08,6.15,1.61
2019-04-12,801050,31.75,2.21,0.91
2019-04-12,801080,33.03,2.99,0.67
2019-04-12,801170,21.59,1.66,1.35
2019-04-12,801040,7.81,1.23,2.45
2019-04-12,801030,19.21,2.09,1.33
2019-04-12,801010,43.5,3.84,0.81
2019-04-12,801110,15.92,3.23,1.62
2019-04-12,801180,11.81,1.66,2.08
2019-04-12,801150,33.99,3.59,0.79
2019-04-12,801890,32.12,2.31,0.76
2019-04-12,801880,18.39,1.84,2.21
2019-04-12,801790,22.78,2.09,1.67
2019-04-12,801780,7.26,0.88,2.84
2019-04-12,801770,45.4,2.94,0.35
2019-04-12,801760,27.12,2.31,0.67
2019-04-12,801730,30.97,2.23,0.8
2019-04-12,801710,13.43,2.08,1.45
2019-04-12,801750,55.48,3.74,0.36
2019-04-15,801170,21.61,1.67,1.35
2019-04-15,801160,22.65,1.71,1.41
2019-04-15,801150,33.64,3.55,0.8
2019-04-15,801080,32.77,2.97,0.68
2019-04-15,801110,16.13,3.27,1.6
2019-04-15,801050,31.43,2.18,0.92
2019-04-15,801040,7.75,1.22,2.47
2019-04-15,801030,19.03,2.07,1.34
2019-04-15,801180,11.78,1.64,2.09
2019-04-15,801120,31.85,6.11,1.62
2019-04-15,801010,42.75,3.78,0.82
2019-04-15,801890,31.83,2.29,0.77
2019-04-15,801880,18.02,1.8,2.26
2019-04-15,801790,22.7,2.08,1.68
2019-04-15,801780,7.3,0.89,2.83
2019-04-15,801770,45.33,2.93,0.35
2019-04-15,801750,54.7,3.7,0.36
2019-04-15,801730,30.78,2.21,0.81
2019-04-15,801710,13.34,2.06,1.46
2019-04-15,801760,26.72,2.28,0.68
2019-04-16,801160,24.24,1.74,1.4
2019-04-16,801150,34.42,3.61,0.8
2019-04-16,801120,32.58,6.25,1.6
2019-04-16,801050,32.68,2.26,0.89
2019-04-16,801080,33.58,3.06,0.65
2019-04-16,801040,7.88,1.24,2.43
2019-04-16,801030,19.43,2.11,1.32
2019-04-16,801170,21.82,1.69,1.33
2019-04-16,801110,16.54,3.35,1.56
2019-04-16,801010,43.1,3.75,0.83
2019-04-16,801180,11.83,1.64,2.06
2019-04-16,801890,32.7,2.34,0.76
2019-04-16,801880,18.31,1.83,2.22
2019-04-16,801790,23.48,2.15,1.62
2019-04-16,801770,48.0,3.1,0.33
2019-04-16,801760,27.25,2.32,0.66
2019-04-16,801780,7.6,0.92,2.72
2019-04-16,801730,31.42,2.24,0.79
2019-04-16,801710,13.65,2.11,1.42
2019-04-16,801750,55.12,3.79,0.35
2019-04-17,801160,24.34,1.75,1.39
2019-04-17,801150,34.54,3.62,0.8
2019-04-17,801120,32.86,6.31,1.59
2019-04-17,801170,21.86,1.69,1.31
2019-04-17,801080,33.9,3.1,0.64
2019-04-17,801050,32.86,2.26,0.89
2019-04-17,801040,7.86,1.24,2.43
2019-04-17,801030,19.72,2.14,1.3
2019-04-17,801010,44.42,3.87,0.8
2019-04-17,801110,16.52,3.35,1.56
2019-04-17,801180,11.79,1.63,2.08
2019-04-17,801780,7.55,0.92,2.73
2019-04-17,801880,19.39,1.93,2.12
2019-04-17,801790,23.3,2.13,1.63
2019-04-17,801890,32.98,2.36,0.75
2019-04-17,801770,48.09,3.09,0.33
2019-04-17,801760,27.44,2.34,0.66
2019-04-17,801730,32.52,2.21,0.8
2019-04-17,801710,13.65,2.11,1.43
2019-04-17,801750,54.89,3.77,0.36
2019-04-18,801160,24.18,1.74,1.4
2019-04-18,801150,34.29,3.62,0.81
2019-04-18,801120,32.83,6.3,1.58
2019-04-18,801050,32.57,2.23,0.9
2019-04-18,801080,33.58,3.08,0.65
2019-04-18,801040,7.84,1.23,2.49
2019-04-18,801030,19.73,2.13,1.28
2019-04-18,801010,44.5,3.83,0.81
2019-04-18,801170,21.86,1.69,1.34
2019-04-18,801110,16.76,3.41,1.65
2019-04-18,801180,11.72,1.61,2.11
2019-04-18,801880,19.02,1.9,2.16
2019-04-18,801790,23.22,2.13,1.64
2019-04-18,801780,7.49,0.91,2.76
2019-04-18,801770,46.72,3.16,0.33
2019-04-18,801760,27.42,2.33,0.66
2019-04-18,801890,32.81,2.34,0.75
2019-04-18,801730,31.54,2.25,0.79
2019-04-18,801710,13.7,2.11,1.42
2019-04-18,801750,54.23,3.73,0.36
2019-04-19,801150,34.42,3.64,0.8
2019-04-19,801120,32.93,6.32,1.58
2019-04-19,801110,17.52,3.56,1.58
2019-04-19,801040,7.87,1.24,2.47
2019-04-19,801050,32.66,2.25,0.9
2019-04-19,801030,19.82,2.14,1.29
2019-04-19,801010,44.45,3.82,0.81
2019-04-19,801160,24.03,1.75,1.39
2019-04-19,801080,33.81,3.1,0.65
2019-04-19,801170,22.11,1.69,1.33
2019-04-19,801180,11.82,1.63,2.1
2019-04-19,801890,33.09,2.36,0.75
2019-04-19,801880,19.31,1.92,2.13
2019-04-19,801790,23.71,2.17,1.61
2019-04-19,801780,7.54,0.91,2.74
2019-04-19,801770,47.62,3.23,0.32
2019-04-19,801760,27.8,2.35,0.65
2019-04-19,801750,55.04,3.76,0.36
2019-04-19,801730,32.02,2.28,0.78
2019-04-19,801710,13.66,2.11,1.42
2019-04-22,801160,23.8,1.73,1.39
2019-04-22,801150,34.11,3.59,0.8
2019-04-22,801120,32.71,6.3,1.64
2019-04-22,801050,31.96,2.21,0.92
2019-04-22,801080,33.83,3.07,0.67
2019-04-22,801040,7.73,1.22,2.52
2019-04-22,801030,19.78,2.12,1.3
2019-04-22,801010,45.61,3.93,0.79
2019-04-22,801170,21.77,1.67,1.35
2019-04-22,801110,16.77,3.37,1.65
2019-04-22,801890,32.51,2.32,0.76
2019-04-22,801880,18.84,1.87,2.19
2019-04-22,801790,23.12,2.11,1.65
2019-04-22,801780,7.32,0.89,2.82
2019-04-22,801180,11.36,1.57,2.17
2019-04-22,801760,27.31,2.31,0.66
2019-04-22,801770,47.47,3.22,0.32
2019-04-22,801730,31.8,2.25,0.78
2019-04-22,801710,13.27,2.05,1.47
2019-04-22,801750,54.42,3.68,0.36
2019-04-23,801160,23.82,1.72,1.4
2019-04-23,801150,33.75,3.56,0.81
2019-04-23,801120,33.17,6.38,1.62
2019-04-23,801170,21.22,1.66,1.36
2019-04-23,801080,32.27,2.98,0.8
2019-04-23,801050,31.58,2.18,0.93
2019-04-23,801040,7.64,1.19,2.53
2019-04-23,801030,19.8,2.17,1.32
2019-04-23,801010,45.44,3.91,0.79
2019-04-23,801110,16.73,3.51,1.61
2019-04-23,801180,11.41,1.57,2.17
2019-04-23,801890,31.91,2.28,0.78
2019-04-23,801880,18.69,1.83,2.24
2019-04-23,801790,23.32,2.13,1.64
2019-04-23,801780,7.34,0.89,2.81
2019-04-23,801770,46.28,3.11,0.34
2019-04-23,801760,27.63,2.32,0.66
2019-04-23,801730,31.52,2.19,0.81
2019-04-23,801710,13.05,2.02,1.58
2019-04-23,801750,53.65,3.61,0.37
2019-04-24,801150,33.96,3.57,0.81
2019-04-24,801120,33.1,6.37,1.62
2019-04-24,801110,16.66,3.5,1.63
2019-04-24,801040,7.67,1.2,2.52
2019-04-24,801050,31.66,2.18,0.93
2019-04-24,801030,19.95,2.18,1.32
2019-04-24,801010,47.69,4.01,0.77
2019-04-24,801160,24.02,1.73,1.4
2019-04-24,801080,33.08,3.04,0.78
2019-04-24,801170,21.19,1.65,1.36
2019-04-24,801180,11.39,1.56,2.17
2019-04-24,801890,32.18,2.3,0.78
2019-04-24,801880,19.26,1.86,2.21
2019-04-24,801790,23.32,2.13,1.64
2019-04-24,801780,7.36,0.89,2.81
2019-04-24,801760,27.53,2.32,0.67
2019-04-24,801750,55.17,3.7,0.36
2019-04-24,801770,47.03,3.14,0.34
2019-04-24,801730,31.98,2.21,0.81
2019-04-24,801710,13.12,2.04,1.57
2019-04-25,801160,22.81,1.66,1.48
2019-04-25,801150,33.48,3.5,0.83
2019-04-25,801120,32.41,6.11,1.65
2019-04-25,801170,20.55,1.6,1.4
2019-04-25,801080,32.03,2.91,0.81
2019-04-25,801050,31.32,2.12,0.96
2019-04-25,801040,7.52,1.15,2.61
2019-04-25,801030,19.22,2.09,1.37
2019-04-25,801010,47.45,4.0,0.78
2019-04-25,801110,16.12,3.38,1.69
2019-04-25,801180,11.32,1.52,2.22
2019-04-25,801890,31.48,2.21,0.81
2019-04-25,801880,18.58,1.78,2.31
2019-04-25,801790,22.69,2.07,1.68
2019-04-25,801780,7.27,0.87,2.84
2019-04-25,801760,27.43,2.23,0.69
2019-04-25,801770,45.41,3.04,0.34
2019-04-25,801730,30.71,2.1,0.85
2019-04-25,801710,12.6,1.95,1.63
2019-04-25,801750,54.14,3.56,0.38
2019-04-26,801120,32.26,5.99,1.66
2019-04-26,801160,22.03,1.62,1.51
2019-04-26,801110,15.73,3.3,1.73
2019-04-26,801170,20.29,1.58,1.4
2019-04-26,801050,31.29,2.09,0.98
2019-04-26,801040,7.33,1.12,2.98
2019-04-26,801030,18.94,2.05,1.41
2019-04-26,801010,45.75,3.85,0.88
2019-04-26,801080,33.05,2.89,0.83
2019-04-26,801180,11.23,1.5,2.24
2019-04-26,801150,32.5,3.42,0.84
2019-04-26,801790,22.71,2.05,1.69
2019-04-26,801780,7.17,0.86,2.88
2019-04-26,801770,46.93,3.07,0.34
2019-04-26,801760,28.95,2.25,0.71
2019-04-26,801750,57.02,3.61,0.38
2019-04-26,801880,18.26,1.74,2.36
2019-04-26,801730,30.76,2.08,0.86
2019-04-26,801890,32.11,2.16,0.82
2019-04-26,801710,12.96,1.94,1.63
2019-04-29,801160,21.55,1.59,1.54
2019-04-29,801150,32.97,3.37,0.84
2019-04-29,801120,32.54,5.97,1.54
2019-04-29,801050,30.35,2.0,1.01
2019-04-29,801080,32.36,2.79,0.86
2019-04-29,801040,7.2,1.09,3.04
2019-04-29,801030,18.51,1.98,1.44
2019-04-29,801170,19.82,1.55,1.4
2019-04-29,801110,16.58,3.26,1.71
2019-04-29,801180,11.24,1.48,2.26
2019-04-29,801010,44.41,3.69,0.91
2019-04-29,801890,32.13,2.07,0.83
2019-04-29,801880,17.86,1.69,2.41
2019-04-29,801790,22.59,2.01,1.7
2019-04-29,801780,7.3,0.86,2.84
2019-04-29,801770,45.22,2.94,0.36
2019-04-29,801760,30.13,2.27,0.73
2019-04-29,801730,33.33,2.05,0.87
2019-04-29,801710,12.8,1.88,1.63
2019-04-29,801750,57.33,3.46,0.39
2019-04-30,801170,20.86,1.57,1.38
2019-04-30,801160,22.12,1.6,1.52
2019-04-30,801150,35.98,3.42,0.84
2019-04-30,801080,32.49,2.8,0.86
2019-04-30,801110,16.63,3.15,1.71
2019-04-30,801050,31.84,2.05,1.0
2019-04-30,801040,7.26,1.09,3.01
2019-04-30,801030,19.31,1.99,1.44
2019-04-30,801180,11.28,1.48,2.26
2019-04-30,801120,32.74,5.94,1.53
2019-04-30,801010,46.55,3.84,0.89
2019-04-30,801890,32.64,2.05,0.83
2019-04-30,801880,18.11,1.72,2.38
2019-04-30,801790,22.64,1.95,1.7
2019-04-30,801770,45.95,2.9,0.37
2019-04-30,801780,7.32,0.84,2.83
2019-04-30,801750,57.52,3.5,0.4
2019-04-30,801730,34.49,2.09,0.87
2019-04-30,801710,12.91,1.89,1.62
2019-04-30,801760,33.21,2.36,0.72
2019-05-06,801160,20.46,1.52,1.61
2019-05-06,801150,33.51,3.21,0.81
2019-05-06,801120,28.42,5.54,1.63
2019-05-06,801170,18.35,1.47,1.48
2019-05-06,801080,30.26,2.56,0.93
2019-05-06,801050,31.89,1.9,1.03
2019-05-06,801040,7.54,1.03,3.19
2019-05-06,801030,18.44,1.84,1.52
2019-05-06,801110,15.26,2.93,1.07
2019-05-06,801180,10.21,1.38,2.39
2019-05-06,801010,48.91,3.61,0.89
2019-05-06,801890,27.17,1.9,0.9
2019-05-06,801880,17.14,1.59,2.57
2019-05-06,801790,17.29,1.8,1.8
2019-05-06,801780,6.94,0.82,2.9
2019-05-06,801770,41.46,2.63,0.41
2019-05-06,801760,32.11,2.18,0.78
2019-05-06,801730,31.3,1.94,0.93
2019-05-06,801710,11.45,1.77,1.73
2019-05-06,801750,49.77,3.18,0.41
2019-05-07,801160,20.68,1.53,1.59
2019-05-07,801120,28.88,5.73,1.6
2019-05-07,801050,32.13,1.92,1.02
2019-05-07,801080,30.63,2.59,0.92
2019-05-07,801170,18.6,1.48,1.46
2019-05-07,801040,7.58,1.04,3.17
2019-05-07,801030,18.64,1.86,1.51
2019-05-07,801010,49.04,3.63,0.89
2019-05-07,801110,15.71,3.02,1.04
2019-05-07,801180,10.4,1.4,2.35
2019-05-07,801150,34.23,3.28,0.79
2019-05-07,801890,27.63,1.93,0.89
2019-05-07,801880,17.4,1.61,2.54
2019-05-07,801790,17.43,1.82,1.79
2019-05-07,801780,6.93,0.82,2.91
2019-05-07,801770,41.55,2.64,0.41
2019-05-07,801760,32.51,2.2,0.77
2019-05-07,801730,31.59,1.94,0.93
2019-05-07,801710,11.63,1.8,1.7
2019-05-07,801750,49.53,3.16,0.43
2019-05-08,801170,18.37,1.46,1.48
2019-05-08,801160,20.48,1.52,1.61
2019-05-08,801150,34.02,3.26,0.8
2019-05-08,801080,30.51,2.58,0.93
2019-05-08,801110,15.55,2.99,1.05
2019-05-08,801050,32.2,1.92,1.0
2019-05-08,801040,7.43,1.02,3.62
2019-05-08,801030,18.48,1.84,1.53
2019-05-08,801180,10.31,1.39,2.4
2019-05-08,801120,28.69,5.7,1.61
2019-05-08,801010,46.98,3.48,0.9
2019-05-08,801890,27.53,1.94,0.89
2019-05-08,801880,17.28,1.6,2.56
2019-05-08,801790,17.06,1.78,1.82
2019-05-08,801780,6.81,0.8,2.96
2019-05-08,801770,41.29,2.62,0.41
2019-05-08,801750,50.17,3.19,0.43
2019-05-08,801730,31.38,1.93,0.95
2019-05-08,801710,11.51,1.78,1.72
2019-05-08,801760,32.41,2.19,0.77
2019-05-09,801170,17.98,1.43,1.51
2019-05-09,801160,20.31,1.51,1.62
2019-05-09,801150,33.14,3.18,0.83
2019-05-09,801080,30.19,2.56,0.93
2019-05-09,801110,15.42,2.97,1.06
2019-05-09,801050,31.95,1.91,1.0
2019-05-09,801040,7.35,1.01,3.66
2019-05-09,801030,18.24,1.82,1.54
2019-05-09,801180,10.12,1.37,2.45
2019-05-09,801120,27.7,5.5,1.67
2019-05-09,801010,47.63,3.52,0.89
2019-05-09,801890,27.37,1.93,0.89
2019-05-09,801880,17.09,1.58,2.59
2019-05-09,801790,16.72,1.75,1.86
2019-05-09,801770,40.69,2.58,0.41
2019-05-09,801780,6.68,0.79,3.02
2019-05-09,801750,50.01,3.18,0.43
2019-05-09,801730,31.2,1.92,0.95
2019-05-09,801710,11.41,1.77,1.73
2019-05-09,801760,32.19,2.17,0.78
2019-05-10,801160,20.77,1.54,1.58
2019-05-10,801150,34.17,3.27,0.79
2019-05-10,801120,29.14,5.79,1.59
2019-05-10,801170,18.67,1.49,1.46
2019-05-10,801080,31.54,2.67,0.88
2019-05-10,801050,32.82,1.95,0.98
2019-05-10,801040,7.52,1.03,3.62
2019-05-10,801030,18.84,1.88,1.49
2019-05-10,801110,15.95,3.07,1.05
2019-05-10,801180,10.47,1.41,2.25
2019-05-10,801010,49.52,3.67,0.86
2019-05-10,801890,28.36,2.0,0.86
2019-05-10,801880,17.69,1.64,2.47
2019-05-10,801790,17.59,1.84,1.77
2019-05-10,801780,6.82,0.81,2.95
2019-05-10,801770,42.86,2.72,0.39
2019-05-10,801760,33.32,2.24,0.75
2019-05-10,801730,32.21,1.98,0.92
2019-05-10,801710,11.82,1.83,1.67
2019-05-10,801750,52.71,3.35,0.41
2019-05-13,801160,20.54,1.53,1.57
2019-05-13,801120,29.17,5.8,1.59
2019-05-13,801110,15.73,3.03,1.07
2019-05-13,801040,7.4,1.02,3.68
2019-05-13,801050,32.47,1.93,0.98
2019-05-13,801170,18.62,1.49,1.46
2019-05-13,801030,18.57,1.86,1.5
2019-05-13,801010,48.95,3.63,0.88
2019-05-13,801080,30.6,2.59,0.87
2019-05-13,801180,10.43,1.41,2.21
2019-05-13,801150,34.01,3.26,0.79
2019-05-13,801890,28.07,1.98,0.86
2019-05-13,801790,17.09,1.79,1.8
2019-05-13,801780,6.72,0.8,3.0
2019-05-13,801770,42.11,2.67,0.38
2019-05-13,801760,32.63,2.21,0.76
2019-05-13,801880,17.32,1.61,2.53
2019-05-13,801730,32.48,1.99,0.9
2019-05-13,801710,11.75,1.82,1.65
2019-05-13,801750,52.01,3.31,0.41
2019-05-14,801160,20.34,1.51,1.59
2019-05-14,801120,28.92,5.75,1.6
2019-05-14,801050,32.53,1.93,0.98
2019-05-14,801080,30.41,2.58,0.87
2019-05-14,801040,7.35,1.01,3.7
2019-05-14,801030,18.47,1.85,1.52
2019-05-14,801010,50.61,3.62,0.92
2019-05-14,801170,18.34,1.46,1.48
2019-05-14,801110,15.63,3.01,1.08
2019-05-14,801180,10.32,1.39,2.27
2019-05-14,801150,33.65,3.23,0.8
2019-05-14,801890,27.91,1.97,0.86
2019-05-14,801880,17.18,1.59,2.55
2019-05-14,801790,16.99,1.78,1.81
2019-05-14,801780,6.7,0.79,3.01
2019-05-14,801770,42.26,2.69,0.38
2019-05-14,801760,32.48,2.2,0.76
2019-05-14,801730,32.05,2.01,0.85
2019-05-14,801710,11.61,1.8,1.67
2019-05-14,801750,51.68,3.29,0.43
2019-05-15,801160,20.64,1.53,1.57
2019-05-15,801120,30.38,6.04,1.53
2019-05-15,801050,33.05,1.97,0.99
2019-05-15,801080,30.98,2.63,0.87
2019-05-15,801170,18.76,1.5,1.45
2019-05-15,801040,7.47,1.03,3.64
2019-05-15,801030,18.93,1.89,1.48
2019-05-15,801010,51.89,3.71,0.9
2019-05-15,801110,16.03,3.09,1.08
2019-05-15,801180,10.5,1.42,2.23
2019-05-15,801150,34.53,3.31,0.79
2019-05-15,801890,28.45,2.01,0.84
2019-05-15,801880,17.54,1.63,2.6
2019-05-15,801790,17.37,1.82,1.77
2019-05-15,801780,6.81,0.81,2.96
2019-05-15,801770,43.01,2.73,0.38
2019-05-15,801760,33.04,2.24,0.75
2019-05-15,801730,33.09,2.08,0.82
2019-05-15,801710,11.89,1.84,1.63
2019-05-15,801750,52.1,3.31,0.43
2019-05-16,801170,18.93,1.51,1.44
2019-05-16,801160,20.77,1.54,1.56
2019-05-16,801150,33.84,3.33,0.78
2019-05-16,801080,30.73,2.61,0.88
2019-05-16,801110,16.1,3.11,1.03
2019-05-16,801050,34.35,2.05,1.0
2019-05-16,801040,7.67,1.05,3.55
2019-05-16,801030,19.11,1.91,1.46
2019-05-16,801180,10.57,1.43,2.23
2019-05-16,801120,30.58,6.08,1.51
2019-05-16,801010,52.21,3.73,0.9
2019-05-16,801890,28.66,2.02,0.83
2019-05-16,801880,17.65,1.64,2.58
2019-05-16,801790,17.4,1.82,1.77
2019-05-16,801780,6.81,0.81,2.96
2019-05-16,801770,42.56,2.71,0.39
2019-05-16,801750,52.51,3.34,0.43
2019-05-16,801730,33.38,2.09,0.81
2019-05-16,801710,12.15,1.88,1.6
2019-05-16,801760,33.05,2.22,0.75
2019-05-17,801160,20.13,1.5,1.62
2019-05-17,801120,29.75,5.91,1.55
2019-05-17,801050,33.06,1.97,0.98
2019-05-17,801080,29.88,2.54,0.91
2019-05-17,801170,18.41,1.47,1.47
2019-05-17,801040,7.42,1.02,3.67
2019-05-17,801030,18.44,1.84,1.51
2019-05-17,801010,51.58,3.68,0.91
2019-05-17,801110,15.81,3.05,1.05
2019-05-17,801150,32.84,3.24,0.82
2019-05-17,801180,10.23,1.38,2.32
2019-05-17,801890,27.61,1.95,0.86
2019-05-17,801880,16.96,1.58,2.73
2019-05-17,801790,16.82,1.76,1.85
2019-05-17,801770,41.19,2.62,0.4
2019-05-17,801760,31.81,2.14,0.78
2019-05-17,801780,6.73,0.8,3.0
2019-05-17,801730,32.11,2.01,0.82
2019-05-17,801710,11.71,1.81,1.66
2019-05-17,801750,50.65,3.22,0.45
2019-05-20,801170,18.13,1.45,1.47
2019-05-20,801160,19.98,1.48,1.58
2019-05-20,801150,32.31,3.19,0.83
2019-05-20,801180,10.15,1.37,2.32
2019-05-20,801110,15.69,3.02,1.05
2019-05-20,801080,29.82,2.53,0.91
2019-05-20,801050,33.4,1.99,0.94
2019-05-20,801040,7.44,1.02,3.66
2019-05-20,801030,18.24,1.82,1.46
2019-05-20,801120,29.09,5.78,1.59
2019-05-20,801010,48.97,3.5,0.96
2019-05-20,801890,27.62,1.95,0.85
2019-05-20,801880,16.66,1.55,2.75
2019-05-20,801790,16.81,1.76,1.85
2019-05-20,801780,6.73,0.8,2.98
2019-05-20,801770,41.43,2.63,0.4
2019-05-20,801750,51.57,3.28,0.44
2019-05-20,801730,31.87,2.0,0.83
2019-05-20,801710,11.64,1.8,1.71
2019-05-20,801760,31.8,2.14,0.78
2019-05-21,801170,18.41,1.47,1.45
2019-05-21,801160,20.28,1.51,1.55
2019-05-21,801150,32.88,3.24,0.82
2019-05-21,801080,30.58,2.59,0.91
2019-05-21,801110,15.97,3.08,1.04
2019-05-21,801050,34.65,2.06,0.91
2019-05-21,801040,7.59,1.04,3.6
2019-05-21,801030,18.56,1.85,1.45
2019-05-21,801180,10.29,1.39,2.36
2019-05-21,801120,29.37,5.84,1.57
2019-05-21,801010,50.41,3.6,0.94
2019-05-21,801890,28.05,1.98,0.86
2019-05-21,801880,16.92,1.57,2.71
2019-05-21,801790,17.0,1.78,1.83
2019-05-21,801770,42.31,2.69,0.4
2019-05-21,801780,6.78,0.8,2.96
2019-05-21,801750,52.54,3.35,0.44
2019-05-21,801730,32.35,2.03,0.82
2019-05-21,801710,11.93,1.85,1.67
2019-05-21,801760,32.21,2.17,0.76
2019-05-22,801170,18.37,1.47,1.44
2019-05-22,801160,20.19,1.5,1.56
2019-05-22,801150,32.67,3.22,0.83
2019-05-22,801030,18.38,1.84,1.48
2019-05-22,801010,50.29,3.6,1.0
2019-05-22,801080,30.48,2.58,0.89
2019-05-22,801050,34.04,2.03,0.91
2019-05-22,801180,10.23,1.38,2.29
2019-05-22,801120,29.16,5.8,1.58
2019-05-22,801040,7.46,1.03,4.23
2019-05-22,801890,27.88,1.97,0.86
2019-05-22,801880,16.76,1.56,2.73
2019-05-22,801790,16.84,1.76,1.85
2019-05-22,801780,6.76,0.8,2.97
2019-05-22,801770,42.69,2.72,0.39
2019-05-22,801110,15.95,3.07,1.04
2019-05-22,801750,53.47,3.41,0.43
2019-05-22,801730,32.24,2.02,0.82
2019-05-22,801710,11.85,1.84,1.68
2019-05-22,801760,32.06,2.16,0.78
2019-05-23,801160,19.92,1.48,1.61
2019-05-23,801120,28.33,5.63,1.63
2019-05-23,801110,15.47,2.98,1.07
2019-05-23,801040,7.38,1.02,3.9
2019-05-23,801050,33.51,2.0,0.93
2019-05-23,801170,18.08,1.44,1.47
2019-05-23,801030,18.01,1.8,1.52
2019-05-23,801010,48.48,3.48,1.05
2019-05-23,801080,29.6,2.51,0.77
2019-05-23,801180,10.06,1.36,2.33
2019-05-23,801150,31.92,3.15,0.87
2019-05-23,801890,27.35,1.94,0.87
2019-05-23,801790,16.61,1.75,2.44
2019-05-23,801780,6.72,0.8,2.98
2019-05-23,801770,41.09,2.61,0.41
2019-05-23,801760,31.2,2.1,0.79
2019-05-23,801880,16.28,1.51,2.73
2019-05-23,801730,31.62,1.99,0.91
2019-05-23,801710,11.69,1.81,1.7
2019-05-23,801750,51.77,3.31,0.44
2019-05-24,801160,19.97,1.48,1.61
2019-05-24,801120,28.65,5.7,1.61
2019-05-24,801110,15.55,3.0,1.08
2019-05-24,801040,7.36,1.02,3.9
2019-05-24,801050,33.12,1.97,0.95
2019-05-24,801030,17.9,1.79,1.62
2019-05-24,801010,47.48,3.41,1.07
2019-05-24,801170,18.03,1.44,1.51
2019-05-24,801080,29.1,2.48,0.95
2019-05-24,801180,10.05,1.36,2.33
2019-05-24,801150,31.77,3.14,0.88
2019-05-24,801880,16.45,1.53,2.71
2019-05-24,801790,16.71,1.76,2.42
2019-05-24,801780,6.76,0.8,2.96
2019-05-24,801770,40.33,2.57,0.42
2019-05-24,801760,30.97,2.08,0.78
2019-05-24,801750,50.71,3.25,0.44
2019-05-24,801730,31.48,1.98,0.9
2019-05-24,801890,27.39,1.94,0.88
2019-05-24,801710,11.66,1.81,1.71
2019-05-27,801170,18.26,1.46,1.49
2019-05-27,801160,20.28,1.51,1.59
2019-05-27,801150,32.34,3.19,0.83
2019-05-27,801080,30.27,2.58,0.92
2019-05-27,801110,15.62,3.02,1.12
2019-05-27,801050,34.08,2.03,0.59
2019-05-27,801040,7.48,1.04,3.84
2019-05-27,801030,18.27,1.84,1.79
2019-05-27,801180,10.19,1.38,2.41
2019-05-27,801120,28.81,5.73,1.6
2019-05-27,801010,49.71,3.57,1.01
2019-05-27,801890,28.06,1.99,0.87
2019-05-27,801880,16.69,1.55,2.67
2019-05-27,801790,17.03,1.8,2.37
2019-05-27,801770,41.75,2.66,0.4
2019-05-27,801780,6.78,0.8,2.72
2019-05-27,801750,52.97,3.39,0.4
2019-05-27,801730,32.32,2.03,0.86
2019-05-27,801710,11.82,1.84,1.67
2019-05-27,801760,31.89,2.14,0.68
2019-05-28,801120,29.1,5.79,1.58
2019-05-28,801160,20.38,1.51,1.58
2019-05-28,801110,15.8,3.05,1.1
2019-05-28,801170,18.41,1.47,1.48
2019-05-28,801050,34.1,2.03,0.59
2019-05-28,801040,7.51,1.04,3.83
2019-05-28,801030,18.29,1.84,1.81
2019-05-28,801010,51.39,3.69,0.99
2019-05-28,801080,30.33,2.59,0.93
2019-05-28,801180,10.28,1.39,2.78
2019-05-28,801150,32.51,3.21,0.84
2019-05-28,801880,16.93,1.57,2.64
2019-05-28,801790,17.13,1.81,2.36
2019-05-28,801780,6.82,0.81,2.71
2019-05-28,801770,41.88,2.67,0.4
2019-05-28,801760,32.0,2.12,0.68
2019-05-28,801750,53.05,3.4,0.4
2019-05-28,801730,32.4,2.03,0.86
2019-05-28,801890,28.09,1.99,0.91
2019-05-28,801710,11.87,1.85,1.79
2019-05-29,801160,20.34,1.51,1.6
2019-05-29,801120,29.38,5.84,1.57
2019-05-29,801050,34.91,2.08,0.57
2019-05-29,801080,30.57,2.61,0.91
2019-05-29,801170,18.34,1.47,1.54
2019-05-29,801040,7.54,1.04,3.81
2019-05-29,801030,18.29,1.84,1.82
2019-05-29,801010,51.56,3.7,0.97
2019-05-29,801110,15.69,3.03,1.06
2019-05-29,801180,10.18,1.38,2.82
2019-05-29,801150,32.32,3.2,0.86
2019-05-29,801890,28.07,1.99,0.91
2019-05-29,801880,16.76,1.56,2.79
2019-05-29,801790,17.34,1.83,2.33
2019-05-29,801780,6.76,0.8,2.73
2019-05-29,801770,41.8,2.66,0.39
2019-05-29,801760,31.9,2.12,0.68
2019-05-29,801730,32.29,2.03,0.86
2019-05-29,801710,11.9,1.86,1.95
2019-05-29,801750,52.78,3.38,0.41
2019-05-30,801170,18.29,1.46,1.56
2019-05-30,801160,20.52,1.52,1.54
2019-05-30,801150,31.97,3.16,0.87
2019-05-30,801080,30.41,2.59,0.94
2019-05-30,801110,15.43,3.06,1.91
2019-05-30,801050,35.15,2.09,0.56
2019-05-30,801040,7.46,1.03,3.97
2019-05-30,801030,18.22,1.83,1.83
2019-05-30,801180,10.09,1.37,2.87
2019-05-30,801120,29.22,5.81,1.57
2019-05-30,801010,52.95,3.81,0.96
2019-05-30,801890,27.83,1.97,0.93
2019-05-30,801880,16.52,1.53,2.64
2019-05-30,801790,17.12,1.81,2.36
2019-05-30,801780,6.76,0.8,2.73
2019-05-30,801770,41.16,2.62,0.39
2019-05-30,801750,51.74,3.32,0.41
2019-05-30,801730,31.99,2.01,0.84
2019-05-30,801710,11.75,1.84,2.05
2019-05-30,801760,31.91,2.13,0.78
2019-05-31,801160,20.61,1.53,1.53
2019-05-31,801150,32.02,3.17,0.84
2019-05-31,801120,28.88,5.75,1.6
2019-05-31,801050,35.3,2.1,0.55
2019-05-31,801080,30.35,2.59,1.0
2019-05-31,801040,7.38,1.04,5.18
2019-05-31,801030,18.04,1.82,1.87
2019-05-31,801170,18.31,1.47,1.56
2019-05-31,801110,15.36,3.04,1.92
2019-05-31,801010,53.04,3.86,1.27
2019-05-31,801180,10.12,1.37,2.86
2019-05-31,801890,27.74,1.97,0.93
2019-05-31,801880,16.41,1.53,2.71
2019-05-31,801790,17.03,1.8,2.37
2019-05-31,801770,41.32,2.64,0.41
2019-05-31,801760,31.84,2.13,0.8
2019-05-31,801780,6.74,0.8,2.75
2019-05-31,801730,32.28,2.03,0.86
2019-05-31,801710,11.72,1.84,2.14
2019-05-31,801750,51.64,3.31,0.43
2019-06-03,801160,20.51,1.52,1.54
2019-06-03,801150,31.71,3.14,0.84
2019-06-03,801120,28.91,5.76,1.6
2019-06-03,801170,18.37,1.47,1.52
2019-06-03,801080,30.27,2.59,0.92
2019-06-03,801050,34.76,2.07,0.53
2019-06-03,801040,7.35,1.03,5.27
2019-06-03,801030,17.67,1.78,1.9
2019-06-03,801010,52.53,3.82,1.03
2019-06-03,801110,15.4,3.05,1.89
2019-06-03,801180,10.03,1.36,2.89
2019-06-03,801780,6.75,0.8,2.96
2019-06-03,801880,16.32,1.52,2.68
2019-06-03,801790,17.05,1.8,2.36
2019-06-03,801890,27.33,1.94,0.92
2019-06-03,801770,41.92,2.67,0.4
2019-06-03,801760,31.3,2.09,0.81
2019-06-03,801730,31.57,1.98,0.83
2019-06-03,801710,11.51,1.81,2.29
2019-06-03,801750,50.9,3.26,0.43
2019-06-04,801160,20.31,1.51,1.55
2019-06-04,801150,31.23,3.09,0.86
2019-06-04,801120,28.35,5.64,1.63
2019-06-04,801050,34.15,2.03,0.54
2019-06-04,801080,29.81,2.55,0.94
2019-06-04,801040,7.22,1.01,5.36
2019-06-04,801030,17.49,1.76,1.92
2019-06-04,801010,51.39,3.74,1.08
2019-06-04,801170,18.14,1.45,1.56
2019-06-04,801110,15.18,3.01,1.92
2019-06-04,801180,9.94,1.35,2.93
2019-06-04,801880,16.16,1.5,2.71
2019-06-04,801790,16.88,1.78,2.38
2019-06-04,801780,6.75,0.8,2.96
2019-06-04,801770,42.01,2.68,0.41
2019-06-04,801760,31.12,2.08,0.82
2019-06-04,801890,26.95,1.91,0.93
2019-06-04,801730,31.23,1.96,0.84
2019-06-04,801710,11.25,1.78,2.33
2019-06-04,801750,50.01,3.21,0.45
2019-06-05,801150,30.46,3.03,0.96
2019-06-05,801120,28.3,5.63,1.63
2019-06-05,801110,15.25,3.02,1.91
2019-06-05,801040,7.24,1.01,5.34
2019-06-05,801050,34.37,2.05,0.54
2019-06-05,801030,17.41,1.75,1.93
2019-06-05,801010,51.37,3.74,1.08
2019-06-05,801160,20.3,1.51,1.63
2019-06-05,801080,29.77,2.55,0.94
2019-06-05,801170,18.06,1.45,1.58
2019-06-05,801180,10.0,1.36,3.02
2019-06-05,801890,26.98,1.91,0.97
2019-06-05,801880,16.13,1.5,2.72
2019-06-05,801790,16.89,1.78,2.38
2019-06-05,801780,6.77,0.81,2.97
2019-06-05,801770,42.93,2.74,0.39
2019-06-05,801760,31.25,2.09,0.82
2019-06-05,801750,50.1,3.22,0.45
2019-06-05,801730,31.19,1.96,0.84
2019-06-05,801710,11.22,1.77,2.34
2019-06-06,801160,20.05,1.49,1.68
2019-06-06,801150,29.86,2.97,0.97
2019-06-06,801120,27.9,5.53,1.89
2019-06-06,801050,34.19,2.04,0.57
2019-06-06,801080,28.79,2.47,1.02
2019-06-06,801040,7.15,1.0,5.41
2019-06-06,801030,17.12,1.73,1.71
2019-06-06,801010,49.21,3.58,1.13
2019-06-06,801170,17.74,1.43,1.64
2019-06-06,801110,15.13,3.0,1.93
2019-06-06,801890,26.46,1.88,0.98
2019-06-06,801880,15.96,1.48,2.76
2019-06-06,801790,16.75,1.77,2.41
2019-06-06,801780,6.76,0.81,2.96
2019-06-06,801180,9.93,1.35,3.02
2019-06-06,801760,30.4,2.03,0.86
2019-06-06,801770,41.07,2.62,0.41
2019-06-06,801730,30.45,1.91,0.85
2019-06-06,801710,11.13,1.76,2.45
2019-06-06,801750,48.95,3.15,0.46
2019-06-10,801160,20.24,1.51,1.62
2019-06-10,801150,30.1,2.99,0.94
2019-06-10,801120,28.42,5.64,1.84
2019-06-10,801170,17.94,1.44,1.42
2019-06-10,801080,29.51,2.53,0.96
2019-06-10,801050,34.61,2.06,0.55
2019-06-10,801040,7.18,1.0,4.16
2019-06-10,801030,17.31,1.75,1.58
2019-06-10,801010,49.51,3.61,1.1
2019-06-10,801110,15.33,3.04,1.69
2019-06-10,801180,10.07,1.37,2.55
2019-06-10,801890,26.78,1.9,0.96
2019-06-10,801880,16.16,1.5,2.65
2019-06-10,801790,16.84,1.78,1.79
2019-06-10,801780,6.86,0.82,2.92
2019-06-10,801770,42.11,2.69,0.36
2019-06-10,801760,30.58,2.05,0.83
2019-06-10,801730,30.96,1.94,0.84
2019-06-10,801710,11.39,1.79,2.25
2019-06-10,801750,49.59,3.19,0.43
2019-06-11,801150,31.12,3.1,0.94
2019-06-11,801120,29.93,5.93,1.75
2019-06-11,801110,15.76,3.12,1.64
2019-06-11,801040,7.42,1.04,4.03
2019-06-11,801050,35.89,2.14,0.54
2019-06-11,801030,17.83,1.81,1.8
2019-06-11,801010,51.88,3.78,1.05
2019-06-11,801160,20.72,1.54,1.58
2019-06-11,801080,30.42,2.63,0.93
2019-06-11,801170,18.46,1.48,1.38
2019-06-11,801180,10.34,1.4,2.48
2019-06-11,801890,27.81,1.97,0.93
2019-06-11,801880,16.65,1.55,2.57
2019-06-11,801790,17.55,1.85,1.71
2019-06-11,801780,6.93,0.83,3.07
2019-06-11,801760,31.83,2.13,0.81
2019-06-11,801750,51.58,3.32,0.43
2019-06-11,801770,43.15,2.76,0.39
2019-06-11,801730,31.89,1.99,0.82
2019-06-11,801710,12.01,1.89,2.14
2019-06-12,801160,20.66,1.54,1.57
2019-06-12,801150,30.93,3.08,0.95
2019-06-12,801120,29.61,5.87,1.78
2019-06-12,801170,18.3,1.47,1.44
2019-06-12,801080,30.29,2.61,0.93
2019-06-12,801050,36.45,2.17,0.56
2019-06-12,801040,7.36,1.03,4.0
2019-06-12,801030,17.63,1.79,1.85
2019-06-12,801010,51.74,3.77,1.05
2019-06-12,801110,15.6,3.09,1.66
2019-06-12,801180,10.25,1.39,2.54
2019-06-12,801890,27.65,1.96,0.95
2019-06-12,801880,16.47,1.53,2.65
2019-06-12,801790,17.33,1.83,1.75
2019-06-12,801780,6.92,0.83,3.08
2019-06-12,801760,31.61,2.12,0.82
2019-06-12,801770,43.08,2.75,0.4
2019-06-12,801730,31.62,1.98,0.83
2019-06-12,801710,11.97,1.89,2.13
2019-06-12,801750,51.1,3.28,0.43
2019-06-13,801170,18.28,1.47,1.5
2019-06-13,801160,20.66,1.54,1.61
2019-06-13,801150,31.13,3.1,0.97
2019-06-13,801030,17.78,1.81,1.9
2019-06-13,801110,15.39,3.05,1.69
2019-06-13,801080,30.17,2.61,0.95
2019-06-13,801050,36.53,2.16,0.57
2019-06-13,801180,10.21,1.39,2.58
2019-06-13,801010,52.0,3.79,1.04
2019-06-13,801040,7.35,1.03,4.0
2019-06-13,801890,27.92,1.98,0.95
2019-06-13,801880,16.49,1.53,2.6
2019-06-13,801790,17.44,1.84,1.73
2019-06-13,801780,6.9,0.83,3.08
2019-06-13,801770,42.86,2.74,0.4
2019-06-13,801120,29.53,5.86,1.78
2019-06-13,801750,51.72,3.32,0.43
2019-06-13,801730,32.27,2.07,0.77
2019-06-13,801760,31.84,2.14,0.82
2019-06-13,801710,11.93,1.88,2.19
2019-06-14,801160,20.37,1.52,1.66
2019-06-14,801120,29.39,5.83,1.78
2019-06-14,801110,15.28,3.03,1.69
2019-06-14,801040,7.25,1.01,4.06
2019-06-14,801050,36.17,2.14,0.6
2019-06-14,801170,18.05,1.45,1.51
2019-06-14,801030,17.41,1.77,1.92
2019-06-14,801010,51.02,3.72,1.04
2019-06-14,801080,29.39,2.54,0.97
2019-06-14,801180,10.14,1.38,2.67
2019-06-14,801150,30.84,3.07,0.96
2019-06-14,801890,27.43,1.95,0.96
2019-06-14,801790,17.18,1.81,1.76
2019-06-14,801780,6.9,0.83,3.09
2019-06-14,801770,41.74,2.67,0.41
2019-06-14,801760,31.1,2.09,0.88
2019-06-14,801880,16.17,1.5,2.65
2019-06-14,801730,31.75,2.04,0.8
2019-06-14,801710,11.78,1.86,2.23
2019-06-14,801750,50.38,3.24,0.45
2019-06-17,801160,20.37,1.52,1.66
2019-06-17,801120,29.25,5.8,1.11
2019-06-17,801110,15.22,3.02,1.7
2019-06-17,801040,7.27,1.01,3.99
2019-06-17,801050,36.1,2.14,0.58
2019-06-17,801030,17.45,1.78,1.85
2019-06-17,801010,50.38,3.66,1.04
2019-06-17,801170,18.14,1.46,1.39
2019-06-17,801080,29.19,2.52,0.9
2019-06-17,801180,10.11,1.38,2.64
2019-06-17,801150,31.03,3.09,0.93
2019-06-17,801880,16.17,1.5,2.64
2019-06-17,801790,17.26,1.82,1.73
2019-06-17,801780,6.91,0.83,2.7
2019-06-17,801770,41.61,2.66,0.4
2019-06-17,801760,31.12,2.1,0.85
2019-06-17,801750,50.32,3.23,0.42
2019-06-17,801730,31.53,2.02,0.68
2019-06-17,801890,27.39,1.94,0.89
2019-06-17,801710,11.8,1.86,2.21
2019-06-18,801170,18.18,1.46,1.41
2019-06-18,801160,20.36,1.52,1.76
2019-06-18,801150,31.18,3.11,0.91
2019-06-18,801080,29.1,2.51,0.91
2019-06-18,801110,15.26,3.03,1.69
2019-06-18,801050,35.72,2.12,0.6
2019-06-18,801040,7.24,1.01,4.01
2019-06-18,801030,17.43,1.77,1.86
2019-06-18,801180,10.06,1.37,2.67
2019-06-18,801120,29.35,5.83,1.12
2019-06-18,801010,51.33,3.73,1.03
2019-06-18,801890,27.43,1.95,0.89
2019-06-18,801880,16.16,1.5,2.66
2019-06-18,801790,17.35,1.83,1.72
2019-06-18,801770,41.64,2.67,0.41
2019-06-18,801780,6.96,0.83,2.68
2019-06-18,801750,50.67,3.25,0.42
2019-06-18,801730,31.45,2.02,0.74
2019-06-18,801710,11.79,1.86,2.23
2019-06-18,801760,31.28,2.11,0.85
2019-06-19,801120,29.76,5.91,1.11
2019-06-19,801160,20.63,1.54,1.75
2019-06-19,801110,15.51,3.07,1.57
2019-06-19,801170,18.56,1.5,1.38
2019-06-19,801050,35.78,2.12,0.62
2019-06-19,801040,7.29,1.02,3.99
2019-06-19,801030,17.66,1.8,1.88
2019-06-19,801010,51.06,3.71,1.03
2019-06-19,801080,29.95,2.59,0.88
2019-06-19,801180,10.13,1.38,2.7
2019-06-19,801150,31.59,3.15,0.91
2019-06-19,801880,16.37,1.52,2.63
2019-06-19,801790,17.78,1.87,1.69
2019-06-19,801780,6.99,0.85,3.34
2019-06-19,801770,42.28,2.71,0.41
2019-06-19,801760,31.75,2.14,0.85
2019-06-19,801750,51.46,3.31,0.43
2019-06-19,801730,31.82,2.04,0.73
2019-06-19,801890,27.73,1.97,0.92
2019-06-19,801710,11.74,1.89,3.31
2019-06-20,801160,21.19,1.58,1.7
2019-06-20,801120,31.0,6.15,1.07
2019-06-20,801050,36.31,2.15,0.6
2019-06-20,801080,30.44,2.63,0.89
2019-06-20,801170,18.89,1.52,1.34
2019-06-20,801040,7.37,1.03,3.94
2019-06-20,801030,17.97,1.83,1.83
2019-06-20,801010,50.84,3.7,1.04
2019-06-20,801110,15.97,3.16,1.53
2019-06-20,801180,10.33,1.41,2.54
2019-06-20,801150,32.12,3.21,0.91
2019-06-20,801890,28.21,2.0,0.9
2019-06-20,801880,16.66,1.55,2.62
2019-06-20,801790,18.82,1.98,1.6
2019-06-20,801780,7.16,0.87,3.26
2019-06-20,801770,42.81,2.75,0.4
2019-06-20,801760,32.22,2.17,0.9
2019-06-20,801730,32.29,2.07,0.72
2019-06-20,801710,11.98,1.93,3.37
2019-06-20,801750,52.54,3.38,0.42
2019-06-21,801170,18.98,1.53,1.37
2019-06-21,801160,21.46,1.6,1.68
2019-06-21,801150,32.45,3.25,0.92
2019-06-21,801080,30.98,2.68,0.87
2019-06-21,801110,16.09,3.06,1.53
2019-06-21,801050,36.9,2.19,0.61
2019-06-21,801040,7.45,1.04,3.88
2019-06-21,801030,18.19,1.85,1.81
2019-06-21,801180,10.36,1.41,2.57
2019-06-21,801120,31.05,6.17,1.08
2019-06-21,801010,50.35,3.66,1.06
2019-06-21,801890,28.69,2.04,0.91
2019-06-21,801880,16.88,1.57,2.62
2019-06-21,801790,18.94,1.99,1.59
2019-06-21,801780,7.1,0.86,3.29
2019-06-21,801770,43.41,2.78,0.4
2019-06-21,801750,54.19,3.49,0.45
2019-06-21,801730,32.77,2.11,0.71
2019-06-21,801710,11.99,1.93,2.59
2019-06-21,801760,32.99,2.23,0.89
2019-06-24,801160,21.34,1.59,1.28
2019-06-24,801150,32.51,3.25,0.86
2019-06-24,801120,31.42,6.24,0.98
2019-06-24,801050,37.27,2.21,0.59
2019-06-24,801080,30.72,2.65,0.87
2019-06-24,801040,7.58,1.06,3.81
2019-06-24,801030,18.23,1.86,1.8
2019-06-24,801170,19.01,1.53,1.33
2019-06-24,801110,16.21,3.09,1.55
2019-06-24,801010,51.16,3.72,1.03
2019-06-24,801180,10.34,1.41,2.46
2019-06-24,801890,28.66,2.04,0.86
2019-06-24,801880,16.9,1.57,2.61
2019-06-24,801790,18.93,1.99,1.57
2019-06-24,801770,42.97,2.76,0.4
2019-06-24,801760,32.77,2.21,0.87
2019-06-24,801780,7.12,0.87,3.28
2019-06-24,801730,32.8,2.11,0.71
2019-06-24,801710,12.05,1.94,2.53
2019-06-24,801750,54.17,3.48,0.42
2019-06-25,801010,50.0,3.63,1.05
2019-06-25,801160,21.19,1.58,1.29
2019-06-25,801150,32.3,3.23,0.86
2019-06-25,801170,18.81,1.52,1.48
2019-06-25,801030,18.02,1.84,1.84
2019-06-25,801120,31.36,6.23,0.98
2019-06-25,801110,16.07,3.06,1.56
2019-06-25,801080,30.31,2.62,0.9
2019-06-25,801050,37.34,2.21,0.59
2019-06-25,801040,7.48,1.04,3.86
2019-06-25,801180,10.3,1.4,2.47
2019-06-25,801890,28.42,2.02,0.87
2019-06-25,801880,16.67,1.55,2.69
2019-06-25,801790,18.76,1.97,1.58
2019-06-25,801780,6.97,0.85,3.35
2019-06-25,801760,32.32,2.18,0.88
2019-06-25,801750,53.31,3.42,0.43
2019-06-25,801730,32.45,2.09,0.72
2019-06-25,801770,42.6,2.73,0.4
2019-06-25,801710,11.92,1.92,2.56
2019-06-26,801160,21.12,1.58,1.31
2019-06-26,801120,31.39,6.23,0.98
2019-06-26,801110,16.13,3.07,1.56
2019-06-26,801040,7.44,1.04,3.84
2019-06-26,801050,36.29,2.15,0.61
2019-06-26,801170,18.86,1.52,1.48
2019-06-26,801030,18.02,1.84,1.85
2019-06-26,801010,49.6,3.6,1.02
2019-06-26,801080,30.57,2.64,0.89
2019-06-26,801180,10.24,1.4,2.48
2019-06-26,801150,32.68,3.27,0.87
2019-06-26,801890,28.4,2.02,0.88
2019-06-26,801790,18.54,1.95,1.6
2019-06-26,801780,6.93,0.85,3.59
2019-06-26,801770,42.56,2.73,0.4
2019-06-26,801760,32.29,2.18,0.89
2019-06-26,801880,16.7,1.56,2.77
2019-06-26,801730,32.46,2.09,0.71
2019-06-26,801710,11.98,1.93,2.57
2019-06-26,801750,53.16,3.42,0.44
2019-06-27,801160,21.11,1.58,1.28
2019-06-27,801120,32.0,6.4,1.06
2019-06-27,801110,16.24,3.09,1.55
2019-06-27,801040,7.46,1.04,3.83
2019-06-27,801050,36.41,2.15,0.61
2019-06-27,801030,18.07,1.84,1.88
2019-06-27,801010,49.87,3.63,1.05
2019-06-27,801170,18.94,1.54,1.88
2019-06-27,801080,31.38,2.71,0.78
2019-06-27,801180,10.29,1.4,2.5
2019-06-27,801150,32.99,3.31,0.88
2019-06-27,801880,16.76,1.56,2.76
2019-06-27,801790,18.94,1.98,1.56
2019-06-27,801780,7.0,0.86,3.55
2019-06-27,801770,43.51,2.8,0.49
2019-06-27,801760,32.42,2.19,0.89
2019-06-27,801750,53.69,3.45,0.44
2019-06-27,801730,32.64,2.1,0.71
2019-06-27,801890,28.59,2.03,0.89
2019-06-27,801710,12.12,1.95,2.54
2019-06-28,801170,18.89,1.54,2.02
2019-06-28,801160,21.06,1.58,1.34
2019-06-28,801150,32.66,3.28,0.89
2019-06-28,801080,31.03,2.68,0.78
2019-06-28,801110,16.22,3.09,1.55
2019-06-28,801050,36.02,2.13,0.66
2019-06-28,801040,7.36,1.03,3.96
2019-06-28,801030,17.98,1.84,1.89
2019-06-28,801180,10.22,1.39,2.56
2019-06-28,801120,31.94,6.61,1.53
2019-06-28,801010,49.46,3.6,1.06
2019-06-28,801890,28.3,2.01,0.95
2019-06-28,801880,16.65,1.55,2.82
2019-06-28,801790,18.94,1.98,1.56
2019-06-28,801770,42.77,2.75,0.5
2019-06-28,801780,6.97,0.85,3.56
2019-06-28,801750,52.72,3.39,0.46
2019-06-28,801730,32.12,2.07,0.72
2019-06-28,801710,12.16,1.96,2.52
2019-06-28,801760,31.77,2.15,0.89
2019-07-01,801010,50.78,3.69,1.0
2019-07-01,801160,21.4,1.6,1.32
2019-07-01,801150,33.59,3.37,0.87
2019-07-01,801170,19.34,1.58,1.58
2019-07-01,801030,18.55,1.89,1.79
2019-07-01,801120,33.4,6.91,1.46
2019-07-01,801110,17.01,3.24,1.48
2019-07-01,801080,32.94,2.85,0.75
2019-07-01,801050,36.62,2.17,0.49
2019-07-01,801040,7.5,1.05,3.76
2019-07-01,801180,10.46,1.43,2.4
2019-07-01,801890,29.05,2.07,0.9
2019-07-01,801880,17.08,1.59,2.72
2019-07-01,801790,19.5,2.04,1.44
2019-07-01,801780,7.07,0.87,3.48
2019-07-01,801760,32.72,2.21,0.77
2019-07-01,801750,55.08,3.54,0.4
2019-07-01,801730,32.88,2.12,0.62
2019-07-01,801770,44.43,2.86,0.42
2019-07-01,801710,12.4,2.0,2.47
2019-07-02,801160,21.26,1.59,1.33
2019-07-02,801120,33.48,6.93,1.45
2019-07-02,801110,17.09,3.25,1.48
2019-07-02,801040,7.47,1.04,3.77
2019-07-02,801050,36.82,2.18,0.49
2019-07-02,801170,19.29,1.57,1.58
2019-07-02,801030,18.61,1.9,1.79
2019-07-02,801010,51.32,3.73,0.99
2019-07-02,801080,32.6,2.82,0.76
2019-07-02,801180,10.51,1.44,2.39
2019-07-02,801150,33.95,3.41,0.87
2019-07-02,801880,17.32,1.62,2.7
2019-07-02,801790,19.34,2.02,1.45
2019-07-02,801780,7.06,0.86,3.48
2019-07-02,801890,28.97,2.06,0.9
2019-07-02,801760,32.6,2.2,0.77
2019-07-02,801770,44.17,2.84,0.43
2019-07-02,801730,32.79,2.12,0.63
2019-07-02,801710,12.53,2.02,2.44
2019-07-02,801750,54.7,3.52,0.4
2019-07-03,801010,50.5,3.67,1.01
2019-07-03,801160,21.39,1.6,1.32
2019-07-03,801150,33.57,3.25,0.88
2019-07-03,801030,18.39,1.88,1.81
2019-07-03,801110,16.88,3.23,1.48
2019-07-03,801080,32.07,2.77,0.77
2019-07-03,801050,36.52,2.17,0.5
2019-07-03,801040,7.4,1.04,3.81
2019-07-03,801170,19.07,1.55,1.61
2019-07-03,801120,32.68,6.76,1.49
2019-07-03,801180,10.59,1.45,2.37
2019-07-03,801890,28.7,2.04,0.95
2019-07-03,801880,17.25,1.61,2.71
2019-07-03,801790,19.09,2.0,1.46
2019-07-03,801780,6.97,0.86,3.92
2019-07-03,801760,32.26,2.15,0.78
2019-07-03,801750,53.63,3.45,0.41
2019-07-03,801730,32.6,2.11,0.63
2019-07-03,801710,12.41,2.0,2.47
2019-07-03,801770,43.25,2.78,0.44
2019-07-04,801170,18.95,1.55,1.61
2019-07-04,801160,21.45,1.6,1.32
2019-07-04,801150,33.15,3.21,0.9
2019-07-04,801110,16.84,3.22,1.47
2019-07-04,801120,32.27,6.69,1.54
2019-07-04,801080,31.76,2.74,0.77
2019-07-04,801050,36.02,2.13,0.51
2019-07-04,801040,7.4,1.04,3.81
2019-07-04,801030,18.34,1.87,1.82
2019-07-04,801180,10.67,1.46,2.35
2019-07-04,801710,12.46,2.01,2.44
2019-07-04,801730,32.5,2.1,0.7
2019-07-04,801750,53.4,3.44,0.41
2019-07-04,801760,32.04,2.14,0.79
2019-07-04,801770,43.0,2.77,0.45
2019-07-04,801780,7.01,0.87,3.89
2019-07-04,801790,19.01,1.99,1.47
2019-07-04,801880,17.25,1.61,2.7
2019-07-04,801890,28.64,2.04,0.97
2019-07-04,801010,49.73,3.63,0.99
2019-07-05,801890,28.68,2.04,0.96
2019-07-05,801790,19.1,2.0,1.47
2019-07-05,801880,17.27,1.61,2.68
2019-07-05,801010,51.27,3.75,0.96
2019-07-05,801030,18.39,1.88,1.88
2019-07-05,801040,7.42,1.04,3.78
2019-07-05,801050,36.15,2.14,0.5
2019-07-05,801080,31.93,2.76,0.78
2019-07-05,801110,17.06,3.26,1.47
2019-07-05,801150,33.58,3.25,0.89
2019-07-05,801160,21.4,1.6,1.36
2019-07-05,801170,19.07,1.56,1.58
2019-07-05,801120,32.96,6.84,1.51
2019-07-05,801180,10.56,1.45,2.31
2019-07-05,801770,43.09,2.77,0.44
2019-07-05,801760,32.1,2.14,0.79
2019-07-05,801750,53.79,3.46,0.41
2019-07-05,801780,6.97,0.87,4.38
2019-07-05,801710,12.51,2.02,2.43
2019-07-05,801730,32.53,2.11,0.72
2019-07-08,801160,20.68,1.54,1.41
2019-07-08,801150,32.46,3.11,0.83
2019-07-08,801110,16.52,3.2,1.47
2019-07-08,801050,34.44,2.03,0.52
2019-07-08,801040,7.02,1.02,3.83
2019-07-08,801030,17.98,1.81,1.91
2019-07-08,801010,51.6,3.89,0.96
2019-07-08,801170,18.24,1.5,1.65
2019-07-08,801080,31.4,2.63,0.79
2019-07-08,801180,10.34,1.4,2.31
2019-07-08,801120,32.28,6.64,1.39
2019-07-08,801880,16.48,1.54,2.69
2019-07-08,801790,18.66,1.95,1.48
2019-07-08,801780,6.84,0.86,4.36
2019-07-08,801770,41.15,2.6,0.42
2019-07-08,801760,31.29,2.06,0.68
2019-07-08,801750,50.28,3.44,0.39
2019-07-08,801730,31.45,2.08,0.62
2019-07-08,801710,11.78,1.8,2.55
2019-07-08,801890,27.85,1.99,1.01
2019-07-09,801170,18.23,1.5,1.65
2019-07-09,801160,20.62,1.54,1.41
2019-07-09,801150,32.49,3.11,0.83
2019-07-09,801080,31.46,2.63,0.79
2019-07-09,801110,16.39,3.17,1.48
2019-07-09,801050,34.51,2.03,0.52
2019-07-09,801040,7.02,1.02,3.83
2019-07-09,801030,18.16,1.83,1.9
2019-07-09,801180,10.3,1.4,2.32
2019-07-09,801120,32.25,6.63,1.39
2019-07-09,801010,51.96,3.92,1.02
2019-07-09,801890,27.97,2.0,1.0
2019-07-09,801880,16.67,1.56,2.66
2019-07-09,801790,18.63,1.94,1.48
2019-07-09,801770,41.1,2.6,0.46
2019-07-09,801780,6.8,0.86,4.68
2019-07-09,801750,50.3,3.44,0.4
2019-07-09,801730,31.54,2.09,0.63
2019-07-09,801710,11.79,1.8,2.55
2019-07-09,801760,31.39,2.07,0.7
2019-07-10,801160,20.47,1.53,1.44
2019-07-10,801150,32.51,3.11,0.83
2019-07-10,801110,16.4,3.18,1.48
2019-07-10,801170,18.14,1.49,1.66
2019-07-10,801050,33.86,1.99,0.56
2019-07-10,801040,6.94,1.01,3.89
2019-07-10,801030,18.02,1.81,1.92
2019-07-10,801010,51.38,3.88,1.03
2019-07-10,801080,31.6,2.65,0.77
2019-07-10,801180,10.2,1.39,2.39
2019-07-10,801120,32.3,6.65,1.39
2019-07-10,801880,16.42,1.53,2.71
2019-07-10,801790,18.65,1.95,1.5
2019-07-10,801780,6.75,0.86,4.92
2019-07-10,801770,40.95,2.59,0.47
2019-07-10,801760,31.05,2.05,0.69
2019-07-10,801750,50.02,3.42,0.39
2019-07-10,801730,31.58,2.1,0.63
2019-07-10,801710,11.58,1.77,2.59
2019-07-10,801890,27.73,1.98,1.01
2019-07-11,801160,20.55,1.54,1.33
2019-07-11,801120,32.21,6.63,1.39
2019-07-11,801050,34.31,2.03,0.73
2019-07-11,801080,31.46,2.63,0.77
2019-07-11,801170,18.09,1.49,1.69
2019-07-11,801040,6.93,1.01,3.68
2019-07-11,801030,18.09,1.82,1.91
2019-07-11,801010,51.38,3.88,1.03
2019-07-11,801110,16.42,3.18,1.49
2019-07-11,801180,10.16,1.39,2.64
2019-07-11,801150,32.64,3.13,0.84
2019-07-11,801890,27.8,1.99,0.99
2019-07-11,801880,16.38,1.53,2.74
2019-07-11,801790,18.68,1.95,1.48
2019-07-11,801780,6.77,0.87,5.05
2019-07-11,801770,40.8,2.58,0.43
2019-07-11,801760,31.0,2.05,0.68
2019-07-11,801730,31.33,2.09,0.72
2019-07-11,801710,11.62,1.77,2.58
2019-07-11,801750,49.71,3.4,0.4
2019-07-12,801170,18.16,1.5,1.75
2019-07-12,801160,20.59,1.54,1.34
2019-07-12,801150,32.8,3.15,0.88
2019-07-12,801080,31.49,2.64,0.78
2019-07-12,801110,16.52,3.2,1.49
2019-07-12,801050,34.16,2.02,0.73
2019-07-12,801040,6.91,1.01,4.1
2019-07-12,801030,18.35,1.85,1.89
2019-07-12,801180,10.22,1.4,2.77
2019-07-12,801120,32.47,6.68,1.38
2019-07-12,801010,51.31,3.86,1.03
2019-07-12,801890,27.85,1.99,0.99
2019-07-12,801880,16.3,1.54,3.32
2019-07-12,801790,18.87,1.97,1.46
2019-07-12,801780,6.82,0.89,5.56
2019-07-12,801770,40.7,2.57,0.48
2019-07-12,801750,49.62,3.4,0.39
2019-07-12,801730,31.77,2.12,0.69
2019-07-12,801710,11.7,1.79,2.58
2019-07-12,801760,31.12,2.05,0.68
2019-07-15,801170,18.25,1.51,1.56
2019-07-15,801160,20.67,1.54,1.31
2019-07-15,801150,32.89,3.16,0.84
2019-07-15,801080,31.84,2.67,0.76
2019-07-15,801110,16.46,3.19,1.47
2019-07-15,801050,34.55,2.04,0.73
2019-07-15,801040,6.93,1.01,4.04
2019-07-15,801030,18.42,1.85,1.88
2019-07-15,801180,10.23,1.41,2.62
2019-07-15,801120,32.26,6.64,1.38
2019-07-15,801010,52.75,3.97,0.95
2019-07-15,801890,28.22,2.02,0.98
2019-07-15,801880,16.47,1.55,3.27
2019-07-15,801790,19.01,1.98,1.46
2019-07-15,801770,41.21,2.6,0.49
2019-07-15,801780,6.81,0.89,4.37
2019-07-15,801750,51.25,3.51,0.37
2019-07-15,801730,31.98,2.13,0.66
2019-07-15,801710,11.85,1.81,2.41
2019-07-15,801760,31.62,2.08,0.66
2019-07-16,801160,20.69,1.54,1.31
2019-07-16,801150,32.8,3.15,0.86
2019-07-16,801120,31.81,6.55,1.4
2019-07-16,801170,18.21,1.51,1.6
2019-07-16,801050,34.59,2.05,0.73
2019-07-16,801040,6.96,1.01,4.03
2019-07-16,801030,18.5,1.86,1.87
2019-07-16,801010,52.47,3.95,0.97
2019-07-16,801080,32.08,2.69,0.76
2019-07-16,801180,10.31,1.42,2.6
2019-07-16,801110,16.2,3.14,1.49
2019-07-16,801880,16.41,1.55,3.28
2019-07-16,801790,18.85,1.97,1.48
2019-07-16,801780,6.8,0.88,4.38
2019-07-16,801770,41.46,2.62,0.53
2019-07-16,801760,31.73,2.09,0.69
2019-07-16,801890,28.29,2.03,0.99
2019-07-16,801730,31.96,2.13,0.67
2019-07-16,801710,11.82,1.8,2.41
2019-07-16,801750,51.16,3.5,0.37
2019-07-17,801160,20.62,1.54,1.32
2019-07-17,801120,31.69,6.52,1.35
2019-07-17,801110,16.05,3.11,1.5
2019-07-17,801040,6.95,1.01,4.06
2019-07-17,801050,34.47,2.04,0.73
2019-07-17,801170,18.26,1.51,1.61
2019-07-17,801030,18.62,1.87,1.87
2019-07-17,801010,53.23,4.01,0.94
2019-07-17,801080,32.46,2.72,0.77
2019-07-17,801180,10.37,1.43,2.61
2019-07-17,801150,32.66,3.14,0.83
2019-07-17,801890,28.28,2.03,1.02
2019-07-17,801790,18.83,1.96,1.48
2019-07-17,801780,6.77,0.88,4.11
2019-07-17,801770,41.29,2.61,0.53
2019-07-17,801760,31.77,2.1,0.7
2019-07-17,801880,16.49,1.56,3.04
2019-07-17,801730,31.96,2.13,0.66
2019-07-17,801710,11.8,1.8,2.42
2019-07-17,801750,51.13,3.5,0.38
2019-07-18,801160,20.29,1.53,1.91
2019-07-18,801120,31.17,6.3,1.37
2019-07-18,801050,34.56,2.05,0.73
2019-07-18,801080,31.69,2.66,0.78
2019-07-18,801040,6.88,1.0,4.1
2019-07-18,801030,18.25,1.84,1.91
2019-07-18,801010,52.71,3.97,0.95
2019-07-18,801170,18.02,1.49,1.63
2019-07-18,801110,15.94,3.09,1.51
2019-07-18,801180,10.26,1.42,2.63
2019-07-18,801150,32.16,3.09,0.84
2019-07-18,801890,27.93,2.01,1.03
2019-07-18,801880,16.18,1.53,2.24
2019-07-18,801790,18.67,1.95,1.47
2019-07-18,801780,6.77,0.88,3.87
2019-07-18,801770,40.27,2.55,0.54
2019-07-18,801760,31.35,2.06,0.81
2019-07-18,801730,31.56,2.11,0.67
2019-07-18,801710,11.59,1.77,2.49
2019-07-18,801750,49.87,3.39,0.39
2019-07-19,801160,20.45,1.54,1.96
2019-07-19,801120,31.41,6.34,1.36
2019-07-19,801050,35.07,2.08,0.72
2019-07-19,801080,31.75,2.66,0.78
2019-07-19,801170,18.24,1.51,1.64
2019-07-19,801040,6.9,1.01,4.07
2019-07-19,801030,18.32,1.85,1.89
2019-07-19,801010,53.23,4.01,0.93
2019-07-19,801110,15.94,3.09,1.51
2019-07-19,801180,10.5,1.44,2.65
2019-07-19,801150,32.19,3.09,0.84
2019-07-19,801890,28.17,2.03,1.02
2019-07-19,801880,16.31,1.54,2.13
2019-07-19,801790,19.01,1.98,1.46
2019-07-19,801780,6.85,0.89,3.86
2019-07-19,801770,40.21,2.54,0.51
2019-07-19,801760,31.42,2.08,0.97
2019-07-19,801730,31.78,2.12,0.69
2019-07-19,801710,11.64,1.78,2.5
2019-07-19,801750,50.14,3.41,0.39
2019-07-22,801170,18.05,1.49,1.61
2019-07-22,801160,20.16,1.52,1.99
2019-07-22,801150,31.75,3.05,0.85
2019-07-22,801080,31.39,2.62,0.79
2019-07-22,801110,15.92,3.09,1.51
2019-07-22,801050,33.67,2.0,0.75
2019-07-22,801040,6.78,0.99,4.15
2019-07-22,801030,17.9,1.8,1.93
2019-07-22,801180,10.39,1.43,2.67
2019-07-22,801120,31.36,6.33,1.36
2019-07-22,801010,51.56,3.89,0.96
2019-07-22,801890,27.53,1.98,1.02
2019-07-22,801880,16.0,1.51,2.16
2019-07-22,801790,18.71,1.95,1.47
2019-07-22,801780,6.83,0.89,3.91
2019-07-22,801770,39.18,2.48,0.52
2019-07-22,801750,49.04,3.34,0.4
2019-07-22,801730,31.35,2.09,0.72
2019-07-22,801710,11.43,1.75,2.55
2019-07-22,801760,30.52,2.02,1.03
2019-07-23,801160,20.32,1.54,1.97
2019-07-23,801120,31.05,6.27,1.38
2019-07-23,801050,33.73,2.0,0.74
2019-07-23,801080,32.05,2.67,0.77
2019-07-23,801170,18.1,1.5,1.63
2019-07-23,801040,6.83,1.0,4.12
2019-07-23,801030,18.11,1.82,1.91
2019-07-23,801010,51.83,3.92,0.95
2019-07-23,801110,16.05,3.11,1.5
2019-07-23,801180,10.28,1.41,2.7
2019-07-23,801150,31.98,3.07,0.85
2019-07-23,801880,16.19,1.53,2.36
2019-07-23,801790,18.72,1.96,1.58
2019-07-23,801780,6.85,0.89,3.9
2019-07-23,801770,39.77,2.52,0.51
2019-07-23,801760,30.87,2.05,1.02
2019-07-23,801890,27.81,2.0,1.01
2019-07-23,801750,49.9,3.4,0.4
2019-07-23,801730,31.88,2.13,0.8
2019-07-23,801710,11.45,1.75,2.54
2019-07-24,801170,18.23,1.51,1.64
2019-07-24,801010,52.21,3.95,0.95
2019-07-24,801030,18.29,1.84,1.89
2019-07-24,801040,6.86,1.0,4.1
2019-07-24,801080,32.78,2.73,0.76
2019-07-24,801110,16.15,3.13,1.49
2019-07-24,801120,31.03,6.27,1.39
2019-07-24,801150,32.23,3.1,0.84
2019-07-24,801160,20.42,1.54,1.89
2019-07-24,801050,34.12,2.02,0.74
2019-07-24,801180,10.3,1.42,2.71
2019-07-24,801890,28.17,2.03,1.0
2019-07-24,801880,16.4,1.55,2.34
2019-07-24,801790,18.95,1.98,1.57
2019-07-24,801780,6.89,0.9,3.88
2019-07-24,801770,40.64,2.57,0.5
2019-07-24,801760,31.14,2.06,1.01
2019-07-24,801730,32.22,2.16,0.8
2019-07-24,801710,11.52,1.76,2.53
2019-07-24,801750,50.85,3.46,0.39
2019-07-25,801170,18.34,1.52,1.6
2019-07-25,801160,20.44,1.54,1.89
2019-07-25,801150,32.34,3.11,0.84
2019-07-25,801080,33.63,2.8,0.74
2019-07-25,801110,16.21,3.14,1.48
2019-07-25,801050,33.9,2.01,0.74
2019-07-25,801040,6.86,1.0,4.1
2019-07-25,801030,18.24,1.84,1.9
2019-07-25,801180,10.32,1.42,2.7
2019-07-25,801120,31.41,6.34,1.37
2019-07-25,801010,52.82,4.0,0.94
2019-07-25,801890,28.19,2.03,1.0
2019-07-25,801880,16.4,1.55,2.34
2019-07-25,801790,19.05,1.99,1.56
2019-07-25,801770,40.91,2.59,0.5
2019-07-25,801780,6.99,0.91,3.83
2019-07-25,801750,51.26,3.49,0.38
2019-07-25,801730,32.33,2.17,0.81
2019-07-25,801710,11.55,1.76,2.53
2019-07-25,801760,31.33,2.07,0.99
2019-07-26,801160,20.53,1.55,1.88
2019-07-26,801150,32.53,3.12,0.84
2019-07-26,801120,31.41,6.34,1.36
2019-07-26,801170,18.5,1.53,1.59
2019-07-26,801080,33.63,2.8,0.74
2019-07-26,801050,33.71,2.0,0.78
2019-07-26,801040,6.83,1.0,4.1
2019-07-26,801030,18.26,1.84,1.9
2019-07-26,801010,52.3,3.96,0.95
2019-07-26,801110,16.23,3.15,1.48
2019-07-26,801180,10.33,1.42,2.71
2019-07-26,801880,16.43,1.55,2.36
2019-07-26,801790,19.07,1.99,1.6
2019-07-26,801780,6.98,0.91,3.83
2019-07-26,801770,40.92,2.59,0.47
2019-07-26,801760,31.27,2.07,1.0
2019-07-26,801890,28.5,2.05,0.99
2019-07-26,801730,31.84,2.13,0.83
2019-07-26,801710,11.67,1.78,2.5
2019-07-26,801750,51.06,3.48,0.39
2019-07-29,801150,32.32,3.11,0.85
2019-07-29,801120,31.71,6.4,1.35
2019-07-29,801110,16.18,3.14,1.49
2019-07-29,801040,6.7,0.99,4.41
2019-07-29,801050,33.52,1.99,0.77
2019-07-29,801030,18.26,1.84,1.88
2019-07-29,801010,53.25,4.03,0.92
2019-07-29,801160,20.6,1.56,1.86
2019-07-29,801080,34.05,2.84,0.73
2019-07-29,801170,18.45,1.53,1.6
2019-07-29,801180,10.27,1.42,2.71
2019-07-29,801890,28.38,2.04,1.0
2019-07-29,801880,16.34,1.55,2.26
2019-07-29,801790,18.86,1.97,1.61
2019-07-29,801780,6.97,0.91,3.68
2019-07-29,801760,31.2,2.07,0.99
2019-07-29,801750,50.97,3.47,0.38
2019-07-29,801770,41.09,2.6,0.46
2019-07-29,801730,31.83,2.13,0.82
2019-07-29,801710,11.63,1.77,2.51
2019-07-30,801160,20.65,1.56,1.97
2019-07-30,801150,32.53,3.12,0.84
2019-07-30,801120,31.61,6.38,1.36
2019-07-30,801170,18.46,1.53,1.6
2019-07-30,801080,33.74,2.81,0.73
2019-07-30,801050,33.88,2.02,0.76
2019-07-30,801040,6.74,0.99,4.38
2019-07-30,801030,18.38,1.85,1.87
2019-07-30,801010,53.38,4.03,0.92
2019-07-30,801110,16.39,3.18,1.47
2019-07-30,801180,10.33,1.43,2.7
2019-07-30,801880,16.53,1.56,2.23
2019-07-30,801790,19.04,1.99,1.6
2019-07-30,801780,7.01,0.91,3.66
2019-07-30,801770,41.11,2.6,0.46
2019-07-30,801760,31.87,2.11,0.97
2019-07-30,801890,28.5,2.05,0.99
2019-07-30,801730,31.9,2.14,0.82
2019-07-30,801710,11.63,1.78,2.51
2019-07-30,801750,51.13,3.48,0.37
2019-07-31,801160,20.6,1.56,1.97
2019-07-31,801150,32.34,3.1,0.84
2019-07-31,801120,31.11,6.27,1.38
2019-07-31,801050,33.84,2.01,0.76
2019-07-31,801080,33.74,2.81,0.73
2019-07-31,801040,6.69,0.99,4.41
2019-07-31,801030,18.25,1.84,1.88
2019-07-31,801010,53.19,4.02,0.81
2019-07-31,801170,18.34,1.52,1.61
2019-07-31,801110,16.31,3.16,1.48
2019-07-31,801180,10.08,1.39,2.78
2019-07-31,801880,16.37,1.55,2.44
2019-07-31,801790,18.8,1.97,1.62
2019-07-31,801780,6.95,0.91,3.8
2019-07-31,801770,40.94,2.59,0.46
2019-07-31,801760,31.62,2.09,0.95
2019-07-31,801890,28.33,2.04,1.0
2019-07-31,801730,31.78,2.13,0.82
2019-07-31,801710,11.4,1.74,2.56
2019-07-31,801750,50.9,3.46,0.38
2019-08-01,801150,32.1,3.08,0.84
2019-08-01,801120,30.76,6.2,1.4
2019-08-01,801110,16.01,3.1,1.5
2019-08-01,801040,6.62,0.98,4.46
2019-08-01,801050,33.42,1.99,0.77
2019-08-01,801030,18.25,1.84,1.88
2019-08-01,801010,54.13,4.09,0.8
2019-08-01,801160,20.58,1.56,1.97
2019-08-01,801080,33.75,2.81,0.73
2019-08-01,801170,18.16,1.5,1.62
2019-08-01,801180,9.93,1.37,2.82
2019-08-01,801880,16.24,1.54,2.27
2019-08-01,801790,18.63,1.95,1.62
2019-08-01,801780,6.89,0.9,3.83
2019-08-01,801770,40.75,2.58,0.46
2019-08-01,801760,31.54,2.09,0.95
2019-08-01,801750,50.76,3.46,0.38
2019-08-01,801890,28.27,2.03,1.0
2019-08-01,801730,31.63,2.12,0.83
2019-08-01,801710,11.31,1.73,2.58
2019-08-02,801160,20.33,1.54,1.99
2019-08-02,801150,31.75,3.05,0.87
2019-08-02,801120,30.5,6.15,1.41
2019-08-02,801050,33.8,2.01,0.76
2019-08-02,801080,32.9,2.74,0.75
2019-08-02,801040,6.54,0.97,4.51
2019-08-02,801030,17.94,1.81,1.91
2019-08-02,801010,54.24,4.09,0.79
2019-08-02,801170,17.89,1.48,1.65
2019-08-02,801110,15.76,3.05,1.53
2019-08-02,801180,9.77,1.35,2.86
2019-08-02,801880,15.94,1.51,2.32
2019-08-02,801790,18.2,1.9,1.72
2019-08-02,801780,6.81,0.89,3.87
2019-08-02,801770,39.58,2.52,0.47
2019-08-02,801760,30.99,2.05,0.97
2019-08-02,801890,27.79,2.0,1.02
2019-08-02,801730,31.24,2.09,0.84
2019-08-02,801710,11.13,1.7,2.62
2019-08-02,801750,49.95,3.4,0.38
2019-08-05,801160,20.05,1.52,2.02
2019-08-05,801150,31.17,2.99,0.86
2019-08-05,801120,30.03,6.06,1.42
2019-08-05,801050,34.27,2.04,0.76
2019-08-05,801080,32.36,2.69,0.76
2019-08-05,801040,6.44,0.95,4.58
2019-08-05,801030,17.63,1.77,1.95
2019-08-05,801010,54.31,4.1,0.79
2019-08-05,801170,17.52,1.45,1.61
2019-08-05,801110,15.5,3.01,1.55
2019-08-05,801180,9.55,1.32,2.93
2019-08-05,801880,15.61,1.48,2.36
2019-08-05,801790,17.84,1.87,1.75
2019-08-05,801780,6.68,0.87,3.92
2019-08-05,801760,30.38,2.01,0.99
2019-08-05,801770,39.18,2.49,0.48
2019-08-05,801730,30.81,2.06,0.85
2019-08-05,801890,27.3,1.97,1.17
2019-08-05,801710,10.93,1.67,2.67
2019-08-05,801750,49.39,3.36,0.39
2019-08-06,801160,19.66,1.49,2.06
2019-08-06,801150,30.67,2.94,0.88
2019-08-06,801120,29.87,6.02,1.42
2019-08-06,801010,53.4,4.03,0.81
2019-08-06,801080,31.82,2.64,0.77
2019-08-06,801050,33.43,1.99,0.78
2019-08-06,801040,6.23,0.92,4.74
2019-08-06,801030,17.11,1.72,2.02
2019-08-06,801170,17.15,1.42,1.64
2019-08-06,801110,15.19,3.04,2.58
2019-08-06,801180,9.42,1.3,2.97
2019-08-06,801710,10.8,1.64,2.71
2019-08-06,801890,26.65,1.92,1.2
2019-08-06,801880,15.23,1.45,2.42
2019-08-06,801790,17.76,1.86,1.76
2019-08-06,801770,38.17,2.42,0.49
2019-08-06,801780,6.61,0.86,3.96
2019-08-06,801750,48.01,3.26,0.4
2019-08-06,801730,30.1,2.01,0.87
2019-08-06,801760,29.61,1.96,1.01
2019-08-07,801160,19.74,1.49,2.05
2019-08-07,801150,30.82,2.96,0.87
2019-08-07,801120,29.7,5.99,1.43
2019-08-07,801170,17.01,1.41,1.66
2019-08-07,801080,31.42,2.61,0.77
2019-08-07,801050,34.5,2.05,0.75
2019-08-07,801040,6.23,0.92,4.74
2019-08-07,801030,17.09,1.72,2.02
2019-08-07,801010,52.97,4.0,0.81
2019-08-07,801110,15.07,3.01,2.6
2019-08-07,801180,9.47,1.31,2.96
2019-08-07,801890,26.52,1.91,1.21
2019-08-07,801880,15.17,1.44,2.43
2019-08-07,801790,17.51,1.83,1.78
2019-08-07,801780,6.59,0.86,3.98
2019-08-07,801770,37.84,2.44,0.49
2019-08-07,801760,29.34,1.94,1.02
2019-08-07,801730,29.98,2.0,0.87
2019-08-07,801710,10.78,1.64,2.71
2019-08-07,801750,47.35,3.22,0.42
2019-08-08,801160,19.89,1.5,1.96
2019-08-08,801150,31.27,3.0,0.87
2019-08-08,801120,30.17,6.08,1.41
2019-08-08,801050,34.22,2.03,0.75
2019-08-08,801080,32.11,2.67,0.76
2019-08-08,801040,6.26,0.92,4.71
2019-08-08,801030,17.27,1.73,2.0
2019-08-08,801010,53.26,4.02,0.81
2019-08-08,801170,17.1,1.42,1.66
2019-08-08,801110,15.23,3.06,2.77
2019-08-08,801180,9.48,1.31,2.95
2019-08-08,801880,15.39,1.46,2.4
2019-08-08,801790,17.73,1.85,1.77
2019-08-08,801780,6.7,0.87,3.91
2019-08-08,801770,38.24,2.47,0.49
2019-08-08,801760,29.65,1.97,1.01
2019-08-08,801890,26.59,1.91,1.2
2019-08-08,801730,30.1,2.01,0.95
2019-08-08,801710,10.84,1.65,2.7
2019-08-08,801750,47.77,3.25,0.42
2019-08-09,801150,31.16,2.99,0.86
2019-08-09,801120,29.74,5.99,1.42
2019-08-09,801110,15.02,3.02,2.81
2019-08-09,801040,6.24,0.92,4.73
2019-08-09,801050,33.89,2.01,0.75
2019-08-09,801030,17.04,1.71,2.02
2019-08-09,801010,51.54,3.89,0.84
2019-08-09,801160,19.69,1.49,2.01
2019-08-09,801080,31.68,2.63,0.77
2019-08-09,801170,16.98,1.41,1.69
2019-08-09,801180,9.34,1.29,2.99
2019-08-09,801890,26.34,1.9,1.21
2019-08-09,801880,15.26,1.45,2.42
2019-08-09,801790,17.58,1.84,1.72
2019-08-09,801780,6.71,0.87,3.81
2019-08-09,801770,37.03,2.39,0.5
2019-08-09,801760,29.4,1.95,1.0
2019-08-09,801750,47.09,3.2,0.43
2019-08-09,801730,29.77,1.99,0.96
2019-08-09,801710,10.7,1.62,2.73
2019-08-12,801160,19.85,1.5,1.93
2019-08-12,801150,31.55,3.03,0.82
2019-08-12,801120,30.9,6.22,1.38
2019-08-12,801050,33.69,2.0,0.76
2019-08-12,801080,33.19,2.75,0.73
2019-08-12,801040,6.28,0.93,4.7
2019-08-12,801030,17.28,1.73,2.0
2019-08-12,801010,52.2,3.93,0.83
2019-08-12,801170,17.18,1.43,1.7
2019-08-12,801110,15.12,3.04,2.79
2019-08-12,801890,26.81,1.93,1.19
2019-08-12,801880,15.44,1.47,2.39
2019-08-12,801790,18.0,1.88,1.7
2019-08-12,801780,6.78,0.88,3.77
2019-08-12,801180,9.49,1.31,2.94
2019-08-12,801760,29.99,1.98,0.97
2019-08-12,801770,38.06,2.46,0.49
2019-08-12,801730,30.27,2.02,0.91
2019-08-12,801710,10.8,1.64,2.66
2019-08-12,801750,48.33,3.29,0.42
2019-08-13,801160,19.79,1.5,1.93
2019-08-13,801150,31.51,3.02,0.82
2019-08-13,801120,30.8,6.2,1.38
2019-08-13,801170,17.18,1.43,1.7
2019-08-13,801080,33.01,2.74,0.74
2019-08-13,801050,34.17,2.02,0.75
2019-08-13,801040,6.22,0.92,4.74
2019-08-13,801030,17.18,1.72,2.01
2019-08-13,801010,51.57,3.89,0.95
2019-08-13,801110,15.05,3.02,2.81
2019-08-13,801180,9.4,1.29,2.97
2019-08-13,801890,26.52,1.91,1.2
2019-08-13,801880,15.24,1.45,2.42
2019-08-13,801790,17.71,1.85,1.73
2019-08-13,801780,6.71,0.86,3.81
2019-08-13,801770,37.71,2.43,0.49
2019-08-13,801760,29.65,1.96,0.99
2019-08-13,801730,30.06,2.01,0.91
2019-08-13,801710,10.63,1.61,2.7
2019-08-13,801750,47.73,3.25,0.42
2019-08-14,801150,31.98,3.06,0.81
2019-08-14,801120,31.42,6.34,1.35
2019-08-14,801110,15.08,3.03,2.8
2019-08-14,801040,6.24,0.92,4.73
2019-08-14,801050,33.82,2.0,0.75
2019-08-14,801030,17.3,1.73,2.0
2019-08-14,801010,51.29,3.87,0.96
2019-08-14,801160,19.91,1.5,1.92
2019-08-14,801080,33.3,2.77,0.73
2019-08-14,801170,17.24,1.43,1.69
2019-08-14,801180,9.4,1.29,2.98
2019-08-14,801890,26.6,1.91,1.18
2019-08-14,801880,15.34,1.46,2.41
2019-08-14,801790,17.72,1.86,1.72
2019-08-14,801780,6.69,0.86,3.82
2019-08-14,801760,29.75,1.97,0.9
2019-08-14,801750,48.1,3.27,0.42
2019-08-14,801770,37.95,2.45,0.49
2019-08-14,801730,30.11,2.01,0.91
2019-08-14,801710,10.69,1.62,2.68
2019-08-15,801160,19.94,1.51,1.95
2019-08-15,801150,32.27,3.09,0.83
2019-08-15,801120,31.42,6.34,1.36
2019-08-15,801170,17.24,1.43,1.72
2019-08-15,801080,33.97,2.82,0.72
2019-08-15,801050,33.75,2.0,0.75
2019-08-15,801040,6.26,0.92,4.72
2019-08-15,801030,17.32,1.74,1.99
2019-08-15,801010,51.08,3.86,0.96
2019-08-15,801110,15.01,3.01,2.81
2019-08-15,801180,9.4,1.29,3.63
2019-08-15,801890,26.61,1.92,1.32
2019-08-15,801880,15.42,1.46,2.4
2019-08-15,801790,17.84,1.87,1.71
2019-08-15,801780,6.69,0.86,3.82
2019-08-15,801760,29.94,1.98,0.9
2019-08-15,801770,38.45,2.46,0.48
2019-08-15,801730,30.33,2.02,0.9
2019-08-15,801710,10.73,1.62,2.67
2019-08-15,801750,48.98,3.33,0.41
2019-08-16,801160,19.99,1.51,1.95
2019-08-16,801150,32.48,3.11,0.82
2019-08-16,801120,31.8,6.4,1.34
2019-08-16,801170,17.31,1.44,1.71
2019-08-16,801050,34.02,2.02,0.75
2019-08-16,801040,6.24,0.91,4.54
2019-08-16,801030,17.34,1.73,1.99
2019-08-16,801010,51.93,3.92,0.95
2019-08-16,801080,34.23,2.84,0.72
2019-08-16,801180,9.39,1.29,3.63
2019-08-16,801110,15.05,3.02,2.81
2019-08-16,801880,15.44,1.47,2.39
2019-08-16,801790,17.96,1.84,1.71
2019-08-16,801780,6.67,0.86,3.83
2019-08-16,801770,38.33,2.45,0.48
2019-08-16,801760,30.1,1.99,0.9
2019-08-16,801890,26.73,1.93,1.32
2019-08-16,801730,30.15,2.01,0.92
2019-08-16,801710,10.83,1.64,2.65
2019-08-16,801750,49.52,3.36,0.41
2019-08-19,801160,20.51,1.55,1.88
2019-08-19,801150,33.17,3.18,0.8
2019-08-19,801120,32.11,6.47,1.31
2019-08-19,801050,34.44,2.04,0.74
2019-08-19,801080,35.55,2.95,0.69
2019-08-19,801040,6.37,0.93,4.44
2019-08-19,801030,17.76,1.77,1.94
2019-08-19,801010,51.59,3.89,0.95
2019-08-19,801170,17.76,1.47,1.66
2019-08-19,801110,15.44,3.1,2.73
2019-08-19,801180,9.68,1.32,3.53
2019-08-19,801880,15.77,1.5,2.32
2019-08-19,801790,18.69,1.92,1.61
2019-08-19,801780,6.7,0.86,3.81
2019-08-19,801770,40.1,2.56,0.46
2019-08-19,801760,31.34,2.07,0.86
2019-08-19,801890,27.48,1.98,1.29
2019-08-19,801730,31.14,2.08,0.89
2019-08-19,801710,11.11,1.68,2.58
2019-08-19,801750,51.95,3.55,0.39
2019-08-20,801160,20.37,1.54,1.89
2019-08-20,801150,33.1,3.18,0.8
2019-08-20,801120,32.34,6.51,1.3
2019-08-20,801050,34.11,2.02,0.75
2019-08-20,801080,35.61,2.95,0.68
2019-08-20,801040,6.37,0.92,4.44
2019-08-20,801030,17.75,1.77,1.95
2019-08-20,801010,51.62,3.9,0.95
2019-08-20,801170,17.79,1.48,1.66
2019-08-20,801110,15.47,3.11,2.73
2019-08-20,801180,9.72,1.33,3.51
2019-08-20,801880,15.71,1.49,2.33
2019-08-20,801790,18.55,1.9,1.62
2019-08-20,801780,6.69,0.86,3.82
2019-08-20,801770,40.13,2.56,0.46
2019-08-20,801760,31.47,2.09,0.86
2019-08-20,801890,27.51,1.98,1.3
2019-08-20,801730,31.05,2.07,0.89
2019-08-20,801710,11.15,1.68,2.57
2019-08-20,801750,51.9,3.54,0.39
2019-08-21,801150,32.97,3.19,0.8
2019-08-21,801120,32.05,6.44,1.33
2019-08-21,801110,15.66,3.14,2.7
2019-08-21,801040,6.34,0.92,4.46
2019-08-21,801050,34.33,2.03,0.75
2019-08-21,801030,17.78,1.76,1.95
2019-08-21,801010,51.19,3.81,0.96
2019-08-21,801160,20.4,1.54,1.89
2019-08-21,801080,35.93,2.97,0.68
2019-08-21,801170,17.87,1.48,1.65
2019-08-21,801180,9.76,1.33,3.46
2019-08-21,801890,27.41,1.98,1.3
2019-08-21,801880,15.67,1.48,2.34
2019-08-21,801790,18.52,1.9,1.62
2019-08-21,801780,6.67,0.85,3.83
2019-08-21,801760,31.3,2.09,0.86
2019-08-21,801750,51.93,3.54,0.39
2019-08-21,801770,40.24,2.57,0.46
2019-08-21,801730,31.56,2.11,0.88
2019-08-21,801710,11.21,1.69,2.56
2019-08-22,801160,20.43,1.54,1.89
2019-08-22,801150,33.2,3.2,0.79
2019-08-22,801120,32.72,6.61,1.38
2019-08-22,801170,17.93,1.49,1.74
2019-08-22,801080,35.82,2.96,0.68
2019-08-22,801050,34.34,2.03,0.75
2019-08-22,801040,6.32,0.92,4.48
2019-08-22,801030,17.83,1.77,1.94
2019-08-22,801010,51.83,3.85,0.95
2019-08-22,801110,15.73,3.16,2.69
2019-08-22,801180,9.71,1.32,3.48
2019-08-22,801880,15.73,1.49,2.33
2019-08-22,801790,18.54,1.9,1.62
2019-08-22,801780,6.66,0.85,3.84
2019-08-22,801770,40.16,2.56,0.46
2019-08-22,801760,31.62,2.11,0.85
2019-08-22,801890,27.46,1.98,1.21
2019-08-22,801730,31.63,2.11,0.87
2019-08-22,801710,11.14,1.68,2.58
2019-08-22,801750,52.07,3.57,0.39
2019-08-23,801160,20.4,1.53,1.92
2019-08-23,801150,33.91,3.26,0.77
2019-08-23,801120,33.08,6.68,1.37
2019-08-23,801050,34.3,2.03,0.75
2019-08-23,801080,35.8,2.94,0.68
2019-08-23,801040,6.32,0.91,4.48
2019-08-23,801030,17.8,1.76,1.95
2019-08-23,801010,51.19,3.78,0.96
2019-08-23,801170,17.99,1.49,1.74
2019-08-23,801110,15.78,3.16,2.67
2019-08-23,801180,9.68,1.31,3.46
2019-08-23,801880,15.93,1.49,2.3
2019-08-23,801790,18.7,1.9,1.57
2019-08-23,801780,6.73,0.86,3.8
2019-08-23,801770,39.59,2.52,0.47
2019-08-23,801760,31.38,2.09,0.87
2019-08-23,801890,27.52,1.98,1.21
2019-08-23,801730,31.52,2.1,0.88
2019-08-23,801710,11.22,1.64,2.56
2019-08-23,801750,51.84,3.56,0.39
2019-08-26,801150,34.12,3.27,0.77
2019-08-26,801120,32.45,6.55,1.4
2019-08-26,801110,15.53,3.11,2.71
2019-08-26,801040,6.27,0.91,4.51
2019-08-26,801050,34.47,2.03,0.75
2019-08-26,801030,17.62,1.73,1.96
2019-08-26,801010,51.09,3.77,0.96
2019-08-26,801160,20.17,1.51,1.92
2019-08-26,801080,35.34,2.9,0.72
2019-08-26,801170,17.83,1.48,1.67
2019-08-26,801180,9.56,1.29,3.11
2019-08-26,801890,27.1,1.95,1.12
2019-08-26,801880,15.9,1.49,2.3
2019-08-26,801790,18.3,1.86,1.47
2019-08-26,801780,6.62,0.82,3.86
2019-08-26,801770,38.9,2.48,0.47
2019-08-26,801760,30.94,2.05,0.87
2019-08-26,801750,51.31,3.51,0.39
2019-08-26,801730,31.11,2.07,0.9
2019-08-26,801710,11.11,1.62,2.59
2019-08-27,801160,20.48,1.54,1.89
2019-08-27,801150,34.56,3.3,0.76
2019-08-27,801120,32.98,6.65,1.37
2019-08-27,801050,34.79,2.05,0.74
2019-08-27,801080,35.68,2.93,0.71
2019-08-27,801040,6.39,0.92,4.43
2019-08-27,801030,17.91,1.76,1.94
2019-08-27,801010,52.69,3.86,0.93
2019-08-27,801170,18.04,1.49,1.65
2019-08-27,801110,15.91,3.18,2.65
2019-08-27,801890,27.56,1.98,1.1
2019-08-27,801880,16.37,1.53,2.23
2019-08-27,801790,18.51,1.88,1.48
2019-08-27,801780,6.65,0.82,3.84
2019-08-27,801180,9.65,1.29,3.09
2019-08-27,801760,31.69,2.12,0.85
2019-08-27,801770,39.66,2.53,0.47
2019-08-27,801730,31.64,2.1,0.89
2019-08-27,801710,11.22,1.64,2.56
2019-08-27,801750,52.9,3.61,0.38
2019-08-28,801160,20.42,1.53,1.87
2019-08-28,801150,34.11,3.23,0.77
2019-08-28,801120,33.09,6.67,1.37
2019-08-28,801170,18.01,1.49,1.65
2019-08-28,801080,35.39,2.9,0.71
2019-08-28,801050,34.57,2.03,0.75
2019-08-28,801040,6.4,0.91,4.42
2019-08-28,801030,17.91,1.75,1.94
2019-08-28,801010,54.33,3.98,0.9
2019-08-28,801110,15.95,3.19,2.64
2019-08-28,801180,9.63,1.29,3.09
2019-08-28,801880,16.47,1.54,2.22
2019-08-28,801790,18.29,1.86,1.5
2019-08-28,801780,6.59,0.79,3.88
2019-08-28,801770,39.35,2.46,0.48
2019-08-28,801760,31.83,2.13,0.84
2019-08-28,801890,27.51,1.97,1.08
2019-08-28,801730,31.78,2.11,0.89
2019-08-28,801710,11.18,1.62,2.57
2019-08-28,801750,52.8,3.57,0.38
2019-08-29,801150,34.05,3.29,0.77
2019-08-29,801120,33.37,6.71,1.36
2019-08-29,801110,15.82,3.16,2.66
2019-08-29,801040,6.36,0.91,4.45
2019-08-29,801050,34.74,2.04,0.74
2019-08-29,801030,17.94,1.75,1.93
2019-08-29,801010,53.92,3.95,0.91
2019-08-29,801160,20.3,1.52,1.88
2019-08-29,801080,35.58,2.92,0.7
2019-08-29,801170,17.95,1.47,1.66
2019-08-29,801180,9.48,1.27,3.14
2019-08-29,801890,27.4,1.97,1.09
2019-08-29,801880,16.36,1.52,2.23
2019-08-29,801790,18.21,1.85,1.5
2019-08-29,801780,6.55,0.78,3.9
2019-08-29,801760,32.0,2.14,0.83
2019-08-29,801750,53.48,3.6,0.38
2019-08-29,801770,39.26,2.45,0.48
2019-08-29,801730,31.63,2.09,0.86
2019-08-29,801710,11.08,1.61,2.6
2019-08-30,801160,20.05,1.49,1.9
2019-08-30,801150,33.87,3.26,0.77
2019-08-30,801120,33.97,6.86,1.33
2019-08-30,801170,17.87,1.45,1.67
2019-08-30,801080,34.88,2.86,0.72
2019-08-30,801050,34.57,2.02,0.74
2019-08-30,801040,6.31,0.9,4.48
2019-08-30,801030,17.77,1.74,1.95
2019-08-30,801010,53.46,3.92,0.92
2019-08-30,801110,16.07,3.16,2.63
2019-08-30,801180,9.39,1.26,3.17
2019-08-30,801880,16.27,1.5,2.25
2019-08-30,801790,18.22,1.84,1.5
2019-08-30,801780,6.57,0.77,3.89
2019-08-30,801770,38.48,2.39,0.49
2019-08-30,801760,31.51,2.09,0.85
2019-08-30,801890,27.11,1.94,1.1
2019-08-30,801730,31.38,2.05,0.87
2019-08-30,801710,11.0,1.6,2.62
2019-08-30,801750,52.65,3.59,0.38
2019-09-02,801160,19.88,1.5,1.88
2019-09-02,801150,35.36,3.32,0.76
2019-09-02,801120,32.89,6.8,1.33
2019-09-02,801050,38.06,2.05,0.73
2019-09-02,801080,35.53,2.94,0.69
2019-09-02,801040,7.17,0.91,4.4
2019-09-02,801030,18.84,1.77,1.92
2019-09-02,801010,40.28,3.92,0.91
2019-09-02,801170,17.59,1.47,1.65
2019-09-02,801110,15.94,3.18,2.55
2019-09-02,801180,8.95,1.27,3.14
2019-09-02,801880,17.7,1.53,2.23
2019-09-02,801790,16.5,1.87,1.48
2019-09-02,801780,6.43,0.75,3.87
2019-09-02,801770,36.71,2.48,0.48
2019-09-02,801760,35.89,2.16,0.82
2019-09-02,801890,25.73,1.98,1.07
2019-09-02,801730,32.01,2.1,0.85
2019-09-02,801710,10.99,1.64,2.55
2019-09-02,801750,54.82,3.74,0.37
2019-09-03,801150,35.19,3.3,0.76
2019-09-03,801120,32.85,6.79,1.33
2019-09-03,801110,15.97,3.2,2.55
2019-09-03,801040,7.2,0.91,4.39
2019-09-03,801050,38.09,2.06,0.73
2019-09-03,801030,18.91,1.78,1.91
2019-09-03,801010,40.99,3.96,0.9
2019-09-03,801160,19.95,1.5,1.88
2019-09-03,801080,36.78,3.05,0.67
2019-09-03,801170,17.57,1.47,1.65
2019-09-03,801180,8.92,1.26,3.15
2019-09-03,801880,17.6,1.52,2.24
2019-09-03,801790,16.5,1.88,1.48
2019-09-03,801780,6.42,0.75,3.87
2019-09-03,801770,37.6,2.54,0.47
2019-09-03,801760,36.13,2.18,0.81
2019-09-03,801750,55.34,3.78,0.36
2019-09-03,801890,25.88,1.99,1.07
2019-09-03,801730,32.08,2.11,0.85
2019-09-03,801710,11.15,1.67,2.51
2019-09-04,801160,20.06,1.51,1.86
2019-09-04,801150,35.21,3.3,0.77
2019-09-04,801120,32.48,6.72,1.35
2019-09-04,801050,38.66,2.09,0.72
2019-09-04,801080,37.08,3.07,0.67
2019-09-04,801040,7.33,0.93,4.31
2019-09-04,801030,19.18,1.8,1.88
2019-09-04,801010,41.01,3.96,0.9
2019-09-04,801170,17.74,1.48,1.63
2019-09-04,801110,16.21,3.24,2.51
2019-09-04,801180,9.16,1.3,3.07
2019-09-04,801880,17.64,1.52,2.23
2019-09-04,801790,16.67,1.91,1.8
2019-09-04,801780,6.53,0.77,3.8
2019-09-04,801770,37.8,2.56,0.47
2019-09-04,801760,36.49,2.2,0.8
2019-09-04,801890,26.14,2.01,1.06
2019-09-04,801730,32.37,2.13,0.84
2019-09-04,801710,11.37,1.7,2.46
2019-09-04,801750,55.83,3.81,0.37
2019-09-05,801160,20.16,1.52,1.86
2019-09-05,801150,35.34,3.32,0.76
2019-09-05,801120,32.83,6.79,1.33
2019-09-05,801050,39.03,2.11,0.7
2019-09-05,801080,37.67,3.12,0.66
2019-09-05,801040,7.34,0.93,4.3
2019-09-05,801030,19.36,1.82,1.87
2019-09-05,801010,41.25,3.99,0.89
2019-09-05,801170,17.87,1.49,1.62
2019-09-05,801110,16.08,3.22,2.53
2019-09-05,801180,9.17,1.3,3.06
2019-09-05,801880,17.87,1.54,2.2
2019-09-05,801790,17.01,1.95,1.76
2019-09-05,801780,6.62,0.78,3.75
2019-09-05,801760,36.87,2.22,0.79
2019-09-05,801770,38.53,2.61,0.46
2019-09-05,801730,32.62,2.14,0.83
2019-09-05,801890,26.45,2.04,1.04
2019-09-05,801710,11.39,1.7,2.46
2019-09-05,801750,57.01,3.89,0.35
2019-09-06,801160,20.22,1.52,1.85
2019-09-06,801150,35.59,3.34,0.76
2019-09-06,801120,32.85,6.78,1.33
2019-09-06,801010,40.17,3.88,0.92
2019-09-06,801080,37.94,3.14,0.65
2019-09-06,801050,38.48,2.08,0.71
2019-09-06,801040,7.32,0.93,4.31
2019-09-06,801030,19.48,1.83,1.84
2019-09-06,801170,17.98,1.5,1.61
2019-09-06,801110,16.12,3.23,2.52
2019-09-06,801180,9.19,1.3,3.06
2019-09-06,801710,11.41,1.71,2.45
2019-09-06,801890,26.61,2.06,1.03
2019-09-06,801880,18.24,1.57,2.16
2019-09-06,801790,17.22,1.97,1.75
2019-09-06,801770,39.84,2.76,0.45
2019-09-06,801780,6.66,0.79,3.73
2019-09-06,801750,57.51,3.92,0.36
2019-09-06,801730,32.63,2.14,0.83
2019-09-06,801760,37.1,2.23,0.79
2019-09-09,801160,20.4,1.53,1.83
2019-09-09,801150,35.88,3.37,0.75
2019-09-09,801120,32.88,6.79,1.33
2019-09-09,801170,18.03,1.5,1.61
2019-09-09,801080,39.41,3.26,0.63
2019-09-09,801050,39.07,2.11,0.7
2019-09-09,801040,7.42,0.94,4.26
2019-09-09,801030,19.88,1.87,1.8
2019-09-09,801010,39.86,3.85,0.92
2019-09-09,801110,16.23,3.25,2.5
2019-09-09,801180,9.31,1.32,3.02
2019-09-09,801890,27.07,2.09,1.02
2019-09-09,801880,18.42,1.59,2.14
2019-09-09,801790,17.3,1.98,1.47
2019-09-09,801780,6.64,0.78,3.74
2019-09-09,801770,41.95,2.91,0.43
2019-09-09,801760,38.16,2.3,0.77
2019-09-09,801730,33.43,2.19,0.81
2019-09-09,801710,11.48,1.71,2.44
2019-09-09,801750,60.03,4.1,0.34
2019-09-10,801150,36.32,3.41,0.74
2019-09-10,801120,32.74,6.76,1.34
2019-09-10,801110,16.22,3.25,2.51
2019-09-10,801040,7.43,0.94,4.25
2019-09-10,801050,39.11,2.12,0.7
2019-09-10,801030,19.93,1.87,1.8
2019-09-10,801010,40.47,3.91,0.91
2019-09-10,801160,20.44,1.54,1.83
2019-09-10,801080,38.78,3.21,0.64
2019-09-10,801170,17.93,1.49,1.61
2019-09-10,801180,9.3,1.32,3.02
2019-09-10,801890,27.05,2.09,1.02
2019-09-10,801880,18.26,1.57,2.16
2019-09-10,801790,17.24,1.97,1.48
2019-09-10,801780,6.61,0.78,3.75
2019-09-10,801760,38.09,2.29,0.77
2019-09-10,801750,59.42,4.05,0.34
2019-09-10,801770,41.8,2.9,0.43
2019-09-10,801730,33.51,2.19,0.81
2019-09-10,801710,11.48,1.72,2.44
2019-09-11,801160,20.42,1.54,1.83
2019-09-11,801150,35.72,3.35,0.76
2019-09-11,801120,31.48,6.5,1.39
2019-09-11,801170,17.82,1.48,1.62
2019-09-11,801080,38.56,3.19,0.64
2019-09-11,801050,39.04,2.11,0.7
2019-09-11,801040,7.42,0.94,4.24
2019-09-11,801030,19.93,1.87,1.8
2019-09-11,801010,39.54,3.82,0.93
2019-09-11,801110,16.09,3.22,2.53
2019-09-11,801180,9.26,1.31,3.03
2019-09-11,801880,18.23,1.57,2.16
2019-09-11,801790,17.33,1.98,1.47
2019-09-11,801780,6.66,0.79,3.73
2019-09-11,801770,40.9,2.84,0.44
2019-09-11,801760,37.76,2.27,0.77
2019-09-11,801890,26.97,2.09,1.02
2019-09-11,801730,33.37,2.18,0.81
2019-09-11,801710,11.39,1.7,2.52
2019-09-11,801750,58.54,3.99,0.35
2019-09-12,801160,20.51,1.54,1.82
2019-09-12,801150,35.85,3.36,0.75
2019-09-12,801120,32.0,6.6,1.37
2019-09-12,801050,38.98,2.11,0.7
2019-09-12,801080,38.68,3.2,0.64
2019-09-12,801040,7.5,0.95,4.2
2019-09-12,801030,20.06,1.88,1.79
2019-09-12,801010,39.53,3.82,0.93
2019-09-12,801170,17.96,1.5,1.61
2019-09-12,801110,16.3,3.26,2.5
2019-09-12,801180,9.47,1.34,2.97
2019-09-12,801880,18.29,1.58,2.15
2019-09-12,801790,17.73,2.03,1.44
2019-09-12,801780,6.69,0.79,3.71
2019-09-12,801770,41.16,2.86,0.44
2019-09-12,801760,37.98,2.29,0.77
2019-09-12,801890,27.17,2.1,1.01
2019-09-12,801730,33.66,2.2,0.8
2019-09-12,801710,11.51,1.72,2.5
2019-09-12,801750,59.01,4.03,0.35
2019-09-16,801150,35.92,3.37,0.75
2019-09-16,801120,31.9,6.58,1.37
2019-09-16,801110,16.18,3.24,2.51
2019-09-16,801040,7.5,0.95,4.19
2019-09-16,801050,39.2,2.12,0.7
2019-09-16,801030,20.1,1.89,1.64
2019-09-16,801010,39.72,3.84,0.93
2019-09-16,801160,20.56,1.55,1.82
2019-09-16,801080,39.21,3.25,0.63
2019-09-16,801170,17.93,1.49,1.62
2019-09-16,801180,9.41,1.33,2.98
2019-09-16,801880,18.31,1.58,2.15
2019-09-16,801790,17.49,2.0,1.46
2019-09-16,801780,6.65,0.78,3.73
2019-09-16,801770,41.26,2.87,0.43
2019-09-16,801760,38.04,2.29,0.77
2019-09-16,801750,59.74,4.08,0.34
2019-09-16,801890,27.16,2.1,1.0
2019-09-16,801730,33.65,2.2,0.8
2019-09-16,801710,11.47,1.72,2.45
2019-09-17,801160,20.19,1.52,1.85
2019-09-17,801150,35.34,3.31,0.76
2019-09-17,801120,31.74,6.55,1.38
2019-09-17,801050,38.15,2.06,0.71
2019-09-17,801080,38.35,3.17,0.64
2019-09-17,801040,7.34,0.93,4.28
2019-09-17,801030,19.72,1.86,1.78
2019-09-17,801010,39.26,3.79,0.94
2019-09-17,801170,17.68,1.47,1.64
2019-09-17,801110,15.89,3.18,2.56
2019-09-17,801180,9.26,1.31,3.03
2019-09-17,801880,17.88,1.54,2.2
2019-09-17,801790,17.07,1.95,1.49
2019-09-17,801780,6.57,0.77,3.78
2019-09-17,801770,40.14,2.79,0.45
2019-09-17,801760,37.13,2.24,0.79
2019-09-17,801890,26.5,2.05,1.03
2019-09-17,801730,32.71,2.14,0.82
2019-09-17,801710,11.25,1.68,2.5
2019-09-17,801750,57.97,3.95,0.35
2019-09-18,801160,20.18,1.52,1.85
2019-09-18,801150,35.59,3.34,0.76
2019-09-18,801120,32.76,6.76,1.34
2019-09-18,801050,38.01,2.06,0.72
2019-09-18,801080,38.51,3.19,0.64
2019-09-18,801040,7.32,0.93,4.3
2019-09-18,801030,19.6,1.84,1.79
2019-09-18,801010,39.19,3.78,0.94
2019-09-18,801170,17.79,1.48,1.63
2019-09-18,801110,15.97,3.2,2.55
2019-09-18,801180,9.34,1.32,3.01
2019-09-18,801880,17.85,1.54,2.19
2019-09-18,801790,17.04,1.95,1.49
2019-09-18,801780,6.57,0.78,3.78
2019-09-18,801760,37.29,2.25,0.78
2019-09-18,801770,40.01,2.79,0.45
2019-09-18,801730,32.58,2.13,0.82
2019-09-18,801890,26.54,2.05,1.03
2019-09-18,801710,11.27,1.69,2.5
2019-09-18,801750,57.47,3.87,0.36
2019-09-19,801160,20.19,1.52,1.85
2019-09-19,801150,35.86,3.36,0.75
2019-09-19,801120,32.67,6.74,1.34
2019-09-19,801010,39.53,3.82,0.93
2019-09-19,801080,39.52,3.27,0.62
2019-09-19,801050,38.46,2.08,0.71
2019-09-19,801040,7.39,0.93,4.28
2019-09-19,801030,19.72,1.86,1.77
2019-09-19,801170,17.8,1.48,1.63
2019-09-19,801110,16.06,3.21,2.52
2019-09-19,801180,9.33,1.32,3.01
2019-09-19,801710,11.31,1.69,2.49
2019-09-19,801890,26.84,2.07,1.01
2019-09-19,801880,17.93,1.55,2.17
2019-09-19,801790,17.09,1.95,1.49
2019-09-19,801770,40.75,2.84,0.44
2019-09-19,801780,6.58,0.78,3.77
2019-09-19,801750,58.46,3.94,0.35
2019-09-19,801730,32.88,2.16,0.81
2019-09-19,801760,37.48,2.26,0.78
2019-09-20,801160,20.29,1.53,1.84
2019-09-20,801150,36.11,3.39,0.74
2019-09-20,801120,32.93,6.79,1.33
2019-09-20,801170,17.83,1.48,1.62
2019-09-20,801080,39.94,3.31,0.62
2019-09-20,801050,38.55,2.09,0.71
2019-09-20,801040,7.36,0.93,4.3
2019-09-20,801030,19.64,1.85,1.79
2019-09-20,801010,39.42,3.81,0.93
2019-09-20,801110,16.0,3.2,2.52
2019-09-20,801180,9.32,1.32,3.02
2019-09-20,801890,27.05,2.09,1.01
2019-09-20,801880,17.98,1.55,2.16
2019-09-20,801790,17.06,1.95,1.49
2019-09-20,801780,6.61,0.78,3.76
2019-09-20,801770,40.46,2.81,0.44
2019-09-20,801760,37.35,2.25,0.78
2019-09-20,801730,33.0,2.16,0.81
2019-09-20,801710,11.39,1.7,2.47
2019-09-20,801750,58.51,3.94,0.35
2019-09-23,801160,20.1,1.51,1.86
2019-09-23,801150,35.58,3.34,0.76
2019-09-23,801120,32.55,6.72,1.35
2019-09-23,801050,38.04,2.06,0.72
2019-09-23,801080,40.19,3.33,0.61
2019-09-23,801040,7.29,0.92,4.34
2019-09-23,801030,19.36,1.83,1.8
2019-09-23,801010,38.71,3.74,0.95
2019-09-23,801170,17.59,1.46,1.65
2019-09-23,801110,15.87,3.18,2.54
2019-09-23,801180,9.17,1.3,3.07
2019-09-23,801880,17.81,1.54,2.18
2019-09-23,801790,16.83,1.93,1.51
2019-09-23,801780,6.55,0.77,3.79
2019-09-23,801770,40.06,2.79,0.45
2019-09-23,801760,37.07,2.23,0.78
2019-09-23,801890,26.71,2.06,1.02
2019-09-23,801730,32.74,2.15,0.82
2019-09-23,801710,11.22,1.68,2.51
2019-09-23,801750,58.24,3.92,0.35
2019-09-24,801150,35.9,3.37,0.75
2019-09-24,801120,33.12,6.83,1.32
2019-09-24,801110,15.89,3.18,2.54
2019-09-24,801040,7.26,0.92,4.36
2019-09-24,801050,38.14,2.06,0.71
2019-09-24,801030,19.35,1.83,1.8
2019-09-24,801010,38.04,3.67,0.97
2019-09-24,801160,20.14,1.51,1.86
2019-09-24,801080,40.3,3.33,0.61
2019-09-24,801170,17.62,1.47,1.64
2019-09-24,801180,9.16,1.3,3.07
2019-09-24,801890,26.76,2.07,1.02
2019-09-24,801880,17.84,1.54,2.18
2019-09-24,801790,16.82,1.92,1.51
2019-09-24,801780,6.54,0.77,3.79
2019-09-24,801770,40.67,2.83,0.44
2019-09-24,801760,37.25,2.24,0.78
2019-09-24,801750,58.68,3.95,0.35
2019-09-24,801730,33.03,2.17,0.82
2019-09-24,801710,11.19,1.67,2.52
2019-09-25,801160,19.82,1.49,1.89
2019-09-25,801150,35.4,3.32,0.76
2019-09-25,801120,32.9,6.79,1.33
2019-09-25,801050,37.77,2.04,0.73
2019-09-25,801080,38.74,3.2,0.64
2019-09-25,801040,7.18,0.91,4.41
2019-09-25,801030,19.14,1.81,1.82
2019-09-25,801010,37.78,3.65,0.97
2019-09-25,801170,17.5,1.46,1.65
2019-09-25,801110,15.68,3.14,2.57
2019-09-25,801890,26.36,2.03,1.03
2019-09-25,801880,17.53,1.51,2.22
2019-09-25,801790,16.74,1.91,1.52
2019-09-25,801780,6.57,0.77,3.77
2019-09-25,801180,9.09,1.29,3.09
2019-09-25,801760,36.65,2.21,0.79
2019-09-25,801770,39.59,2.75,0.45
2019-09-25,801730,32.42,2.13,0.83
2019-09-25,801710,11.1,1.66,2.54
2019-09-25,801750,57.35,3.86,0.36
2019-09-26,801160,19.63,1.48,1.9
2019-09-26,801150,34.72,3.26,0.77
2019-09-26,801120,32.91,6.73,1.35
2019-09-26,801170,17.37,1.45,1.67
2019-09-26,801080,37.34,3.09,0.66
2019-09-26,801050,36.42,1.97,0.76
2019-09-26,801040,7.14,0.9,4.43
2019-09-26,801030,18.74,1.77,1.86
2019-09-26,801010,35.57,3.43,1.03
2019-09-26,801110,15.59,3.12,2.58
2019-09-26,801180,9.04,1.29,3.11
2019-09-26,801890,25.77,1.99,1.06
2019-09-26,801880,17.19,1.48,2.27
2019-09-26,801790,16.58,1.9,1.54
2019-09-26,801780,6.67,0.79,3.7
2019-09-26,801770,37.94,2.64,0.47
2019-09-26,801760,35.81,2.16,0.82
2019-09-26,801730,31.69,2.08,0.85
2019-09-26,801710,11.02,1.65,2.56
2019-09-26,801750,54.83,3.69,0.37
2019-09-27,801150,34.87,3.27,0.76
2019-09-27,801120,32.97,6.75,1.35
2019-09-27,801110,15.56,3.12,2.59
2019-09-27,801040,7.13,0.9,4.43
2019-09-27,801050,36.35,1.97,0.76
2019-09-27,801030,18.85,1.78,1.85
2019-09-27,801010,36.76,3.55,1.02
2019-09-27,801160,19.58,1.47,1.91
2019-09-27,801080,38.35,3.17,0.65
2019-09-27,801170,17.35,1.44,1.67
2019-09-27,801180,9.01,1.28,3.12
2019-09-27,801890,25.98,2.0,1.01
2019-09-27,801880,17.26,1.49,2.24
2019-09-27,801790,16.64,1.9,1.53
2019-09-27,801780,6.67,0.79,3.7
2019-09-27,801760,36.18,2.18,0.82
2019-09-27,801750,55.55,3.73,0.37
2019-09-27,801770,38.41,2.67,0.46
2019-09-27,801730,31.95,2.09,0.84
2019-09-27,801710,11.0,1.64,2.56
2019-09-30,801160,19.48,1.46,1.92
2019-09-30,801150,34.71,3.25,0.76
2019-09-30,801120,32.48,6.65,1.37
2019-09-30,801170,17.25,1.44,1.68
2019-09-30,801080,37.29,3.08,0.66
2019-09-30,801050,36.07,1.96,0.77
2019-09-30,801040,7.09,0.89,4.47
2019-09-30,801030,18.75,1.77,1.82
2019-09-30,801010,37.19,3.59,1.01
2019-09-30,801110,15.52,3.11,2.59
2019-09-30,801180,8.97,1.28,3.13
2019-09-30,801890,25.74,1.98,1.01
2019-09-30,801880,17.13,1.48,2.26
2019-09-30,801790,16.33,1.87,1.56
2019-09-30,801780,6.61,0.78,3.73
2019-09-30,801760,35.6,2.15,0.82
2019-09-30,801770,37.69,2.62,0.47
2019-09-30,801730,31.62,2.07,0.83
2019-09-30,801710,10.98,1.64,2.57
2019-09-30,801750,54.59,3.67,0.37
2019-10-08,801160,19.62,1.48,1.9
2019-10-08,801150,34.94,3.28,0.75
2019-10-08,801120,32.81,6.71,1.35
2019-10-08,801010,38.14,3.68,0.98
2019-10-08,801080,36.78,3.04,0.67
2019-10-08,801050,36.12,1.96,0.77
2019-10-08,801040,7.11,0.9,4.45
2019-10-08,801030,18.79,1.77,1.82
2019-10-08,801170,17.12,1.43,1.71
2019-10-08,801110,15.82,3.17,2.55
2019-10-08,801180,9.15,1.3,3.07
2019-10-08,801880,17.06,1.47,2.27
2019-10-08,801890,25.88,2.0,1.01
2019-10-08,801790,16.36,1.87,1.56
2019-10-08,801780,6.7,0.79,3.68
2019-10-08,801770,37.48,2.61,0.48
2019-10-08,801760,35.12,2.12,0.83
2019-10-08,801730,31.67,2.08,0.83
2019-10-08,801710,11.24,1.68,2.51
2019-10-08,801750,54.07,3.64,0.38
2019-10-09,801150,34.89,3.27,0.75
2019-10-09,801120,32.48,6.63,1.37
2019-10-09,801110,15.71,3.15,2.56
2019-10-09,801040,7.16,0.9,4.42
2019-10-09,801050,36.64,1.99,0.76
2019-10-09,801030,18.97,1.79,1.8
2019-10-09,801010,38.27,3.7,0.98
2019-10-09,801160,19.65,1.48,1.9
2019-10-09,801080,37.09,3.07,0.67
2019-10-09,801170,17.28,1.44,1.69
2019-10-09,801180,9.33,1.33,3.01
2019-10-09,801890,26.06,2.01,1.0
2019-10-09,801880,17.11,1.48,2.27
2019-10-09,801790,16.41,1.88,1.55
2019-10-09,801780,6.8,0.8,3.62
2019-10-09,801760,35.28,2.13,0.83
2019-10-09,801750,54.65,3.68,0.37
2019-10-09,801770,37.81,2.63,0.47
2019-10-09,801730,31.98,2.09,0.82
2019-10-09,801710,11.27,1.68,2.5
2019-10-10,801160,19.76,1.49,1.89
2019-10-10,801150,35.82,3.36,0.73
2019-10-10,801120,32.63,6.66,1.36
2019-10-10,801170,17.65,1.47,1.65
2019-10-10,801080,37.81,3.13,0.66
2019-10-10,801050,36.74,1.99,0.75
2019-10-10,801040,7.19,0.91,4.4
2019-10-10,801030,19.16,1.81,1.78
2019-10-10,801010,39.36,3.81,0.95
2019-10-10,801110,15.81,3.17,2.57
2019-10-10,801180,9.34,1.33,3.01
2019-10-10,801880,17.3,1.5,2.24
2019-10-10,801790,16.49,1.89,1.55
2019-10-10,801780,6.8,0.81,3.62
2019-10-10,801770,38.5,2.73,0.46
2019-10-10,801760,35.72,2.16,0.82
2019-10-10,801890,26.33,2.03,0.99
2019-10-10,801730,32.4,2.13,0.82
2019-10-10,801710,11.3,1.69,2.49
2019-10-10,801750,55.91,3.77,0.37
2019-10-11,801160,19.88,1.5,1.88
2019-10-11,801150,35.97,3.37,0.73
2019-10-11,801120,32.85,6.7,1.35
2019-10-11,801050,36.55,1.98,0.76
2019-10-11,801080,37.7,3.12,0.66
2019-10-11,801040,7.22,0.91,4.38
2019-10-11,801030,19.22,1.82,1.78
2019-10-11,801010,39.02,3.81,1.18
2019-10-11,801170,17.8,1.49,1.64
2019-10-11,801110,15.98,3.2,2.54
2019-10-11,801180,9.4,1.34,2.99
2019-10-11,801880,17.37,1.5,2.23
2019-10-11,801790,16.77,1.92,1.52
2019-10-11,801780,6.93,0.82,3.55
2019-10-11,801770,38.4,2.73,0.46
2019-10-11,801760,35.96,2.17,0.81
2019-10-11,801890,26.48,2.04,0.98
2019-10-11,801730,32.27,2.12,0.82
2019-10-11,801710,11.56,1.73,2.44
2019-10-11,801750,55.93,3.77,0.36
2019-10-14,801150,36.3,3.41,0.72
2019-10-14,801120,32.98,6.73,1.35
2019-10-14,801110,16.1,3.23,2.52
2019-10-14,801040,7.28,0.92,4.35
2019-10-14,801050,36.72,1.99,0.75
2019-10-14,801030,19.45,1.84,1.76
2019-10-14,801010,38.99,3.76,1.18
2019-10-14,801160,20.06,1.51,1.86
2019-10-14,801080,38.57,3.19,0.64
2019-10-14,801170,17.94,1.5,1.63
2019-10-14,801180,9.5,1.36,2.96
2019-10-14,801880,17.71,1.53,2.18
2019-10-14,801790,16.97,1.94,1.5
2019-10-14,801780,7.07,0.84,3.48
2019-10-14,801770,38.87,2.76,0.46
2019-10-14,801760,36.86,2.22,0.79
2019-10-14,801750,57.14,3.83,0.35
2019-10-14,801890,26.76,2.06,0.97
2019-10-14,801730,32.69,2.15,0.81
2019-10-14,801710,11.63,1.74,2.42
2019-10-15,801160,19.92,1.5,1.87
2019-10-15,801150,36.25,3.4,0.73
2019-10-15,801120,33.47,6.81,1.33
2019-10-15,801050,36.09,1.96,0.77
2019-10-15,801080,37.6,3.11,0.66
2019-10-15,801040,7.22,0.91,4.38
2019-10-15,801030,19.2,1.81,1.78
2019-10-15,801010,38.81,3.74,1.18
2019-10-15,801170,17.88,1.49,1.63
2019-10-15,801110,16.1,3.22,2.52
2019-10-15,801180,9.44,1.35,2.98
2019-10-15,801880,17.49,1.51,2.2
2019-10-15,801790,16.83,1.92,1.51
2019-10-15,801780,7.08,0.84,3.47
2019-10-15,801770,38.0,2.7,0.47
2019-10-15,801760,36.42,2.2,0.8
2019-10-15,801890,26.5,2.04,0.98
2019-10-15,801730,32.27,2.12,0.82
2019-10-15,801710,11.52,1.72,2.44
2019-10-15,801750,55.5,3.72,0.36
2019-10-16,801160,19.87,1.49,1.87
2019-10-16,801150,36.43,3.42,0.72
2019-10-16,801120,32.77,6.55,1.35
2019-10-16,801050,35.67,1.94,0.78
2019-10-16,801080,37.3,3.09,0.66
2019-10-16,801040,7.18,0.91,4.4
2019-10-16,801030,19.14,1.81,1.8
2019-10-16,801010,38.35,3.7,1.2
2019-10-16,801170,17.78,1.48,1.64
2019-10-16,801110,16.14,3.23,2.51
2019-10-16,801180,9.49,1.36,2.96
2019-10-16,801880,17.39,1.5,2.21
2019-10-16,801790,16.82,1.92,1.52
2019-10-16,801780,7.05,0.84,3.48
2019-10-16,801760,36.4,2.2,0.8
2019-10-16,801770,37.73,2.68,0.47
2019-10-16,801730,31.65,2.09,0.83
2019-10-16,801890,26.28,2.02,0.99
2019-10-16,801710,11.54,1.73,2.44
2019-10-16,801750,55.58,3.72,0.36
2019-10-17,801160,19.84,1.49,1.88
2019-10-17,801150,36.71,3.49,0.7
2019-10-17,801120,32.94,6.58,1.35
2019-10-17,801010,38.29,3.69,1.2
2019-10-17,801080,37.49,3.1,0.66
2019-10-17,801050,35.73,1.94,0.78
2019-10-17,801040,7.16,0.9,4.42
2019-10-17,801030,19.08,1.8,1.79
2019-10-17,801170,17.78,1.48,1.64
2019-10-17,801110,16.01,3.2,2.53
2019-10-17,801180,9.44,1.35,2.97
2019-10-17,801710,11.5,1.72,2.45
2019-10-17,801890,26.25,2.02,0.99
2019-10-17,801880,17.39,1.5,2.21
2019-10-17,801790,16.85,1.93,1.51
2019-10-17,801770,37.79,2.68,0.47
2019-10-17,801780,7.04,0.84,3.49
2019-10-17,801750,55.76,3.73,0.36
2019-10-17,801730,31.49,2.08,0.83
2019-10-17,801760,36.59,2.21,0.8
2019-10-18,801160,19.67,1.48,1.89
2019-10-18,801150,36.57,3.48,0.7
2019-10-18,801120,32.62,6.51,1.36
2019-10-18,801170,17.52,1.46,1.66
2019-10-18,801080,36.64,3.03,0.68
2019-10-18,801050,35.11,1.9,0.79
2019-10-18,801040,7.1,0.9,4.46
2019-10-18,801030,18.86,1.78,1.81
2019-10-18,801010,38.43,3.7,1.19
2019-10-18,801110,15.86,3.17,2.56
2019-10-18,801180,9.28,1.32,3.03
2019-10-18,801890,25.88,1.99,1.01
2019-10-18,801880,17.16,1.48,2.24
2019-10-18,801790,16.49,1.89,1.55
2019-10-18,801780,6.93,0.82,3.54
2019-10-18,801770,37.42,2.66,0.47
2019-10-18,801760,36.24,2.19,0.81
2019-10-18,801730,31.01,2.04,0.85
2019-10-18,801710,11.36,1.7,2.48
2019-10-18,801750,54.81,3.66,0.36
2019-10-21,801160,19.55,1.47,1.9
2019-10-21,801150,36.12,3.43,0.71
2019-10-21,801120,32.56,6.5,1.37
2019-10-21,801050,35.07,1.9,0.79
2019-10-21,801080,36.67,3.03,0.68
2019-10-21,801040,7.08,0.89,4.47
2019-10-21,801030,18.8,1.77,1.81
2019-10-21,801010,39.74,3.82,1.15
2019-10-21,801170,17.48,1.46,1.67
2019-10-21,801110,16.02,3.2,2.53
2019-10-21,801180,9.42,1.34,2.98
2019-10-21,801880,17.04,1.47,2.26
2019-10-21,801790,16.53,1.89,1.54
2019-10-21,801780,7.01,0.83,3.5
2019-10-21,801770,37.13,2.63,0.48
2019-10-21,801760,35.96,2.17,0.81
2019-10-21,801890,25.81,1.99,1.01
2019-10-21,801730,30.91,2.04,0.85
2019-10-21,801710,11.36,1.69,2.48
2019-10-21,801750,54.71,3.66,0.38
2019-10-22,801150,36.67,3.49,0.7
2019-10-22,801120,32.71,6.53,1.36
2019-10-22,801110,16.17,3.23,2.51
2019-10-22,801040,7.11,0.9,4.45
2019-10-22,801050,35.45,1.92,0.78
2019-10-22,801030,18.94,1.79,1.8
2019-10-22,801010,39.92,3.82,1.15
2019-10-22,801160,19.65,1.48,1.89
2019-10-22,801080,37.34,3.07,0.66
2019-10-22,801170,17.58,1.47,1.66
2019-10-22,801180,9.44,1.35,2.98
2019-10-22,801890,26.04,2.01,1.0
2019-10-22,801880,17.14,1.48,2.24
2019-10-22,801790,16.6,1.89,1.53
2019-10-22,801780,6.99,0.82,3.51
2019-10-22,801770,37.53,2.66,0.47
2019-10-22,801760,36.3,2.18,0.8
2019-10-22,801750,55.94,3.74,0.37
2019-10-22,801730,31.21,2.05,0.84
2019-10-22,801710,11.39,1.69,2.47
2019-10-23,801160,19.61,1.47,1.9
2019-10-23,801150,36.13,3.43,0.71
2019-10-23,801120,32.31,6.45,1.38
2019-10-23,801050,35.21,1.9,0.79
2019-10-23,801080,37.23,3.06,0.66
2019-10-23,801040,7.05,0.89,4.54
2019-10-23,801030,18.79,1.77,1.76
2019-10-23,801010,40.14,3.76,1.14
2019-10-23,801170,17.39,1.45,1.68
2019-10-23,801110,16.1,3.22,2.52
2019-10-23,801890,25.78,1.98,1.01
2019-10-23,801880,17.03,1.47,2.26
2019-10-23,801790,16.46,1.88,1.55
2019-10-23,801780,6.98,0.82,3.51
2019-10-23,801180,9.31,1.33,3.02
2019-10-23,801760,36.35,2.18,0.8
2019-10-23,801770,37.23,2.63,0.48
2019-10-23,801730,31.13,2.05,0.84
2019-10-23,801710,11.37,1.66,2.48
2019-10-23,801750,55.42,3.7,0.37
2019-10-24,801160,19.68,1.47,1.88
2019-10-24,801150,35.92,3.4,0.72
2019-10-24,801120,31.89,6.35,1.39
2019-10-24,801170,17.26,1.44,1.69
2019-10-24,801080,37.17,3.05,0.67
2019-10-24,801050,35.1,1.89,0.79
2019-10-24,801040,7.08,0.89,4.52
2019-10-24,801030,18.75,1.76,1.77
2019-10-24,801010,40.69,3.8,1.13
2019-10-24,801110,16.03,3.2,2.53
2019-10-24,801180,9.35,1.34,3.0
2019-10-24,801890,25.71,1.97,1.01
2019-10-24,801880,17.06,1.47,2.13
2019-10-24,801790,16.52,1.88,1.54
2019-10-24,801780,7.06,0.83,3.47
2019-10-24,801770,37.01,2.62,0.48
2019-10-24,801760,36.47,2.19,0.8
2019-10-24,801730,31.11,2.05,0.84
2019-10-24,801710,11.34,1.65,2.48
2019-10-24,801750,55.15,3.68,0.37
2019-10-25,801150,36.32,3.43,0.71
2019-10-25,801120,32.43,6.46,1.37
2019-10-25,801110,15.96,3.19,2.55
2019-10-25,801040,7.11,0.9,4.5
2019-10-25,801050,35.36,1.9,0.78
2019-10-25,801030,18.86,1.76,1.76
2019-10-25,801010,42.4,3.94,1.08
2019-10-25,801160,19.71,1.47,1.88
2019-10-25,801080,37.84,3.1,0.65
2019-10-25,801170,17.35,1.45,1.68
2019-10-25,801180,9.42,1.34,2.98
2019-10-25,801890,25.88,1.98,1.0
2019-10-25,801880,17.22,1.49,2.11
2019-10-25,801790,16.47,1.85,1.55
2019-10-25,801780,7.05,0.83,3.48
2019-10-25,801760,36.69,2.2,0.79
2019-10-25,801750,55.57,3.69,0.37
2019-10-25,801770,37.37,2.64,0.47
2019-10-25,801730,31.21,2.05,0.84
2019-10-25,801710,11.39,1.64,2.47
2019-10-28,801160,19.82,1.48,1.87
2019-10-28,801150,36.8,3.45,0.7
2019-10-28,801120,32.77,6.5,1.35
2019-10-28,801170,17.52,1.46,1.66
2019-10-28,801080,38.68,3.16,0.64
2019-10-28,801050,35.89,1.93,0.77
2019-10-28,801040,7.14,0.9,4.48
2019-10-28,801030,19.08,1.77,1.71
2019-10-28,801010,42.45,3.93,1.08
2019-10-28,801110,15.98,3.2,2.54
2019-10-28,801180,9.39,1.32,2.99
2019-10-28,801890,26.12,2.01,0.99
2019-10-28,801880,17.44,1.51,2.09
2019-10-28,801790,16.66,1.87,1.53
2019-10-28,801780,7.0,0.81,3.5
2019-10-28,801760,37.68,2.26,0.77
2019-10-28,801770,38.5,2.72,0.46
2019-10-28,801730,31.63,2.07,0.83
2019-10-28,801710,11.42,1.64,2.47
2019-10-28,801750,58.91,3.91,0.35
2019-10-29,801160,19.64,1.46,1.88
2019-10-29,801150,36.79,3.43,0.7
2019-10-29,801120,33.18,6.57,1.34
2019-10-29,801170,17.24,1.43,1.69
2019-10-29,801080,37.86,3.08,0.65
2019-10-29,801050,35.27,1.89,0.78
2019-10-29,801040,7.07,0.89,4.52
2019-10-29,801030,18.86,1.75,1.73
2019-10-29,801010,43.07,3.98,1.06
2019-10-29,801110,16.22,3.24,2.5
2019-10-29,801180,9.3,1.3,3.02
2019-10-29,801880,17.27,1.49,2.11
2019-10-29,801790,16.43,1.84,1.55
2019-10-29,801780,6.98,0.81,3.49
2019-10-29,801770,37.65,2.59,0.47
2019-10-29,801760,37.15,2.23,0.78
2019-10-29,801890,25.72,1.97,1.0
2019-10-29,801730,31.15,2.04,0.84
2019-10-29,801710,11.27,1.61,2.5
2019-10-29,801750,57.0,3.79,0.36
2019-10-30,801150,36.47,3.39,0.7
2019-10-30,801120,32.81,6.49,1.35
2019-10-30,801110,16.02,3.2,2.53
2019-10-30,801040,7.01,0.87,4.56
2019-10-30,801050,34.68,1.84,0.79
2019-10-30,801030,18.67,1.73,1.74
2019-10-30,801010,43.07,3.98,1.06
2019-10-30,801160,19.54,1.44,1.89
2019-10-30,801080,37.88,3.07,0.65
2019-10-30,801170,17.18,1.41,1.7
2019-10-30,801180,9.22,1.29,3.05
2019-10-30,801890,25.42,1.94,1.02
2019-10-30,801880,17.08,1.47,2.13
2019-10-30,801790,16.38,1.83,1.55
2019-10-30,801780,6.96,0.79,3.5
2019-10-30,801760,36.8,2.2,0.79
2019-10-30,801750,56.08,3.73,0.36
2019-10-30,801770,37.16,2.54,0.48
2019-10-30,801730,30.83,2.0,0.85
2019-10-30,801710,11.22,1.6,2.51
2019-10-31,801160,19.45,1.41,1.9
2019-10-31,801150,36.6,3.39,0.7
2019-10-31,801120,33.06,6.5,1.34
2019-10-31,801170,17.07,1.39,1.71
2019-10-31,801080,37.35,3.01,0.66
2019-10-31,801050,34.5,1.84,0.8
2019-10-31,801040,6.91,0.86,4.62
2019-10-31,801030,18.58,1.71,1.75
2019-10-31,801010,41.92,3.86,1.09
2019-10-31,801110,16.29,3.08,2.49
2019-10-31,801180,9.15,1.28,3.07
2019-10-31,801880,16.9,1.44,2.15
2019-10-31,801790,16.37,1.81,1.55
2019-10-31,801780,6.92,0.77,3.52
2019-10-31,801770,37.07,2.53,0.48
2019-10-31,801760,36.35,2.17,0.8
2019-10-31,801890,25.14,1.9,1.03
2019-10-31,801730,30.62,1.98,0.85
2019-10-31,801710,11.14,1.59,2.53
2019-10-31,801750,55.01,3.65,0.37
2019-11-01,801160,18.86,1.42,1.89
2019-11-01,801150,36.2,3.44,0.69
2019-11-01,801120,32.18,6.56,1.33
2019-11-01,801050,33.68,1.87,0.79
2019-11-01,801080,37.79,3.05,0.65
2019-11-01,801040,9.11,0.87,4.6
2019-11-01,801030,19.58,1.73,1.74
2019-11-01,801010,34.65,3.82,1.1
2019-11-01,801170,16.96,1.4,1.69
2019-11-01,801110,16.68,3.29,2.34
2019-11-01,801180,9.19,1.3,3.02
2019-11-01,801880,17.99,1.47,2.11
2019-11-01,801790,15.22,1.84,1.52
2019-11-01,801780,6.93,0.79,3.37
2019-11-01,801770,36.41,2.6,0.47
2019-11-01,801760,37.89,2.19,0.78
2019-11-01,801890,24.65,1.92,1.02
2019-11-01,801730,29.5,1.99,0.84
2019-11-01,801710,10.94,1.62,2.48
2019-11-01,801750,55.95,3.71,0.37
2019-11-04,801150,36.67,3.48,0.68
2019-11-04,801120,32.43,6.61,1.32
2019-11-04,801110,16.81,3.31,2.32
2019-11-04,801040,9.07,0.86,4.62
2019-11-04,801050,33.82,1.87,0.79
2019-11-04,801030,19.66,1.73,1.73
2019-11-04,801010,34.78,3.84,1.1
2019-11-04,801160,18.91,1.43,1.88
2019-11-04,801080,38.31,3.09,0.64
2019-11-04,801170,17.18,1.42,1.67
2019-11-04,801180,9.19,1.3,3.02
2019-11-04,801880,18.06,1.48,2.1
2019-11-04,801790,15.28,1.85,1.52
2019-11-04,801780,6.97,0.8,3.35
2019-11-04,801770,36.72,2.63,0.47
2019-11-04,801760,37.79,2.18,0.79
2019-11-04,801750,56.54,3.75,0.36
2019-11-04,801890,24.68,1.92,1.02
2019-11-04,801730,29.59,2.0,0.84
2019-11-04,801710,11.12,1.65,2.44
2019-11-05,801160,18.95,1.43,1.88
2019-11-05,801150,36.75,3.49,0.68
2019-11-05,801120,32.54,6.63,1.32
2019-11-05,801050,33.94,1.88,0.79
2019-11-05,801080,38.78,3.1,0.63
2019-11-05,801040,9.11,0.86,4.6
2019-11-05,801030,19.75,1.74,1.73
2019-11-05,801010,35.17,3.88,1.09
2019-11-05,801170,17.21,1.42,1.67
2019-11-05,801110,16.85,3.32,2.31
2019-11-05,801180,9.22,1.3,3.01
2019-11-05,801880,18.08,1.48,2.1
2019-11-05,801790,15.38,1.86,1.51
2019-11-05,801780,7.05,0.81,3.3
2019-11-05,801770,36.56,2.62,0.47
2019-11-05,801760,37.85,2.19,0.78
2019-11-05,801890,24.7,1.92,1.02
2019-11-05,801730,29.86,2.02,0.83
2019-11-05,801710,11.18,1.66,2.43
2019-11-05,801750,56.88,3.77,0.36
2019-11-06,801160,18.84,1.42,1.89
2019-11-06,801150,36.54,3.47,0.68
2019-11-06,801120,32.23,6.57,1.33
2019-11-06,801050,33.86,1.88,0.79
2019-11-06,801080,38.36,3.06,0.64
2019-11-06,801040,9.14,0.87,4.58
2019-11-06,801030,19.67,1.73,1.73
2019-11-06,801010,34.25,3.77,1.11
2019-11-06,801170,17.03,1.41,1.69
2019-11-06,801110,16.82,3.32,2.32
2019-11-06,801180,9.13,1.29,3.04
2019-11-06,801880,17.97,1.47,2.11
2019-11-06,801790,15.28,1.85,1.52
2019-11-06,801780,7.07,0.81,3.29
2019-11-06,801760,37.34,2.16,0.8
2019-11-06,801770,35.92,2.57,0.48
2019-11-06,801730,29.82,2.01,0.83
2019-11-06,801890,24.53,1.91,1.02
2019-11-06,801710,11.1,1.65,2.44
2019-11-06,801750,56.0,3.71,0.37
2019-11-07,801160,18.83,1.42,1.89
2019-11-07,801150,36.9,3.5,0.68
2019-11-07,801120,32.43,6.61,1.32
2019-11-07,801010,34.56,3.84,1.09
2019-11-07,801080,38.63,3.09,0.64
2019-11-07,801050,33.77,1.87,0.79
2019-11-07,801040,9.11,0.86,4.6
2019-11-07,801030,19.78,1.74,1.72
2019-11-07,801170,17.01,1.41,1.69
2019-11-07,801110,16.83,3.32,2.32
2019-11-07,801180,9.17,1.3,3.06
2019-11-07,801710,11.16,1.65,2.43
2019-11-07,801890,24.56,1.92,1.01
2019-11-07,801880,18.12,1.49,2.09
2019-11-07,801790,15.3,1.85,1.52
2019-11-07,801770,36.06,2.58,0.48
2019-11-07,801780,7.06,0.81,3.3
2019-11-07,801750,56.66,3.75,0.36
2019-11-07,801730,29.93,2.02,0.83
2019-11-07,801760,37.74,2.18,0.79
2019-11-08,801160,18.82,1.42,1.89
2019-11-08,801150,36.77,3.49,0.68
2019-11-08,801120,32.53,6.63,1.32
2019-11-08,801170,16.97,1.4,1.69
2019-11-08,801080,38.97,3.12,0.63
2019-11-08,801050,33.74,1.86,0.79
2019-11-08,801040,9.06,0.86,4.62
2019-11-08,801030,19.69,1.74,1.73
2019-11-08,801010,33.9,3.76,1.11
2019-11-08,801110,16.81,3.32,2.32
2019-11-08,801180,9.12,1.29,3.08
2019-11-08,801890,24.42,1.9,1.02
2019-11-08,801880,18.18,1.49,2.09
2019-11-08,801790,15.16,1.83,1.53
2019-11-08,801780,6.98,0.81,3.35
2019-11-08,801770,35.85,2.56,0.48
2019-11-08,801760,37.7,2.18,0.79
2019-11-08,801730,29.87,2.02,0.83
2019-11-08,801710,11.12,1.65,2.44
2019-11-08,801750,56.61,3.75,0.36
2019-11-11,801160,18.49,1.39,1.93
2019-11-11,801150,35.92,3.41,0.7
2019-11-11,801120,32.2,6.56,1.33
2019-11-11,801050,32.92,1.82,0.81
2019-11-11,801080,38.18,3.06,0.64
2019-11-11,801040,8.85,0.84,4.73
2019-11-11,801030,19.22,1.69,1.77
2019-11-11,801010,33.4,3.71,1.13
2019-11-11,801170,16.61,1.37,1.73
2019-11-11,801110,16.19,3.2,2.41
2019-11-11,801180,8.91,1.26,3.15
2019-11-11,801880,17.89,1.47,2.12
2019-11-11,801790,14.94,1.8,1.55
2019-11-11,801780,6.87,0.79,3.41
2019-11-11,801770,34.86,2.48,0.5
2019-11-11,801760,36.91,2.13,0.8
2019-11-11,801890,23.87,1.86,1.04
2019-11-11,801730,29.24,1.98,0.85
2019-11-11,801710,10.84,1.61,2.5
2019-11-11,801750,55.12,3.66,0.37
2019-11-12,801150,36.05,3.42,0.69
2019-11-12,801120,32.33,6.59,1.32
2019-11-12,801110,15.9,3.14,2.45
2019-11-12,801040,8.85,0.84,4.73
2019-11-12,801050,32.6,1.81,0.81
2019-11-12,801030,19.28,1.7,1.76
2019-11-12,801010,33.61,3.73,1.12
2019-11-12,801160,18.48,1.39,1.93
2019-11-12,801080,38.14,3.05,0.65
2019-11-12,801170,16.64,1.38,1.73
2019-11-12,801180,8.92,1.26,3.15
2019-11-12,801890,23.97,1.87,1.04
2019-11-12,801880,17.89,1.47,2.12
2019-11-12,801790,14.97,1.81,1.56
2019-11-12,801780,6.89,0.79,3.4
2019-11-12,801770,35.01,2.49,0.5
2019-11-12,801760,37.04,2.14,0.8
2019-11-12,801750,55.02,3.65,0.37
2019-11-12,801730,29.22,1.97,0.85
2019-11-12,801710,10.9,1.61,2.49
2019-11-13,801160,18.38,1.39,1.94
2019-11-13,801150,36.36,3.45,0.69
2019-11-13,801120,32.72,6.67,1.31
2019-11-13,801050,32.68,1.81,0.81
2019-11-13,801080,38.61,3.09,0.64
2019-11-13,801040,8.76,0.83,4.78
2019-11-13,801030,19.21,1.69,1.77
2019-11-13,801010,33.31,3.69,1.13
2019-11-13,801170,16.53,1.37,1.74
2019-11-13,801110,15.89,3.14,2.45
2019-11-13,801890,23.88,1.86,1.04
2019-11-13,801880,17.77,1.46,2.13
2019-11-13,801790,14.84,1.79,1.57
2019-11-13,801780,6.85,0.79,3.42
2019-11-13,801180,8.85,1.25,3.17
2019-11-13,801760,36.85,2.13,0.81
2019-11-13,801770,35.03,2.49,0.5
2019-11-13,801730,29.12,1.97,0.85
2019-11-13,801710,10.86,1.61,2.5
2019-11-13,801750,54.88,3.64,0.37
2019-11-14,801160,18.32,1.38,1.95
2019-11-14,801150,36.72,3.49,0.68
2019-11-14,801120,32.86,6.7,1.3
2019-11-14,801170,16.51,1.36,1.74
2019-11-14,801080,39.37,3.15,0.62
2019-11-14,801050,32.6,1.81,0.82
2019-11-14,801040,8.78,0.83,4.77
2019-11-14,801030,19.27,1.7,1.77
2019-11-14,801010,33.26,3.69,1.13
2019-11-14,801110,15.97,3.15,2.44
2019-11-14,801180,8.86,1.25,3.16
2019-11-14,801890,24.05,1.88,1.03
2019-11-14,801880,17.79,1.46,2.13
2019-11-14,801790,14.84,1.79,1.57
2019-11-14,801780,6.82,0.79,3.43
2019-11-14,801770,35.56,2.52,0.49
2019-11-14,801760,36.9,2.13,0.8
2019-11-14,801730,29.23,1.98,0.84
2019-11-14,801710,10.98,1.63,2.47
2019-11-14,801750,55.72,3.7,0.37
2019-11-15,801150,36.43,3.46,0.68
2019-11-15,801120,32.65,6.65,1.31
2019-11-15,801110,15.87,3.13,2.45
2019-11-15,801040,8.81,0.84,4.75
2019-11-15,801050,32.37,1.79,0.82
2019-11-15,801030,18.99,1.68,1.79
2019-11-15,801010,32.27,3.58,1.17
2019-11-15,801160,18.17,1.37,1.93
2019-11-15,801080,38.92,3.11,0.63
2019-11-15,801170,16.4,1.35,1.75
2019-11-15,801180,8.79,1.24,3.18
2019-11-15,801890,23.79,1.86,1.04
2019-11-15,801880,17.67,1.45,2.14
2019-11-15,801790,14.75,1.78,1.58
2019-11-15,801780,6.82,0.79,3.44
2019-11-15,801760,36.76,2.12,0.81
2019-11-15,801750,55.22,3.66,0.37
2019-11-15,801770,34.97,2.48,0.5
2019-11-15,801730,28.85,1.95,0.85
2019-11-15,801710,10.79,1.6,2.52
2019-11-18,801160,18.28,1.38,1.92
2019-11-18,801150,36.68,3.48,0.68
2019-11-18,801120,32.66,6.66,1.31
2019-11-18,801170,16.52,1.36,1.74
2019-11-18,801080,38.93,3.13,0.63
2019-11-18,801050,32.55,1.8,0.82
2019-11-18,801040,8.96,0.85,4.67
2019-11-18,801030,19.14,1.69,1.78
2019-11-18,801010,32.57,3.61,1.16
2019-11-18,801110,15.92,3.14,2.44
2019-11-18,801180,8.84,1.25,3.16
2019-11-18,801890,24.03,1.87,1.04
2019-11-18,801880,17.76,1.46,2.13
2019-11-18,801790,14.92,1.8,1.52
2019-11-18,801780,6.9,0.8,3.39
2019-11-18,801760,37.21,2.15,0.8
2019-11-18,801770,35.25,2.5,0.49
2019-11-18,801730,29.09,1.97,0.85
2019-11-18,801710,11.04,1.63,2.46
2019-11-18,801750,55.66,3.69,0.37
2019-11-19,801160,18.47,1.39,1.9
2019-11-19,801150,37.39,3.54,0.67
2019-11-19,801120,32.93,6.71,1.3
2019-11-19,801010,32.89,3.65,1.15
2019-11-19,801080,39.58,3.18,0.62
2019-11-19,801050,33.15,1.84,0.8
2019-11-19,801040,9.08,0.86,4.61
2019-11-19,801030,19.41,1.71,1.75
2019-11-19,801170,16.73,1.38,1.73
2019-11-19,801180,8.97,1.27,3.12
2019-11-19,801110,16.17,3.19,2.41
2019-11-19,801880,17.97,1.47,2.11
2019-11-19,801790,14.99,1.81,1.51
2019-11-19,801780,6.89,0.8,3.37
2019-11-19,801770,36.03,2.56,0.48
2019-11-19,801760,38.75,2.24,0.77
2019-11-19,801890,24.45,1.91,1.02
2019-11-19,801730,29.74,2.02,0.83
2019-11-19,801710,11.35,1.67,2.39
2019-11-19,801750,56.82,3.77,0.36
2019-11-20,801160,18.36,1.38,1.92
2019-11-20,801150,37.33,3.54,0.67
2019-11-20,801120,32.92,6.71,1.3
2019-11-20,801050,33.43,1.85,0.79
2019-11-20,801080,39.03,3.14,0.63
2019-11-20,801040,9.05,0.86,4.63
2019-11-20,801030,19.32,1.7,1.76
2019-11-20,801170,16.64,1.37,1.74
2019-11-20,801110,15.99,3.16,2.43
2019-11-20,801180,8.91,1.26,3.14
2019-11-20,801010,32.46,3.6,1.16
2019-11-20,801890,24.21,1.89,1.03
2019-11-20,801880,17.81,1.46,2.12
2019-11-20,801790,14.79,1.79,1.53
2019-11-20,801780,6.77,0.78,3.44
2019-11-20,801770,35.69,2.53,0.49
2019-11-20,801760,38.53,2.22,0.77
2019-11-20,801730,29.46,2.0,0.84
2019-11-20,801710,11.24,1.66,2.42
2019-11-20,801750,56.61,3.76,0.36
2019-11-21,801170,16.61,1.37,1.74
2019-11-21,801160,18.41,1.38,1.92
2019-11-21,801150,36.92,3.5,0.68
2019-11-21,801080,39.04,3.14,0.63
2019-11-21,801110,15.75,3.11,2.47
2019-11-21,801050,33.25,1.84,0.8
2019-11-21,801040,9.1,0.86,4.6
2019-11-21,801030,19.36,1.71,1.76
2019-11-21,801180,8.9,1.26,3.14
2019-11-21,801120,32.82,6.69,1.31
2019-11-21,801010,32.32,3.59,1.17
2019-11-21,801890,24.26,1.89,1.03
2019-11-21,801880,17.78,1.46,2.13
2019-11-21,801790,14.66,1.77,1.54
2019-11-21,801770,35.55,2.52,0.49
2019-11-21,801780,6.75,0.78,3.45
2019-11-21,801750,56.51,3.75,0.36
2019-11-21,801730,29.62,2.01,0.83
2019-11-21,801710,11.25,1.66,2.41
2019-11-21,801760,38.52,2.22,0.77
2019-11-22,801160,18.38,1.38,1.92
2019-11-22,801150,35.78,3.39,0.7
2019-11-22,801120,32.0,6.52,1.34
2019-11-22,801170,16.52,1.36,1.75
2019-11-22,801080,38.2,3.07,0.64
2019-11-22,801050,33.4,1.85,0.79
2019-11-22,801040,9.23,0.88,4.54
2019-11-22,801030,19.32,1.71,1.76
2019-11-22,801110,15.59,3.08,2.5
2019-11-22,801180,8.89,1.26,3.15
2019-11-22,801010,31.89,3.54,1.18
2019-11-22,801890,24.19,1.89,1.03
2019-11-22,801880,17.75,1.45,2.13
2019-11-22,801790,14.53,1.75,1.56
2019-11-22,801780,6.73,0.78,3.46
2019-11-22,801770,35.19,2.49,0.49
2019-11-22,801760,37.91,2.19,0.78
2019-11-22,801730,29.66,2.01,0.83
2019-11-22,801710,11.29,1.67,2.4
2019-11-22,801750,55.47,3.68,0.37
2019-11-25,801160,18.57,1.39,1.9
2019-11-25,801120,31.84,6.49,1.35
2019-11-25,801050,33.8,1.87,0.79
2019-11-25,801080,37.39,3.01,0.66
2019-11-25,801170,16.61,1.37,1.73
2019-11-25,801040,9.66,0.92,4.34
2019-11-25,801030,19.55,1.73,1.74
2019-11-25,801010,31.58,3.5,1.2
2019-11-25,801110,15.77,3.12,2.47
2019-11-25,801180,9.12,1.29,3.07
2019-11-25,801150,35.48,3.36,0.7
2019-11-25,801890,24.3,1.9,1.03
2019-11-25,801880,18.04,1.48,2.1
2019-11-25,801790,14.62,1.77,1.55
2019-11-25,801780,6.81,0.79,3.42
2019-11-25,801770,34.69,2.46,0.5
2019-11-25,801760,37.55,2.16,0.79
2019-11-25,801730,29.71,2.01,0.83
2019-11-25,801710,11.72,1.73,2.32
2019-11-25,801750,54.03,3.58,0.38
2019-11-26,801170,16.64,1.38,1.73
2019-11-26,801160,18.57,1.39,1.9
2019-11-26,801150,35.67,3.38,0.7
2019-11-26,801080,37.89,3.05,0.65
2019-11-26,801110,15.83,3.13,2.46
2019-11-26,801050,33.98,1.89,0.78
2019-11-26,801040,9.39,0.89,4.46
2019-11-26,801030,19.54,1.72,1.74
2019-11-26,801180,9.08,1.28,3.08
2019-11-26,801120,32.06,6.53,1.34
2019-11-26,801010,31.84,3.53,1.19
2019-11-26,801890,24.31,1.9,1.03
2019-11-26,801880,18.07,1.48,2.1
2019-11-26,801790,14.6,1.76,1.55
2019-11-26,801780,6.76,0.78,3.44
2019-11-26,801770,34.77,2.46,0.5
2019-11-26,801750,54.11,3.58,0.38
2019-11-26,801730,29.95,2.03,0.82
2019-11-26,801710,11.58,1.71,2.34
2019-11-26,801760,37.57,2.17,0.79
2019-11-27,801170,16.5,1.36,1.74
2019-11-27,801160,18.51,1.39,1.91
2019-11-27,801150,35.44,3.36,0.7
2019-11-27,801080,38.62,3.11,0.64
2019-11-27,801110,15.54,3.07,2.51
2019-11-27,801050,34.01,1.89,0.77
2019-11-27,801040,9.43,0.9,4.44
2019-11-27,801030,19.51,1.72,1.75
2019-11-27,801180,9.03,1.28,3.1
2019-11-27,801120,32.15,6.55,1.33
2019-11-27,801010,31.74,3.52,1.19
2019-11-27,801890,24.3,1.9,1.03
2019-11-27,801880,18.02,1.48,2.1
2019-11-27,801790,14.51,1.75,1.56
2019-11-27,801770,34.94,2.47,0.5
2019-11-27,801780,6.77,0.78,3.44
2019-11-27,801750,54.09,3.58,0.38
2019-11-27,801730,29.79,2.02,0.83
2019-11-27,801710,11.57,1.71,2.35
2019-11-27,801760,37.31,2.15,0.8
2019-11-28,801160,18.48,1.38,1.91
2019-11-28,801150,35.49,3.36,0.7
2019-11-28,801120,31.92,6.5,1.34
2019-11-28,801170,16.5,1.36,1.74
2019-11-28,801080,38.66,3.11,0.63
2019-11-28,801050,33.7,1.87,0.78
2019-11-28,801040,9.26,0.88,4.52
2019-11-28,801030,19.48,1.72,1.75
2019-11-28,801110,15.63,3.09,2.49
2019-11-28,801180,8.96,1.27,3.12
2019-11-28,801010,31.76,3.52,1.19
2019-11-28,801890,24.22,1.89,1.03
2019-11-28,801880,17.87,1.46,2.12
2019-11-28,801790,14.46,1.75,1.56
2019-11-28,801780,6.75,0.78,3.45
2019-11-28,801770,34.79,2.46,0.5
2019-11-28,801760,37.09,2.13,0.8
2019-11-28,801730,29.71,2.01,0.83
2019-11-28,801710,11.55,1.71,2.35
2019-11-28,801750,53.78,3.56,0.38
2019-11-29,801160,18.49,1.38,1.91
2019-11-29,801120,31.06,6.33,1.38
2019-11-29,801110,15.45,3.05,2.52
2019-11-29,801040,9.27,0.88,4.52
2019-11-29,801050,33.51,1.84,0.78
2019-11-29,801170,16.43,1.36,1.75
2019-11-29,801030,19.45,1.72,1.75
2019-11-29,801010,31.43,3.49,1.2
2019-11-29,801080,38.85,3.12,0.63
2019-11-29,801180,8.94,1.26,3.13
2019-11-29,801150,34.84,3.3,0.72
2019-11-29,801890,24.16,1.88,1.03
2019-11-29,801790,14.43,1.74,1.57
2019-11-29,801780,6.7,0.77,3.45
2019-11-29,801770,34.87,2.46,0.5
2019-11-29,801760,37.2,2.14,0.8
2019-11-29,801880,17.96,1.47,2.11
2019-11-29,801730,29.87,2.03,0.82
2019-11-29,801710,11.4,1.68,2.38
2019-11-29,801750,54.04,3.58,0.38
2019-12-02,801160,18.5,1.38,1.92
2019-12-02,801120,31.15,6.34,1.38
2019-12-02,801050,33.49,1.84,0.79
2019-12-02,801080,39.23,3.16,0.62
2019-12-02,801040,9.3,0.88,4.51
2019-12-02,801030,19.51,1.72,1.75
2019-12-02,801010,31.88,3.54,1.18
2019-12-02,801170,16.47,1.36,1.75
2019-12-02,801110,15.49,3.06,2.52
2019-12-02,801180,9.07,1.28,3.09
2019-12-02,801150,34.44,3.26,0.72
2019-12-02,801890,24.22,1.88,1.03
2019-12-02,801880,17.96,1.47,2.11
2019-12-02,801790,14.46,1.75,1.56
2019-12-02,801780,6.71,0.77,3.45
2019-12-02,801770,34.82,2.46,0.5
2019-12-02,801760,37.53,2.16,0.79
2019-12-02,801730,29.93,2.03,0.82
2019-12-02,801710,11.51,1.7,2.36
2019-12-02,801750,54.24,3.59,0.38
2019-12-03,801160,18.56,1.39,1.91
2019-12-03,801120,31.06,6.32,1.38
2019-12-03,801050,33.81,1.85,0.78
2019-12-03,801080,39.68,3.19,0.62
2019-12-03,801170,16.51,1.37,1.74
2019-12-03,801040,9.24,0.88,4.54
2019-12-03,801030,19.6,1.73,1.74
2019-12-03,801010,31.77,3.52,1.19
2019-12-03,801110,15.79,3.12,2.47
2019-12-03,801180,9.1,1.29,3.07
2019-12-03,801150,34.43,3.26,0.72
2019-12-03,801890,24.35,1.89,1.03
2019-12-03,801880,18.19,1.49,2.08
2019-12-03,801790,14.58,1.76,1.55
2019-12-03,801780,6.77,0.78,3.43
2019-12-03,801770,35.05,2.47,0.5
2019-12-03,801760,37.55,2.16,0.79
2019-12-03,801730,30.06,2.04,0.82
2019-12-03,801710,11.48,1.7,2.36
2019-12-03,801750,54.54,3.61,0.38
2019-12-04,801170,16.49,1.36,1.74
2019-12-04,801160,18.56,1.39,1.91
2019-12-04,801150,34.57,3.27,0.72
2019-12-04,801080,39.76,3.2,0.62
2019-12-04,801110,16.04,3.17,2.43
2019-12-04,801050,34.53,1.89,0.76
2019-12-04,801040,9.26,0.88,4.51
2019-12-04,801030,19.6,1.73,1.74
2019-12-04,801180,9.05,1.28,3.09
2019-12-04,801120,31.18,6.34,1.38
2019-12-04,801010,31.59,3.5,1.19
2019-12-04,801890,24.38,1.9,1.02
2019-12-04,801880,18.12,1.48,2.08
2019-12-04,801790,14.54,1.76,1.56
2019-12-04,801780,6.73,0.77,3.45
2019-12-04,801770,34.88,2.46,0.5
2019-12-04,801750,54.57,3.61,0.38
2019-12-04,801730,29.91,2.02,0.82
2019-12-04,801710,11.37,1.68,2.38
2019-12-04,801760,37.49,2.16,0.79
2019-12-05,801160,18.6,1.39,1.9
2019-12-05,801120,31.23,6.35,1.37
2019-12-05,801050,34.54,1.89,0.76
2019-12-05,801080,40.6,3.27,0.6
2019-12-05,801170,16.61,1.37,1.73
2019-12-05,801040,9.29,0.88,4.5
2019-12-05,801030,19.8,1.74,1.72
2019-12-05,801010,31.62,3.51,1.19
2019-12-05,801110,16.07,3.17,2.43
2019-12-05,801150,34.96,3.31,0.71
2019-12-05,801180,9.05,1.29,3.09
2019-12-05,801890,24.7,1.92,1.01
2019-12-05,801880,18.28,1.5,2.07
2019-12-05,801790,14.72,1.78,1.53
2019-12-05,801770,35.56,2.56,0.49
2019-12-05,801760,37.88,2.18,0.79
2019-12-05,801780,6.77,0.78,3.43
2019-12-05,801730,30.36,2.05,0.81
2019-12-05,801710,11.51,1.7,2.36
2019-12-05,801750,55.61,3.68,0.37
2019-12-06,801170,16.75,1.39,1.72
2019-12-06,801160,18.63,1.39,1.9
2019-12-06,801150,35.16,3.33,0.71
2019-12-06,801180,9.09,1.29,3.07
2019-12-06,801110,16.18,3.19,2.41
2019-12-06,801080,41.24,3.31,0.59
2019-12-06,801050,34.52,1.89,0.76
2019-12-06,801040,9.31,0.88,4.49
2019-12-06,801030,19.89,1.75,1.72
2019-12-06,801120,31.97,6.5,1.34
2019-12-06,801010,31.62,3.51,1.19
2019-12-06,801890,24.86,1.94,1.0
2019-12-06,801880,18.24,1.49,2.07
2019-12-06,801790,14.76,1.78,1.53
2019-12-06,801780,6.77,0.78,3.43
2019-12-06,801770,35.9,2.58,0.48
2019-12-06,801750,55.93,3.7,0.37
2019-12-06,801730,30.64,2.07,0.8
2019-12-06,801710,11.56,1.71,2.35
2019-12-06,801760,38.49,2.22,0.77
2019-12-09,801170,16.68,1.38,1.72
2019-12-09,801160,18.68,1.4,1.89
2019-12-09,801150,34.64,3.28,0.73
2019-12-09,801080,41.17,3.3,0.59
2019-12-09,801110,16.24,3.21,2.4
2019-12-09,801050,34.57,1.89,0.76
2019-12-09,801040,9.54,0.91,4.38
2019-12-09,801030,20.0,1.76,1.71
2019-12-09,801180,9.25,1.31,3.02
2019-12-09,801120,31.82,6.47,1.3
2019-12-09,801010,31.44,3.49,1.2
2019-12-09,801890,24.96,1.95,1.0
2019-12-09,801880,18.21,1.49,2.07
2019-12-09,801790,14.67,1.77,1.54
2019-12-09,801770,35.99,2.59,0.48
2019-12-09,801780,6.76,0.78,3.43
2019-12-09,801750,56.81,3.76,0.36
2019-12-09,801730,30.67,2.07,0.8
2019-12-09,801710,11.73,1.73,2.31
2019-12-09,801760,38.61,2.23,0.77
2019-12-10,801160,18.62,1.39,1.9
2019-12-10,801150,34.91,3.31,0.72
2019-12-10,801170,16.67,1.38,1.73
2019-12-10,801010,30.71,3.41,1.23
2019-12-10,801080,41.86,3.37,0.58
2019-12-10,801050,34.92,1.91,0.75
2019-12-10,801040,9.48,0.9,4.41
2019-12-10,801030,20.07,1.77,1.7
2019-12-10,801110,16.32,3.22,2.39
2019-12-10,801180,9.24,1.31,3.03
2019-12-10,801120,31.86,6.48,1.3
2019-12-10,801890,25.12,1.96,1.0
2019-12-10,801880,18.27,1.5,2.07
2019-12-10,801790,14.66,1.77,1.54
2019-12-10,801780,6.74,0.77,3.42
2019-12-10,801770,36.32,2.6,0.48
2019-12-10,801760,39.03,2.25,0.76
2019-12-10,801730,30.68,2.07,0.8
2019-12-10,801710,11.75,1.74,2.31
2019-12-10,801750,57.59,3.81,0.36
2019-12-11,801160,18.63,1.39,1.9
2019-12-11,801150,34.82,3.3,0.72
2019-12-11,801120,31.6,6.43,1.31
2019-12-11,801050,34.72,1.9,0.76
2019-12-11,801080,41.22,3.32,0.59
2019-12-11,801040,9.57,0.91,4.37
2019-12-11,801030,20.05,1.77,1.7
2019-12-11,801010,30.39,3.37,1.24
2019-12-11,801170,16.72,1.38,1.72
2019-12-11,801110,16.19,3.19,2.41
2019-12-11,801180,9.28,1.32,3.02
2019-12-11,801880,18.43,1.51,2.05
2019-12-11,801790,14.72,1.78,1.53
2019-12-11,801780,6.81,0.78,3.38
2019-12-11,801770,36.11,2.59,0.48
2019-12-11,801760,38.92,2.24,0.76
2019-12-11,801890,25.2,1.97,1.0
2019-12-11,801730,30.51,2.06,0.81
2019-12-11,801710,11.82,1.75,2.3
2019-12-11,801750,57.36,3.79,0.36
2019-12-12,801160,18.6,1.39,1.9
2019-12-12,801150,34.91,3.28,0.72
2019-12-12,801120,31.32,6.37,1.32
2019-12-12,801050,34.78,1.91,0.76
2019-12-12,801080,41.41,3.33,0.59
2019-12-12,801040,9.49,0.9,4.4
2019-12-12,801030,20.07,1.77,1.7
2019-12-12,801010,30.4,3.37,1.24
2019-12-12,801170,16.67,1.38,1.73
2019-12-12,801110,16.17,3.19,2.41
2019-12-12,801180,9.22,1.31,3.04
2019-12-12,801880,18.41,1.51,2.05
2019-12-12,801790,14.68,1.77,1.54
2019-12-12,801780,6.79,0.78,3.39
2019-12-12,801770,36.33,2.6,0.48
2019-12-12,801760,38.69,2.23,0.77
2019-12-12,801890,25.03,1.95,1.01
2019-12-12,801730,30.45,2.05,0.81
2019-12-12,801710,11.66,1.72,2.33
2019-12-12,801750,57.36,3.79,0.36
2019-12-13,801150,35.43,3.33,0.71
2019-12-13,801120,31.87,6.48,1.3
2019-12-13,801110,16.64,3.28,2.35
2019-12-13,801040,9.6,0.91,4.35
2019-12-13,801050,34.99,1.92,0.75
2019-12-13,801030,20.27,1.79,1.7
2019-12-13,801010,30.67,3.4,1.23
2019-12-13,801160,18.78,1.4,1.88
2019-12-13,801080,42.04,3.38,0.58
2019-12-13,801170,16.92,1.4,1.7
2019-12-13,801180,9.34,1.32,3.0
2019-12-13,801890,25.37,1.97,1.0
2019-12-13,801880,18.58,1.52,2.03
2019-12-13,801790,15.23,1.84,1.51
2019-12-13,801780,6.93,0.8,3.33
2019-12-13,801760,39.28,2.25,0.75
2019-12-13,801750,58.38,3.85,0.35
2019-12-13,801770,36.61,2.62,0.47
2019-12-13,801730,30.92,2.08,0.8
2019-12-13,801710,11.82,1.75,2.3
2019-12-16,801160,18.99,1.42,1.86
2019-12-16,801150,35.68,3.35,0.71
2019-12-16,801120,31.66,6.44,1.31
2019-12-16,801170,17.08,1.41,1.68
2019-12-16,801080,43.53,3.5,0.56
2019-12-16,801050,35.28,1.93,0.75
2019-12-16,801040,9.67,0.92,4.32
2019-12-16,801030,20.56,1.81,1.67
2019-12-16,801010,30.61,3.4,1.23
2019-12-16,801110,16.69,3.29,2.34
2019-12-16,801180,9.47,1.34,2.95
2019-12-16,801880,18.81,1.54,2.01
2019-12-16,801790,15.29,1.85,1.5
2019-12-16,801780,6.91,0.79,3.33
2019-12-16,801770,37.34,2.67,0.46
2019-12-16,801760,40.25,2.31,0.73
2019-12-16,801890,25.65,2.0,0.99
2019-12-16,801730,31.39,2.12,0.78
2019-12-16,801710,11.92,1.76,2.28
2019-12-16,801750,59.98,3.96,0.34
2019-12-17,801160,19.16,1.43,1.84
2019-12-17,801150,35.99,3.38,0.7
2019-12-17,801120,32.07,6.53,1.29
2019-12-17,801050,36.19,1.98,0.73
2019-12-17,801080,44.34,3.57,0.55
2019-12-17,801040,9.74,0.93,4.29
2019-12-17,801030,20.81,1.83,1.66
2019-12-17,801010,31.24,3.47,1.21
2019-12-17,801170,17.24,1.42,1.67
2019-12-17,801110,16.85,3.32,2.32
2019-12-17,801180,9.66,1.37,2.89
2019-12-17,801880,18.97,1.55,1.99
2019-12-17,801790,15.56,1.88,1.47
2019-12-17,801780,7.02,0.81,3.29
2019-12-17,801770,37.88,2.71,0.45
2019-12-17,801760,40.69,2.34,0.73
2019-12-17,801890,25.9,2.02,0.97
2019-12-17,801730,31.77,2.14,0.77
2019-12-17,801710,11.99,1.77,2.26
2019-12-17,801750,60.28,3.98,0.34
2019-12-18,801150,35.67,3.35,0.71
2019-12-18,801120,32.04,6.52,1.29
2019-12-18,801110,16.84,3.32,2.32
2019-12-18,801040,9.71,0.92,4.3
2019-12-18,801050,36.25,1.99,0.73
2019-12-18,801030,20.83,1.82,1.66
2019-12-18,801010,31.07,3.45,1.21
2019-12-18,801160,19.06,1.42,1.85
2019-12-18,801080,44.3,3.56,0.55
2019-12-18,801170,17.19,1.42,1.67
2019-12-18,801180,9.62,1.36,2.9
2019-12-18,801890,26.07,2.03,0.97
2019-12-18,801880,18.97,1.55,1.99
2019-12-18,801790,15.59,1.88,1.48
2019-12-18,801780,7.03,0.81,3.28
2019-12-18,801760,41.44,2.38,0.71
2019-12-18,801750,60.15,3.98,0.34
2019-12-18,801770,38.11,2.73,0.45
2019-12-18,801730,31.64,2.13,0.78
2019-12-18,801710,11.94,1.76,2.27
2019-12-19,801160,19.18,1.43,1.84
2019-12-19,801150,35.86,3.37,0.7
2019-12-19,801120,31.8,6.47,1.3
2019-12-19,801080,43.67,3.52,0.56
2019-12-19,801050,36.32,1.99,0.73
2019-12-19,801040,9.71,0.92,4.3
2019-12-19,801030,20.94,1.84,1.66
2019-12-19,801170,17.33,1.43,1.66
2019-12-19,801110,16.91,3.32,2.31
2019-12-19,801010,31.1,3.45,1.21
2019-12-19,801890,26.11,2.03,0.97
2019-12-19,801880,19.02,1.56,1.98
2019-12-19,801790,15.53,1.88,1.48
2019-12-19,801180,9.68,1.37,2.88
2019-12-19,801770,38.19,2.73,0.45
2019-12-19,801780,7.04,0.81,3.28
2019-12-19,801750,60.27,3.98,0.34
2019-12-19,801730,31.8,2.14,0.77
2019-12-19,801710,12.01,1.77,2.26
2019-12-19,801760,41.92,2.41,0.71
2019-12-20,801160,19.08,1.43,1.85
2019-12-20,801150,35.55,3.34,0.71
2019-12-20,801120,31.65,6.44,1.31
2019-12-20,801170,17.3,1.43,1.67
2019-12-20,801080,43.13,3.47,0.56
2019-12-20,801050,35.92,1.97,0.73
2019-12-20,801040,9.6,0.91,4.35
2019-12-20,801030,20.81,1.82,1.67
2019-12-20,801010,31.53,3.49,1.19
2019-12-20,801110,16.84,3.3,2.32
2019-12-20,801180,9.74,1.38,2.86
2019-12-20,801890,25.87,2.01,0.98
2019-12-20,801880,19.02,1.56,1.98
2019-12-20,801790,15.54,1.88,1.48
2019-12-20,801780,7.03,0.81,3.28
2019-12-20,801770,37.35,2.67,0.46
2019-12-20,801750,58.76,3.88,0.35
2019-12-20,801730,31.44,2.12,0.78
2019-12-20,801710,11.99,1.77,2.27
2019-12-20,801760,41.26,2.37,0.71
2019-12-23,801160,18.78,1.4,1.88
2019-12-23,801150,35.19,3.31,0.72
2019-12-23,801120,31.52,6.41,1.31
2019-12-23,801050,35.53,1.95,0.74
2019-12-23,801080,42.03,3.36,0.58
2019-12-23,801040,9.42,0.89,4.38
2019-12-23,801030,20.57,1.8,1.69
2019-12-23,801010,30.68,3.4,1.23
2019-12-23,801170,17.02,1.41,1.69
2019-12-23,801110,16.74,3.28,2.33
2019-12-23,801180,9.53,1.36,2.92
2019-12-23,801880,18.76,1.54,2.01
2019-12-23,801790,15.21,1.84,1.52
2019-12-23,801780,6.96,0.8,3.31
2019-12-23,801770,36.37,2.6,0.47
2019-12-23,801760,40.11,2.3,0.74
2019-12-23,801890,25.44,1.99,0.99
2019-12-23,801730,30.92,2.08,0.79
2019-12-23,801710,12.06,1.78,2.26
2019-12-23,801750,56.95,3.77,0.36
2019-12-24,801150,35.4,3.33,0.71
2019-12-24,801120,31.65,6.44,1.31
2019-12-24,801110,16.86,3.31,2.31
2019-12-24,801040,9.51,0.9,4.3
2019-12-24,801050,36.84,2.02,0.71
2019-12-24,801030,20.95,1.84,1.65
2019-12-24,801010,30.55,3.39,1.26
2019-12-24,801160,18.88,1.41,1.87
2019-12-24,801080,43.02,3.44,0.57
2019-12-24,801170,17.11,1.41,1.69
2019-12-24,801180,9.49,1.35,2.93
2019-12-24,801890,26.25,2.02,0.96
2019-12-24,801880,19.05,1.56,1.98
2019-12-24,801790,15.3,1.85,1.51
2019-12-24,801780,7.0,0.8,3.29
2019-12-24,801760,41.07,2.36,0.72
2019-12-24,801750,57.72,3.82,0.35
2019-12-24,801770,37.03,2.65,0.46
2019-12-24,801730,31.67,2.13,0.77
2019-12-24,801710,12.2,1.8,2.23
2019-12-25,801160,18.81,1.4,1.87
2019-12-25,801150,35.41,3.33,0.71
2019-12-25,801120,31.34,6.37,1.32
2019-12-25,801080,43.63,3.49,0.56
2019-12-25,801050,36.84,2.02,0.71
2019-12-25,801040,9.46,0.9,4.32
2019-12-25,801030,21.04,1.84,1.65
2019-12-25,801170,17.07,1.41,1.69
2019-12-25,801110,16.8,3.3,2.32
2019-12-25,801010,30.47,3.38,1.27
2019-12-25,801890,26.44,2.04,0.96
2019-12-25,801880,19.11,1.56,1.98
2019-12-25,801790,15.27,1.84,1.51
2019-12-25,801180,9.46,1.35,2.94
2019-12-25,801770,37.37,2.67,0.46
2019-12-25,801780,6.97,0.8,3.31
2019-12-25,801750,58.33,3.86,0.35
2019-12-25,801730,32.09,2.16,0.77
2019-12-25,801710,12.23,1.8,2.22
2019-12-25,801760,41.45,2.38,0.71
2019-12-26,801160,18.9,1.41,1.86
2019-12-26,801150,35.67,3.35,0.71
2019-12-26,801120,31.43,6.39,1.32
2019-12-26,801170,17.26,1.43,1.66
2019-12-26,801080,43.81,3.5,0.55
2019-12-26,801050,37.07,2.03,0.7
2019-12-26,801040,9.53,0.91,4.29
2019-12-26,801030,21.23,1.86,1.63
2019-12-26,801010,30.42,3.37,1.27
2019-12-26,801110,16.97,3.33,2.3
2019-12-26,801180,9.67,1.4,2.76
2019-12-26,801890,26.67,2.06,0.95
2019-12-26,801880,19.13,1.56,1.98
2019-12-26,801790,15.52,1.88,1.48
2019-12-26,801780,7.02,0.81,3.29
2019-12-26,801770,37.53,2.68,0.46
2019-12-26,801750,58.67,3.88,0.35
2019-12-26,801730,32.18,2.17,0.76
2019-12-26,801710,12.48,1.84,2.18
2019-12-26,801760,41.87,2.4,0.71
2019-12-27,801150,35.43,3.33,0.71
2019-12-27,801120,31.89,6.48,1.3
2019-12-27,801110,16.85,3.31,2.31
2019-12-27,801040,9.58,0.91,4.27
2019-12-27,801050,37.87,2.07,0.69
2019-12-27,801030,21.23,1.86,1.63
2019-12-27,801010,31.0,3.44,1.24
2019-12-27,801160,18.85,1.41,1.87
2019-12-27,801080,42.74,3.42,0.57
2019-12-27,801170,17.26,1.43,1.66
2019-12-27,801180,9.68,1.4,2.76
2019-12-27,801770,37.1,2.65,0.46
2019-12-27,801880,19.13,1.56,1.98
2019-12-27,801790,15.37,1.86,1.5
2019-12-27,801780,7.03,0.81,3.28
2019-12-27,801760,41.38,2.37,0.71
2019-12-27,801750,57.47,3.8,0.35
2019-12-27,801890,26.55,2.05,0.95
2019-12-27,801730,31.96,2.15,0.77
2019-12-27,801710,12.46,1.84,2.18
2019-12-30,801160,18.97,1.42,1.86
2019-12-30,801150,35.59,3.34,0.71
2019-12-30,801170,17.46,1.45,1.64
2019-12-30,801010,31.37,3.48,1.23
2019-12-30,801110,17.09,3.35,2.28
2019-12-30,801080,42.79,3.42,0.57
2019-12-30,801050,38.22,2.09,0.66
2019-12-30,801040,9.7,0.92,4.22
2019-12-30,801030,21.52,1.89,1.61
2019-12-30,801120,32.55,6.62,1.27
2019-12-30,801180,9.83,1.42,2.72
2019-12-30,801890,26.65,2.06,0.95
2019-12-30,801880,19.05,1.57,1.98
2019-12-30,801790,15.99,1.93,1.43
2019-12-30,801770,37.4,2.67,0.46
2019-12-30,801780,7.02,0.81,3.29
2019-12-30,801750,57.89,3.83,0.35
2019-12-30,801730,32.46,2.18,0.76
2019-12-30,801710,12.76,1.88,2.13
2019-12-30,801760,41.65,2.39,0.71
2019-12-31,801160,19.04,1.42,1.85
2019-12-31,801150,36.43,3.42,0.69
2019-12-31,801030,21.64,1.89,1.6
2019-12-31,801110,17.12,3.36,2.28
2019-12-31,801080,42.87,3.43,0.57
2019-12-31,801050,38.32,2.1,0.66
2019-12-31,801040,9.76,0.93,4.19
2019-12-31,801170,17.57,1.46,1.62
2019-12-31,801120,32.6,6.62,1.27
2019-12-31,801180,9.89,1.43,2.7
2019-12-31,801710,13.04,1.92,2.09
2019-12-31,801730,32.25,2.17,0.76
2019-12-31,801750,58.1,3.84,0.35
2019-12-31,801760,41.66,2.39,0.71
2019-12-31,801770,37.72,2.69,0.45
2019-12-31,801780,7.02,0.81,3.29
2019-12-31,801790,15.92,1.92,1.44
2019-12-31,801880,19.51,1.6,1.94
2019-12-31,801890,26.78,2.07,0.94
2019-12-31,801010,31.98,3.55,1.21
