date,industry_code,pe_ttm,pb,dividend_yield
2020-01-02,801890,27.38,2.11,0.92
2020-01-02,801010,32.83,3.64,1.18
2020-01-02,801030,21.97,1.92,1.58
2020-01-02,801040,9.85,0.94,4.15
2020-01-02,801050,38.88,2.13,0.65
2020-01-02,801080,44.32,3.54,0.55
2020-01-02,801110,17.59,3.45,2.22
2020-01-02,801120,32.11,6.52,1.29
2020-01-02,801150,36.53,3.43,0.69
2020-01-02,801160,19.22,1.43,1.83
2020-01-02,801170,17.66,1.47,1.61
2020-01-02,801880,19.88,1.63,1.9
2020-01-02,801790,16.02,1.93,1.43
2020-01-02,801780,7.13,0.82,3.23
2020-01-02,801770,38.46,2.74,0.45
2020-01-02,801760,43.48,2.49,0.68
2020-01-02,801750,59.72,3.95,0.34
2020-01-02,801180,10.0,1.45,2.68
2020-01-02,801730,33.01,2.23,0.74
2020-01-02,801710,13.27,1.96,2.05
2020-01-03,801150,36.45,3.43,0.69
2020-01-03,801120,31.48,6.4,1.31
2020-01-03,801110,17.32,3.4,2.25
2020-01-03,801040,9.82,0.93,4.17
2020-01-03,801050,39.88,2.17,0.63
2020-01-03,801030,22.09,1.93,1.57
2020-01-03,801010,33.13,3.68,1.17
2020-01-03,801160,19.27,1.44,1.83
2020-01-03,801080,44.54,3.56,0.54
2020-01-03,801170,17.59,1.46,1.61
2020-01-03,801180,9.93,1.44,2.69
2020-01-03,801890,27.39,2.11,0.92
2020-01-03,801880,19.93,1.64,1.89
2020-01-03,801790,16.03,1.94,1.43
2020-01-03,801780,7.16,0.83,3.21
2020-01-03,801760,44.07,2.53,0.67
2020-01-03,801750,60.08,3.97,0.34
2020-01-03,801770,38.91,2.77,0.44
2020-01-03,801730,33.2,2.24,0.74
2020-01-03,801710,13.14,1.94,2.07
2020-01-06,801160,19.25,1.44,1.83
2020-01-06,801150,36.26,3.41,0.69
2020-01-06,801120,31.25,6.35,1.32
2020-01-06,801170,17.43,1.45,1.63
2020-01-06,801080,45.12,3.6,0.54
2020-01-06,801050,41.19,2.24,0.61
2020-01-06,801040,9.78,0.93,4.18
2020-01-06,801030,22.2,1.94,1.56
2020-01-06,801010,33.81,3.75,1.14
2020-01-06,801110,17.11,3.36,2.28
2020-01-06,801180,9.85,1.42,2.72
2020-01-06,801880,19.93,1.64,1.89
2020-01-06,801790,15.96,1.93,1.44
2020-01-06,801780,7.11,0.82,3.24
2020-01-06,801770,39.1,2.78,0.44
2020-01-06,801760,44.59,2.56,0.66
2020-01-06,801890,27.43,2.12,0.92
2020-01-06,801730,33.59,2.27,0.73
2020-01-06,801710,13.1,1.93,2.08
2020-01-06,801750,60.73,4.02,0.33
2020-01-07,801160,19.44,1.45,1.81
2020-01-07,801150,36.84,3.46,0.68
2020-01-07,801120,31.7,6.45,1.3
2020-01-07,801050,40.93,2.22,0.61
2020-01-07,801080,45.12,3.61,0.54
2020-01-07,801040,9.98,0.95,4.1
2020-01-07,801030,22.29,1.95,1.55
2020-01-07,801010,35.08,3.89,1.1
2020-01-07,801170,17.55,1.46,1.62
2020-01-07,801110,17.38,3.41,2.24
2020-01-07,801180,9.94,1.44,2.69
2020-01-07,801880,20.21,1.66,1.86
2020-01-07,801790,16.08,1.95,1.43
2020-01-07,801780,7.15,0.83,3.22
2020-01-07,801770,39.45,2.8,0.43
2020-01-07,801760,46.0,2.64,0.64
2020-01-07,801890,27.66,2.13,0.91
2020-01-07,801730,33.96,2.29,0.72
2020-01-07,801710,13.18,1.94,2.06
2020-01-07,801750,62.02,4.1,0.33
2020-01-08,801150,36.4,3.42,0.69
2020-01-08,801120,31.58,6.42,1.31
2020-01-08,801110,17.53,3.44,2.22
2020-01-08,801040,9.77,0.93,4.19
2020-01-08,801050,40.96,2.23,0.61
2020-01-08,801030,21.97,1.92,1.57
2020-01-08,801010,34.46,3.82,1.1
2020-01-08,801160,19.18,1.44,1.83
2020-01-08,801080,44.57,3.56,0.54
2020-01-08,801170,17.28,1.44,1.64
2020-01-08,801180,9.78,1.41,2.74
2020-01-08,801880,20.39,1.67,1.84
2020-01-08,801790,15.69,1.9,1.46
2020-01-08,801780,7.03,0.81,3.27
2020-01-08,801770,38.54,2.74,0.44
2020-01-08,801760,44.81,2.57,0.66
2020-01-08,801750,60.93,4.03,0.33
2020-01-08,801890,27.31,2.11,0.92
2020-01-08,801730,33.91,2.29,0.72
2020-01-08,801710,12.96,1.91,2.1
2020-01-09,801160,19.37,1.44,1.82
2020-01-09,801150,37.29,3.51,0.67
2020-01-09,801120,32.07,6.52,1.29
2020-01-09,801050,40.41,2.2,0.62
2020-01-09,801080,45.69,3.65,0.53
2020-01-09,801040,9.81,0.93,4.17
2020-01-09,801030,22.25,1.95,1.55
2020-01-09,801010,34.53,3.83,1.09
2020-01-09,801170,17.51,1.46,1.62
2020-01-09,801110,17.8,3.49,2.19
2020-01-09,801180,9.97,1.44,2.68
2020-01-09,801880,20.63,1.69,1.82
2020-01-09,801790,15.85,1.92,1.45
2020-01-09,801780,7.07,0.82,3.26
2020-01-09,801770,39.75,2.83,0.43
2020-01-09,801760,45.55,2.61,0.62
2020-01-09,801890,27.72,2.14,0.91
2020-01-09,801730,34.47,2.33,0.71
2020-01-09,801710,13.14,1.94,2.07
2020-01-09,801750,62.81,4.16,0.32
2020-01-10,801160,19.28,1.44,1.83
2020-01-10,801150,37.42,3.52,0.67
2020-01-10,801120,32.46,6.6,1.27
2020-01-10,801050,40.14,2.18,0.62
2020-01-10,801080,45.77,3.65,0.53
2020-01-10,801040,9.74,0.93,4.2
2020-01-10,801030,22.16,1.94,1.56
2020-01-10,801010,33.8,3.75,1.12
2020-01-10,801170,17.52,1.46,1.61
2020-01-10,801110,17.87,3.51,2.18
2020-01-10,801180,9.87,1.42,2.71
2020-01-10,801880,20.45,1.68,1.84
2020-01-10,801790,15.83,1.92,1.45
2020-01-10,801780,7.07,0.82,3.26
2020-01-10,801760,45.19,2.59,0.63
2020-01-10,801770,39.69,2.82,0.43
2020-01-10,801730,34.09,2.3,0.72
2020-01-10,801890,27.65,2.13,0.91
2020-01-10,801710,13.26,1.95,2.05
2020-01-10,801750,62.63,4.14,0.32
2020-01-13,801160,19.37,1.44,1.82
2020-01-13,801150,37.67,3.54,0.66
2020-01-13,801120,33.0,6.71,1.25
2020-01-13,801010,34.03,3.77,1.11
2020-01-13,801080,47.04,3.76,0.51
2020-01-13,801050,40.47,2.2,0.62
2020-01-13,801040,9.78,0.93,4.18
2020-01-13,801030,22.49,1.97,1.53
2020-01-13,801170,17.56,1.46,1.61
2020-01-13,801110,17.91,3.52,2.17
2020-01-13,801180,9.95,1.44,2.69
2020-01-13,801710,13.21,1.95,2.06
2020-01-13,801890,27.78,2.14,0.91
2020-01-13,801880,20.89,1.72,1.8
2020-01-13,801790,16.07,1.95,1.43
2020-01-13,801770,40.19,2.86,0.43
2020-01-13,801780,7.09,0.82,3.25
2020-01-13,801750,63.82,4.22,0.32
2020-01-13,801730,34.62,2.34,0.71
2020-01-13,801760,45.51,2.61,0.62
2020-01-14,801160,19.53,1.45,1.81
2020-01-14,801150,37.46,3.52,0.67
2020-01-14,801120,32.6,6.62,1.27
2020-01-14,801170,17.52,1.46,1.61
2020-01-14,801080,46.83,3.74,0.51
2020-01-14,801050,41.13,2.24,0.61
2020-01-14,801040,9.8,0.93,4.17
2020-01-14,801030,22.55,1.98,1.53
2020-01-14,801010,34.05,3.78,1.11
2020-01-14,801110,17.91,3.51,2.18
2020-01-14,801180,9.93,1.43,2.7
2020-01-14,801890,27.91,2.15,0.91
2020-01-14,801880,20.83,1.71,1.8
2020-01-14,801790,15.98,1.94,1.44
2020-01-14,801780,7.07,0.82,3.26
2020-01-14,801770,39.77,2.83,0.43
2020-01-14,801760,45.56,2.61,0.62
2020-01-14,801730,34.49,2.33,0.71
2020-01-14,801710,13.17,1.94,2.07
2020-01-14,801750,63.12,4.18,0.32
2020-01-15,801160,19.38,1.44,1.82
2020-01-15,801150,37.6,3.54,0.67
2020-01-15,801120,32.84,6.67,1.26
2020-01-15,801050,40.42,2.2,0.62
2020-01-15,801080,47.38,3.78,0.51
2020-01-15,801040,9.7,0.92,4.21
2020-01-15,801030,22.42,1.96,1.54
2020-01-15,801010,33.52,3.72,1.12
2020-01-15,801170,17.34,1.44,1.63
2020-01-15,801110,17.75,3.48,2.19
2020-01-15,801180,9.79,1.41,2.73
2020-01-15,801880,20.68,1.7,1.81
2020-01-15,801790,15.86,1.92,1.45
2020-01-15,801780,6.99,0.81,3.29
2020-01-15,801770,39.82,2.83,0.43
2020-01-15,801760,45.19,2.59,0.63
2020-01-15,801890,27.66,2.13,0.92
2020-01-15,801730,34.32,2.32,0.71
2020-01-15,801710,13.07,1.93,2.08
2020-01-15,801750,64.06,4.24,0.32
2020-01-16,801150,37.62,3.54,0.67
2020-01-16,801120,32.84,6.67,1.26
2020-01-16,801110,17.59,3.45,2.21
2020-01-16,801040,9.62,0.92,4.24
2020-01-16,801050,40.24,2.19,0.62
2020-01-16,801030,22.37,1.96,1.54
2020-01-16,801010,33.46,3.71,1.13
2020-01-16,801160,19.25,1.43,1.83
2020-01-16,801080,47.42,3.78,0.51
2020-01-16,801170,17.23,1.43,1.58
2020-01-16,801180,9.75,1.41,2.74
2020-01-16,801890,27.66,2.13,0.92
2020-01-16,801880,20.68,1.7,1.81
2020-01-16,801790,15.76,1.91,1.46
2020-01-16,801780,6.94,0.8,3.32
2020-01-16,801770,39.64,2.82,0.43
2020-01-16,801760,44.91,2.57,0.63
2020-01-16,801750,64.27,4.25,0.31
2020-01-16,801730,34.2,2.31,0.72
2020-01-16,801710,13.01,1.92,2.09
2020-01-17,801160,19.06,1.42,1.84
2020-01-17,801150,37.92,3.57,0.66
2020-01-17,801120,32.68,6.64,1.26
2020-01-17,801050,40.16,2.19,0.62
2020-01-17,801080,46.81,3.74,0.51
2020-01-17,801040,9.61,0.91,4.25
2020-01-17,801030,22.35,1.96,1.54
2020-01-17,801010,33.22,3.69,1.13
2020-01-17,801170,17.18,1.43,1.59
2020-01-17,801110,17.74,3.48,2.19
2020-01-17,801890,27.32,2.11,0.91
2020-01-17,801880,20.78,1.7,1.8
2020-01-17,801790,15.83,1.92,1.45
2020-01-17,801780,6.94,0.8,3.32
2020-01-17,801180,9.73,1.4,2.75
2020-01-17,801760,44.67,2.56,0.63
2020-01-17,801770,39.76,2.83,0.43
2020-01-17,801730,33.98,2.3,0.72
2020-01-17,801710,13.03,1.92,2.09
2020-01-17,801750,64.62,4.28,0.31
2020-01-20,801160,19.13,1.43,1.83
2020-01-20,801150,38.63,3.64,0.65
2020-01-20,801120,32.41,6.58,1.27
2020-01-20,801170,17.24,1.43,1.58
2020-01-20,801080,48.51,3.87,0.49
2020-01-20,801050,40.32,2.19,0.62
2020-01-20,801040,9.62,0.92,4.24
2020-01-20,801030,22.57,1.98,1.53
2020-01-20,801010,33.44,3.73,1.25
2020-01-20,801110,17.82,3.5,2.18
2020-01-20,801180,9.68,1.4,2.76
2020-01-20,801890,27.64,2.14,0.9
2020-01-20,801880,20.75,1.7,1.8
2020-01-20,801790,16.03,1.94,1.41
2020-01-20,801780,6.98,0.81,3.3
2020-01-20,801770,40.49,2.89,0.42
2020-01-20,801760,44.69,2.56,0.63
2020-01-20,801730,34.74,2.35,0.7
2020-01-20,801710,13.13,1.94,2.07
2020-01-20,801750,65.5,4.31,0.31
2020-01-21,801150,39.39,3.7,0.64
2020-01-21,801120,31.64,6.44,1.3
2020-01-21,801110,17.37,3.41,2.24
2020-01-21,801040,9.42,0.9,4.33
2020-01-21,801050,39.38,2.14,0.64
2020-01-21,801030,22.31,1.95,1.55
2020-01-21,801010,32.79,3.66,1.28
2020-01-21,801160,18.93,1.41,1.85
2020-01-21,801080,48.05,3.87,0.49
2020-01-21,801170,16.96,1.41,1.6
2020-01-21,801180,9.48,1.37,2.82
2020-01-21,801890,27.18,2.1,0.91
2020-01-21,801880,20.29,1.67,1.84
2020-01-21,801790,15.69,1.9,1.44
2020-01-21,801780,6.89,0.8,3.34
2020-01-21,801760,43.92,2.52,0.65
2020-01-21,801750,64.47,4.25,0.31
2020-01-21,801770,39.54,2.82,0.43
2020-01-21,801730,34.34,2.32,0.71
2020-01-21,801710,12.75,1.88,2.13
2020-01-22,801160,18.88,1.41,1.86
2020-01-22,801150,38.78,3.64,0.64
2020-01-22,801120,31.74,6.45,1.3
2020-01-22,801170,16.92,1.41,1.61
2020-01-22,801080,49.66,4.01,0.47
2020-01-22,801050,39.56,2.15,0.63
2020-01-22,801040,9.44,0.9,4.32
2020-01-22,801030,22.47,1.97,1.54
2020-01-22,801010,32.24,3.6,1.3
2020-01-22,801110,17.35,3.41,2.24
2020-01-22,801180,9.61,1.39,2.79
2020-01-22,801890,27.37,2.11,0.91
2020-01-22,801880,20.5,1.68,1.82
2020-01-22,801790,15.72,1.9,1.44
2020-01-22,801780,6.89,0.8,3.34
2020-01-22,801760,44.04,2.52,0.64
2020-01-22,801770,39.98,2.85,0.43
2020-01-22,801730,35.15,2.37,0.7
2020-01-22,801710,12.76,1.88,2.13
2020-01-22,801750,65.39,4.31,0.31
2020-01-23,801120,30.66,6.22,1.35
2020-01-23,801150,38.1,3.58,0.66
2020-01-23,801110,16.68,3.28,2.33
2020-01-23,801160,18.38,1.37,1.91
2020-01-23,801050,38.18,2.08,0.65
2020-01-23,801040,9.14,0.87,4.46
2020-01-23,801030,21.64,1.89,1.59
2020-01-23,801010,30.71,3.43,1.36
2020-01-23,801080,47.78,3.85,0.49
2020-01-23,801170,17.09,1.38,1.66
2020-01-23,801180,9.26,1.34,2.89
2020-01-23,801880,19.83,1.63,1.88
2020-01-23,801790,15.21,1.83,1.49
2020-01-23,801780,6.72,0.78,3.43
2020-01-23,801770,38.24,2.73,0.45
2020-01-23,801760,42.46,2.44,0.67
2020-01-23,801750,62.53,4.13,0.32
2020-01-23,801890,26.35,2.03,0.94
2020-01-23,801730,34.12,2.3,0.72
2020-01-23,801710,12.31,1.81,2.21
2020-02-03,801160,16.95,1.26,2.07
2020-02-03,801150,36.85,3.46,0.68
2020-02-03,801120,28.43,5.77,1.45
2020-02-03,801050,34.67,1.89,0.72
2020-02-03,801080,43.14,3.48,0.54
2020-02-03,801040,8.25,0.79,4.95
2020-02-03,801030,19.81,1.73,1.74
2020-02-03,801010,27.86,3.11,1.5
2020-02-03,801170,15.61,1.26,1.82
2020-02-03,801110,15.24,2.99,2.55
2020-02-03,801180,8.4,1.21,3.19
2020-02-03,801880,18.03,1.48,2.07
2020-02-03,801790,13.88,1.67,1.63
2020-02-03,801780,6.28,0.73,3.66
2020-02-03,801770,34.87,2.49,0.49
2020-02-03,801760,38.66,2.22,0.73
2020-02-03,801890,23.82,1.84,1.04
2020-02-03,801730,31.61,2.14,0.77
2020-02-03,801710,11.23,1.65,2.42
2020-02-03,801750,56.74,3.75,0.35
2020-02-04,801160,17.02,1.26,2.05
2020-02-04,801150,38.23,3.59,0.65
2020-02-04,801120,28.99,5.88,1.43
2020-02-04,801050,34.81,1.89,0.71
2020-02-04,801080,44.26,3.57,0.53
2020-02-04,801040,8.34,0.79,4.9
2020-02-04,801030,20.08,1.75,1.72
2020-02-04,801010,28.51,3.18,1.47
2020-02-04,801170,15.56,1.25,1.84
2020-02-04,801110,15.89,3.12,2.45
2020-02-04,801180,8.41,1.22,3.15
2020-02-04,801880,18.26,1.5,2.04
2020-02-04,801790,14.08,1.7,1.61
2020-02-04,801780,6.41,0.74,3.59
2020-02-04,801770,35.76,2.46,0.48
2020-02-04,801760,39.41,2.26,0.72
2020-02-04,801890,23.94,1.85,1.04
2020-02-04,801730,32.41,2.19,0.75
2020-02-04,801710,11.49,1.69,2.37
2020-02-04,801750,57.85,3.82,0.35
2020-02-05,801160,17.25,1.28,2.02
2020-02-05,801150,39.94,3.75,0.63
2020-02-05,801120,29.36,5.95,1.41
2020-02-05,801050,35.69,1.94,0.7
2020-02-05,801080,44.76,3.61,0.52
2020-02-05,801040,8.45,0.8,4.84
2020-02-05,801030,20.6,1.8,1.68
2020-02-05,801170,15.97,1.29,1.79
2020-02-05,801110,16.13,3.17,2.41
2020-02-05,801180,8.48,1.23,3.12
2020-02-05,801010,29.3,3.27,1.43
2020-02-05,801890,24.34,1.88,1.02
2020-02-05,801880,18.83,1.54,1.98
2020-02-05,801790,14.18,1.71,1.6
2020-02-05,801770,36.62,2.52,0.47
2020-02-05,801760,40.49,2.32,0.7
2020-02-05,801780,6.41,0.74,3.59
2020-02-05,801730,33.34,2.26,0.73
2020-02-05,801710,11.59,1.71,2.35
2020-02-05,801750,59.57,3.93,0.34
2020-02-06,801170,16.3,1.32,1.75
2020-02-06,801160,17.6,1.31,1.98
2020-02-06,801150,41.21,3.87,0.61
2020-02-06,801180,8.58,1.24,3.08
2020-02-06,801110,16.36,3.21,2.38
2020-02-06,801080,45.89,3.7,0.51
2020-02-06,801050,36.11,1.96,0.69
2020-02-06,801040,8.49,0.81,4.81
2020-02-06,801030,21.24,1.85,1.63
2020-02-06,801120,29.93,6.07,1.39
2020-02-06,801010,30.57,3.41,1.38
2020-02-06,801890,24.89,1.92,1.0
2020-02-06,801880,19.07,1.56,1.96
2020-02-06,801790,14.45,1.74,1.57
2020-02-06,801780,6.45,0.75,3.57
2020-02-06,801770,37.93,2.61,0.45
2020-02-06,801750,62.48,4.13,0.32
2020-02-06,801730,34.14,2.31,0.72
2020-02-06,801710,11.74,1.73,2.32
2020-02-06,801760,42.71,2.45,0.66
2020-02-07,801150,40.44,3.8,0.62
2020-02-07,801120,30.22,6.13,1.37
2020-02-07,801110,16.21,3.18,2.4
2020-02-07,801040,8.55,0.81,4.78
2020-02-07,801050,36.06,1.96,0.69
2020-02-07,801030,21.34,1.86,1.62
2020-02-07,801010,30.42,3.39,1.38
2020-02-07,801160,18.05,1.34,1.94
2020-02-07,801080,46.46,3.75,0.5
2020-02-07,801170,16.29,1.31,1.76
2020-02-07,801180,8.56,1.24,3.09
2020-02-07,801890,25.08,1.94,0.99
2020-02-07,801880,19.06,1.56,1.96
2020-02-07,801790,14.44,1.74,1.57
2020-02-07,801780,6.42,0.74,3.58
2020-02-07,801760,43.82,2.51,0.65
2020-02-07,801750,64.9,4.29,0.31
2020-02-07,801770,38.95,2.68,0.44
2020-02-07,801730,34.25,2.32,0.72
2020-02-07,801710,11.73,1.73,2.32
2020-02-10,801160,18.14,1.35,1.93
2020-02-10,801150,39.86,3.75,0.63
2020-02-10,801120,30.15,6.11,1.37
2020-02-10,801170,16.38,1.32,1.75
2020-02-10,801080,46.6,3.76,0.5
2020-02-10,801050,37.25,2.03,0.67
2020-02-10,801040,8.7,0.83,4.69
2020-02-10,801030,21.69,1.89,1.59
2020-02-10,801010,32.24,3.6,1.3
2020-02-10,801110,16.26,3.19,2.39
2020-02-10,801180,8.76,1.27,3.02
2020-02-10,801890,25.67,1.98,0.97
2020-02-10,801880,19.74,1.61,1.89
2020-02-10,801790,14.47,1.74,1.57
2020-02-10,801780,6.4,0.74,3.6
2020-02-10,801760,43.8,2.51,0.64
2020-02-10,801770,39.72,2.73,0.43
2020-02-10,801730,35.05,2.37,0.7
2020-02-10,801710,12.36,1.82,2.2
2020-02-10,801750,65.32,4.32,0.31
2020-02-11,801160,17.97,1.33,1.95
2020-02-11,801150,39.8,3.74,0.63
2020-02-11,801120,30.75,6.24,1.35
2020-02-11,801010,31.76,3.54,1.32
2020-02-11,801080,47.26,3.81,0.5
2020-02-11,801170,16.47,1.33,1.74
2020-02-11,801040,9.07,0.84,4.61
2020-02-11,801030,21.49,1.88,1.61
2020-02-11,801110,16.72,3.28,2.32
2020-02-11,801180,8.85,1.28,2.99
2020-02-11,801050,37.18,2.02,0.66
2020-02-11,801890,25.64,1.98,0.97
2020-02-11,801880,19.66,1.61,1.9
2020-02-11,801790,14.53,1.75,1.56
2020-02-11,801770,39.34,2.7,0.44
2020-02-11,801760,43.31,2.48,0.65
2020-02-11,801780,6.46,0.75,3.56
2020-02-11,801730,34.61,2.34,0.71
2020-02-11,801710,12.46,1.83,2.19
2020-02-11,801750,64.59,4.27,0.31
2020-02-12,801160,18.12,1.34,1.93
2020-02-12,801150,40.19,3.78,0.62
2020-02-12,801120,30.8,6.25,1.35
2020-02-12,801170,16.53,1.33,1.73
2020-02-12,801080,48.2,3.89,0.49
2020-02-12,801050,38.39,2.09,0.64
2020-02-12,801040,9.05,0.84,4.62
2020-02-12,801030,21.82,1.91,1.58
2020-02-12,801010,32.05,3.57,1.31
2020-02-12,801110,16.82,3.3,2.31
2020-02-12,801180,8.87,1.28,2.98
2020-02-12,801890,26.06,2.01,0.95
2020-02-12,801880,19.81,1.62,1.88
2020-02-12,801790,14.65,1.77,1.55
2020-02-12,801780,6.47,0.75,3.56
2020-02-12,801770,40.12,2.76,0.43
2020-02-12,801760,44.34,2.54,0.64
2020-02-12,801730,35.65,2.41,0.69
2020-02-12,801710,12.61,1.86,2.16
2020-02-12,801750,67.55,4.46,0.3
2020-02-13,801150,39.57,3.72,0.63
2020-02-13,801120,30.52,6.19,1.36
2020-02-13,801110,16.55,3.25,2.35
2020-02-13,801040,8.95,0.83,4.68
2020-02-13,801050,38.7,2.11,0.63
2020-02-13,801030,21.63,1.89,1.6
2020-02-13,801010,31.97,3.56,1.32
2020-02-13,801160,18.04,1.34,1.94
2020-02-13,801080,48.28,3.89,0.48
2020-02-13,801170,16.37,1.32,1.75
2020-02-13,801180,8.99,1.3,2.94
2020-02-13,801890,26.0,2.01,0.95
2020-02-13,801880,19.69,1.61,1.89
2020-02-13,801790,14.45,1.74,1.57
2020-02-13,801780,6.42,0.74,3.58
2020-02-13,801760,43.39,2.49,0.65
2020-02-13,801750,67.03,4.43,0.3
2020-02-13,801770,39.34,2.7,0.44
2020-02-13,801730,35.28,2.39,0.69
2020-02-13,801710,12.69,1.87,2.15
2020-02-14,801160,18.0,1.34,1.94
2020-02-14,801150,39.65,3.72,0.63
2020-02-14,801120,30.45,6.17,1.36
2020-02-14,801170,16.34,1.32,1.75
2020-02-14,801080,48.68,3.93,0.48
2020-02-14,801050,39.19,2.13,0.63
2020-02-14,801040,9.01,0.84,4.64
2020-02-14,801030,21.72,1.9,1.59
2020-02-14,801010,32.87,3.67,1.28
2020-02-14,801110,16.53,3.25,2.35
2020-02-14,801180,9.22,1.33,2.87
2020-02-14,801890,26.04,2.01,0.95
2020-02-14,801880,19.61,1.6,1.9
2020-02-14,801790,14.63,1.76,1.55
2020-02-14,801780,6.47,0.75,3.55
2020-02-14,801760,43.36,2.49,0.65
2020-02-14,801770,39.31,2.7,0.44
2020-02-14,801730,34.95,2.37,0.7
2020-02-14,801710,12.75,1.88,2.14
2020-02-14,801750,66.97,4.43,0.3
2020-02-17,801160,18.36,1.36,1.91
2020-02-17,801150,40.43,3.8,0.62
2020-02-17,801120,30.75,6.24,1.35
2020-02-17,801010,33.73,3.76,1.25
2020-02-17,801080,50.74,4.09,0.46
2020-02-17,801170,16.76,1.35,1.71
2020-02-17,801040,9.2,0.86,4.55
2020-02-17,801030,22.43,1.96,1.54
2020-02-17,801110,16.73,3.29,2.32
2020-02-17,801180,9.29,1.34,2.84
2020-02-17,801050,40.3,2.19,0.61
2020-02-17,801890,26.88,2.08,0.92
2020-02-17,801880,20.49,1.67,1.82
2020-02-17,801790,15.14,1.82,1.5
2020-02-17,801780,6.59,0.76,3.49
2020-02-17,801770,41.47,2.85,0.41
2020-02-17,801760,44.82,2.57,0.63
2020-02-17,801730,36.01,2.44,0.68
2020-02-17,801710,13.0,1.91,2.09
2020-02-17,801750,69.65,4.6,0.29
2020-02-18,801160,18.42,1.37,1.9
2020-02-18,801150,40.44,3.8,0.62
2020-02-18,801120,30.62,6.21,1.35
2020-02-18,801050,40.77,2.22,0.6
2020-02-18,801080,52.1,4.2,0.45
2020-02-18,801040,9.19,0.85,4.56
2020-02-18,801030,22.65,1.98,1.52
2020-02-18,801010,33.6,3.75,1.25
2020-02-18,801170,16.74,1.35,1.71
2020-02-18,801110,16.62,3.26,2.34
2020-02-18,801180,9.2,1.33,2.87
2020-02-18,801890,27.21,2.1,0.91
2020-02-18,801880,20.64,1.68,1.81
2020-02-18,801790,15.02,1.81,1.51
2020-02-18,801780,6.52,0.75,3.53
2020-02-18,801760,45.67,2.62,0.62
2020-02-18,801770,42.42,2.92,0.4
2020-02-18,801730,36.74,2.49,0.66
2020-02-18,801710,12.89,1.9,2.11
2020-02-18,801750,71.3,4.71,0.28
2020-02-19,801160,18.39,1.36,1.9
2020-02-19,801150,39.56,3.72,0.63
2020-02-19,801120,31.0,6.28,1.34
2020-02-19,801010,34.02,3.79,1.24
2020-02-19,801080,51.84,4.18,0.45
2020-02-19,801050,40.26,2.19,0.62
2020-02-19,801040,9.1,0.85,4.6
2020-02-19,801030,22.57,1.97,1.53
2020-02-19,801170,16.75,1.35,1.71
2020-02-19,801110,16.51,3.24,2.35
2020-02-19,801180,9.22,1.33,2.87
2020-02-19,801890,27.2,2.1,0.91
2020-02-19,801880,20.61,1.68,1.81
2020-02-19,801790,15.06,1.81,1.5
2020-02-19,801770,41.94,2.89,0.41
2020-02-19,801780,6.52,0.75,3.53
2020-02-19,801750,69.95,4.62,0.29
2020-02-19,801730,36.62,2.48,0.67
2020-02-19,801710,12.99,1.91,2.09
2020-02-19,801760,44.51,2.55,0.63
2020-02-20,801160,18.6,1.38,1.88
2020-02-20,801150,39.94,3.75,0.62
2020-02-20,801120,31.81,6.45,1.3
2020-02-20,801010,33.57,3.82,1.22
2020-02-20,801080,53.71,4.32,0.43
2020-02-20,801050,40.67,2.21,0.61
2020-02-20,801040,9.23,0.86,4.54
2020-02-20,801030,22.94,2.0,1.5
2020-02-20,801170,17.12,1.38,1.67
2020-02-20,801110,17.0,3.34,2.28
2020-02-20,801180,9.32,1.35,2.84
2020-02-20,801710,13.12,1.93,2.07
2020-02-20,801890,27.6,2.13,0.9
2020-02-20,801880,21.16,1.73,1.77
2020-02-20,801790,15.69,1.89,1.44
2020-02-20,801770,42.62,2.94,0.4
2020-02-20,801780,6.6,0.76,3.48
2020-02-20,801750,71.41,4.72,0.28
2020-02-20,801730,37.76,2.55,0.65
2020-02-20,801760,45.63,2.62,0.62
2020-02-21,801160,18.65,1.38,1.87
2020-02-21,801150,40.26,3.78,0.63
2020-02-21,801120,31.69,6.42,1.31
2020-02-21,801170,17.08,1.38,1.67
2020-02-21,801080,55.02,4.43,0.42
2020-02-21,801050,41.38,2.25,0.6
2020-02-21,801040,9.26,0.86,4.52
2020-02-21,801030,23.09,2.02,1.49
2020-02-21,801010,33.51,3.81,1.22
2020-02-21,801110,16.93,3.33,2.29
2020-02-21,801180,9.24,1.33,2.86
2020-02-21,801880,21.52,1.76,1.73
2020-02-21,801790,16.09,1.85,1.45
2020-02-21,801780,6.58,0.76,3.5
2020-02-21,801770,43.72,3.01,0.39
2020-02-21,801760,46.53,2.67,0.61
2020-02-21,801890,27.82,2.15,0.89
2020-02-21,801730,37.98,2.57,0.64
2020-02-21,801710,13.18,1.94,2.06
2020-02-21,801750,73.89,4.87,0.27
2020-02-24,801150,40.63,3.82,0.62
2020-02-24,801120,31.14,6.31,1.33
2020-02-24,801110,16.89,3.32,2.3
2020-02-24,801040,9.19,0.85,4.56
2020-02-24,801050,41.45,2.26,0.6
2020-02-24,801030,23.25,2.03,1.48
2020-02-24,801010,33.93,3.86,1.21
2020-02-24,801160,18.59,1.38,1.88
2020-02-24,801080,57.64,4.64,0.4
2020-02-24,801170,16.7,1.35,1.71
2020-02-24,801180,9.12,1.32,2.9
2020-02-24,801890,28.07,2.17,0.88
2020-02-24,801880,21.51,1.76,1.73
2020-02-24,801790,15.93,1.84,1.47
2020-02-24,801780,6.5,0.75,3.54
2020-02-24,801760,47.07,2.7,0.6
2020-02-24,801750,76.22,5.03,0.26
2020-02-24,801770,46.62,3.21,0.37
2020-02-24,801730,38.09,2.58,0.64
2020-02-24,801710,13.33,1.96,2.04
2020-02-25,801160,18.31,1.36,1.9
2020-02-25,801150,41.16,3.87,0.62
2020-02-25,801120,30.82,6.25,1.34
2020-02-25,801170,16.58,1.34,1.71
2020-02-25,801080,58.85,4.72,0.39
2020-02-25,801050,41.37,2.25,0.6
2020-02-25,801040,9.07,0.84,4.62
2020-02-25,801030,23.18,2.02,1.49
2020-02-25,801010,34.34,3.9,1.19
2020-02-25,801110,16.72,3.28,2.32
2020-02-25,801180,9.13,1.32,2.9
2020-02-25,801880,21.95,1.79,1.7
2020-02-25,801790,15.92,1.83,1.47
2020-02-25,801780,6.44,0.74,3.58
2020-02-25,801770,48.37,3.34,0.36
2020-02-25,801760,46.73,2.68,0.6
2020-02-25,801890,27.89,2.15,0.89
2020-02-25,801730,38.45,2.6,0.64
2020-02-25,801710,13.17,1.94,2.07
2020-02-25,801750,76.04,5.02,0.26
2020-02-26,801160,18.33,1.36,1.9
2020-02-26,801150,39.96,3.76,0.64
2020-02-26,801120,30.56,6.19,1.35
2020-02-26,801050,40.32,2.19,0.62
2020-02-26,801080,55.0,4.41,0.42
2020-02-26,801040,9.26,0.86,4.53
2020-02-26,801030,22.72,1.98,1.52
2020-02-26,801010,34.16,3.89,1.2
2020-02-26,801170,16.55,1.33,1.72
2020-02-26,801110,16.62,3.26,2.0
2020-02-26,801180,9.32,1.35,2.83
2020-02-26,801880,21.51,1.76,1.74
2020-02-26,801790,15.75,1.81,1.48
2020-02-26,801780,6.46,0.74,3.56
2020-02-26,801770,46.23,3.19,0.37
2020-02-26,801760,45.44,2.61,0.62
2020-02-26,801890,27.78,2.14,0.89
2020-02-26,801730,37.08,2.51,0.66
2020-02-26,801710,13.37,1.97,2.04
2020-02-26,801750,72.53,4.79,0.27
2020-02-27,801150,40.1,3.77,0.63
2020-02-27,801120,31.07,6.3,1.33
2020-02-27,801110,16.67,3.27,1.99
2020-02-27,801040,9.23,0.86,4.54
2020-02-27,801050,40.2,2.19,0.62
2020-02-27,801030,22.65,1.98,1.52
2020-02-27,801010,31.48,3.86,1.19
2020-02-27,801160,18.57,1.38,1.88
2020-02-27,801080,54.01,4.33,0.43
2020-02-27,801170,16.5,1.33,1.72
2020-02-27,801180,9.22,1.33,2.87
2020-02-27,801880,21.56,1.76,1.73
2020-02-27,801790,15.74,1.81,1.48
2020-02-27,801780,6.49,0.75,3.54
2020-02-27,801770,46.26,3.19,0.37
2020-02-27,801760,45.84,2.63,0.62
2020-02-27,801750,74.15,4.9,0.27
2020-02-27,801890,28.11,2.17,0.88
2020-02-27,801730,37.24,2.52,0.66
2020-02-27,801710,13.71,2.02,1.99
2020-02-28,801160,17.95,1.33,1.94
2020-02-28,801150,38.93,3.68,0.65
2020-02-28,801120,29.95,6.07,1.38
2020-02-28,801050,37.61,2.05,0.66
2020-02-28,801080,50.48,4.05,0.46
2020-02-28,801040,8.99,0.83,4.68
2020-02-28,801030,21.65,1.89,1.59
2020-02-28,801010,29.92,3.66,1.26
2020-02-28,801170,15.92,1.28,1.79
2020-02-28,801110,16.14,3.17,2.06
2020-02-28,801180,9.05,1.31,2.92
2020-02-28,801880,20.38,1.66,1.84
2020-02-28,801790,15.0,1.73,1.55
2020-02-28,801780,6.32,0.73,3.64
2020-02-28,801770,43.6,3.01,0.4
2020-02-28,801760,43.37,2.48,0.65
2020-02-28,801890,26.77,2.07,0.93
2020-02-28,801730,34.85,2.35,0.7
2020-02-28,801710,13.29,1.96,2.05
2020-02-28,801750,69.25,4.55,0.29
2020-03-02,801160,18.52,1.37,1.88
2020-03-02,801150,39.78,3.77,0.64
2020-03-02,801120,30.74,6.23,1.35
2020-03-02,801050,38.82,2.12,0.64
2020-03-02,801080,52.2,4.19,0.45
2020-03-02,801040,9.44,0.87,4.46
2020-03-02,801030,22.56,1.97,1.52
2020-03-02,801010,31.23,3.82,1.2
2020-03-02,801170,16.38,1.32,1.73
2020-03-02,801110,16.58,3.25,2.0
2020-03-02,801180,9.46,1.37,2.79
2020-03-02,801880,21.14,1.72,1.76
2020-03-02,801790,15.56,1.79,1.5
2020-03-02,801780,6.44,0.74,3.57
2020-03-02,801760,44.53,2.54,0.63
2020-03-02,801770,46.64,3.22,0.37
2020-03-02,801730,36.2,2.45,0.68
2020-03-02,801890,28.12,2.17,0.88
2020-03-02,801710,14.42,2.12,1.89
2020-03-02,801750,71.26,4.77,0.27
2020-03-03,801160,18.69,1.39,1.86
2020-03-03,801150,40.64,3.85,0.62
2020-03-03,801120,31.19,6.32,1.33
2020-03-03,801010,31.53,3.87,1.19
2020-03-03,801080,52.34,4.2,0.44
2020-03-03,801050,39.15,2.14,0.64
2020-03-03,801040,9.46,0.88,4.44
2020-03-03,801030,22.75,1.99,1.51
2020-03-03,801170,16.5,1.33,1.72
2020-03-03,801110,16.66,3.27,1.99
2020-03-03,801180,9.47,1.37,2.79
2020-03-03,801710,14.4,2.12,1.89
2020-03-03,801890,28.28,2.18,0.88
2020-03-03,801880,21.27,1.73,1.75
2020-03-03,801790,15.63,1.8,1.49
2020-03-03,801770,46.52,3.21,0.37
2020-03-03,801780,6.45,0.74,3.56
2020-03-03,801750,73.13,4.9,0.26
2020-03-03,801730,36.58,2.47,0.67
2020-03-03,801760,44.87,2.56,0.63
2020-03-04,801160,18.91,1.4,1.84
2020-03-04,801150,40.5,3.83,0.63
2020-03-04,801120,31.63,6.41,1.31
2020-03-04,801170,16.71,1.35,1.7
2020-03-04,801080,51.25,4.12,0.45
2020-03-04,801050,39.57,2.16,0.63
2020-03-04,801040,9.6,0.89,4.38
2020-03-04,801030,22.84,1.99,1.5
2020-03-04,801010,32.14,3.95,1.16
2020-03-04,801110,16.61,3.26,2.0
2020-03-04,801180,9.79,1.41,2.7
2020-03-04,801890,28.53,2.2,0.87
2020-03-04,801880,21.3,1.74,1.75
2020-03-04,801790,15.97,1.84,1.46
2020-03-04,801780,6.47,0.74,3.55
2020-03-04,801770,46.33,3.19,0.37
2020-03-04,801760,45.27,2.59,0.62
2020-03-04,801730,36.41,2.42,0.67
2020-03-04,801710,14.71,2.17,1.85
2020-03-04,801750,72.54,4.86,0.27
2020-03-05,801160,19.25,1.43,1.8
2020-03-05,801150,41.4,3.92,0.61
2020-03-05,801120,32.95,6.68,1.26
2020-03-05,801050,40.12,2.19,0.62
2020-03-05,801080,51.79,4.16,0.45
2020-03-05,801040,9.78,0.9,4.3
2020-03-05,801030,23.26,2.03,1.47
2020-03-05,801010,33.77,4.15,1.1
2020-03-05,801170,16.95,1.37,1.67
2020-03-05,801110,17.3,3.39,1.92
2020-03-05,801180,9.87,1.43,2.68
2020-03-05,801880,21.55,1.76,1.73
2020-03-05,801790,16.4,1.89,1.42
2020-03-05,801780,6.64,0.76,3.46
2020-03-05,801770,46.83,3.23,0.37
2020-03-05,801760,46.01,2.63,0.61
2020-03-05,801890,28.85,2.23,0.86
2020-03-05,801730,37.51,2.49,0.65
2020-03-05,801710,14.75,2.17,1.85
2020-03-05,801750,71.92,4.82,0.27
2020-03-06,801150,41.72,3.95,0.61
2020-03-06,801120,32.37,6.56,1.28
2020-03-06,801110,17.01,3.34,1.95
2020-03-06,801040,9.65,0.9,4.34
2020-03-06,801050,39.97,2.18,0.62
2020-03-06,801030,23.38,2.04,1.47
2020-03-06,801010,33.34,4.1,1.12
2020-03-06,801160,19.08,1.41,1.82
2020-03-06,801080,51.47,4.13,0.45
2020-03-06,801170,16.74,1.35,1.69
2020-03-06,801180,9.62,1.39,2.75
2020-03-06,801890,28.77,2.22,0.86
2020-03-06,801880,21.26,1.73,1.75
2020-03-06,801790,15.97,1.84,1.46
2020-03-06,801780,6.54,0.75,3.52
2020-03-06,801770,46.2,3.18,0.37
2020-03-06,801760,45.33,2.59,0.62
2020-03-06,801750,71.02,4.76,0.27
2020-03-06,801730,37.56,2.49,0.65
2020-03-06,801710,14.33,2.11,1.9
2020-03-09,801160,18.66,1.38,1.86
2020-03-09,801150,40.3,3.89,0.62
2020-03-09,801120,31.17,6.32,1.33
2020-03-09,801050,37.84,2.06,0.66
2020-03-09,801080,48.18,3.86,0.48
2020-03-09,801040,9.33,0.87,4.49
2020-03-09,801030,22.64,1.97,1.51
2020-03-09,801010,32.82,4.03,1.13
2020-03-09,801170,16.55,1.34,1.71
2020-03-09,801110,16.51,3.23,2.01
2020-03-09,801890,27.73,2.14,0.89
2020-03-09,801880,20.22,1.65,1.84
2020-03-09,801790,15.46,1.78,1.51
2020-03-09,801780,6.37,0.73,3.61
2020-03-09,801180,9.34,1.35,2.83
2020-03-09,801760,43.16,2.46,0.65
2020-03-09,801770,45.47,3.13,0.38
2020-03-09,801730,36.13,2.43,0.68
2020-03-09,801710,13.79,2.03,1.98
2020-03-09,801750,66.63,4.46,0.29
2020-03-10,801160,18.88,1.4,1.84
2020-03-10,801150,40.2,3.88,0.62
2020-03-10,801120,32.12,6.51,1.29
2020-03-10,801170,16.74,1.35,1.69
2020-03-10,801080,50.72,4.06,0.46
2020-03-10,801050,38.32,2.09,0.65
2020-03-10,801040,9.49,0.88,4.41
2020-03-10,801030,22.83,1.99,1.5
2020-03-10,801010,32.66,4.01,1.14
2020-03-10,801110,16.94,3.32,1.95
2020-03-10,801180,9.47,1.37,2.79
2020-03-10,801890,28.21,2.19,0.87
2020-03-10,801880,20.78,1.69,1.79
2020-03-10,801790,15.84,1.82,1.47
2020-03-10,801780,6.44,0.74,3.57
2020-03-10,801770,48.45,3.34,0.35
2020-03-10,801760,44.56,2.54,0.64
2020-03-10,801730,37.3,2.51,0.66
2020-03-10,801710,14.24,2.09,1.92
2020-03-10,801750,69.76,4.67,0.28
2020-03-11,801150,39.81,3.85,0.62
2020-03-11,801120,32.01,6.49,1.29
2020-03-11,801110,16.66,3.26,1.99
2020-03-11,801040,9.5,0.88,4.41
2020-03-11,801050,37.97,2.08,0.65
2020-03-11,801030,22.4,1.95,1.53
2020-03-11,801010,32.63,4.01,1.14
2020-03-11,801160,18.84,1.4,1.84
2020-03-11,801080,49.26,3.95,0.47
2020-03-11,801170,16.88,1.36,1.67
2020-03-11,801180,9.4,1.36,2.81
2020-03-11,801890,27.81,2.15,0.89
2020-03-11,801880,20.55,1.67,1.81
2020-03-11,801790,15.5,1.78,1.5
2020-03-11,801780,6.38,0.73,3.6
2020-03-11,801760,43.71,2.49,0.65
2020-03-11,801750,68.09,4.56,0.28
2020-03-11,801770,47.62,3.28,0.36
2020-03-11,801730,36.96,2.49,0.66
2020-03-11,801710,13.97,2.05,1.96
2020-03-12,801160,18.6,1.38,1.87
2020-03-12,801150,38.62,3.74,0.64
2020-03-12,801120,31.32,6.35,1.32
2020-03-12,801170,16.54,1.33,1.71
2020-03-12,801080,48.24,3.87,0.48
2020-03-12,801050,36.95,2.02,0.67
2020-03-12,801040,9.5,0.88,4.41
2020-03-12,801030,21.78,1.9,1.57
2020-03-12,801010,31.31,3.85,1.19
2020-03-12,801110,16.25,3.18,2.04
2020-03-12,801180,9.26,1.34,2.85
2020-03-12,801890,27.19,2.1,0.91
2020-03-12,801880,20.18,1.64,1.84
2020-03-12,801790,15.27,1.76,1.53
2020-03-12,801780,6.35,0.73,3.62
2020-03-12,801760,42.92,2.44,0.66
2020-03-12,801770,47.68,3.29,0.36
2020-03-12,801730,36.01,2.43,0.68
2020-03-12,801710,13.69,2.01,1.99
2020-03-12,801750,67.14,4.5,0.29
2020-03-13,801160,18.28,1.35,1.9
2020-03-13,801150,37.8,3.66,0.66
2020-03-13,801120,31.13,6.25,1.34
2020-03-13,801170,16.27,1.31,1.73
2020-03-13,801080,48.11,3.85,0.48
2020-03-13,801050,34.77,1.98,0.69
2020-03-13,801040,9.32,0.87,4.5
2020-03-13,801030,21.35,1.86,1.6
2020-03-13,801010,31.32,3.86,1.19
2020-03-13,801110,15.86,3.1,2.09
2020-03-13,801180,9.15,1.32,2.89
2020-03-13,801880,19.9,1.62,1.87
2020-03-13,801790,15.09,1.74,1.54
2020-03-13,801780,6.29,0.72,3.65
2020-03-13,801770,47.26,3.26,0.36
2020-03-13,801760,42.5,2.42,0.67
2020-03-13,801890,26.78,2.07,0.92
2020-03-13,801730,36.34,2.45,0.68
2020-03-13,801710,13.47,1.98,2.03
2020-03-13,801750,67.41,4.52,0.29
2020-03-16,801150,36.86,3.58,0.67
2020-03-16,801120,29.88,6.0,1.4
2020-03-16,801110,15.16,2.97,2.18
2020-03-16,801040,9.08,0.84,4.61
2020-03-16,801050,33.44,1.9,0.72
2020-03-16,801030,20.55,1.79,1.66
2020-03-16,801010,29.94,3.69,1.24
2020-03-16,801160,17.88,1.32,1.95
2020-03-16,801080,44.55,3.57,0.52
2020-03-16,801170,15.81,1.27,1.79
2020-03-16,801180,8.89,1.29,2.97
2020-03-16,801890,25.53,1.97,0.96
2020-03-16,801880,18.8,1.53,1.98
2020-03-16,801790,14.34,1.64,1.62
2020-03-16,801780,6.1,0.7,3.75
2020-03-16,801760,40.51,2.31,0.7
2020-03-16,801750,63.32,4.24,0.3
2020-03-16,801770,43.43,2.99,0.39
2020-03-16,801730,34.05,2.29,0.72
2020-03-16,801710,12.89,1.9,2.11
2020-03-17,801160,17.86,1.32,1.95
2020-03-17,801150,36.61,3.56,0.68
2020-03-17,801120,29.44,5.91,1.42
2020-03-17,801170,15.66,1.26,1.8
2020-03-17,801080,44.41,3.55,0.52
2020-03-17,801050,32.92,1.87,0.73
2020-03-17,801040,9.01,0.84,4.65
2020-03-17,801030,20.49,1.78,1.67
2020-03-17,801010,29.83,3.67,1.25
2020-03-17,801110,14.86,2.91,2.23
2020-03-17,801180,8.78,1.27,3.01
2020-03-17,801880,18.59,1.52,2.0
2020-03-17,801790,14.36,1.64,1.62
2020-03-17,801780,6.09,0.7,3.76
2020-03-17,801770,42.8,2.95,0.4
2020-03-17,801760,40.78,2.32,0.7
2020-03-17,801890,25.58,1.98,0.96
2020-03-17,801730,34.39,2.32,0.71
2020-03-17,801710,12.82,1.89,2.12
2020-03-17,801750,64.41,4.32,0.3
2020-03-18,801160,17.64,1.31,1.98
2020-03-18,801150,36.29,3.53,0.68
2020-03-18,801120,28.64,5.75,1.45
2020-03-18,801050,31.94,1.84,0.74
2020-03-18,801080,43.63,3.5,0.53
2020-03-18,801040,8.92,0.83,4.69
2020-03-18,801030,20.19,1.76,1.69
2020-03-18,801010,30.15,3.7,1.24
2020-03-18,801170,15.42,1.24,1.83
2020-03-18,801110,14.8,2.9,2.24
2020-03-18,801180,8.41,1.2,3.12
2020-03-18,801880,18.18,1.48,2.04
2020-03-18,801790,13.93,1.59,1.67
2020-03-18,801780,5.94,0.68,3.85
2020-03-18,801770,41.18,2.84,0.42
2020-03-18,801760,39.66,2.28,0.71
2020-03-18,801890,25.05,1.94,0.98
2020-03-18,801730,33.88,2.27,0.72
2020-03-18,801710,12.86,1.89,2.11
2020-03-18,801750,63.35,4.24,0.3
2020-03-19,801150,35.8,3.48,0.69
2020-03-19,801120,28.1,5.64,1.48
2020-03-19,801110,14.44,2.83,2.29
2020-03-19,801040,8.98,0.83,4.68
2020-03-19,801050,31.82,1.83,0.74
2020-03-19,801030,20.32,1.77,1.69
2020-03-19,801010,30.28,3.73,1.29
2020-03-19,801160,17.53,1.3,1.99
2020-03-19,801080,44.7,3.58,0.52
2020-03-19,801170,15.25,1.22,1.87
2020-03-19,801180,8.24,1.18,3.19
2020-03-19,801880,17.95,1.47,2.06
2020-03-19,801790,13.87,1.59,1.68
2020-03-19,801780,5.78,0.66,3.96
2020-03-19,801770,42.99,2.99,0.39
2020-03-19,801760,40.22,2.33,0.7
2020-03-19,801750,64.31,4.31,0.3
2020-03-19,801890,25.09,1.94,0.98
2020-03-19,801730,34.01,2.28,0.72
2020-03-19,801710,12.73,1.89,2.12
2020-03-20,801160,17.76,1.32,1.96
2020-03-20,801150,36.75,3.57,0.67
2020-03-20,801120,29.11,5.84,1.43
2020-03-20,801050,32.37,1.86,0.73
2020-03-20,801080,44.66,3.58,0.52
2020-03-20,801040,8.96,0.84,4.66
2020-03-20,801030,20.54,1.78,1.67
2020-03-20,801010,30.37,3.74,1.28
2020-03-20,801170,15.48,1.24,1.84
2020-03-20,801110,14.58,2.86,2.26
2020-03-20,801180,8.43,1.21,3.11
2020-03-20,801880,18.16,1.49,2.04
2020-03-20,801790,14.06,1.62,1.66
2020-03-20,801780,5.95,0.68,3.84
2020-03-20,801770,43.37,3.01,0.39
2020-03-20,801760,40.86,2.36,0.69
2020-03-20,801890,25.57,1.98,0.96
2020-03-20,801730,34.05,2.28,0.72
2020-03-20,801710,13.22,1.96,2.04
2020-03-20,801750,64.34,4.31,0.3
2020-03-23,801160,17.44,1.29,2.0
2020-03-23,801150,36.66,3.51,0.7
2020-03-23,801120,28.38,5.69,1.46
2020-03-23,801050,30.45,1.78,0.76
2020-03-23,801080,41.43,3.32,0.56
2020-03-23,801040,8.71,0.81,4.79
2020-03-23,801030,19.55,1.7,1.75
2020-03-23,801010,29.35,3.62,1.33
2020-03-23,801170,15.1,1.21,1.87
2020-03-23,801110,13.82,2.72,2.38
2020-03-23,801180,8.09,1.16,3.24
2020-03-23,801880,17.04,1.39,2.17
2020-03-23,801790,13.56,1.55,1.73
2020-03-23,801780,5.79,0.67,3.93
2020-03-23,801760,39.24,2.27,0.71
2020-03-23,801770,42.27,2.94,0.4
2020-03-23,801730,32.27,2.16,0.76
2020-03-23,801890,24.74,1.92,0.99
2020-03-23,801710,12.81,1.88,2.09
2020-03-23,801750,60.88,4.09,0.31
2020-03-24,801160,17.73,1.31,1.97
2020-03-24,801150,37.33,3.57,0.68
2020-03-24,801120,29.53,5.93,1.41
2020-03-24,801010,30.05,3.71,1.29
2020-03-24,801080,42.11,3.36,0.55
2020-03-24,801050,31.39,1.85,0.73
2020-03-24,801040,8.88,0.83,4.7
2020-03-24,801030,19.87,1.73,1.72
2020-03-24,801170,15.41,1.23,1.84
2020-03-24,801110,14.27,2.8,2.31
2020-03-24,801180,8.27,1.18,3.17
2020-03-24,801710,13.18,1.93,2.03
2020-03-24,801890,25.2,1.95,0.98
2020-03-24,801880,17.73,1.45,2.09
2020-03-24,801790,13.92,1.6,1.68
2020-03-24,801770,43.39,3.02,0.39
2020-03-24,801780,5.95,0.68,3.83
2020-03-24,801750,62.23,4.18,0.31
2020-03-24,801730,32.52,2.18,0.75
2020-03-24,801760,39.68,2.29,0.71
2020-03-25,801160,17.93,1.33,1.94
2020-03-25,801150,38.63,3.7,0.66
2020-03-25,801120,30.26,6.07,1.38
2020-03-25,801170,15.84,1.27,1.79
2020-03-25,801080,43.47,3.48,0.53
2020-03-25,801050,32.15,1.9,0.72
2020-03-25,801040,9.02,0.83,4.67
2020-03-25,801030,20.28,1.76,1.68
2020-03-25,801010,30.82,3.81,1.26
2020-03-25,801110,14.77,2.91,2.23
2020-03-25,801180,8.64,1.23,3.04
2020-03-25,801890,25.73,1.99,0.96
2020-03-25,801880,18.6,1.52,2.0
2020-03-25,801790,14.17,1.62,1.65
2020-03-25,801780,6.05,0.7,3.77
2020-03-25,801770,44.12,3.07,0.38
2020-03-25,801760,40.81,2.36,0.69
2020-03-25,801730,33.51,2.25,0.73
2020-03-25,801710,13.37,1.96,2.0
2020-03-25,801750,63.67,4.28,0.3
2020-03-26,801160,17.65,1.31,1.97
2020-03-26,801150,39.45,3.78,0.65
2020-03-26,801120,30.08,6.03,1.38
2020-03-26,801050,31.71,1.88,0.73
2020-03-26,801080,42.27,3.39,0.55
2020-03-26,801040,8.88,0.82,4.74
2020-03-26,801030,20.11,1.74,1.7
2020-03-26,801010,31.15,3.84,1.24
2020-03-26,801170,15.69,1.26,1.81
2020-03-26,801110,14.59,2.87,2.26
2020-03-26,801180,8.55,1.22,3.08
2020-03-26,801880,18.34,1.5,2.03
2020-03-26,801790,13.94,1.6,1.67
2020-03-26,801780,6.08,0.7,3.75
2020-03-26,801770,42.81,2.97,0.39
2020-03-26,801760,40.39,2.33,0.69
2020-03-26,801890,25.33,1.97,0.97
2020-03-26,801730,32.7,2.2,0.74
2020-03-26,801710,13.04,1.92,2.04
2020-03-26,801750,63.4,4.24,0.3
2020-03-27,801150,39.65,3.79,0.65
2020-03-27,801120,30.45,6.11,1.36
2020-03-27,801110,14.63,2.88,2.25
2020-03-27,801040,8.95,0.83,4.7
2020-03-27,801050,31.11,1.87,0.73
2020-03-27,801030,20.17,1.74,1.72
2020-03-27,801010,30.43,3.76,1.27
2020-03-27,801160,17.79,1.32,1.97
2020-03-27,801080,41.72,3.35,0.55
2020-03-27,801170,15.67,1.25,1.81
2020-03-27,801180,8.64,1.23,3.05
2020-03-27,801890,25.58,1.97,0.96
2020-03-27,801880,18.5,1.49,2.02
2020-03-27,801790,13.91,1.6,1.67
2020-03-27,801780,6.1,0.7,3.74
2020-03-27,801770,42.21,2.92,0.4
2020-03-27,801760,39.9,2.3,0.7
2020-03-27,801750,62.27,4.18,0.31
2020-03-27,801730,32.59,2.19,0.75
2020-03-27,801710,13.21,1.94,2.02
2020-03-30,801160,17.64,1.3,1.99
2020-03-30,801150,38.9,3.74,0.64
2020-03-30,801120,30.25,6.07,1.37
2020-03-30,801050,30.15,1.81,0.76
2020-03-30,801080,40.28,3.23,0.57
2020-03-30,801040,8.94,0.82,4.77
2020-03-30,801030,19.44,1.7,1.75
2020-03-30,801010,30.82,3.79,1.25
2020-03-30,801170,15.45,1.23,1.84
2020-03-30,801110,14.33,2.82,2.3
2020-03-30,801890,25.02,1.95,0.98
2020-03-30,801880,18.36,1.48,2.04
2020-03-30,801790,13.7,1.58,1.68
2020-03-30,801780,6.08,0.69,3.73
2020-03-30,801180,8.49,1.21,3.09
2020-03-30,801760,38.43,2.22,0.73
2020-03-30,801770,39.34,2.84,0.42
2020-03-30,801730,32.09,2.16,0.76
2020-03-30,801710,13.14,1.93,2.03
2020-03-30,801750,59.16,3.99,0.31
2020-03-31,801160,17.98,1.3,1.98
2020-03-31,801150,39.05,3.73,0.63
2020-03-31,801120,30.98,6.28,1.31
2020-03-31,801170,15.5,1.25,1.81
2020-03-31,801080,40.6,3.21,0.57
2020-03-31,801050,30.47,1.83,0.75
2020-03-31,801040,9.03,0.81,4.77
2020-03-31,801030,19.26,1.71,1.75
2020-03-31,801010,32.78,4.03,1.17
2020-03-31,801110,14.45,2.83,2.29
2020-03-31,801180,8.42,1.2,3.11
2020-03-31,801890,24.81,1.92,1.0
2020-03-31,801880,18.55,1.48,2.03
2020-03-31,801790,13.6,1.58,1.68
2020-03-31,801780,6.0,0.68,3.77
2020-03-31,801770,38.94,2.81,0.42
2020-03-31,801760,38.3,2.21,0.73
2020-03-31,801730,31.64,2.14,0.77
2020-03-31,801710,13.02,1.92,2.04
2020-03-31,801750,57.53,3.98,0.32
2020-04-01,801150,38.4,3.67,0.64
2020-04-01,801120,30.68,6.22,1.32
2020-04-01,801110,14.47,2.84,2.29
2020-04-01,801040,8.96,0.81,4.8
2020-04-01,801050,30.79,1.85,0.74
2020-04-01,801030,19.92,1.73,1.71
2020-04-01,801010,30.96,3.94,1.19
2020-04-01,801160,18.08,1.29,2.01
2020-04-01,801080,41.28,3.26,0.57
2020-04-01,801170,15.34,1.24,1.83
2020-04-01,801180,8.46,1.2,3.1
2020-04-01,801890,24.72,1.91,1.01
2020-04-01,801880,18.38,1.47,2.05
2020-04-01,801790,13.57,1.58,1.69
2020-04-01,801780,6.0,0.68,3.77
2020-04-01,801760,38.06,2.2,0.73
2020-04-01,801750,57.37,3.97,0.32
2020-04-01,801770,38.58,2.78,0.42
2020-04-01,801730,32.04,2.15,0.76
2020-04-01,801710,12.94,1.91,2.06
2020-04-02,801160,18.26,1.3,1.98
2020-04-02,801150,38.79,3.71,0.63
2020-04-02,801120,31.23,6.33,1.3
2020-04-02,801170,15.5,1.25,1.81
2020-04-02,801080,43.63,3.45,0.54
2020-04-02,801050,31.1,1.87,0.73
2020-04-02,801040,9.13,0.82,4.72
2020-04-02,801030,20.51,1.77,1.67
2020-04-02,801010,30.63,3.9,1.2
2020-04-02,801110,14.64,2.87,2.27
2020-04-02,801180,8.54,1.21,3.07
2020-04-02,801890,25.18,1.95,0.98
2020-04-02,801880,18.56,1.48,2.03
2020-04-02,801790,13.76,1.61,1.66
2020-04-02,801780,6.04,0.68,3.75
2020-04-02,801760,38.38,2.25,0.72
2020-04-02,801770,40.11,2.89,0.41
2020-04-02,801730,32.91,2.21,0.74
2020-04-02,801710,13.02,1.91,2.05
2020-04-02,801750,59.58,4.13,0.31
2020-04-03,801160,18.18,1.29,1.99
2020-04-03,801150,39.26,3.75,0.62
2020-04-03,801110,14.52,2.85,2.28
2020-04-03,801170,15.35,1.25,1.81
2020-04-03,801050,30.77,1.85,0.74
2020-04-03,801040,9.07,0.82,4.74
2020-04-03,801030,20.39,1.76,1.66
2020-04-03,801010,31.13,3.97,1.18
2020-04-03,801080,43.16,3.41,0.54
2020-04-03,801180,8.53,1.21,3.07
2020-04-03,801120,31.25,6.33,1.27
2020-04-03,801880,18.4,1.47,2.05
2020-04-03,801790,13.58,1.59,1.68
2020-04-03,801780,6.0,0.68,3.77
2020-04-03,801770,39.24,2.83,0.41
2020-04-03,801760,37.91,2.22,0.73
2020-04-03,801750,58.61,4.06,0.32
2020-04-03,801890,25.05,1.94,0.99
2020-04-03,801730,32.33,2.17,0.75
2020-04-03,801710,12.93,1.9,2.06
2020-04-07,801160,18.47,1.31,1.96
2020-04-07,801150,40.4,3.86,0.6
2020-04-07,801120,32.19,6.52,1.23
2020-04-07,801050,31.92,1.92,0.71
2020-04-07,801080,44.47,3.51,0.53
2020-04-07,801040,9.24,0.84,4.69
2020-04-07,801030,21.05,1.81,1.61
2020-04-07,801010,32.35,4.19,1.14
2020-04-07,801170,15.62,1.28,1.79
2020-04-07,801110,14.77,2.89,2.25
2020-04-07,801180,8.66,1.23,3.03
2020-04-07,801890,25.96,2.01,0.95
2020-04-07,801880,18.87,1.5,1.99
2020-04-07,801790,13.82,1.62,1.67
2020-04-07,801780,6.08,0.69,3.73
2020-04-07,801770,40.37,2.91,0.4
2020-04-07,801760,39.13,2.29,0.7
2020-04-07,801730,33.33,2.24,0.73
2020-04-07,801710,13.6,2.0,1.96
2020-04-07,801750,61.13,4.23,0.31
2020-04-08,801160,18.51,1.31,1.95
2020-04-08,801120,32.14,6.51,0.99
2020-04-08,801110,14.6,2.86,2.27
2020-04-08,801040,9.31,0.84,4.67
2020-04-08,801050,31.93,1.92,0.71
2020-04-08,801170,15.66,1.28,1.78
2020-04-08,801030,21.11,1.82,1.61
2020-04-08,801010,31.71,4.11,1.16
2020-04-08,801080,44.72,3.53,0.53
2020-04-08,801180,8.6,1.22,3.04
2020-04-08,801150,40.5,3.86,0.6
2020-04-08,801890,25.95,2.01,0.95
2020-04-08,801790,13.73,1.61,1.68
2020-04-08,801780,6.01,0.69,3.73
2020-04-08,801770,40.74,2.94,0.4
2020-04-08,801760,39.23,2.3,0.7
2020-04-08,801880,18.81,1.5,2.0
2020-04-08,801730,33.14,2.23,0.74
2020-04-08,801710,13.61,2.0,1.96
2020-04-08,801750,61.17,4.24,0.31
2020-04-09,801160,18.56,1.32,1.95
2020-04-09,801120,32.31,6.55,0.98
2020-04-09,801110,14.62,2.86,2.27
2020-04-09,801040,9.33,0.85,4.66
2020-04-09,801050,31.85,1.92,0.71
2020-04-09,801030,21.16,1.82,1.6
2020-04-09,801010,31.83,4.13,1.15
2020-04-09,801170,15.71,1.28,1.78
2020-04-09,801080,44.42,3.51,0.53
2020-04-09,801180,8.58,1.22,3.05
2020-04-09,801150,41.06,3.89,0.6
2020-04-09,801880,19.08,1.51,1.98
2020-04-09,801790,13.81,1.62,1.67
2020-04-09,801780,6.02,0.69,3.73
2020-04-09,801770,41.24,2.96,0.39
2020-04-09,801760,40.1,2.38,0.67
2020-04-09,801750,62.23,4.31,0.31
2020-04-09,801730,33.15,2.23,0.74
2020-04-09,801890,26.0,2.01,0.95
2020-04-09,801710,13.68,2.01,1.95
2020-04-10,801170,15.8,1.27,1.79
2020-04-10,801160,18.34,1.3,1.97
2020-04-10,801150,40.48,3.83,0.6
2020-04-10,801080,43.03,3.37,0.55
2020-04-10,801110,14.85,2.91,2.23
2020-04-10,801050,30.94,1.89,0.72
2020-04-10,801040,9.3,0.84,4.68
2020-04-10,801030,20.78,1.79,1.63
2020-04-10,801180,8.54,1.21,3.06
2020-04-10,801120,32.36,6.56,0.98
2020-04-10,801010,31.57,4.09,1.16
2020-04-10,801890,25.46,1.98,0.96
2020-04-10,801880,18.7,1.48,2.02
2020-04-10,801790,13.78,1.62,1.67
2020-04-10,801770,39.45,2.83,0.41
2020-04-10,801780,6.01,0.68,3.74
2020-04-10,801750,59.74,4.14,0.32
2020-04-10,801730,32.38,2.18,0.75
2020-04-10,801710,13.45,1.98,1.98
2020-04-10,801760,38.47,2.32,0.69
2020-04-13,801120,32.24,6.53,0.98
2020-04-13,801160,18.28,1.3,1.97
2020-04-13,801110,15.12,2.97,2.19
2020-04-13,801170,15.64,1.26,1.81
2020-04-13,801050,30.54,1.88,0.73
2020-04-13,801040,9.34,0.85,4.66
2020-04-13,801030,20.83,1.8,1.63
2020-04-13,801010,30.66,3.99,1.19
2020-04-13,801080,41.95,3.29,0.56
2020-04-13,801180,8.53,1.21,3.07
2020-04-13,801150,40.89,3.86,0.59
2020-04-13,801880,18.58,1.47,2.04
2020-04-13,801790,13.64,1.6,1.69
2020-04-13,801780,5.97,0.68,3.76
2020-04-13,801770,38.41,2.76,0.42
2020-04-13,801760,37.8,2.28,0.71
2020-04-13,801750,57.61,4.03,0.33
2020-04-13,801730,31.78,2.14,0.76
2020-04-13,801890,25.66,1.99,0.96
2020-04-13,801710,13.72,2.02,1.94
2020-04-14,801160,18.47,1.32,1.95
2020-04-14,801120,32.83,6.66,0.99
2020-04-14,801050,31.54,1.94,0.7
2020-04-14,801080,43.37,3.4,0.54
2020-04-14,801170,15.81,1.27,1.79
2020-04-14,801040,9.49,0.85,4.56
2020-04-14,801030,21.18,1.83,1.6
2020-04-14,801010,31.18,4.06,1.17
2020-04-14,801110,15.25,2.99,2.17
2020-04-14,801180,8.68,1.24,3.01
2020-04-14,801150,41.62,3.92,0.58
2020-04-14,801890,26.02,2.02,0.95
2020-04-14,801880,19.53,1.5,2.0
2020-04-14,801790,13.92,1.63,1.65
2020-04-14,801780,6.04,0.68,3.72
2020-04-14,801770,40.07,2.7,0.44
2020-04-14,801760,38.97,2.35,0.68
2020-04-14,801730,32.81,2.23,0.74
2020-04-14,801710,13.88,2.04,1.92
2020-04-14,801750,59.61,4.15,0.32
2020-04-15,801170,15.76,1.27,1.8
2020-04-15,801160,18.41,1.31,1.96
2020-04-15,801150,41.59,3.94,0.58
2020-04-15,801080,43.38,3.42,0.54
2020-04-15,801110,14.96,2.94,2.21
2020-04-15,801050,31.22,1.92,0.71
2020-04-15,801040,9.44,0.85,4.6
2020-04-15,801030,20.96,1.81,1.61
2020-04-15,801180,8.57,1.22,3.05
2020-04-15,801120,32.67,6.64,0.99
2020-04-15,801010,30.71,4.0,1.18
2020-04-15,801890,25.68,2.0,0.96
2020-04-15,801880,19.4,1.49,2.01
2020-04-15,801790,13.79,1.62,1.67
2020-04-15,801780,6.01,0.68,3.74
2020-04-15,801770,39.7,2.68,0.45
2020-04-15,801750,58.71,4.12,0.32
2020-04-15,801730,32.93,2.24,0.74
2020-04-15,801710,13.53,2.0,1.95
2020-04-15,801760,38.44,2.33,0.69
2020-04-16,801160,18.62,1.33,1.94
2020-04-16,801150,41.94,3.96,0.56
2020-04-16,801120,32.59,6.62,0.98
2020-04-16,801050,31.24,1.92,0.71
2020-04-16,801080,43.59,3.44,0.54
2020-04-16,801040,9.6,0.85,4.58
2020-04-16,801030,21.04,1.81,1.62
2020-04-16,801170,15.7,1.27,1.81
2020-04-16,801110,14.95,2.94,2.21
2020-04-16,801010,30.57,3.96,1.19
2020-04-16,801180,8.31,1.19,3.04
2020-04-16,801890,25.68,2.0,0.96
2020-04-16,801880,19.43,1.49,2.01
2020-04-16,801790,13.84,1.63,1.66
2020-04-16,801770,39.96,2.69,0.44
2020-04-16,801760,39.01,2.36,0.68
2020-04-16,801780,5.99,0.68,3.75
2020-04-16,801730,33.75,2.3,0.72
2020-04-16,801710,13.41,1.98,1.97
2020-04-16,801750,59.93,4.21,0.31
2020-04-17,801160,18.56,1.32,1.95
2020-04-17,801150,41.37,3.91,0.57
2020-04-17,801120,32.97,6.7,0.97
2020-04-17,801170,15.91,1.29,1.78
2020-04-17,801080,43.96,3.49,0.53
2020-04-17,801050,30.75,1.9,0.71
2020-04-17,801040,9.6,0.85,4.59
2020-04-17,801030,20.88,1.82,1.61
2020-04-17,801010,30.71,3.98,1.19
2020-04-17,801110,15.02,2.94,2.22
2020-04-17,801180,8.33,1.19,3.03
2020-04-17,801780,6.04,0.68,3.72
2020-04-17,801880,19.41,1.49,2.0
2020-04-17,801790,13.99,1.64,1.64
2020-04-17,801890,25.96,2.02,0.95
2020-04-17,801770,39.96,2.69,0.45
2020-04-17,801760,38.43,2.35,0.68
2020-04-17,801730,34.11,2.32,0.71
2020-04-17,801710,13.62,2.01,1.94
2020-04-17,801750,59.98,4.22,0.31
2020-04-20,801160,18.63,1.32,1.95
2020-04-20,801150,41.99,3.97,0.56
2020-04-20,801120,33.11,6.73,0.96
2020-04-20,801050,31.68,1.9,0.72
2020-04-20,801080,43.83,3.52,0.47
2020-04-20,801040,9.62,0.85,4.5
2020-04-20,801030,21.12,1.84,1.58
2020-04-20,801010,30.8,4.02,1.18
2020-04-20,801170,15.95,1.29,1.76
2020-04-20,801110,15.17,2.96,2.21
2020-04-20,801180,8.31,1.19,3.04
2020-04-20,801880,19.45,1.49,1.99
2020-04-20,801790,14.11,1.66,1.63
2020-04-20,801780,6.02,0.68,3.73
2020-04-20,801770,40.73,2.75,0.44
2020-04-20,801760,38.73,2.37,0.68
2020-04-20,801890,26.23,2.04,0.93
2020-04-20,801730,33.95,2.33,0.71
2020-04-20,801710,14.0,2.06,1.89
2020-04-20,801750,61.39,4.32,0.31
2020-04-21,801150,41.68,3.93,0.57
2020-04-21,801120,32.5,6.61,0.97
2020-04-21,801110,14.97,2.93,2.23
2020-04-21,801040,9.97,0.85,4.42
2020-04-21,801050,30.95,1.87,0.73
2020-04-21,801030,20.8,1.82,1.59
2020-04-21,801010,29.4,3.94,1.19
2020-04-21,801160,18.44,1.31,1.96
2020-04-21,801080,42.39,3.44,0.48
2020-04-21,801170,15.91,1.28,1.76
2020-04-21,801180,8.14,1.16,3.07
2020-04-21,801890,26.04,2.02,0.94
2020-04-21,801880,19.11,1.47,2.02
2020-04-21,801790,13.87,1.63,1.66
2020-04-21,801780,5.99,0.67,3.74
2020-04-21,801770,40.84,2.75,0.44
2020-04-21,801760,38.69,2.37,0.67
2020-04-21,801750,61.95,4.33,0.3
2020-04-21,801730,33.57,2.3,0.72
2020-04-21,801710,13.96,2.06,1.89
2020-04-22,801160,18.58,1.32,1.94
2020-04-22,801150,42.27,3.97,0.56
2020-04-22,801120,33.47,6.7,0.9
2020-04-22,801050,30.85,1.88,0.73
2020-04-22,801080,42.48,3.47,0.48
2020-04-22,801040,9.96,0.85,4.45
2020-04-22,801030,20.85,1.84,1.55
2020-04-22,801010,30.59,4.09,1.14
2020-04-22,801170,16.02,1.29,1.75
2020-04-22,801110,15.22,2.97,2.2
2020-04-22,801890,26.19,2.04,0.94
2020-04-22,801880,19.38,1.47,2.02
2020-04-22,801790,13.87,1.63,1.66
2020-04-22,801780,5.99,0.67,3.75
2020-04-22,801180,8.18,1.17,3.1
2020-04-22,801760,39.64,2.41,0.67
2020-04-22,801770,41.06,2.77,0.43
2020-04-22,801730,33.96,2.33,0.71
2020-04-22,801710,14.0,2.07,1.88
2020-04-22,801750,61.49,4.35,0.3
2020-04-23,801160,18.53,1.31,1.94
2020-04-23,801150,42.45,3.99,0.55
2020-04-23,801120,33.68,6.74,0.9
2020-04-23,801170,16.25,1.31,1.72
2020-04-23,801080,42.02,3.41,0.48
2020-04-23,801050,30.85,1.88,0.73
2020-04-23,801040,9.78,0.84,4.49
2020-04-23,801030,20.86,1.84,1.55
2020-04-23,801010,30.52,4.08,1.14
2020-04-23,801110,15.36,3.0,2.18
2020-04-23,801180,8.11,1.17,3.1
2020-04-23,801890,26.0,2.03,0.94
2020-04-23,801880,19.25,1.46,2.03
2020-04-23,801790,13.82,1.62,1.66
2020-04-23,801780,5.97,0.67,3.76
2020-04-23,801770,41.41,2.84,0.41
2020-04-23,801760,38.96,2.37,0.68
2020-04-23,801730,32.96,2.28,0.72
2020-04-23,801710,13.77,2.04,1.84
2020-04-23,801750,60.32,4.28,0.31
2020-04-24,801150,41.47,3.89,0.58
2020-04-24,801120,33.63,6.74,0.89
2020-04-24,801110,15.21,2.97,2.19
2020-04-24,801040,9.76,0.83,4.53
2020-04-24,801050,30.7,1.87,0.74
2020-04-24,801030,20.54,1.81,1.57
2020-04-24,801010,24.14,3.86,1.16
2020-04-24,801160,18.52,1.3,1.95
2020-04-24,801080,41.15,3.33,0.49
2020-04-24,801170,15.95,1.28,1.79
2020-04-24,801180,8.01,1.15,3.13
2020-04-24,801890,25.38,2.0,0.94
2020-04-24,801880,19.16,1.45,2.04
2020-04-24,801790,13.56,1.58,1.7
2020-04-24,801780,5.94,0.67,3.78
2020-04-24,801760,39.16,2.33,0.69
2020-04-24,801750,59.31,4.16,0.31
2020-04-24,801770,40.53,2.78,0.41
2020-04-24,801730,32.5,2.27,0.72
2020-04-24,801710,13.63,2.03,1.86
2020-04-27,801160,18.75,1.3,1.92
2020-04-27,801150,42.02,3.91,0.59
2020-04-27,801120,33.82,6.76,0.89
2020-04-27,801170,15.87,1.28,1.81
2020-04-27,801080,41.01,3.32,0.49
2020-04-27,801050,30.12,1.83,0.75
2020-04-27,801040,9.92,0.83,4.16
2020-04-27,801030,20.27,1.8,1.57
2020-04-27,801010,24.18,3.85,1.08
2020-04-27,801110,15.09,2.96,2.2
2020-04-27,801180,8.06,1.15,3.11
2020-04-27,801890,25.37,2.0,0.94
2020-04-27,801880,18.71,1.44,2.06
2020-04-27,801790,13.57,1.59,1.69
2020-04-27,801780,6.06,0.68,3.7
2020-04-27,801760,37.81,2.35,0.7
2020-04-27,801770,40.85,2.7,0.41
2020-04-27,801730,32.27,2.27,0.71
2020-04-27,801710,13.69,2.04,1.85
2020-04-27,801750,58.1,4.16,0.31
2020-04-28,801160,18.35,1.28,1.93
2020-04-28,801170,15.79,1.28,1.81
2020-04-28,801120,34.03,6.53,0.87
2020-04-28,801010,23.89,3.83,1.08
2020-04-28,801080,40.79,3.3,0.48
2020-04-28,801050,29.42,1.8,0.76
2020-04-28,801040,9.87,0.82,4.21
2020-04-28,801030,19.63,1.77,1.6
2020-04-28,801110,15.22,2.98,2.18
2020-04-28,801180,8.01,1.15,3.1
2020-04-28,801150,41.84,3.86,0.59
2020-04-28,801890,24.9,1.97,0.96
2020-04-28,801880,18.19,1.42,2.09
2020-04-28,801790,13.75,1.6,1.67
2020-04-28,801780,6.08,0.68,3.7
2020-04-28,801770,41.12,2.69,0.42
2020-04-28,801760,37.89,2.36,0.7
2020-04-28,801730,32.18,2.28,0.72
2020-04-28,801710,13.64,2.01,1.86
2020-04-28,801750,57.94,4.1,0.31
2020-04-29,801160,18.58,1.28,1.94
2020-04-29,801120,33.56,6.24,0.91
2020-04-29,801110,15.34,3.0,2.16
2020-04-29,801040,10.16,0.82,4.2
2020-04-29,801050,31.18,1.84,0.79
2020-04-29,801170,16.07,1.28,1.8
2020-04-29,801030,19.73,1.77,1.6
2020-04-29,801010,23.66,3.74,1.1
2020-04-29,801080,40.88,3.32,0.47
2020-04-29,801180,8.21,1.17,3.05
2020-04-29,801150,41.71,3.8,0.6
2020-04-29,801890,24.87,1.99,0.96
2020-04-29,801790,13.86,1.59,1.67
2020-04-29,801780,6.21,0.67,3.61
2020-04-29,801770,41.12,2.68,0.42
2020-04-29,801760,38.16,2.44,0.7
2020-04-29,801880,18.1,1.43,2.08
2020-04-29,801730,31.88,2.29,0.72
2020-04-29,801710,13.77,2.03,1.92
2020-04-29,801750,56.83,4.16,0.31
2020-04-30,801160,18.85,1.3,1.92
2020-04-30,801120,33.69,6.25,0.91
2020-04-30,801110,16.14,2.86,2.13
2020-04-30,801040,10.7,0.84,4.27
2020-04-30,801050,31.53,1.91,0.77
2020-04-30,801030,20.33,1.79,1.56
2020-04-30,801010,23.51,3.75,1.09
2020-04-30,801170,16.05,1.31,1.77
2020-04-30,801080,44.54,3.5,0.5
2020-04-30,801180,8.45,1.17,3.02
2020-04-30,801150,41.76,3.83,0.6
2020-04-30,801880,19.02,1.48,2.01
2020-04-30,801790,13.98,1.6,1.64
2020-04-30,801780,6.22,0.67,3.6
2020-04-30,801770,41.06,2.88,0.4
2020-04-30,801760,41.15,2.55,0.68
2020-04-30,801750,61.4,4.39,0.3
2020-04-30,801730,32.98,2.36,0.7
2020-04-30,801890,25.04,2.06,0.96
2020-04-30,801710,13.77,2.04,1.92
2020-05-06,801170,20.01,1.29,1.79
2020-05-06,801160,20.24,1.31,1.9
2020-05-06,801150,44.09,3.92,0.59
2020-05-06,801080,47.04,3.61,0.48
2020-05-06,801110,18.28,2.87,2.13
2020-05-06,801050,35.04,1.95,0.75
2020-05-06,801040,11.85,0.84,4.27
2020-05-06,801030,23.78,1.82,1.53
2020-05-06,801180,8.83,1.17,3.03
2020-05-06,801120,34.38,6.36,0.89
2020-05-06,801010,19.56,3.76,1.09
2020-05-06,801890,28.16,2.09,0.94
2020-05-06,801880,23.74,1.52,1.95
2020-05-06,801790,15.46,1.6,1.65
2020-05-06,801770,45.9,2.96,0.39
2020-05-06,801780,6.04,0.66,3.64
2020-05-06,801750,74.51,4.5,0.29
2020-05-06,801730,32.47,2.41,0.69
2020-05-06,801710,14.62,2.05,1.91
2020-05-06,801760,45.41,2.59,0.66
2020-05-07,801160,20.11,1.3,1.91
2020-05-07,801150,44.22,3.93,0.59
2020-05-07,801120,34.8,6.44,0.89
2020-05-07,801170,19.83,1.28,1.8
2020-05-07,801080,46.61,3.58,0.49
2020-05-07,801050,34.87,1.94,0.75
2020-05-07,801040,11.87,0.84,4.26
2020-05-07,801030,23.78,1.82,1.53
2020-05-07,801010,19.78,3.8,1.08
2020-05-07,801110,18.17,2.85,2.14
2020-05-07,801180,8.77,1.16,3.06
2020-05-07,801780,6.01,0.66,3.66
2020-05-07,801880,23.67,1.51,1.96
2020-05-07,801790,15.35,1.58,1.66
2020-05-07,801890,28.18,2.1,0.93
2020-05-07,801770,45.63,2.94,0.39
2020-05-07,801760,45.26,2.58,0.66
2020-05-07,801730,32.25,2.39,0.69
2020-05-07,801710,14.81,2.07,1.89
2020-05-07,801750,73.96,4.46,0.28
2020-05-08,801150,44.46,3.95,0.58
2020-05-08,801120,35.04,6.48,0.88
2020-05-08,801110,18.89,2.97,2.06
2020-05-08,801040,11.95,0.84,3.75
2020-05-08,801050,35.32,1.97,0.74
2020-05-08,801030,24.06,1.84,1.51
2020-05-08,801010,19.81,3.81,1.08
2020-05-08,801160,20.2,1.3,1.9
2020-05-08,801080,47.14,3.62,0.48
2020-05-08,801170,19.95,1.29,1.79
2020-05-08,801180,8.86,1.17,2.99
2020-05-08,801890,28.49,2.12,0.92
2020-05-08,801880,23.97,1.53,1.92
2020-05-08,801790,15.49,1.6,2.27
2020-05-08,801780,6.07,0.66,3.62
2020-05-08,801760,45.86,2.61,0.65
2020-05-08,801750,75.32,4.55,0.28
2020-05-08,801770,46.39,2.99,0.38
2020-05-08,801730,32.41,2.4,0.68
2020-05-08,801710,14.87,2.08,1.88
2020-05-11,801160,20.16,1.3,1.9
2020-05-11,801150,44.07,3.91,0.58
2020-05-11,801120,34.97,6.47,0.88
2020-05-11,801170,20.01,1.3,1.78
2020-05-11,801080,47.18,3.62,0.48
2020-05-11,801050,34.96,1.95,0.74
2020-05-11,801040,11.89,0.84,3.72
2020-05-11,801030,24.03,1.84,1.5
2020-05-11,801010,19.39,3.73,1.1
2020-05-11,801110,19.13,3.0,2.01
2020-05-11,801180,8.86,1.17,2.98
2020-05-11,801890,28.62,2.13,0.91
2020-05-11,801880,24.11,1.54,1.91
2020-05-11,801790,15.51,1.6,2.27
2020-05-11,801780,6.07,0.66,3.62
2020-05-11,801760,45.72,2.61,0.69
2020-05-11,801770,46.67,3.02,0.38
2020-05-11,801730,32.12,2.38,0.69
2020-05-11,801710,15.14,2.12,1.85
2020-05-11,801750,74.78,4.51,0.28
2020-05-12,801160,20.13,1.3,1.91
2020-05-12,801150,44.58,3.96,0.57
2020-05-12,801120,35.25,6.52,0.87
2020-05-12,801170,19.89,1.29,1.8
2020-05-12,801080,47.61,3.66,0.48
2020-05-12,801050,34.68,1.93,0.75
2020-05-12,801040,11.86,0.84,3.73
2020-05-12,801030,23.99,1.84,1.5
2020-05-12,801110,19.4,3.05,1.98
2020-05-12,801180,8.77,1.16,3.01
2020-05-12,801010,19.39,3.73,1.11
2020-05-12,801890,28.68,2.13,0.91
2020-05-12,801880,23.98,1.53,1.92
2020-05-12,801790,15.47,1.6,2.29
2020-05-12,801770,46.27,3.0,0.38
2020-05-12,801760,45.79,2.61,0.69
2020-05-12,801780,6.02,0.66,3.65
2020-05-12,801730,32.34,2.4,0.69
2020-05-12,801710,15.05,2.11,1.86
2020-05-12,801750,73.37,4.52,0.27
2020-05-13,801160,20.15,1.3,1.9
2020-05-13,801150,45.19,4.01,0.56
2020-05-13,801120,35.83,6.63,0.85
2020-05-13,801010,19.47,3.74,1.09
2020-05-13,801080,47.72,3.67,0.48
2020-05-13,801050,34.91,1.94,0.75
2020-05-13,801040,11.93,0.84,4.06
2020-05-13,801030,24.13,1.85,1.48
2020-05-13,801170,19.93,1.29,1.79
2020-05-13,801110,19.3,3.03,1.99
2020-05-13,801180,8.79,1.16,3.01
2020-05-13,801780,6.02,0.66,3.65
2020-05-13,801890,28.69,2.13,0.92
2020-05-13,801880,23.87,1.52,1.93
2020-05-13,801790,15.44,1.59,2.29
2020-05-13,801770,46.11,3.0,0.38
2020-05-13,801760,46.14,2.63,0.67
2020-05-13,801730,32.43,2.41,0.69
2020-05-13,801710,15.03,2.1,1.85
2020-05-13,801750,73.55,4.53,0.27
2020-05-14,801150,44.8,3.98,0.57
2020-05-14,801120,35.59,6.58,0.87
2020-05-14,801110,19.29,3.03,1.99
2020-05-14,801040,11.76,0.83,4.12
2020-05-14,801050,34.8,1.94,0.75
2020-05-14,801030,23.85,1.82,1.5
2020-05-14,801010,18.96,3.65,1.12
2020-05-14,801160,20.01,1.29,1.92
2020-05-14,801080,47.58,3.65,0.48
2020-05-14,801170,19.68,1.27,1.82
2020-05-14,801180,8.67,1.15,2.99
2020-05-14,801890,28.38,2.11,0.93
2020-05-14,801880,23.44,1.5,1.96
2020-05-14,801790,15.22,1.57,2.32
2020-05-14,801780,5.95,0.65,3.69
2020-05-14,801760,45.9,2.62,0.67
2020-05-14,801750,73.1,4.5,0.26
2020-05-14,801770,45.6,2.96,0.39
2020-05-14,801730,31.9,2.37,0.69
2020-05-14,801710,14.63,2.05,1.9
2020-05-15,801160,20.02,1.29,1.93
2020-05-15,801150,44.52,3.95,0.59
2020-05-15,801120,35.24,6.52,0.87
2020-05-15,801170,19.7,1.27,1.81
2020-05-15,801080,48.19,3.7,0.48
2020-05-15,801050,35.14,1.96,0.75
2020-05-15,801040,11.66,0.83,4.14
2020-05-15,801030,23.83,1.82,1.71
2020-05-15,801010,19.02,3.66,1.15
2020-05-15,801110,19.12,3.0,1.98
2020-05-15,801180,8.7,1.15,2.98
2020-05-15,801890,28.23,2.1,0.93
2020-05-15,801880,23.3,1.49,1.88
2020-05-15,801790,15.22,1.57,2.33
2020-05-15,801780,5.95,0.65,3.7
2020-05-15,801760,45.95,2.62,0.67
2020-05-15,801770,45.91,2.98,0.38
2020-05-15,801730,32.16,2.39,0.68
2020-05-15,801710,14.55,2.04,1.91
2020-05-15,801750,73.52,4.52,0.25
2020-05-18,801160,19.96,1.29,1.92
2020-05-18,801150,45.02,4.0,0.57
2020-05-18,801120,36.17,6.69,0.85
2020-05-18,801170,19.85,1.28,1.8
2020-05-18,801080,46.08,3.54,0.49
2020-05-18,801050,36.16,2.02,0.7
2020-05-18,801040,11.69,0.83,4.33
2020-05-18,801030,23.81,1.82,1.71
2020-05-18,801010,19.52,3.76,1.12
2020-05-18,801110,19.16,3.01,1.98
2020-05-18,801180,8.76,1.16,2.98
2020-05-18,801880,23.1,1.47,1.82
2020-05-18,801790,15.14,1.56,2.32
2020-05-18,801780,5.96,0.65,3.7
2020-05-18,801770,44.72,2.9,0.38
2020-05-18,801760,45.32,2.59,0.69
2020-05-18,801890,28.31,2.11,0.92
2020-05-18,801730,31.94,2.38,0.69
2020-05-18,801710,14.63,2.05,2.04
2020-05-18,801750,72.29,4.45,0.25
2020-05-19,801160,19.99,1.29,1.93
2020-05-19,801150,45.42,4.03,0.57
2020-05-19,801120,36.32,6.72,0.85
2020-05-19,801050,35.93,2.01,0.7
2020-05-19,801080,47.59,3.66,0.49
2020-05-19,801040,11.75,0.83,4.3
2020-05-19,801030,24.22,1.85,1.69
2020-05-19,801010,19.39,3.72,1.13
2020-05-19,801170,20.08,1.3,1.79
2020-05-19,801110,19.38,3.04,1.96
2020-05-19,801180,8.75,1.16,2.98
2020-05-19,801890,28.67,2.13,0.91
2020-05-19,801880,23.35,1.49,1.8
2020-05-19,801790,15.26,1.57,2.31
2020-05-19,801780,6.0,0.66,3.67
2020-05-19,801770,45.1,2.93,0.38
2020-05-19,801760,46.06,2.62,0.68
2020-05-19,801730,32.4,2.41,0.69
2020-05-19,801710,14.7,2.06,2.03
2020-05-19,801750,73.0,4.49,0.28
2020-05-20,801160,19.87,1.28,1.93
2020-05-20,801150,44.93,3.98,0.6
2020-05-20,801120,36.17,6.68,0.85
2020-05-20,801050,35.93,2.01,0.71
2020-05-20,801080,47.03,3.62,0.5
2020-05-20,801040,11.63,0.82,4.35
2020-05-20,801030,24.1,1.84,1.7
2020-05-20,801010,19.07,3.66,1.18
2020-05-20,801170,19.88,1.29,1.8
2020-05-20,801110,19.31,3.03,1.98
2020-05-20,801180,8.67,1.14,3.04
2020-05-20,801880,23.31,1.49,1.99
2020-05-20,801790,15.23,1.57,2.32
2020-05-20,801780,6.03,0.66,3.65
2020-05-20,801770,44.74,2.9,0.39
2020-05-20,801760,45.37,2.6,0.7
2020-05-20,801890,28.39,2.11,0.92
2020-05-20,801730,32.49,2.42,0.69
2020-05-20,801710,14.57,2.04,2.01
2020-05-20,801750,72.52,4.47,0.28
2020-05-21,801160,19.67,1.27,2.04
2020-05-21,801150,45.27,4.01,0.59
2020-05-21,801120,36.34,6.72,0.85
2020-05-21,801050,35.4,1.98,0.74
2020-05-21,801080,46.01,3.54,0.5
2020-05-21,801040,11.65,0.83,4.32
2020-05-21,801030,23.15,1.83,1.76
2020-05-21,801010,18.71,3.59,1.22
2020-05-21,801170,19.75,1.28,1.82
2020-05-21,801110,19.19,3.01,2.0
2020-05-21,801180,8.64,1.14,2.98
2020-05-21,801880,23.1,1.47,2.02
2020-05-21,801790,15.09,1.56,2.35
2020-05-21,801780,6.01,0.66,3.67
2020-05-21,801770,43.94,2.85,0.39
2020-05-21,801760,44.98,2.57,0.73
2020-05-21,801890,28.02,2.08,0.91
2020-05-21,801730,32.09,2.39,0.69
2020-05-21,801710,14.51,2.03,2.03
2020-05-21,801750,71.0,4.37,0.28
2020-05-22,801160,19.43,1.26,2.09
2020-05-22,801150,44.1,3.9,0.61
2020-05-22,801120,35.27,6.52,0.88
2020-05-22,801050,35.11,1.96,0.79
2020-05-22,801080,45.19,3.48,0.52
2020-05-22,801040,11.49,0.81,3.73
2020-05-22,801030,22.67,1.79,1.82
2020-05-22,801170,19.76,1.27,1.84
2020-05-22,801110,18.7,2.94,2.05
2020-05-22,801010,18.53,3.56,1.19
2020-05-22,801180,8.47,1.12,3.04
2020-05-22,801880,22.77,1.45,2.08
2020-05-22,801790,14.69,1.52,2.42
2020-05-22,801780,5.9,0.65,3.74
2020-05-22,801770,43.25,2.81,0.41
2020-05-22,801760,44.07,2.53,0.73
2020-05-22,801890,27.55,2.05,0.95
2020-05-22,801750,69.33,4.27,0.29
2020-05-22,801710,14.13,1.98,2.08
2020-05-22,801730,31.31,2.33,0.7
2020-05-25,801010,18.76,3.6,1.17
2020-05-25,801030,22.63,1.79,1.73
2020-05-25,801040,11.45,0.81,3.67
2020-05-25,801050,34.9,1.95,0.75
2020-05-25,801080,44.45,3.42,0.42
2020-05-25,801110,18.57,2.92,2.04
2020-05-25,801120,36.2,6.69,0.85
2020-05-25,801150,43.89,3.89,0.62
2020-05-25,801160,19.47,1.26,2.05
2020-05-25,801170,19.88,1.28,1.76
2020-05-25,801180,8.55,1.13,3.01
2020-05-25,801890,27.6,2.05,0.94
2020-05-25,801790,14.62,1.51,1.86
2020-05-25,801780,5.9,0.64,3.74
2020-05-25,801770,42.15,2.73,0.4
2020-05-25,801760,43.84,2.51,0.74
2020-05-25,801880,22.75,1.45,2.07
2020-05-25,801730,31.14,2.32,0.68
2020-05-25,801710,14.18,1.98,1.97
2020-05-25,801750,68.53,4.23,0.29
2020-05-26,801160,19.78,1.28,2.03
2020-05-26,801150,45.71,4.05,0.61
2020-05-26,801120,36.39,6.72,0.85
2020-05-26,801110,19.08,3.0,1.99
2020-05-26,801040,11.58,0.82,3.63
2020-05-26,801050,35.56,1.98,0.75
2020-05-26,801030,23.03,1.82,1.8
2020-05-26,801010,18.81,3.61,1.22
2020-05-26,801170,20.16,1.3,1.74
2020-05-26,801080,45.9,3.54,0.41
2020-05-26,801180,8.65,1.14,2.97
2020-05-26,801880,23.1,1.47,2.04
2020-05-26,801790,14.77,1.52,1.85
2020-05-26,801780,5.91,0.65,3.74
2020-05-26,801770,43.02,2.79,0.4
2020-05-26,801760,44.95,2.58,0.72
2020-05-26,801750,70.32,4.34,0.28
2020-05-26,801890,28.06,2.09,0.93
2020-05-26,801730,31.79,2.37,0.71
2020-05-26,801710,14.38,2.01,1.94
2020-05-27,801170,20.14,1.29,1.75
2020-05-27,801160,19.78,1.28,2.02
2020-05-27,801150,44.93,3.98,0.63
2020-05-27,801080,45.14,3.48,0.41
2020-05-27,801110,19.12,3.0,1.94
2020-05-27,801050,35.45,1.98,0.75
2020-05-27,801040,11.66,0.83,3.69
2020-05-27,801030,22.97,1.82,1.57
2020-05-27,801180,8.67,1.15,2.84
2020-05-27,801120,36.09,6.67,0.85
2020-05-27,801010,18.64,3.57,1.28
2020-05-27,801890,27.91,2.07,0.92
2020-05-27,801880,23.06,1.47,2.05
2020-05-27,801790,14.68,1.52,1.86
2020-05-27,801770,42.34,2.75,0.4
2020-05-27,801780,5.94,0.65,3.72
2020-05-27,801750,68.95,4.25,0.3
2020-05-27,801730,31.6,2.36,0.72
2020-05-27,801710,14.24,1.99,1.96
2020-05-27,801760,44.57,2.56,0.73
2020-05-28,801120,36.11,6.67,0.85
2020-05-28,801160,19.87,1.28,2.04
2020-05-28,801150,44.38,3.93,0.66
2020-05-28,801110,19.12,3.0,1.94
2020-05-28,801180,8.69,1.15,2.41
2020-05-28,801050,36.01,2.01,0.74
2020-05-28,801040,11.54,0.82,3.93
2020-05-28,801030,22.84,1.81,1.63
2020-05-28,801010,18.37,3.52,1.28
2020-05-28,801080,44.99,3.47,0.4
2020-05-28,801890,27.73,2.06,0.9
2020-05-28,801880,23.05,1.47,2.06
2020-05-28,801790,14.9,1.54,1.83
2020-05-28,801780,6.02,0.66,3.77
2020-05-28,801770,42.05,2.73,0.4
2020-05-28,801760,44.98,2.57,0.72
2020-05-28,801170,20.18,1.3,1.74
2020-05-28,801710,14.32,2.0,2.03
2020-05-28,801750,69.07,4.26,0.3
2020-05-28,801730,31.32,2.33,0.74
2020-05-29,801890,27.92,2.08,0.9
2020-05-29,801010,18.65,3.58,1.29
2020-05-29,801030,22.99,1.82,1.64
2020-05-29,801040,11.6,0.82,3.91
2020-05-29,801050,36.18,2.02,0.74
2020-05-29,801080,45.0,3.47,0.55
2020-05-29,801110,19.37,3.04,1.95
2020-05-29,801120,36.64,6.77,0.86
2020-05-29,801160,19.81,1.28,2.05
2020-05-29,801170,20.45,1.31,1.67
2020-05-29,801180,8.58,1.14,3.08
2020-05-29,801790,14.77,1.52,1.85
2020-05-29,801780,5.98,0.65,3.8
2020-05-29,801770,42.03,2.73,0.41
2020-05-29,801760,46.01,2.62,0.71
2020-05-29,801750,69.57,4.29,0.31
2020-05-29,801880,23.06,1.47,1.91
2020-05-29,801730,31.54,2.35,0.73
2020-05-29,801150,45.2,4.0,0.65
2020-05-29,801710,14.32,2.0,2.03
2020-06-01,801170,20.9,1.34,1.54
2020-06-01,801030,23.59,1.87,1.56
2020-06-01,801040,11.73,0.83,2.41
2020-06-01,801050,37.06,2.07,0.7
2020-06-01,801110,19.77,3.1,1.22
2020-06-01,801120,37.92,7.0,0.82
2020-06-01,801150,46.04,4.08,0.64
2020-06-01,801010,18.88,3.62,0.96
2020-06-01,801160,20.17,1.3,2.0
2020-06-01,801080,47.41,3.65,0.48
2020-06-01,801180,8.81,1.16,2.98
2020-06-01,801890,28.62,2.13,0.86
2020-06-01,801880,23.78,1.51,1.78
2020-06-01,801790,15.23,1.57,1.8
2020-06-01,801780,6.06,0.66,3.73
2020-06-01,801770,43.93,2.85,0.46
2020-06-01,801750,72.39,4.46,0.31
2020-06-01,801710,14.68,2.05,1.86
2020-06-01,801760,47.86,2.73,0.66
2020-06-01,801730,32.6,2.43,0.69
2020-06-02,801010,19.05,3.65,0.95
2020-06-02,801030,23.78,1.88,1.56
2020-06-02,801040,11.7,0.83,2.41
2020-06-02,801050,37.02,2.07,0.7
2020-06-02,801080,48.33,3.72,0.5
2020-06-02,801180,8.97,1.19,2.92
2020-06-02,801120,37.53,6.93,0.83
2020-06-02,801150,45.56,4.04,0.65
2020-06-02,801160,20.29,1.31,2.0
2020-06-02,801170,21.06,1.35,1.56
2020-06-02,801110,19.61,3.08,2.18
2020-06-02,801890,28.76,2.14,0.86
2020-06-02,801880,23.79,1.52,1.78
2020-06-02,801780,6.1,0.67,3.71
2020-06-02,801770,44.21,2.87,0.45
2020-06-02,801790,15.4,1.59,1.8
2020-06-02,801750,72.14,4.45,0.31
2020-06-02,801730,32.48,2.42,0.7
2020-06-02,801710,14.56,2.04,1.88
2020-06-02,801760,47.67,2.72,0.67
2020-06-03,801150,45.85,4.07,0.64
2020-06-03,801110,19.47,3.06,2.23
2020-06-03,801120,37.31,6.89,0.84
2020-06-03,801760,47.78,2.72,0.67
2020-06-03,801050,36.73,2.05,0.71
2020-06-03,801040,11.66,0.83,3.07
2020-06-03,801030,23.96,1.89,1.55
2020-06-03,801010,18.89,3.62,0.96
2020-06-03,801160,20.24,1.31,2.01
2020-06-03,801080,48.69,3.75,0.5
2020-06-03,801170,21.0,1.35,1.6
2020-06-03,801780,6.11,0.67,3.51
2020-06-03,801880,24.25,1.54,1.75
2020-06-03,801790,15.38,1.59,1.8
2020-06-03,801890,28.82,2.14,0.85
2020-06-03,801770,44.16,2.87,0.45
2020-06-03,801750,71.84,4.43,0.31
2020-06-03,801180,8.93,1.18,2.93
2020-06-03,801730,32.39,2.41,0.7
2020-06-03,801710,14.5,2.03,1.77
2020-06-04,801160,20.18,1.3,2.04
2020-06-04,801150,46.14,4.09,0.66
2020-06-04,801120,37.72,6.96,0.83
2020-06-04,801050,36.4,2.03,0.72
2020-06-04,801080,48.63,3.75,0.5
2020-06-04,801040,11.59,0.82,3.09
2020-06-04,801030,23.95,1.89,1.56
2020-06-04,801010,19.01,3.65,1.0
2020-06-04,801170,20.92,1.35,1.58
2020-06-04,801110,19.75,3.1,2.2
2020-06-04,801180,8.89,1.18,2.94
2020-06-04,801880,24.47,1.56,1.72
2020-06-04,801790,15.34,1.58,1.8
2020-06-04,801780,6.09,0.67,3.52
2020-06-04,801770,43.73,2.83,0.45
2020-06-04,801760,47.93,2.73,0.66
2020-06-04,801890,28.85,2.14,0.87
2020-06-04,801730,32.33,2.41,0.77
2020-06-04,801710,14.4,2.01,1.79
2020-06-04,801750,71.35,4.4,0.31
2020-06-05,801150,46.47,4.12,0.67
2020-06-05,801120,37.98,7.01,0.83
2020-06-05,801110,19.88,3.12,2.19
2020-06-05,801040,11.61,0.82,3.1
2020-06-05,801050,36.5,2.04,0.73
2020-06-05,801030,23.94,1.89,1.57
2020-06-05,801010,18.66,3.57,1.02
2020-06-05,801160,20.18,1.3,1.94
2020-06-05,801080,48.95,3.77,0.5
2020-06-05,801170,21.28,1.37,1.54
2020-06-05,801180,8.84,1.17,2.93
2020-06-05,801890,28.91,2.15,0.85
2020-06-05,801880,24.47,1.56,1.73
2020-06-05,801790,15.44,1.59,1.79
2020-06-05,801780,6.1,0.67,3.51
2020-06-05,801770,43.83,2.84,0.46
2020-06-05,801760,48.48,2.76,0.65
2020-06-05,801750,70.72,4.36,0.34
2020-06-05,801730,32.36,2.41,0.77
2020-06-05,801710,14.28,2.0,1.88
2020-06-08,801160,20.19,1.3,1.92
2020-06-08,801150,46.07,4.09,0.69
2020-06-08,801120,37.98,7.01,0.66
2020-06-08,801050,36.9,2.06,0.7
2020-06-08,801080,49.21,3.79,0.47
2020-06-08,801040,11.7,0.83,3.08
2020-06-08,801030,24.06,1.9,1.45
2020-06-08,801010,18.75,3.59,1.02
2020-06-08,801170,21.39,1.38,1.54
2020-06-08,801110,20.3,3.19,2.15
2020-06-08,801890,28.92,2.15,0.84
2020-06-08,801880,24.4,1.55,1.74
2020-06-08,801790,15.55,1.6,1.77
2020-06-08,801780,6.1,0.67,3.51
2020-06-08,801180,8.92,1.18,2.89
2020-06-08,801760,47.95,2.74,0.65
2020-06-08,801770,44.2,2.86,0.47
2020-06-08,801730,32.61,2.43,0.76
2020-06-08,801710,14.24,1.99,1.82
2020-06-08,801750,71.21,4.39,0.34
2020-06-09,801160,20.27,1.31,1.91
2020-06-09,801150,46.88,4.16,0.68
2020-06-09,801120,38.32,7.08,0.66
2020-06-09,801170,21.64,1.39,1.53
2020-06-09,801080,49.29,3.8,0.47
2020-06-09,801050,36.84,2.06,0.7
2020-06-09,801040,11.66,0.83,3.09
2020-06-09,801030,24.13,1.91,1.45
2020-06-09,801010,18.76,3.59,1.02
2020-06-09,801110,20.4,3.2,2.14
2020-06-09,801180,8.92,1.18,2.9
2020-06-09,801890,29.05,2.16,0.83
2020-06-09,801880,24.52,1.56,1.74
2020-06-09,801790,15.6,1.61,1.77
2020-06-09,801780,6.11,0.67,3.52
2020-06-09,801770,44.26,2.86,0.47
2020-06-09,801760,49.12,2.81,0.63
2020-06-09,801730,32.81,2.45,0.78
2020-06-09,801710,14.35,2.01,1.8
2020-06-09,801750,71.65,4.42,0.34
2020-06-10,801150,47.61,4.23,0.67
2020-06-10,801120,38.3,7.07,0.94
2020-06-10,801110,20.26,3.18,2.16
2020-06-10,801040,11.7,0.83,3.08
2020-06-10,801050,36.71,2.05,0.7
2020-06-10,801030,24.02,1.9,1.68
2020-06-10,801010,18.85,3.61,1.0
2020-06-10,801160,20.12,1.3,1.95
2020-06-10,801080,49.68,3.83,0.47
2020-06-10,801170,21.49,1.38,1.59
2020-06-10,801180,8.86,1.17,2.92
2020-06-10,801890,29.1,2.16,0.84
2020-06-10,801880,24.3,1.55,1.76
2020-06-10,801790,15.47,1.59,1.8
2020-06-10,801780,6.07,0.66,3.58
2020-06-10,801760,48.94,2.8,0.64
2020-06-10,801750,71.92,4.43,0.34
2020-06-10,801770,44.04,2.84,0.47
2020-06-10,801730,32.79,2.44,0.77
2020-06-10,801710,14.61,2.04,1.78
2020-06-11,801160,19.98,1.29,1.97
2020-06-11,801150,46.77,4.16,0.66
2020-06-11,801120,37.65,6.95,0.96
2020-06-11,801170,21.24,1.37,1.68
2020-06-11,801080,49.28,3.8,0.48
2020-06-11,801050,36.96,2.06,0.69
2020-06-11,801040,11.62,0.82,3.36
2020-06-11,801030,23.91,1.89,1.49
2020-06-11,801010,18.21,3.49,1.69
2020-06-11,801110,19.83,3.11,2.86
2020-06-11,801180,8.8,1.16,2.94
2020-06-11,801890,29.09,2.16,0.84
2020-06-11,801880,24.51,1.56,1.76
2020-06-11,801790,15.27,1.57,1.98
2020-06-11,801780,6.0,0.66,3.44
2020-06-11,801760,49.08,2.81,0.64
2020-06-11,801770,43.95,2.84,0.44
2020-06-11,801730,33.16,2.47,0.76
2020-06-11,801710,14.44,2.02,1.81
2020-06-11,801750,72.36,4.46,0.33
2020-06-12,801170,21.15,1.36,1.67
2020-06-12,801160,20.07,1.29,1.98
2020-06-12,801180,8.78,1.16,2.95
2020-06-12,801030,23.87,1.89,1.48
2020-06-12,801110,19.85,3.12,2.86
2020-06-12,801080,48.89,3.77,0.5
2020-06-12,801050,36.58,2.04,0.7
2020-06-12,801040,11.67,0.83,3.48
2020-06-12,801120,37.98,7.01,0.96
2020-06-12,801010,18.16,3.48,1.71
2020-06-12,801150,47.45,4.22,0.66
2020-06-12,801890,29.0,2.16,0.84
2020-06-12,801880,24.48,1.56,1.73
2020-06-12,801790,15.22,1.57,1.98
2020-06-12,801780,6.0,0.66,3.43
2020-06-12,801770,43.81,2.83,0.45
2020-06-12,801750,72.16,4.45,0.35
2020-06-12,801730,33.02,2.46,0.77
2020-06-12,801760,49.95,2.86,0.63
2020-06-12,801710,14.38,2.01,1.79
2020-06-15,801160,19.97,1.29,1.92
2020-06-15,801120,37.31,6.89,0.98
2020-06-15,801110,19.28,3.03,2.93
2020-06-15,801040,11.58,0.82,3.51
2020-06-15,801050,36.2,2.02,0.68
2020-06-15,801170,20.92,1.35,1.62
2020-06-15,801030,23.74,1.88,1.43
2020-06-15,801010,18.53,3.55,1.69
2020-06-15,801080,48.0,3.7,0.49
2020-06-15,801180,8.74,1.16,2.9
2020-06-15,801150,48.07,4.28,0.63
2020-06-15,801890,28.93,2.14,0.84
2020-06-15,801790,15.07,1.55,1.99
2020-06-15,801780,5.92,0.65,3.48
2020-06-15,801770,43.34,2.8,0.45
2020-06-15,801760,50.4,2.89,0.58
2020-06-15,801880,24.11,1.53,1.76
2020-06-15,801730,32.87,2.45,0.75
2020-06-15,801710,14.23,1.99,1.84
2020-06-15,801750,71.93,4.43,0.34
2020-06-16,801160,20.2,1.3,1.94
2020-06-16,801120,37.8,6.98,0.96
2020-06-16,801110,19.6,3.08,2.88
2020-06-16,801040,12.0,0.85,3.39
2020-06-16,801050,37.04,2.07,0.66
2020-06-16,801030,24.18,1.91,1.41
2020-06-16,801010,18.6,3.56,1.68
2020-06-16,801170,21.19,1.36,1.61
2020-06-16,801080,49.34,3.8,0.49
2020-06-16,801180,8.86,1.17,2.86
2020-06-16,801150,49.04,4.36,0.62
2020-06-16,801880,24.37,1.55,1.75
2020-06-16,801790,15.25,1.57,1.97
2020-06-16,801780,5.97,0.65,3.47
2020-06-16,801770,44.78,2.89,0.43
2020-06-16,801760,51.01,2.92,0.59
2020-06-16,801750,73.27,4.51,0.34
2020-06-16,801730,33.35,2.49,0.74
2020-06-16,801890,29.44,2.18,0.82
2020-06-16,801710,14.55,2.03,1.8
2020-06-17,801170,21.1,1.36,1.61
2020-06-17,801160,20.32,1.31,1.92
2020-06-17,801150,50.27,4.47,0.64
2020-06-17,801080,49.38,3.8,0.51
2020-06-17,801110,19.5,3.06,2.9
2020-06-17,801050,37.06,2.07,0.64
2020-06-17,801040,12.28,0.87,3.31
2020-06-17,801030,24.17,1.91,1.4
2020-06-17,801180,8.82,1.16,2.84
2020-06-17,801120,37.77,6.97,0.97
2020-06-17,801010,18.8,3.6,1.67
2020-06-17,801890,29.49,2.19,0.83
2020-06-17,801880,24.26,1.54,1.76
2020-06-17,801790,15.18,1.56,1.98
2020-06-17,801770,44.74,2.89,0.43
2020-06-17,801780,5.97,0.65,3.45
2020-06-17,801750,73.56,4.53,0.34
2020-06-17,801730,33.06,2.47,0.74
2020-06-17,801710,14.48,2.02,1.82
2020-06-17,801760,51.47,2.95,0.58
2020-06-18,801120,37.9,7.0,0.97
2020-06-18,801160,20.45,1.32,1.78
2020-06-18,801110,19.55,3.07,2.9
2020-06-18,801170,21.14,1.36,1.6
2020-06-18,801050,37.3,2.08,0.62
2020-06-18,801040,12.62,0.9,3.22
2020-06-18,801030,24.25,1.92,1.49
2020-06-18,801010,19.0,3.64,1.66
2020-06-18,801080,50.78,3.91,0.5
2020-06-18,801180,8.93,1.17,2.83
2020-06-18,801150,49.15,4.37,0.65
2020-06-18,801880,24.43,1.56,1.73
2020-06-18,801790,15.29,1.58,1.98
2020-06-18,801780,5.95,0.65,3.46
2020-06-18,801770,45.8,2.96,0.43
2020-06-18,801760,51.29,2.94,0.58
2020-06-18,801750,73.8,4.54,0.35
2020-06-18,801730,33.21,2.48,0.73
2020-06-18,801890,29.4,2.18,0.87
2020-06-18,801710,14.34,2.0,2.85
2020-06-19,801160,20.4,1.32,1.87
2020-06-19,801120,38.83,7.17,0.96
2020-06-19,801050,37.44,2.09,0.64
2020-06-19,801080,51.28,3.95,0.5
2020-06-19,801170,21.13,1.36,1.63
2020-06-19,801040,12.37,0.88,3.29
2020-06-19,801030,24.48,1.94,1.48
2020-06-19,801010,19.21,3.68,1.71
2020-06-19,801110,20.01,3.14,2.83
2020-06-19,801180,8.96,1.18,2.87
2020-06-19,801150,50.13,4.46,0.64
2020-06-19,801890,28.64,2.18,0.84
2020-06-19,801880,25.61,1.58,1.72
2020-06-19,801790,15.56,1.6,1.94
2020-06-19,801780,5.96,0.65,2.96
2020-06-19,801770,45.83,2.96,0.43
2020-06-19,801760,51.68,2.97,0.67
2020-06-19,801730,33.73,2.52,0.73
2020-06-19,801710,14.4,2.01,2.08
2020-06-19,801750,74.16,4.56,0.35
2020-06-22,801170,20.85,1.34,1.63
2020-06-22,801160,20.38,1.31,1.88
2020-06-22,801150,50.25,4.47,0.62
2020-06-22,801080,52.3,4.03,0.48
2020-06-22,801110,19.8,3.11,2.88
2020-06-22,801050,37.78,2.11,0.63
2020-06-22,801040,12.12,0.86,3.36
2020-06-22,801030,24.48,1.94,1.45
2020-06-22,801180,8.9,1.17,2.82
2020-06-22,801120,38.61,7.13,1.15
2020-06-22,801010,19.44,3.73,1.68
2020-06-22,801890,28.57,2.18,0.82
2020-06-22,801880,25.53,1.57,1.67
2020-06-22,801790,15.7,1.62,1.92
2020-06-22,801780,5.92,0.65,3.01
2020-06-22,801770,45.99,2.97,0.42
2020-06-22,801750,75.09,4.62,0.31
2020-06-22,801730,33.97,2.53,0.72
2020-06-22,801710,14.19,1.99,1.99
2020-06-22,801760,51.82,2.98,0.64
2020-06-23,801160,20.39,1.31,1.92
2020-06-23,801150,51.15,4.55,0.61
2020-06-23,801120,39.56,7.3,1.12
2020-06-23,801050,37.79,2.11,0.64
2020-06-23,801080,52.37,4.04,0.48
2020-06-23,801040,12.08,0.86,3.37
2020-06-23,801030,24.51,1.93,1.46
2020-06-23,801170,20.83,1.34,1.63
2020-06-23,801110,19.66,3.09,2.94
2020-06-23,801010,19.2,3.69,1.7
2020-06-23,801180,8.87,1.16,2.84
2020-06-23,801890,28.42,2.17,0.83
2020-06-23,801880,25.45,1.57,1.74
2020-06-23,801790,15.68,1.62,1.93
2020-06-23,801770,45.26,2.92,0.42
2020-06-23,801760,53.04,3.05,0.63
2020-06-23,801780,5.9,0.65,3.02
2020-06-23,801730,34.21,2.55,0.73
2020-06-23,801710,14.11,1.98,2.0
2020-06-23,801750,76.26,4.69,0.31
2020-06-24,801160,20.51,1.32,1.89
2020-06-24,801150,50.72,4.51,0.63
2020-06-24,801120,39.42,7.28,1.6
2020-06-24,801170,20.79,1.34,1.68
2020-06-24,801080,52.78,4.07,0.48
2020-06-24,801010,19.14,3.68,1.71
2020-06-24,801050,37.71,2.1,0.69
2020-06-24,801040,11.99,0.85,3.39
2020-06-24,801030,24.54,1.94,1.5
2020-06-24,801110,19.9,3.13,2.87
2020-06-24,801180,9.01,1.18,2.8
2020-06-24,801770,45.11,2.91,0.51
2020-06-24,801880,25.41,1.57,1.85
2020-06-24,801790,15.72,1.62,1.91
2020-06-24,801780,5.95,0.66,3.29
2020-06-24,801760,52.67,3.03,0.66
2020-06-24,801890,28.44,2.17,0.85
2020-06-24,801730,34.5,2.57,0.77
2020-06-24,801710,14.17,1.99,2.01
2020-06-24,801750,76.35,4.7,0.31
2020-06-29,801160,20.41,1.32,1.78
2020-06-29,801120,39.48,7.29,1.17
2020-06-29,801110,19.79,3.11,2.88
2020-06-29,801040,11.8,0.84,3.17
2020-06-29,801050,37.43,2.09,0.63
2020-06-29,801170,20.72,1.33,1.08
2020-06-29,801030,24.36,1.92,1.45
2020-06-29,801010,19.38,3.72,1.65
2020-06-29,801080,52.31,4.03,0.47
2020-06-29,801180,8.9,1.17,2.8
2020-06-29,801150,51.16,4.55,0.61
2020-06-29,801890,28.37,2.16,0.77
2020-06-29,801790,15.32,1.58,1.97
2020-06-29,801780,5.93,0.66,3.09
2020-06-29,801770,44.68,2.88,0.44
2020-06-29,801760,51.75,2.97,0.65
2020-06-29,801880,25.21,1.55,1.69
2020-06-29,801730,34.6,2.58,0.76
2020-06-29,801710,14.04,1.97,2.0
2020-06-29,801750,75.45,4.64,0.3
2020-06-30,801160,20.52,1.32,1.77
2020-06-30,801120,39.93,7.37,1.17
2020-06-30,801110,19.85,3.12,2.88
2020-06-30,801040,11.8,0.84,3.22
2020-06-30,801050,37.77,2.11,0.63
2020-06-30,801030,24.63,1.94,1.43
2020-06-30,801010,19.81,3.81,1.71
2020-06-30,801170,20.97,1.34,1.07
2020-06-30,801080,54.01,4.17,0.47
2020-06-30,801180,9.05,1.19,2.75
2020-06-30,801150,52.2,4.62,0.61
2020-06-30,801880,25.35,1.56,2.09
2020-06-30,801790,15.61,1.61,1.95
2020-06-30,801780,5.93,0.65,3.42
2020-06-30,801770,45.44,2.93,0.44
2020-06-30,801760,53.49,3.06,0.63
2020-06-30,801750,77.56,4.78,0.29
2020-06-30,801730,35.15,2.62,0.75
2020-06-30,801890,28.75,2.19,0.76
2020-06-30,801710,14.05,1.97,2.03
2020-07-01,801170,21.19,1.35,1.06
2020-07-01,801160,20.72,1.34,1.73
2020-07-01,801150,51.62,4.57,0.61
2020-07-01,801080,54.4,4.2,0.48
2020-07-01,801110,20.33,3.2,2.81
2020-07-01,801050,38.33,2.14,0.63
2020-07-01,801040,11.81,0.84,3.21
2020-07-01,801030,24.81,1.96,1.42
2020-07-01,801180,9.51,1.25,2.62
2020-07-01,801120,41.34,7.63,1.13
2020-07-01,801010,20.05,3.86,1.68
2020-07-01,801890,28.87,2.2,0.78
2020-07-01,801880,25.6,1.58,2.06
2020-07-01,801790,15.99,1.65,1.9
2020-07-01,801770,45.28,2.92,0.44
2020-07-01,801780,6.04,0.67,3.35
2020-07-01,801750,77.36,4.77,0.29
2020-07-01,801730,35.25,2.63,0.75
2020-07-01,801710,14.5,2.03,2.0
2020-07-01,801760,53.61,3.06,0.63
2020-07-02,801160,20.94,1.35,1.71
2020-07-02,801150,51.52,4.56,0.61
2020-07-02,801120,42.4,7.83,1.11
2020-07-02,801170,21.61,1.38,1.46
2020-07-02,801080,55.01,4.26,0.47
2020-07-02,801010,19.94,3.84,1.69
2020-07-02,801050,38.87,2.17,0.62
2020-07-02,801040,12.0,0.85,3.17
2020-07-02,801030,25.24,1.99,1.41
2020-07-02,801110,20.53,3.23,2.78
2020-07-02,801180,9.78,1.29,2.52
2020-07-02,801770,46.15,2.98,0.43
2020-07-02,801880,25.94,1.6,2.03
2020-07-02,801790,16.87,1.74,1.8
2020-07-02,801780,6.18,0.68,3.28
2020-07-02,801760,54.47,3.11,0.62
2020-07-02,801890,29.52,2.25,0.76
2020-07-02,801730,35.52,2.65,0.74
2020-07-02,801710,14.86,2.08,1.96
2020-07-02,801750,77.74,4.79,0.29
2020-07-03,801160,21.16,1.36,1.78
2020-07-03,801120,42.15,7.79,1.12
2020-07-03,801110,20.52,3.23,2.78
2020-07-03,801040,12.18,0.86,3.12
2020-07-03,801050,39.53,2.21,0.64
2020-07-03,801170,21.89,1.4,1.44
2020-07-03,801030,25.49,2.01,1.4
2020-07-03,801010,20.03,3.85,1.68
2020-07-03,801080,55.2,4.28,0.47
2020-07-03,801180,9.84,1.3,2.67
2020-07-03,801150,52.2,4.62,0.6
2020-07-03,801880,26.83,1.65,1.96
2020-07-03,801790,17.85,1.84,1.7
2020-07-03,801780,6.35,0.71,2.83
2020-07-03,801770,47.07,3.06,0.42
2020-07-03,801760,54.8,3.13,0.62
2020-07-03,801890,29.89,2.28,0.76
2020-07-03,801730,35.94,2.68,0.75
2020-07-03,801710,14.9,2.09,1.95
2020-07-03,801750,78.92,4.87,0.29
2020-07-06,801160,21.9,1.41,1.74
2020-07-06,801150,52.63,4.66,0.59
2020-07-06,801120,43.49,8.04,1.07
2020-07-06,801010,20.89,4.02,1.6
2020-07-06,801080,57.81,4.47,0.46
2020-07-06,801050,41.89,2.34,0.61
2020-07-06,801040,12.82,0.91,2.96
2020-07-06,801030,26.52,2.09,1.29
2020-07-06,801170,22.8,1.46,1.37
2020-07-06,801110,21.28,3.35,2.67
2020-07-06,801180,10.58,1.39,2.45
2020-07-06,801770,49.27,3.2,0.4
2020-07-06,801880,27.76,1.71,1.91
2020-07-06,801790,19.45,2.01,1.56
2020-07-06,801780,6.92,0.77,2.14
2020-07-06,801760,56.51,3.26,0.58
2020-07-06,801890,30.99,2.36,0.72
2020-07-06,801730,37.56,2.8,0.68
2020-07-06,801710,15.44,2.16,1.81
2020-07-06,801750,82.46,5.08,0.27
2020-07-07,801710,15.38,2.15,1.85
2020-07-07,801730,38.42,2.86,0.67
2020-07-07,801770,49.81,3.24,0.4
2020-07-07,801760,57.05,3.31,0.65
2020-07-07,801780,6.9,0.77,2.15
2020-07-07,801790,19.15,1.98,1.58
2020-07-07,801880,28.11,1.73,1.9
2020-07-07,801750,84.67,5.22,0.27
2020-07-07,801890,31.24,2.38,0.72
2020-07-07,801170,22.9,1.46,1.36
2020-07-07,801010,20.94,4.03,1.6
2020-07-07,801030,26.92,2.12,1.28
2020-07-07,801040,12.74,0.9,2.98
2020-07-07,801050,42.38,2.37,0.6
2020-07-07,801080,59.17,4.58,0.45
2020-07-07,801180,10.48,1.38,2.5
2020-07-07,801120,45.06,8.33,1.03
2020-07-07,801150,53.82,4.77,0.58
2020-07-07,801160,21.8,1.41,1.86
2020-07-07,801110,21.28,3.35,2.67
2020-07-08,801160,22.11,1.43,1.83
2020-07-08,801150,54.04,4.79,0.58
2020-07-08,801120,45.3,8.37,1.02
2020-07-08,801050,44.42,2.48,0.58
2020-07-08,801080,60.75,4.7,0.44
2020-07-08,801040,13.19,0.94,2.7
2020-07-08,801030,27.17,2.17,1.29
2020-07-08,801010,21.1,4.06,1.59
2020-07-08,801170,23.16,1.48,1.39
2020-07-08,801110,21.26,3.34,2.67
2020-07-08,801180,10.55,1.4,2.5
2020-07-08,801880,28.39,1.75,1.87
2020-07-08,801790,20.12,2.08,1.51
2020-07-08,801780,6.92,0.77,2.27
2020-07-08,801770,50.91,3.31,0.38
2020-07-08,801760,58.58,3.4,0.64
2020-07-08,801890,31.64,2.41,0.71
2020-07-08,801730,39.41,2.94,0.66
2020-07-08,801710,15.54,2.18,1.98
2020-07-08,801750,87.5,5.39,0.26
2020-07-09,801150,55.92,4.95,0.56
2020-07-09,801120,45.94,8.64,1.02
2020-07-09,801110,21.51,3.38,2.64
2020-07-09,801040,13.44,0.95,2.65
2020-07-09,801050,46.25,2.58,0.56
2020-07-09,801030,27.77,2.22,1.26
2020-07-09,801010,21.89,4.21,1.48
2020-07-09,801160,22.41,1.45,1.83
2020-07-09,801080,62.58,4.84,0.43
2020-07-09,801170,23.43,1.5,1.4
2020-07-09,801180,10.7,1.42,2.52
2020-07-09,801890,32.34,2.46,0.69
2020-07-09,801880,28.82,1.78,1.84
2020-07-09,801790,20.21,2.06,1.51
2020-07-09,801780,6.84,0.77,2.15
2020-07-09,801770,52.34,3.4,0.35
2020-07-09,801760,60.41,3.51,0.62
2020-07-09,801750,90.37,5.57,0.26
2020-07-09,801730,40.42,3.02,0.68
2020-07-09,801710,15.89,2.28,2.11
2020-07-10,801160,22.21,1.44,1.83
2020-07-10,801150,56.66,5.02,0.55
2020-07-10,801120,46.24,8.71,1.04
2020-07-10,801050,44.82,2.5,0.56
2020-07-10,801080,62.16,4.81,0.44
2020-07-10,801040,12.97,0.92,2.73
2020-07-10,801030,27.63,2.21,1.31
2020-07-10,801010,21.57,4.15,1.51
2020-07-10,801170,23.43,1.5,1.47
2020-07-10,801110,21.09,3.32,2.71
2020-07-10,801890,31.97,2.44,0.71
2020-07-10,801880,28.95,1.78,1.82
2020-07-10,801790,19.64,2.0,1.54
2020-07-10,801780,6.53,0.74,3.09
2020-07-10,801180,10.38,1.38,2.95
2020-07-10,801760,59.92,3.48,0.62
2020-07-10,801770,51.15,3.33,0.36
2020-07-10,801730,39.95,2.98,0.7
2020-07-10,801710,15.71,2.26,2.13
2020-07-10,801750,89.42,5.51,0.27
2020-07-13,801160,22.82,1.48,1.75
2020-07-13,801150,58.79,5.21,0.52
2020-07-13,801120,48.17,9.07,1.0
2020-07-13,801170,23.78,1.52,1.35
2020-07-13,801080,64.66,5.0,0.42
2020-07-13,801050,46.92,2.62,0.41
2020-07-13,801040,13.34,0.95,2.23
2020-07-13,801030,28.57,2.28,1.26
2020-07-13,801010,22.95,4.41,1.41
2020-07-13,801110,21.35,3.36,2.66
2020-07-13,801180,10.55,1.41,2.59
2020-07-13,801880,30.06,1.85,1.3
2020-07-13,801790,19.83,2.02,1.53
2020-07-13,801780,6.49,0.74,2.9
2020-07-13,801770,52.75,3.43,0.31
2020-07-13,801760,61.54,3.58,0.6
2020-07-13,801890,33.13,2.52,0.69
2020-07-13,801730,41.93,3.13,0.62
2020-07-13,801710,16.39,2.35,2.03
2020-07-13,801750,91.5,5.64,0.26
2020-07-14,801150,58.61,5.19,0.52
2020-07-14,801120,48.0,9.04,1.0
2020-07-14,801110,21.04,3.31,2.7
2020-07-14,801040,13.24,0.94,2.24
2020-07-14,801050,45.76,2.55,0.42
2020-07-14,801030,28.2,2.25,1.28
2020-07-14,801010,23.2,4.46,1.39
2020-07-14,801160,22.85,1.48,1.75
2020-07-14,801080,63.11,4.88,0.43
2020-07-14,801170,23.43,1.5,1.37
2020-07-14,801180,10.38,1.39,2.63
2020-07-14,801890,32.82,2.5,0.71
2020-07-14,801880,30.19,1.86,1.3
2020-07-14,801790,19.68,2.01,1.54
2020-07-14,801780,6.37,0.72,3.26
2020-07-14,801760,61.97,3.6,0.6
2020-07-14,801750,89.28,5.51,0.27
2020-07-14,801770,52.18,3.39,0.32
2020-07-14,801730,41.6,3.1,0.63
2020-07-14,801710,16.5,2.37,2.02
2020-07-15,801160,22.66,1.47,1.77
2020-07-15,801150,58.92,5.22,0.52
2020-07-15,801120,48.49,9.13,0.99
2020-07-15,801170,23.13,1.48,1.39
2020-07-15,801080,60.24,4.66,0.45
2020-07-15,801050,44.19,2.47,0.43
2020-07-15,801040,12.82,0.91,2.34
2020-07-15,801030,27.99,2.23,1.29
2020-07-15,801010,22.84,4.39,1.39
2020-07-15,801110,21.17,3.33,2.68
2020-07-15,801180,10.07,1.34,2.7
2020-07-15,801880,29.21,1.8,1.34
2020-07-15,801790,19.3,1.97,1.58
2020-07-15,801780,6.2,0.7,4.31
2020-07-15,801770,49.72,3.23,0.31
2020-07-15,801760,59.57,3.46,0.66
2020-07-15,801890,32.34,2.46,0.72
2020-07-15,801730,40.71,3.04,0.66
2020-07-15,801710,16.28,2.34,2.06
2020-07-15,801750,86.56,5.34,0.28
2020-07-16,801160,22.04,1.43,1.87
2020-07-16,801150,55.08,4.88,0.55
2020-07-16,801120,44.46,8.37,1.07
2020-07-16,801050,42.39,2.37,0.46
2020-07-16,801080,56.64,4.38,0.48
2020-07-16,801040,12.41,0.88,2.47
2020-07-16,801030,26.83,2.14,1.36
2020-07-16,801010,21.38,4.11,1.48
2020-07-16,801170,22.29,1.42,1.48
2020-07-16,801110,20.22,3.18,2.96
2020-07-16,801180,9.77,1.3,2.82
2020-07-16,801880,27.74,1.71,1.42
2020-07-16,801790,18.44,1.88,1.74
2020-07-16,801780,6.16,0.7,4.33
2020-07-16,801770,47.46,3.09,0.33
2020-07-16,801760,56.27,3.28,0.67
2020-07-16,801890,30.93,2.36,0.75
2020-07-16,801730,38.77,2.89,0.69
2020-07-16,801710,15.75,2.26,2.15
2020-07-16,801750,81.81,5.05,0.29
2020-07-17,801150,55.69,4.93,0.55
2020-07-17,801120,45.25,8.52,1.05
2020-07-17,801110,20.79,3.27,2.88
2020-07-17,801040,12.55,0.88,2.47
2020-07-17,801050,42.23,2.36,0.64
2020-07-17,801030,27.31,2.18,1.33
2020-07-17,801010,21.81,4.19,1.45
2020-07-17,801160,22.08,1.43,2.52
2020-07-17,801080,57.18,4.43,0.47
2020-07-17,801170,22.25,1.42,1.47
2020-07-17,801180,9.68,1.29,2.95
2020-07-17,801880,27.84,1.71,1.57
2020-07-17,801790,18.04,1.84,1.77
2020-07-17,801780,6.17,0.7,4.32
2020-07-17,801770,47.34,3.08,0.36
2020-07-17,801760,56.04,3.26,0.67
2020-07-17,801750,81.23,5.01,0.31
2020-07-17,801890,31.1,2.37,0.63
2020-07-17,801730,38.71,2.89,0.7
2020-07-17,801710,16.21,2.33,2.11
2020-07-20,801160,22.78,1.47,1.78
2020-07-20,801150,56.23,4.94,0.56
2020-07-20,801120,44.88,8.46,1.06
2020-07-20,801050,44.57,2.49,0.6
2020-07-20,801080,58.58,4.54,0.46
2020-07-20,801040,13.2,0.93,2.35
2020-07-20,801030,28.53,2.28,1.25
2020-07-20,801010,22.25,4.22,1.46
2020-07-20,801170,23.01,1.47,1.37
2020-07-20,801110,21.54,3.39,2.78
2020-07-20,801180,10.03,1.34,2.71
2020-07-20,801880,29.14,1.79,1.5
2020-07-20,801790,19.09,1.95,1.66
2020-07-20,801780,6.34,0.72,4.18
2020-07-20,801770,48.58,3.16,0.35
2020-07-20,801760,57.73,3.36,0.47
2020-07-20,801890,32.6,2.48,0.6
2020-07-20,801730,40.63,3.03,0.65
2020-07-20,801710,17.42,2.5,1.94
2020-07-20,801750,83.18,5.13,0.31
2020-07-21,801160,22.61,1.46,1.8
2020-07-21,801150,57.99,5.1,0.53
2020-07-21,801120,45.79,8.63,1.04
2020-07-21,801050,44.42,2.48,0.61
2020-07-21,801080,58.9,4.56,0.45
2020-07-21,801040,13.08,0.92,2.37
2020-07-21,801030,28.62,2.28,1.26
2020-07-21,801010,22.27,4.23,1.45
2020-07-21,801170,23.0,1.47,1.38
2020-07-21,801110,21.61,3.4,2.78
2020-07-21,801180,10.05,1.34,2.7
2020-07-21,801880,29.41,1.81,1.49
2020-07-21,801790,18.74,1.91,1.69
2020-07-21,801780,6.28,0.71,4.22
2020-07-21,801770,48.41,3.15,0.35
2020-07-21,801760,57.9,3.4,0.48
2020-07-21,801890,32.75,2.49,0.61
2020-07-21,801730,41.01,3.06,0.64
2020-07-21,801710,17.26,2.48,1.95
2020-07-21,801750,83.73,5.16,0.31
2020-07-22,801150,58.71,5.16,0.53
2020-07-22,801120,46.51,8.76,1.02
2020-07-22,801110,21.71,3.42,2.76
2020-07-22,801040,13.06,0.92,2.37
2020-07-22,801050,45.04,2.51,0.62
2020-07-22,801030,28.92,2.31,1.25
2020-07-22,801010,22.33,4.23,1.45
2020-07-22,801160,22.57,1.46,1.74
2020-07-22,801080,59.63,4.62,0.45
2020-07-22,801170,23.03,1.47,1.39
2020-07-22,801180,10.08,1.34,2.71
2020-07-22,801890,32.66,2.49,0.81
2020-07-22,801880,29.3,1.8,1.49
2020-07-22,801790,18.78,1.91,1.69
2020-07-22,801780,6.25,0.71,4.2
2020-07-22,801760,56.6,3.42,0.48
2020-07-22,801750,85.04,5.24,0.29
2020-07-22,801770,48.63,3.17,0.35
2020-07-22,801730,40.97,3.06,0.63
2020-07-22,801710,17.29,2.48,1.96
2020-07-23,801160,22.4,1.45,1.83
2020-07-23,801150,60.07,5.28,0.52
2020-07-23,801120,46.52,8.76,1.02
2020-07-23,801170,22.76,1.45,1.38
2020-07-23,801080,59.13,4.58,0.45
2020-07-23,801050,45.26,2.53,0.62
2020-07-23,801040,12.95,0.91,2.42
2020-07-23,801030,28.8,2.3,1.26
2020-07-23,801010,22.13,4.19,1.46
2020-07-23,801110,22.1,3.48,2.72
2020-07-23,801880,29.22,1.8,1.44
2020-07-23,801790,18.69,1.9,1.6
2020-07-23,801780,6.15,0.7,4.57
2020-07-23,801770,47.57,3.1,0.36
2020-07-23,801760,56.01,3.38,0.48
2020-07-23,801180,9.91,1.32,2.96
2020-07-23,801730,41.8,3.12,0.57
2020-07-23,801890,32.56,2.48,0.82
2020-07-23,801710,17.26,2.48,1.96
2020-07-23,801750,83.71,5.16,0.3
2020-07-24,801150,56.58,4.97,0.55
2020-07-24,801120,44.31,8.35,1.06
2020-07-24,801110,20.97,3.3,2.86
2020-07-24,801040,12.49,0.88,2.5
2020-07-24,801050,43.62,2.43,0.65
2020-07-24,801030,27.52,2.19,1.32
2020-07-24,801010,21.64,4.1,1.49
2020-07-24,801160,21.65,1.4,1.88
2020-07-24,801080,55.55,4.31,0.48
2020-07-24,801170,22.01,1.41,1.41
2020-07-24,801180,9.61,1.28,3.06
2020-07-24,801770,45.37,2.95,0.38
2020-07-24,801710,16.4,2.35,2.06
2020-07-24,801730,39.76,2.97,0.59
2020-07-24,801750,79.4,4.89,0.32
2020-07-24,801760,49.15,2.85,0.58
2020-07-24,801780,5.99,0.68,4.69
2020-07-24,801790,18.65,1.9,1.52
2020-07-24,801880,28.05,1.73,1.5
2020-07-24,801890,31.45,2.39,0.85
2020-07-27,801150,57.5,5.05,0.54
2020-07-27,801170,22.05,1.41,1.39
2020-07-27,801160,21.72,1.41,1.88
2020-07-27,801010,21.7,4.11,1.49
2020-07-27,801110,20.98,3.3,2.86
2020-07-27,801080,55.76,4.26,0.49
2020-07-27,801050,44.92,2.51,0.57
2020-07-27,801040,12.46,0.88,2.66
2020-07-27,801030,27.62,2.2,1.31
2020-07-27,801120,44.82,8.44,1.05
2020-07-27,801180,9.44,1.26,3.1
2020-07-27,801710,16.53,2.37,2.04
2020-07-27,801890,31.38,2.39,0.84
2020-07-27,801880,28.36,1.75,1.46
2020-07-27,801790,18.6,1.9,1.48
2020-07-27,801770,45.44,2.96,0.38
2020-07-27,801780,5.94,0.67,4.73
2020-07-27,801750,79.59,4.9,0.31
2020-07-27,801730,40.69,3.11,0.53
2020-07-27,801760,49.13,2.85,0.56
2020-07-28,801160,21.84,1.42,1.86
2020-07-28,801150,57.66,5.06,0.54
2020-07-28,801120,46.39,8.74,1.02
2020-07-28,801010,22.38,4.23,1.44
2020-07-28,801080,56.82,4.34,0.48
2020-07-28,801050,44.99,2.51,0.57
2020-07-28,801040,12.58,0.89,2.64
2020-07-28,801030,28.08,2.23,1.29
2020-07-28,801170,22.14,1.41,1.41
2020-07-28,801110,21.09,3.32,2.85
2020-07-28,801180,9.5,1.26,3.08
2020-07-28,801710,16.6,2.38,2.03
2020-07-28,801890,31.6,2.4,0.84
2020-07-28,801880,28.49,1.76,1.45
2020-07-28,801790,18.59,1.9,1.48
2020-07-28,801770,46.03,3.0,0.37
2020-07-28,801780,5.97,0.68,4.71
2020-07-28,801750,80.08,4.93,0.31
2020-07-28,801730,40.98,3.13,0.53
2020-07-28,801760,49.78,2.89,0.56
2020-07-29,801160,22.1,1.43,1.92
2020-07-29,801150,59.91,5.26,0.51
2020-07-29,801120,46.67,8.96,1.01
2020-07-29,801170,22.55,1.44,1.39
2020-07-29,801080,59.18,4.53,0.46
2020-07-29,801050,45.59,2.55,0.56
2020-07-29,801040,12.78,0.9,2.48
2020-07-29,801030,28.78,2.29,1.27
2020-07-29,801010,22.65,4.29,1.42
2020-07-29,801110,22.23,3.5,2.7
2020-07-29,801180,9.66,1.28,3.03
2020-07-29,801890,32.33,2.46,0.81
2020-07-29,801880,29.21,1.8,1.43
2020-07-29,801790,19.19,1.96,1.43
2020-07-29,801780,6.05,0.69,4.65
2020-07-29,801770,47.28,3.08,0.36
2020-07-29,801760,51.16,2.98,0.57
2020-07-29,801730,42.12,3.22,0.51
2020-07-29,801710,16.91,2.43,1.99
2020-07-29,801750,82.63,5.09,0.3
2020-07-30,801150,60.32,5.3,0.53
2020-07-30,801120,46.94,9.01,1.0
2020-07-30,801110,21.93,3.45,2.73
2020-07-30,801040,12.68,0.89,2.5
2020-07-30,801050,45.02,2.51,0.57
2020-07-30,801030,28.92,2.3,1.26
2020-07-30,801010,22.77,4.31,1.42
2020-07-30,801160,22.21,1.44,1.81
2020-07-30,801080,58.61,4.49,0.47
2020-07-30,801170,22.54,1.44,1.39
2020-07-30,801180,9.62,1.28,3.04
2020-07-30,801890,32.24,2.45,0.81
2020-07-30,801880,28.88,1.78,1.44
2020-07-30,801790,18.93,1.93,1.45
2020-07-30,801780,5.98,0.68,4.7
2020-07-30,801760,50.45,2.94,0.58
2020-07-30,801750,81.27,5.01,0.31
2020-07-30,801770,46.75,3.04,0.36
2020-07-30,801730,42.77,3.28,0.5
2020-07-30,801710,17.2,2.47,1.96
2020-07-31,801160,22.33,1.45,1.8
2020-07-31,801150,61.64,5.41,0.52
2020-07-31,801120,47.04,9.03,1.0
2020-07-31,801170,22.6,1.44,1.46
2020-07-31,801080,60.36,4.63,0.46
2020-07-31,801050,45.76,2.55,0.56
2020-07-31,801040,12.72,0.9,2.49
2020-07-31,801030,29.18,2.31,1.25
2020-07-31,801010,22.86,4.33,1.41
2020-07-31,801110,22.01,3.46,2.72
2020-07-31,801180,9.64,1.28,3.04
2020-07-31,801880,29.04,1.79,1.28
2020-07-31,801790,19.2,1.96,1.43
2020-07-31,801780,5.99,0.68,4.59
2020-07-31,801770,47.17,3.07,0.36
2020-07-31,801760,51.07,2.98,0.58
2020-07-31,801890,32.49,2.47,0.81
2020-07-31,801730,43.48,3.33,0.49
2020-07-31,801710,17.43,2.5,1.93
2020-07-31,801750,82.62,5.09,0.3
2020-08-03,801160,22.75,1.48,1.77
2020-08-03,801150,63.22,5.55,0.49
2020-08-03,801120,47.26,9.09,1.0
2020-08-03,801050,46.72,2.6,0.55
2020-08-03,801080,62.43,4.78,0.44
2020-08-03,801040,12.96,0.91,2.44
2020-08-03,801030,29.93,2.38,1.21
2020-08-03,801010,23.52,4.45,1.37
2020-08-03,801170,23.09,1.47,1.43
2020-08-03,801110,22.41,3.53,2.67
2020-08-03,801180,9.85,1.31,2.98
2020-08-03,801880,30.0,1.85,1.24
2020-08-03,801790,19.58,2.0,1.3
2020-08-03,801780,6.03,0.68,4.56
2020-08-03,801770,48.53,3.16,0.35
2020-08-03,801760,52.57,3.05,0.57
2020-08-03,801890,33.35,2.54,0.78
2020-08-03,801730,44.4,3.4,0.48
2020-08-03,801710,17.74,2.55,1.9
2020-08-03,801750,85.26,5.25,0.29
2020-08-04,801150,62.65,5.49,0.5
2020-08-04,801120,47.12,9.06,1.0
2020-08-04,801110,22.35,3.52,2.68
2020-08-04,801040,12.94,0.91,2.44
2020-08-04,801050,46.5,2.6,0.55
2020-08-04,801030,30.02,2.38,1.21
2020-08-04,801010,23.49,4.45,1.37
2020-08-04,801160,22.8,1.48,1.77
2020-08-04,801080,61.29,4.69,0.45
2020-08-04,801170,23.13,1.48,1.45
2020-08-04,801180,9.96,1.32,2.94
2020-08-04,801880,30.22,1.86,1.24
2020-08-04,801790,19.74,2.01,1.29
2020-08-04,801780,6.19,0.7,4.44
2020-08-04,801770,47.98,3.12,0.35
2020-08-04,801760,52.06,3.02,0.58
2020-08-04,801750,84.11,5.19,0.29
2020-08-04,801890,33.31,2.54,0.79
2020-08-04,801730,43.98,3.36,0.49
2020-08-04,801710,17.74,2.54,1.9
2020-08-05,801160,22.72,1.47,1.77
2020-08-05,801150,63.49,5.56,0.49
2020-08-05,801120,47.35,9.04,0.99
2020-08-05,801050,47.77,2.67,0.54
2020-08-05,801080,61.83,4.73,0.45
2020-08-05,801040,13.0,0.92,2.43
2020-08-05,801030,30.5,2.42,1.19
2020-08-05,801010,24.21,4.58,1.33
2020-08-05,801170,23.0,1.47,1.5
2020-08-05,801110,22.38,3.53,2.68
2020-08-05,801180,9.83,1.31,2.98
2020-08-05,801880,30.26,1.87,1.23
2020-08-05,801790,19.53,1.99,1.34
2020-08-05,801780,6.12,0.69,4.5
2020-08-05,801770,48.25,3.14,0.35
2020-08-05,801760,52.3,3.03,0.57
2020-08-05,801890,33.51,2.55,0.68
2020-08-05,801730,44.31,3.39,0.48
2020-08-05,801710,17.87,2.56,1.88
2020-08-05,801750,84.92,5.24,0.29
2020-08-06,801160,22.61,1.47,1.78
2020-08-06,801150,62.06,5.44,0.5
2020-08-06,801120,46.36,8.85,1.01
2020-08-06,801050,49.05,2.74,0.52
2020-08-06,801080,61.93,4.74,0.44
2020-08-06,801040,13.11,0.92,2.41
2020-08-06,801030,30.53,2.42,1.18
2020-08-06,801010,23.74,4.5,1.36
2020-08-06,801170,22.85,1.46,1.57
2020-08-06,801110,22.1,3.48,1.97
2020-08-06,801180,9.86,1.31,2.97
2020-08-06,801880,30.47,1.88,1.23
2020-08-06,801790,19.98,2.04,1.31
2020-08-06,801780,6.18,0.7,4.44
2020-08-06,801760,51.35,2.98,0.59
2020-08-06,801770,47.96,3.12,0.35
2020-08-06,801730,43.75,3.34,0.49
2020-08-06,801890,33.45,2.54,0.68
2020-08-06,801710,17.88,2.56,1.88
2020-08-06,801750,85.41,5.27,0.29
2020-08-07,801160,22.35,1.45,1.84
2020-08-07,801150,61.27,5.37,0.51
2020-08-07,801120,45.92,8.76,1.02
2020-08-07,801010,23.54,4.46,1.37
2020-08-07,801080,60.51,4.63,0.46
2020-08-07,801050,48.5,2.71,0.53
2020-08-07,801040,12.94,0.91,2.44
2020-08-07,801030,30.37,2.41,1.19
2020-08-07,801170,22.7,1.45,1.58
2020-08-07,801110,22.16,3.5,1.97
2020-08-07,801180,9.76,1.3,3.01
2020-08-07,801710,17.93,2.57,1.88
2020-08-07,801890,33.13,2.52,0.69
2020-08-07,801880,30.31,1.87,1.24
2020-08-07,801790,19.51,1.99,1.38
2020-08-07,801770,46.95,3.05,0.36
2020-08-07,801780,6.13,0.69,4.48
2020-08-07,801750,83.4,5.15,0.29
2020-08-07,801730,43.56,3.33,0.49
2020-08-07,801760,50.79,2.93,0.66
2020-08-10,801160,22.59,1.46,1.81
2020-08-10,801150,61.16,5.36,0.51
2020-08-10,801120,46.06,8.79,1.01
2020-08-10,801170,22.94,1.47,1.53
2020-08-10,801080,59.97,4.59,0.46
2020-08-10,801050,47.25,2.64,0.54
2020-08-10,801040,13.02,0.92,2.43
2020-08-10,801030,30.35,2.41,1.19
2020-08-10,801010,23.49,4.45,1.37
2020-08-10,801110,22.38,3.52,1.81
2020-08-10,801180,9.97,1.33,2.95
2020-08-10,801890,33.53,2.55,0.68
2020-08-10,801880,30.54,1.88,1.23
2020-08-10,801790,19.76,2.01,1.33
2020-08-10,801780,6.19,0.7,4.43
2020-08-10,801770,47.01,3.06,0.36
2020-08-10,801760,51.46,2.97,0.65
2020-08-10,801730,43.9,3.36,0.44
2020-08-10,801710,17.93,2.57,1.85
2020-08-10,801750,83.62,5.17,0.28
2020-08-11,801160,22.34,1.45,1.84
2020-08-11,801150,60.17,5.27,0.51
2020-08-11,801120,46.29,8.84,1.01
2020-08-11,801050,45.88,2.56,0.56
2020-08-11,801080,59.09,4.52,0.47
2020-08-11,801040,12.8,0.9,2.47
2020-08-11,801030,29.78,2.36,1.21
2020-08-11,801010,23.56,4.47,1.37
2020-08-11,801170,22.81,1.46,1.54
2020-08-11,801110,22.09,3.48,1.83
2020-08-11,801180,9.88,1.31,2.98
2020-08-11,801880,30.25,1.87,1.24
2020-08-11,801790,19.28,1.97,1.37
2020-08-11,801780,6.21,0.7,4.42
2020-08-11,801770,46.17,3.0,0.37
2020-08-11,801760,50.47,2.91,0.66
2020-08-11,801890,33.04,2.51,0.7
2020-08-11,801730,43.08,3.29,0.45
2020-08-11,801710,17.53,2.52,1.89
2020-08-11,801750,81.05,5.01,0.3
2020-08-12,801150,58.44,5.12,0.54
2020-08-12,801120,45.52,8.71,1.03
2020-08-12,801110,21.8,3.43,1.85
2020-08-12,801040,12.75,0.9,2.48
2020-08-12,801050,44.75,2.5,0.57
2020-08-12,801030,29.4,2.33,1.23
2020-08-12,801010,23.38,4.43,1.38
2020-08-12,801160,22.39,1.45,1.85
2020-08-12,801080,59.66,4.56,0.46
2020-08-12,801170,23.04,1.48,1.5
2020-08-12,801180,9.97,1.33,3.0
2020-08-12,801890,32.66,2.48,0.7
2020-08-12,801880,30.01,1.85,1.25
2020-08-12,801790,19.25,1.96,1.39
2020-08-12,801780,6.24,0.71,4.4
2020-08-12,801770,46.08,3.0,0.44
2020-08-12,801760,50.25,2.9,0.68
2020-08-12,801750,79.86,4.93,0.3
2020-08-12,801730,42.33,3.23,0.48
2020-08-12,801710,17.22,2.47,1.93
2020-08-13,801160,22.61,1.47,1.83
2020-08-13,801150,57.68,5.05,0.55
2020-08-13,801120,45.62,8.73,1.02
2020-08-13,801050,44.53,2.48,0.57
2020-08-13,801080,59.38,4.55,0.46
2020-08-13,801040,12.94,0.91,2.44
2020-08-13,801030,29.61,2.34,1.22
2020-08-13,801010,23.91,4.53,1.27
2020-08-13,801170,23.07,1.48,1.5
2020-08-13,801110,21.87,3.44,1.85
2020-08-13,801890,32.79,2.49,0.7
2020-08-13,801880,30.15,1.86,1.25
2020-08-13,801790,19.32,1.98,1.39
2020-08-13,801780,6.2,0.7,4.43
2020-08-13,801180,9.97,1.33,3.0
2020-08-13,801760,50.5,2.91,0.67
2020-08-13,801770,46.28,3.0,0.44
2020-08-13,801730,42.86,3.28,0.48
2020-08-13,801710,17.3,2.49,1.92
2020-08-13,801750,79.75,4.92,0.3
2020-08-14,801160,22.73,1.47,1.92
2020-08-14,801150,58.03,5.08,0.54
2020-08-14,801120,46.61,8.92,1.0
2020-08-14,801170,23.25,1.49,1.51
2020-08-14,801080,60.38,4.62,0.46
2020-08-14,801050,44.78,2.5,0.57
2020-08-14,801040,12.95,0.91,2.44
2020-08-14,801030,29.79,2.36,1.21
2020-08-14,801010,23.92,4.55,1.26
2020-08-14,801110,22.32,3.52,1.81
2020-08-14,801180,10.04,1.34,3.62
2020-08-14,801890,32.97,2.5,0.81
2020-08-14,801880,30.34,1.87,1.24
2020-08-14,801790,19.71,2.02,1.37
2020-08-14,801780,6.3,0.71,4.36
2020-08-14,801770,46.76,3.03,0.44
2020-08-14,801760,51.21,2.95,0.67
2020-08-14,801730,43.33,3.31,0.49
2020-08-14,801710,17.46,2.51,1.9
2020-08-14,801750,81.41,5.02,0.3
2020-08-17,801150,58.85,5.15,0.53
2020-08-17,801120,47.57,9.12,0.98
2020-08-17,801110,22.6,3.56,1.79
2020-08-17,801040,13.14,0.92,2.4
2020-08-17,801050,46.21,2.58,0.55
2020-08-17,801030,30.43,2.4,1.19
2020-08-17,801010,24.11,4.58,1.25
2020-08-17,801160,23.01,1.49,1.86
2020-08-17,801080,61.73,4.72,0.44
2020-08-17,801170,23.46,1.51,1.48
2020-08-17,801180,10.23,1.36,3.03
2020-08-17,801890,33.66,2.55,0.7
2020-08-17,801880,31.08,1.92,1.21
2020-08-17,801790,20.63,2.13,1.26
2020-08-17,801780,6.47,0.73,4.24
2020-08-17,801760,52.23,3.01,0.65
2020-08-17,801750,83.03,5.12,0.29
2020-08-17,801770,47.76,3.1,0.43
2020-08-17,801730,43.7,3.34,0.48
2020-08-17,801710,17.9,2.57,1.85
2020-08-18,801160,23.04,1.49,1.86
2020-08-18,801150,59.54,5.21,0.52
2020-08-18,801120,48.19,9.24,0.97
2020-08-18,801170,23.64,1.51,1.46
2020-08-18,801080,61.24,4.68,0.45
2020-08-18,801050,46.86,2.61,0.55
2020-08-18,801040,13.3,0.94,2.38
2020-08-18,801030,30.74,2.42,1.17
2020-08-18,801010,24.44,4.63,1.24
2020-08-18,801110,22.51,3.54,1.8
2020-08-18,801180,10.18,1.34,3.04
2020-08-18,801890,33.98,2.56,0.71
2020-08-18,801880,31.3,1.93,1.27
2020-08-18,801790,20.49,2.11,1.27
2020-08-18,801780,6.41,0.72,4.28
2020-08-18,801760,52.57,3.03,0.65
2020-08-18,801770,47.7,3.1,0.43
2020-08-18,801730,43.78,3.36,0.48
2020-08-18,801710,18.13,2.6,1.83
2020-08-18,801750,83.14,5.13,0.29
2020-08-19,801160,23.38,1.51,1.83
2020-08-19,801150,57.79,5.05,0.53
2020-08-19,801120,48.09,9.22,0.97
2020-08-19,801170,23.63,1.52,1.49
2020-08-19,801080,59.19,4.5,0.46
2020-08-19,801050,45.53,2.54,0.57
2020-08-19,801040,13.21,0.93,2.39
2020-08-19,801030,30.41,2.4,1.19
2020-08-19,801010,24.33,4.59,1.24
2020-08-19,801110,22.08,3.47,1.83
2020-08-19,801180,10.02,1.32,3.09
2020-08-19,801890,33.58,2.53,0.71
2020-08-19,801880,30.64,1.89,1.29
2020-08-19,801790,20.05,2.07,1.3
2020-08-19,801780,6.36,0.72,4.32
2020-08-19,801770,46.56,3.02,0.44
2020-08-19,801760,51.15,2.95,0.66
2020-08-19,801730,42.64,3.28,0.49
2020-08-19,801710,18.07,2.59,1.83
2020-08-19,801750,80.74,4.98,0.3
2020-08-20,801160,23.17,1.49,1.85
2020-08-20,801120,47.12,9.05,0.98
2020-08-20,801110,21.7,3.42,1.87
2020-08-20,801040,13.15,0.92,2.4
2020-08-20,801050,45.19,2.52,0.57
2020-08-20,801170,23.29,1.5,1.62
2020-08-20,801030,30.04,2.37,1.2
2020-08-20,801010,23.87,4.56,1.27
2020-08-20,801080,59.14,4.49,0.46
2020-08-20,801180,9.95,1.31,3.12
2020-08-20,801150,57.44,5.02,0.54
2020-08-20,801890,33.1,2.49,0.72
2020-08-20,801790,19.77,2.04,1.35
2020-08-20,801780,6.26,0.71,4.38
2020-08-20,801770,46.32,3.0,0.44
2020-08-20,801760,51.05,2.94,0.67
2020-08-20,801880,30.04,1.85,1.32
2020-08-20,801730,41.74,3.2,0.5
2020-08-20,801710,17.78,2.46,1.86
2020-08-20,801750,80.37,4.94,0.3
2020-08-21,801160,23.26,1.5,1.84
2020-08-21,801120,47.98,9.21,0.96
2020-08-21,801110,21.86,3.44,1.85
2020-08-21,801040,13.15,0.92,2.4
2020-08-21,801050,45.16,2.52,0.57
2020-08-21,801030,30.19,2.38,1.19
2020-08-21,801010,24.05,4.59,1.26
2020-08-21,801170,23.49,1.51,1.63
2020-08-21,801080,59.58,4.52,0.46
2020-08-21,801180,9.97,1.32,3.11
2020-08-21,801150,57.91,5.05,0.53
2020-08-21,801880,30.27,1.86,1.32
2020-08-21,801790,20.0,2.07,1.48
2020-08-21,801780,6.28,0.71,4.37
2020-08-21,801770,46.47,3.01,0.44
2020-08-21,801760,52.47,3.02,0.65
2020-08-21,801750,80.61,4.95,0.3
2020-08-21,801730,42.28,3.25,0.5
2020-08-21,801890,33.24,2.5,0.71
2020-08-21,801710,17.88,2.48,1.85
2020-08-24,801170,23.49,1.51,1.56
2020-08-24,801160,23.24,1.49,1.81
2020-08-24,801150,58.14,5.07,0.53
2020-08-24,801080,61.33,4.64,0.45
2020-08-24,801110,22.03,3.47,1.84
2020-08-24,801050,45.78,2.55,0.56
2020-08-24,801040,13.08,0.92,2.41
2020-08-24,801030,30.49,2.4,1.18
2020-08-24,801180,9.94,1.31,3.12
2020-08-24,801120,48.67,9.35,0.94
2020-08-24,801010,24.62,4.71,1.23
2020-08-24,801890,33.81,2.54,0.71
2020-08-24,801880,30.48,1.88,1.32
2020-08-24,801790,19.83,2.07,1.49
2020-08-24,801770,46.88,3.03,0.44
2020-08-24,801780,6.24,0.7,4.39
2020-08-24,801750,81.94,5.02,0.3
2020-08-24,801730,43.56,3.34,0.5
2020-08-24,801710,18.07,2.5,1.83
2020-08-24,801760,53.35,3.07,0.62
2020-08-25,801120,49.66,9.54,0.93
2020-08-25,801160,23.07,1.48,1.82
2020-08-25,801110,22.06,3.47,1.83
2020-08-25,801170,23.36,1.5,1.56
2020-08-25,801050,44.96,2.49,0.57
2020-08-25,801040,12.91,0.91,2.44
2020-08-25,801030,30.45,2.4,1.18
2020-08-25,801010,24.24,4.63,1.25
2020-08-25,801080,60.98,4.6,0.45
2020-08-25,801180,9.91,1.31,3.15
2020-08-25,801150,58.24,5.08,0.53
2020-08-25,801880,30.19,1.87,1.33
2020-08-25,801790,19.8,2.06,1.49
2020-08-25,801780,6.25,0.7,4.39
2020-08-25,801770,46.85,3.02,0.44
2020-08-25,801760,45.94,3.06,0.63
2020-08-25,801750,82.53,5.05,0.3
2020-08-25,801730,43.56,3.34,0.5
2020-08-25,801890,34.08,2.55,0.7
2020-08-25,801710,17.89,2.47,1.85
2020-08-26,801160,23.14,1.48,1.8
2020-08-26,801120,49.62,9.52,0.93
2020-08-26,801050,43.8,2.43,0.59
2020-08-26,801080,59.14,4.45,0.45
2020-08-26,801170,23.42,1.5,1.56
2020-08-26,801040,12.74,0.9,2.48
2020-08-26,801030,29.8,2.34,1.2
2020-08-26,801010,23.71,4.53,1.28
2020-08-26,801110,21.7,3.41,1.87
2020-08-26,801180,9.79,1.29,3.19
2020-08-26,801150,57.85,5.09,0.53
2020-08-26,801890,33.45,2.5,0.72
2020-08-26,801880,29.7,1.84,1.35
2020-08-26,801790,19.33,2.01,1.52
2020-08-26,801780,6.2,0.7,4.42
2020-08-26,801770,45.83,2.96,0.45
2020-08-26,801760,45.39,3.02,0.63
2020-08-26,801730,42.36,3.24,0.5
2020-08-26,801710,17.47,2.41,1.89
2020-08-26,801750,80.39,4.91,0.31
2020-08-27,801170,23.41,1.5,1.56
2020-08-27,801160,23.09,1.48,1.8
2020-08-27,801150,58.47,5.14,0.52
2020-08-27,801080,59.72,4.48,0.44
2020-08-27,801110,21.56,3.39,1.88
2020-08-27,801050,44.23,2.44,0.58
2020-08-27,801040,12.8,0.9,2.46
2020-08-27,801030,30.01,2.37,1.2
2020-08-27,801180,9.73,1.28,3.2
2020-08-27,801120,50.17,9.63,0.92
2020-08-27,801010,23.87,4.56,1.27
2020-08-27,801890,33.99,2.53,0.71
2020-08-27,801880,30.37,1.88,1.32
2020-08-27,801790,19.4,2.02,1.5
2020-08-27,801780,6.19,0.7,4.43
2020-08-27,801770,46.47,2.99,0.44
2020-08-27,801750,81.52,4.97,0.31
2020-08-27,801730,43.68,3.33,0.48
2020-08-27,801710,17.5,2.42,1.89
2020-08-27,801760,45.66,3.04,0.63
2020-08-28,801160,23.01,1.47,1.84
2020-08-28,801150,60.16,5.24,0.51
2020-08-28,801120,51.76,9.9,0.89
2020-08-28,801050,44.91,2.46,0.58
2020-08-28,801080,60.54,4.53,0.44
2020-08-28,801040,13.05,0.9,2.42
2020-08-28,801030,30.45,2.4,1.18
2020-08-28,801170,23.32,1.53,1.54
2020-08-28,801110,22.19,3.48,1.82
2020-08-28,801010,24.47,4.64,1.24
2020-08-28,801180,9.87,1.3,3.16
2020-08-28,801890,34.31,2.53,0.7
2020-08-28,801880,30.49,1.89,1.32
2020-08-28,801790,19.87,2.06,1.46
2020-08-28,801770,46.59,2.99,0.43
2020-08-28,801760,46.3,3.07,0.62
2020-08-28,801780,6.34,0.71,4.33
2020-08-28,801730,44.26,3.36,0.48
2020-08-28,801710,17.82,2.46,1.86
2020-08-28,801750,82.6,5.0,0.3
2020-08-31,801160,23.18,1.49,1.82
2020-08-31,801150,59.93,5.21,0.51
2020-08-31,801120,52.26,10.03,0.88
2020-08-31,801010,24.36,4.6,1.24
2020-08-31,801080,60.48,4.51,0.43
2020-08-31,801050,45.35,2.47,0.57
2020-08-31,801170,23.13,1.53,1.55
2020-08-31,801040,12.93,0.91,2.44
2020-08-31,801030,30.49,2.41,1.18
2020-08-31,801110,22.06,3.47,1.83
2020-08-31,801180,9.79,1.29,3.19
2020-08-31,801780,6.29,0.69,4.36
2020-08-31,801880,30.5,1.88,1.32
2020-08-31,801790,19.66,2.03,1.48
2020-08-31,801770,46.58,2.97,0.43
2020-08-31,801760,45.74,3.05,0.63
2020-08-31,801890,34.38,2.53,0.7
2020-08-31,801730,44.09,3.34,0.48
2020-08-31,801710,17.78,2.45,1.86
2020-08-31,801750,82.48,4.99,0.3
2020-09-01,801160,21.07,1.5,1.81
2020-09-01,801120,48.13,9.98,0.89
2020-09-01,801110,23.99,3.51,1.81
2020-09-01,801040,14.71,0.91,2.41
2020-09-01,801050,47.02,2.52,0.56
2020-09-01,801170,24.31,1.53,1.55
2020-09-01,801030,31.55,2.43,1.17
2020-09-01,801010,21.28,4.63,1.23
2020-09-01,801080,56.47,4.55,0.43
2020-09-01,801180,9.73,1.28,3.19
2020-09-01,801150,53.58,5.21,0.51
2020-09-01,801890,30.51,2.55,0.69
2020-09-01,801790,19.38,2.04,1.47
2020-09-01,801780,6.65,0.69,4.37
2020-09-01,801770,44.14,2.98,0.43
2020-09-01,801760,44.37,3.04,0.63
2020-09-01,801880,28.42,1.94,1.28
2020-09-01,801730,41.02,3.42,0.47
2020-09-01,801710,16.47,2.43,1.87
2020-09-01,801750,81.55,5.01,0.3
2020-09-02,801160,21.17,1.51,1.8
2020-09-02,801120,47.92,9.94,0.89
2020-09-02,801110,23.88,3.49,1.82
2020-09-02,801040,14.72,0.91,2.41
2020-09-02,801050,46.19,2.47,0.57
2020-09-02,801030,31.69,2.44,1.17
2020-09-02,801010,21.36,4.65,1.23
2020-09-02,801170,24.45,1.54,1.55
2020-09-02,801080,56.88,4.59,0.42
2020-09-02,801180,9.74,1.28,3.19
2020-09-02,801150,53.73,5.23,0.51
2020-09-02,801880,28.51,1.95,1.28
2020-09-02,801790,19.33,2.04,1.47
2020-09-02,801780,6.61,0.68,4.4
2020-09-02,801770,44.63,3.02,0.42
2020-09-02,801760,45.01,3.09,0.62
2020-09-02,801750,82.48,5.07,0.3
2020-09-02,801730,41.09,3.43,0.47
2020-09-02,801890,30.88,2.59,0.69
2020-09-02,801710,16.37,2.42,1.88
2020-09-03,801170,24.37,1.53,1.56
2020-09-03,801160,21.27,1.52,1.79
2020-09-03,801150,53.61,5.21,0.52
2020-09-03,801080,56.14,4.53,0.43
2020-09-03,801110,23.69,3.46,1.84
2020-09-03,801050,45.43,2.43,0.58
2020-09-03,801040,14.75,0.92,2.41
2020-09-03,801030,31.6,2.43,1.17
2020-09-03,801180,9.7,1.28,3.21
2020-09-03,801120,48.06,9.97,0.89
2020-09-03,801010,20.86,4.54,1.26
2020-09-03,801890,30.61,2.56,0.69
2020-09-03,801880,28.26,1.93,1.29
2020-09-03,801790,19.18,2.02,1.48
2020-09-03,801770,43.95,2.97,0.43
2020-09-03,801780,6.58,0.68,4.42
2020-09-03,801750,81.44,5.0,0.3
2020-09-03,801730,40.35,3.37,0.48
2020-09-03,801710,16.29,2.41,1.89
2020-09-03,801760,44.6,3.06,0.63
2020-09-04,801160,21.19,1.51,1.79
2020-09-04,801150,52.81,5.14,0.52
2020-09-04,801120,47.06,9.76,0.91
2020-09-04,801170,24.44,1.54,1.55
2020-09-04,801080,56.42,4.55,0.43
2020-09-04,801050,45.34,2.43,0.58
2020-09-04,801010,20.63,4.53,1.25
2020-09-04,801040,14.65,0.91,2.43
2020-09-04,801030,31.59,2.43,1.17
2020-09-04,801110,23.42,3.42,1.86
2020-09-04,801180,9.72,1.28,3.2
2020-09-04,801780,6.56,0.68,4.44
2020-09-04,801880,28.15,1.92,1.29
2020-09-04,801790,19.0,2.0,1.23
2020-09-04,801770,44.06,2.98,0.43
2020-09-04,801760,44.69,3.06,0.63
2020-09-04,801890,30.54,2.56,0.69
2020-09-04,801730,40.24,3.36,0.48
2020-09-04,801710,16.18,2.39,1.91
2020-09-04,801750,81.35,4.99,0.3
2020-09-07,801160,20.99,1.5,1.81
2020-09-07,801120,45.94,9.53,0.94
2020-09-07,801110,23.03,3.37,1.89
2020-09-07,801040,14.54,0.9,2.45
2020-09-07,801050,45.02,2.41,0.58
2020-09-07,801170,24.24,1.53,1.57
2020-09-07,801030,31.0,2.39,1.19
2020-09-07,801010,19.63,4.31,1.32
2020-09-07,801080,54.87,4.43,0.44
2020-09-07,801180,9.69,1.28,3.21
2020-09-07,801150,51.15,4.98,0.54
2020-09-07,801880,27.94,1.91,1.3
2020-09-07,801790,18.6,1.96,1.25
2020-09-07,801780,6.53,0.67,4.45
2020-09-07,801770,43.48,2.94,0.43
2020-09-07,801760,44.02,3.02,0.64
2020-09-07,801890,30.14,2.52,0.7
2020-09-07,801730,39.11,3.27,0.49
2020-09-07,801710,15.8,2.33,1.95
2020-09-07,801750,80.48,4.93,0.31
2020-09-08,801160,21.45,1.53,1.78
2020-09-08,801150,51.31,4.99,0.54
2020-09-08,801120,45.21,9.37,0.95
2020-09-08,801050,45.21,2.42,0.58
2020-09-08,801080,54.69,4.41,0.44
2020-09-08,801010,19.44,4.27,1.33
2020-09-08,801040,14.84,0.92,2.41
2020-09-08,801030,31.04,2.39,1.19
2020-09-08,801170,24.48,1.54,1.56
2020-09-08,801110,23.13,3.38,1.88
2020-09-08,801180,9.72,1.28,3.2
2020-09-08,801780,6.64,0.68,4.38
2020-09-08,801880,28.19,1.93,1.3
2020-09-08,801790,19.06,2.01,1.22
2020-09-08,801770,43.79,2.96,0.43
2020-09-08,801760,44.76,3.08,0.62
2020-09-08,801890,30.66,2.57,0.69
2020-09-08,801730,39.63,3.31,0.49
2020-09-08,801710,15.85,2.34,1.94
2020-09-08,801750,81.23,4.97,0.3
2020-09-09,801160,21.1,1.51,1.81
2020-09-09,801150,49.05,4.77,0.56
2020-09-09,801120,44.23,9.17,0.97
2020-09-09,801050,44.15,2.36,0.6
2020-09-09,801080,52.65,4.25,0.46
2020-09-09,801040,15.26,0.95,2.34
2020-09-09,801030,30.1,2.32,1.23
2020-09-09,801170,24.28,1.53,1.57
2020-09-09,801110,22.57,3.3,1.93
2020-09-09,801010,18.65,4.1,1.39
2020-09-09,801180,9.62,1.27,3.23
2020-09-09,801890,29.8,2.49,0.72
2020-09-09,801880,27.35,1.87,1.33
2020-09-09,801790,18.72,1.97,1.25
2020-09-09,801780,6.6,0.68,4.41
2020-09-09,801770,42.33,2.86,0.45
2020-09-09,801760,42.72,2.94,0.65
2020-09-09,801730,38.63,3.23,0.5
2020-09-09,801710,15.34,2.26,2.01
2020-09-09,801750,78.31,4.79,0.32
2020-09-10,801160,20.54,1.47,1.86
2020-09-10,801150,48.62,4.73,0.57
2020-09-10,801120,44.7,9.27,0.96
2020-09-10,801050,43.63,2.33,0.6
2020-09-10,801080,51.25,4.19,0.46
2020-09-10,801040,14.73,0.92,2.42
2020-09-10,801030,29.52,2.27,1.25
2020-09-10,801010,18.57,4.08,1.4
2020-09-10,801170,23.92,1.5,1.6
2020-09-10,801110,22.59,3.3,1.93
2020-09-10,801180,9.64,1.27,3.22
2020-09-10,801880,27.17,1.86,1.37
2020-09-10,801790,18.51,1.95,1.26
2020-09-10,801780,6.59,0.68,4.42
2020-09-10,801770,40.14,2.71,0.47
2020-09-10,801760,41.11,2.83,0.68
2020-09-10,801890,28.74,2.4,0.74
2020-09-10,801730,37.66,3.15,0.51
2020-09-10,801710,15.22,2.25,2.03
2020-09-10,801750,75.26,4.6,0.33
2020-09-11,801160,20.75,1.48,1.84
2020-09-11,801150,49.54,4.82,0.56
2020-09-11,801120,45.5,9.43,0.95
2020-09-11,801050,43.73,2.34,0.6
2020-09-11,801080,52.76,4.31,0.45
2020-09-11,801040,14.67,0.91,2.43
2020-09-11,801030,29.85,2.3,1.24
2020-09-11,801010,18.58,4.08,1.39
2020-09-11,801170,23.93,1.5,1.59
2020-09-11,801110,22.72,3.32,1.91
2020-09-11,801180,9.61,1.27,3.24
2020-09-11,801880,27.56,1.88,1.35
2020-09-11,801790,18.59,1.96,1.26
2020-09-11,801780,6.54,0.67,4.45
2020-09-11,801770,40.57,2.74,0.46
2020-09-11,801760,41.94,2.88,0.66
2020-09-11,801890,29.23,2.44,0.73
2020-09-11,801730,39.35,3.29,0.49
2020-09-11,801710,15.38,2.27,1.96
2020-09-11,801750,76.28,4.67,0.32
2020-09-14,801150,49.32,4.8,0.56
2020-09-14,801120,46.03,9.54,0.94
2020-09-14,801110,23.17,3.38,1.88
2020-09-14,801040,14.75,0.92,2.42
2020-09-14,801050,44.73,2.39,0.59
2020-09-14,801030,30.27,2.33,1.22
2020-09-14,801010,18.54,4.07,1.4
2020-09-14,801160,21.11,1.51,1.81
2020-09-14,801080,53.61,4.38,0.44
2020-09-14,801170,23.97,1.51,1.59
2020-09-14,801180,9.57,1.26,3.25
2020-09-14,801890,29.72,2.48,0.71
2020-09-14,801880,27.76,1.9,1.34
2020-09-14,801790,18.7,1.97,1.25
2020-09-14,801780,6.56,0.68,4.43
2020-09-14,801760,42.65,2.93,0.65
2020-09-14,801750,77.53,4.74,0.32
2020-09-14,801770,41.14,2.78,0.46
2020-09-14,801730,40.42,3.38,0.48
2020-09-14,801710,15.6,2.3,1.93
2020-09-15,801160,20.97,1.5,1.83
2020-09-15,801150,49.85,4.85,0.55
2020-09-15,801120,46.19,9.58,0.93
2020-09-15,801170,24.16,1.52,1.58
2020-09-15,801080,53.59,4.38,0.44
2020-09-15,801050,45.1,2.41,0.58
2020-09-15,801040,14.72,0.91,2.43
2020-09-15,801030,30.64,2.36,1.21
2020-09-15,801010,18.59,4.08,1.39
2020-09-15,801110,23.59,3.45,1.84
2020-09-15,801180,9.63,1.27,3.23
2020-09-15,801880,28.32,1.94,1.32
2020-09-15,801790,18.82,1.98,1.24
2020-09-15,801780,6.58,0.68,4.42
2020-09-15,801770,41.17,2.78,0.46
2020-09-15,801760,43.01,2.95,0.65
2020-09-15,801890,30.14,2.52,0.71
2020-09-15,801730,40.44,3.38,0.48
2020-09-15,801710,15.8,2.33,1.91
2020-09-15,801750,77.73,4.75,0.32
2020-09-16,801160,20.93,1.49,1.83
2020-09-16,801150,48.95,4.77,0.56
2020-09-16,801120,45.36,9.4,0.95
2020-09-16,801050,44.78,2.39,0.59
2020-09-16,801080,52.94,4.33,0.45
2020-09-16,801040,14.6,0.91,2.45
2020-09-16,801030,30.54,2.35,1.21
2020-09-16,801010,18.31,4.02,1.42
2020-09-16,801170,24.14,1.52,1.58
2020-09-16,801110,23.31,3.41,1.89
2020-09-16,801180,9.71,1.28,3.2
2020-09-16,801880,28.77,1.97,1.3
2020-09-16,801790,18.69,1.97,1.55
2020-09-16,801780,6.6,0.68,4.41
2020-09-16,801770,40.86,2.76,0.46
2020-09-16,801760,42.65,2.93,0.65
2020-09-16,801890,29.98,2.51,0.71
2020-09-16,801730,40.62,3.39,0.48
2020-09-16,801710,15.8,2.33,1.91
2020-09-16,801750,76.61,4.69,0.32
2020-09-17,801150,48.28,4.7,0.57
2020-09-17,801120,44.25,9.17,0.97
2020-09-17,801110,23.46,3.43,1.87
2020-09-17,801040,14.74,0.92,2.42
2020-09-17,801050,44.25,2.37,0.59
2020-09-17,801030,30.76,2.37,1.13
2020-09-17,801010,17.98,3.95,1.44
2020-09-17,801160,20.84,1.49,1.84
2020-09-17,801080,53.32,4.36,0.44
2020-09-17,801170,24.1,1.52,1.58
2020-09-17,801180,9.66,1.27,3.22
2020-09-17,801890,30.3,2.53,0.7
2020-09-17,801880,29.8,2.04,1.26
2020-09-17,801790,18.61,1.96,1.55
2020-09-17,801780,6.58,0.68,4.42
2020-09-17,801770,41.04,2.77,0.46
2020-09-17,801760,42.41,2.91,0.66
2020-09-17,801750,76.76,4.7,0.32
2020-09-17,801730,41.25,3.44,0.47
2020-09-17,801710,15.67,2.32,1.92
2020-09-18,801160,21.08,1.5,1.82
2020-09-18,801150,48.95,4.77,0.56
2020-09-18,801120,45.08,9.35,0.96
2020-09-18,801050,45.4,2.43,0.58
2020-09-18,801080,54.03,4.42,0.44
2020-09-18,801040,14.79,0.92,2.41
2020-09-18,801030,31.19,2.4,1.11
2020-09-18,801010,18.28,4.02,1.42
2020-09-18,801170,24.41,1.54,1.56
2020-09-18,801110,23.66,3.46,1.87
2020-09-18,801890,30.63,2.56,0.7
2020-09-18,801880,29.89,2.05,1.25
2020-09-18,801790,19.59,2.07,1.48
2020-09-18,801780,6.72,0.69,4.33
2020-09-18,801180,9.97,1.31,3.12
2020-09-18,801760,42.99,2.95,0.65
2020-09-18,801770,41.55,2.81,0.45
2020-09-18,801730,41.16,3.44,0.47
2020-09-18,801710,16.1,2.38,1.87
2020-09-18,801750,78.19,4.79,0.31
2020-09-21,801160,20.92,1.49,1.83
2020-09-21,801150,48.76,4.75,0.56
2020-09-21,801120,44.31,9.19,0.97
2020-09-21,801170,24.28,1.53,1.57
2020-09-21,801080,53.65,4.38,0.44
2020-09-21,801050,45.25,2.42,0.58
2020-09-21,801040,14.75,0.92,2.42
2020-09-21,801030,31.19,2.4,1.12
2020-09-21,801010,18.19,4.0,1.42
2020-09-21,801110,23.71,3.46,1.87
2020-09-21,801180,9.89,1.3,3.14
2020-09-21,801890,30.57,2.56,0.7
2020-09-21,801880,29.3,2.01,1.28
2020-09-21,801790,19.38,2.04,1.49
2020-09-21,801780,6.67,0.69,4.36
2020-09-21,801770,41.63,2.81,0.45
2020-09-21,801760,42.73,2.94,0.65
2020-09-21,801730,41.03,3.43,0.48
2020-09-21,801710,16.02,2.37,1.88
2020-09-21,801750,77.68,4.76,0.31
2020-09-22,801160,20.63,1.47,1.86
2020-09-22,801150,48.89,4.76,0.56
2020-09-22,801120,44.16,9.15,0.97
2020-09-22,801050,43.93,2.35,0.6
2020-09-22,801080,52.93,4.33,0.45
2020-09-22,801040,14.56,0.9,2.45
2020-09-22,801030,30.49,2.35,1.14
2020-09-22,801010,17.86,3.94,1.44
2020-09-22,801170,23.67,1.49,1.61
2020-09-22,801110,23.47,3.43,1.88
2020-09-22,801180,9.78,1.29,3.18
2020-09-22,801880,28.72,1.97,1.31
2020-09-22,801790,19.22,2.03,1.51
2020-09-22,801780,6.6,0.68,4.41
2020-09-22,801770,41.08,2.78,0.45
2020-09-22,801760,41.98,2.88,0.66
2020-09-22,801890,29.98,2.51,0.71
2020-09-22,801730,40.36,3.37,0.48
2020-09-22,801710,15.76,2.33,1.91
2020-09-22,801750,76.55,4.69,0.32
2020-09-23,801150,50.15,4.88,0.55
2020-09-23,801120,43.94,9.11,0.98
2020-09-23,801110,23.67,3.46,1.87
2020-09-23,801040,14.49,0.92,2.38
2020-09-23,801050,43.8,2.34,0.6
2020-09-23,801030,30.6,2.35,1.14
2020-09-23,801010,18.0,3.97,1.44
2020-09-23,801160,20.69,1.48,1.85
2020-09-23,801080,53.27,4.36,0.44
2020-09-23,801170,23.72,1.49,1.61
2020-09-23,801180,9.72,1.28,3.2
2020-09-23,801890,30.24,2.53,0.71
2020-09-23,801880,28.87,1.98,1.3
2020-09-23,801790,19.06,2.01,1.52
2020-09-23,801780,6.57,0.68,4.42
2020-09-23,801770,41.08,2.78,0.45
2020-09-23,801760,42.33,2.92,0.65
2020-09-23,801750,76.81,4.71,0.32
2020-09-23,801730,41.53,3.47,0.47
2020-09-23,801710,15.81,2.34,1.91
2020-09-24,801160,20.15,1.44,1.9
2020-09-24,801150,49.26,4.79,0.56
2020-09-24,801120,43.24,8.97,0.99
2020-09-24,801050,42.16,2.25,0.63
2020-09-24,801080,51.91,4.25,0.47
2020-09-24,801040,14.21,0.91,2.42
2020-09-24,801030,29.88,2.3,1.18
2020-09-24,801010,17.74,3.91,1.46
2020-09-24,801170,23.32,1.47,1.64
2020-09-24,801110,23.24,3.39,1.9
2020-09-24,801890,29.44,2.46,0.73
2020-09-24,801880,28.0,1.92,1.36
2020-09-24,801790,18.8,1.98,1.54
2020-09-24,801780,6.49,0.67,4.47
2020-09-24,801180,9.52,1.26,3.26
2020-09-24,801760,41.24,2.84,0.67
2020-09-24,801770,39.97,2.7,0.47
2020-09-24,801730,39.65,3.31,0.49
2020-09-24,801710,15.48,2.29,1.97
2020-09-24,801750,74.7,4.58,0.33
2020-09-25,801160,19.99,1.43,1.92
2020-09-25,801150,49.25,4.79,0.56
2020-09-25,801120,43.38,9.0,0.99
2020-09-25,801170,23.2,1.46,1.64
2020-09-25,801080,51.52,4.22,0.47
2020-09-25,801050,42.21,2.26,0.61
2020-09-25,801040,14.27,0.91,2.41
2020-09-25,801030,29.75,2.29,1.19
2020-09-25,801010,17.66,3.89,1.47
2020-09-25,801110,23.08,3.37,1.91
2020-09-25,801180,9.33,1.23,3.32
2020-09-25,801890,29.26,2.45,0.73
2020-09-25,801880,27.9,1.91,1.36
2020-09-25,801790,19.02,2.01,1.52
2020-09-25,801780,6.48,0.67,4.48
2020-09-25,801770,39.66,2.68,0.47
2020-09-25,801760,41.26,2.84,0.71
2020-09-25,801730,39.86,3.34,0.49
2020-09-25,801710,15.22,2.25,2.0
2020-09-25,801750,74.58,4.57,0.33
2020-09-28,801150,48.26,4.7,0.57
2020-09-28,801120,43.86,9.09,0.98
2020-09-28,801110,22.98,3.36,1.92
2020-09-28,801040,14.18,0.9,2.43
2020-09-28,801050,42.01,2.24,0.62
2020-09-28,801030,29.45,2.25,1.21
2020-09-28,801010,17.21,3.79,1.49
2020-09-28,801160,20.07,1.43,1.92
2020-09-28,801080,51.44,4.22,0.47
2020-09-28,801170,23.22,1.46,1.64
2020-09-28,801180,9.39,1.24,3.3
2020-09-28,801890,29.08,2.43,0.74
2020-09-28,801880,27.84,1.91,1.37
2020-09-28,801790,19.1,2.01,1.51
2020-09-28,801780,6.51,0.67,4.46
2020-09-28,801760,40.81,2.81,0.71
2020-09-28,801750,73.74,4.52,0.33
2020-09-28,801770,39.15,2.64,0.48
2020-09-28,801730,40.18,3.36,0.49
2020-09-28,801710,15.1,2.23,2.02
2020-09-29,801160,20.12,1.43,1.92
2020-09-29,801150,48.61,4.74,0.57
2020-09-29,801120,43.82,9.09,0.98
2020-09-29,801170,23.27,1.47,1.64
2020-09-29,801080,52.16,4.27,0.47
2020-09-29,801050,42.37,2.26,0.61
2020-09-29,801040,14.29,0.91,2.41
2020-09-29,801030,29.84,2.28,1.19
2020-09-29,801010,17.61,3.88,1.46
2020-09-29,801110,23.3,3.4,1.89
2020-09-29,801180,9.37,1.24,3.31
2020-09-29,801890,29.27,2.45,0.73
2020-09-29,801880,27.87,1.91,1.37
2020-09-29,801790,19.05,2.01,1.51
2020-09-29,801780,6.43,0.66,4.52
2020-09-29,801760,41.04,2.82,0.7
2020-09-29,801770,39.67,2.68,0.47
2020-09-29,801730,40.78,3.41,0.48
2020-09-29,801710,15.09,2.23,2.02
2020-09-29,801750,74.83,4.59,0.33
2020-09-30,801160,20.04,1.33,1.92
2020-09-30,801150,48.99,4.78,0.56
2020-09-30,801170,23.2,1.46,1.64
2020-09-30,801010,17.49,3.86,1.47
2020-09-30,801110,23.3,3.4,1.89
2020-09-30,801080,52.01,4.24,0.47
2020-09-30,801050,41.98,2.24,0.62
2020-09-30,801040,14.21,0.91,2.42
2020-09-30,801030,29.67,2.26,1.2
2020-09-30,801120,44.15,9.15,0.97
2020-09-30,801180,9.3,1.23,3.33
2020-09-30,801890,29.28,2.45,0.73
2020-09-30,801880,28.17,1.93,1.34
2020-09-30,801790,18.85,1.99,1.53
2020-09-30,801780,6.42,0.66,4.52
2020-09-30,801770,39.61,2.67,0.47
2020-09-30,801750,74.48,4.57,0.33
2020-09-30,801730,41.19,3.45,0.48
2020-09-30,801710,15.08,2.23,2.02
2020-09-30,801760,40.91,2.81,0.7
2020-10-09,801150,50.62,4.94,0.54
2020-10-09,801120,45.17,9.35,0.95
2020-10-09,801110,23.81,3.48,1.85
2020-10-09,801040,14.47,0.92,2.38
2020-10-09,801050,43.19,2.31,0.6
2020-10-09,801030,30.79,2.35,1.16
2020-10-09,801010,17.66,3.9,1.45
2020-10-09,801160,20.54,1.36,1.85
2020-10-09,801080,54.27,4.43,0.45
2020-10-09,801170,23.71,1.49,1.59
2020-10-09,801180,9.39,1.24,3.3
2020-10-09,801890,30.28,2.53,0.71
2020-10-09,801880,29.15,2.0,1.3
2020-10-09,801790,19.18,2.02,1.5
2020-10-09,801780,6.43,0.66,4.51
2020-10-09,801760,41.82,2.88,0.69
2020-10-09,801750,76.94,4.71,0.32
2020-10-09,801770,40.51,2.73,0.46
2020-10-09,801730,43.75,3.66,0.45
2020-10-09,801710,15.44,2.28,1.97
2020-10-12,801160,20.95,1.39,1.81
2020-10-12,801150,52.11,5.09,0.53
2020-10-12,801120,46.94,9.72,0.91
2020-10-12,801170,24.14,1.52,1.56
2020-10-12,801080,55.68,4.54,0.44
2020-10-12,801050,44.47,2.37,0.58
2020-10-12,801040,14.69,0.94,2.34
2020-10-12,801030,31.89,2.43,1.12
2020-10-12,801010,18.23,4.02,1.24
2020-10-12,801110,24.21,3.54,1.81
2020-10-12,801180,9.6,1.27,3.23
2020-10-12,801880,30.22,2.07,1.26
2020-10-12,801790,19.91,2.1,1.44
2020-10-12,801780,6.61,0.68,4.39
2020-10-12,801770,41.99,2.83,0.44
2020-10-12,801760,42.61,2.93,0.68
2020-10-12,801890,31.34,2.62,0.68
2020-10-12,801730,45.31,3.8,0.43
2020-10-12,801710,15.86,2.34,1.92
2020-10-12,801750,80.08,4.91,0.31
2020-10-13,801160,20.94,1.39,1.81
2020-10-13,801150,52.8,5.14,0.53
2020-10-13,801120,47.0,9.73,0.91
2020-10-13,801050,44.53,2.38,0.58
2020-10-13,801080,55.57,4.52,0.44
2020-10-13,801040,14.57,0.93,2.36
2020-10-13,801030,32.06,2.44,1.12
2020-10-13,801010,18.71,4.13,1.21
2020-10-13,801170,24.26,1.53,1.55
2020-10-13,801110,24.54,3.58,1.78
2020-10-13,801180,9.53,1.26,3.25
2020-10-13,801880,30.72,2.1,1.24
2020-10-13,801790,19.78,2.09,1.45
2020-10-13,801780,6.61,0.68,4.39
2020-10-13,801770,42.3,2.85,0.44
2020-10-13,801760,42.87,2.94,0.68
2020-10-13,801890,31.5,2.63,0.68
2020-10-13,801730,45.66,3.82,0.43
2020-10-13,801710,15.93,2.35,1.91
2020-10-13,801750,80.42,4.93,0.3
2020-10-14,801150,52.58,5.12,0.53
2020-10-14,801120,46.76,9.68,0.92
2020-10-14,801110,24.63,3.6,1.78
2020-10-14,801040,14.51,0.93,2.37
2020-10-14,801050,43.91,2.35,0.59
2020-10-14,801030,32.14,2.45,1.11
2020-10-14,801010,18.3,4.04,1.23
2020-10-14,801160,20.82,1.38,1.82
2020-10-14,801080,54.36,4.44,0.45
2020-10-14,801170,24.2,1.52,1.56
2020-10-14,801180,9.4,1.24,3.3
2020-10-14,801880,30.5,2.09,1.24
2020-10-14,801790,19.61,2.07,1.47
2020-10-14,801780,6.62,0.68,4.39
2020-10-14,801770,41.97,2.83,0.44
2020-10-14,801760,42.63,2.93,0.68
2020-10-14,801750,79.29,4.85,0.31
2020-10-14,801890,31.46,2.63,0.68
2020-10-14,801730,45.7,3.83,0.43
2020-10-14,801710,15.92,2.35,1.91
2020-10-15,801160,20.74,1.37,1.83
2020-10-15,801150,51.96,5.06,0.53
2020-10-15,801120,46.61,9.65,0.92
2020-10-15,801050,43.89,2.34,0.59
2020-10-15,801080,54.04,4.42,0.45
2020-10-15,801040,14.52,0.93,2.37
2020-10-15,801030,31.94,2.43,1.12
2020-10-15,801010,18.03,3.98,1.22
2020-10-15,801170,23.9,1.5,1.58
2020-10-15,801110,24.74,3.61,1.77
2020-10-15,801180,9.36,1.24,3.31
2020-10-15,801880,30.5,2.09,1.25
2020-10-15,801790,19.61,2.07,1.47
2020-10-15,801780,6.72,0.69,4.32
2020-10-15,801770,41.51,2.8,0.45
2020-10-15,801760,41.98,2.89,0.68
2020-10-15,801890,31.2,2.61,0.7
2020-10-15,801730,45.05,3.77,0.43
2020-10-15,801710,15.78,2.33,1.93
2020-10-15,801750,78.43,4.8,0.31
2020-10-16,801160,20.9,1.39,1.81
2020-10-16,801150,52.16,5.08,0.53
2020-10-16,801120,46.25,9.58,0.93
2020-10-16,801050,43.66,2.34,0.59
2020-10-16,801080,53.42,4.37,0.45
2020-10-16,801040,14.71,0.94,2.34
2020-10-16,801030,31.75,2.42,1.12
2020-10-16,801010,17.98,3.97,1.22
2020-10-16,801170,23.89,1.5,1.58
2020-10-16,801110,24.44,3.57,1.79
2020-10-16,801180,9.38,1.24,3.3
2020-10-16,801880,30.06,2.06,1.33
2020-10-16,801790,19.74,2.08,1.46
2020-10-16,801780,6.83,0.7,4.25
2020-10-16,801760,41.98,2.89,0.68
2020-10-16,801770,41.32,2.79,0.45
2020-10-16,801730,44.19,3.7,0.44
2020-10-16,801890,31.14,2.6,0.7
2020-10-16,801710,15.63,2.31,1.95
2020-10-16,801750,78.04,4.77,0.31
2020-10-19,801160,20.76,1.37,1.83
2020-10-19,801150,50.93,4.96,0.55
2020-10-19,801120,45.79,9.47,0.94
2020-10-19,801010,17.91,3.95,1.23
2020-10-19,801080,53.23,4.35,0.45
2020-10-19,801050,43.83,2.34,0.59
2020-10-19,801040,14.7,0.94,2.34
2020-10-19,801030,31.64,2.41,1.12
2020-10-19,801170,23.81,1.5,1.58
2020-10-19,801110,24.36,3.56,1.8
2020-10-19,801180,9.36,1.24,3.31
2020-10-19,801710,15.41,2.28,1.98
2020-10-19,801890,30.95,2.59,0.7
2020-10-19,801880,29.87,2.05,1.34
2020-10-19,801790,19.61,2.07,1.47
2020-10-19,801770,41.52,2.8,0.45
2020-10-19,801780,6.86,0.71,4.23
2020-10-19,801750,77.59,4.74,0.31
2020-10-19,801730,43.46,3.63,0.45
2020-10-19,801760,41.62,2.86,0.69
2020-10-20,801160,20.88,1.37,1.82
2020-10-20,801150,51.39,4.99,0.54
2020-10-20,801120,46.92,9.71,0.91
2020-10-20,801170,23.91,1.51,1.58
2020-10-20,801080,53.97,4.41,0.45
2020-10-20,801050,44.0,2.34,0.58
2020-10-20,801040,14.65,0.93,2.35
2020-10-20,801030,31.95,2.43,1.11
2020-10-20,801010,17.99,3.86,1.22
2020-10-20,801110,24.64,3.59,1.77
2020-10-20,801180,9.32,1.23,3.32
2020-10-20,801890,31.28,2.61,0.7
2020-10-20,801880,30.96,2.12,1.29
2020-10-20,801790,19.58,2.07,1.47
2020-10-20,801780,6.83,0.7,4.26
2020-10-20,801770,41.93,2.83,0.45
2020-10-20,801760,42.25,2.9,0.68
2020-10-20,801730,44.54,3.72,0.44
2020-10-20,801710,15.44,2.28,1.98
2020-10-20,801750,78.41,4.79,0.31
2020-10-21,801160,20.7,1.36,1.83
2020-10-21,801150,51.16,4.96,0.54
2020-10-21,801120,46.97,9.72,0.91
2020-10-21,801050,43.98,2.34,0.59
2020-10-21,801080,52.81,4.31,0.46
2020-10-21,801040,14.67,0.94,2.35
2020-10-21,801030,31.44,2.39,1.13
2020-10-21,801010,17.74,3.81,1.24
2020-10-21,801170,23.89,1.5,1.58
2020-10-21,801110,24.85,3.62,1.76
2020-10-21,801180,9.29,1.22,3.33
2020-10-21,801880,30.77,2.11,1.3
2020-10-21,801790,19.64,2.07,1.46
2020-10-21,801780,6.95,0.72,4.18
2020-10-21,801770,41.26,2.78,0.45
2020-10-21,801760,42.06,2.89,0.68
2020-10-21,801890,30.91,2.58,0.7
2020-10-21,801730,43.42,3.63,0.45
2020-10-21,801710,15.19,2.23,2.01
2020-10-21,801750,76.97,4.7,0.31
2020-10-22,801150,50.32,4.88,0.55
2020-10-22,801120,47.23,9.75,0.91
2020-10-22,801110,25.01,3.65,1.75
2020-10-22,801040,14.6,0.93,2.36
2020-10-22,801050,43.8,2.33,0.59
2020-10-22,801030,31.25,2.37,1.13
2020-10-22,801010,17.83,3.73,1.27
2020-10-22,801160,20.59,1.35,1.84
2020-10-22,801080,52.85,4.31,0.46
2020-10-22,801170,23.72,1.49,1.59
2020-10-22,801180,9.3,1.23,3.33
2020-10-22,801890,30.74,2.57,0.71
2020-10-22,801880,30.78,2.11,1.3
2020-10-22,801790,19.64,2.06,1.46
2020-10-22,801780,6.94,0.71,4.19
2020-10-22,801770,40.98,2.76,0.46
2020-10-22,801760,41.75,2.87,0.69
2020-10-22,801750,76.85,4.69,0.31
2020-10-22,801730,43.13,3.61,0.46
2020-10-22,801710,14.97,2.2,2.04
2020-10-23,801160,20.4,1.34,1.86
2020-10-23,801150,48.83,4.73,0.57
2020-10-23,801120,46.11,9.51,0.93
2020-10-23,801050,43.38,2.31,0.6
2020-10-23,801080,52.11,4.24,0.46
2020-10-23,801040,14.55,0.93,2.32
2020-10-23,801030,30.85,2.34,1.19
2020-10-23,801010,17.38,3.63,1.3
2020-10-23,801170,23.5,1.48,1.61
2020-10-23,801110,24.43,3.56,1.79
2020-10-23,801890,29.99,2.51,0.73
2020-10-23,801880,30.53,2.09,1.31
2020-10-23,801790,19.53,2.05,1.49
2020-10-23,801780,6.98,0.72,4.16
2020-10-23,801180,9.28,1.22,3.34
2020-10-23,801760,40.96,2.8,0.7
2020-10-23,801770,40.4,2.72,0.46
2020-10-23,801730,42.3,3.53,0.46
2020-10-23,801710,14.81,2.17,2.06
2020-10-23,801750,75.09,4.59,0.31
2020-10-26,801160,20.48,1.34,1.86
2020-10-26,801150,49.24,4.75,0.56
2020-10-26,801120,45.31,9.17,0.95
2020-10-26,801170,23.43,1.47,1.61
2020-10-26,801080,52.75,4.27,0.46
2020-10-26,801050,43.29,2.3,0.6
2020-10-26,801040,14.63,0.93,2.31
2020-10-26,801030,30.82,2.33,1.19
2020-10-26,801010,17.34,3.57,1.3
2020-10-26,801110,24.64,3.59,1.77
2020-10-26,801180,9.21,1.21,3.36
2020-10-26,801890,30.39,2.54,0.72
2020-10-26,801880,30.8,2.1,1.24
2020-10-26,801790,19.04,2.0,1.53
2020-10-26,801780,6.85,0.7,4.24
2020-10-26,801770,40.38,2.72,0.46
2020-10-26,801760,41.12,2.81,0.7
2020-10-26,801730,43.45,3.62,0.48
2020-10-26,801710,14.73,2.16,2.08
2020-10-26,801750,74.92,4.58,0.32
2020-10-27,801150,50.13,4.8,0.55
2020-10-27,801120,45.27,9.15,0.94
2020-10-27,801110,24.4,3.55,1.78
2020-10-27,801040,14.68,0.93,2.31
2020-10-27,801050,43.6,2.3,0.59
2020-10-27,801030,30.95,2.33,1.19
2020-10-27,801010,17.53,3.57,1.29
2020-10-27,801160,20.48,1.34,1.86
2020-10-27,801080,53.03,4.29,0.45
2020-10-27,801170,23.32,1.46,1.62
2020-10-27,801180,9.11,1.2,3.4
2020-10-27,801890,30.41,2.54,0.8
2020-10-27,801880,30.65,2.09,1.24
2020-10-27,801790,18.97,1.99,1.54
2020-10-27,801780,6.82,0.7,4.25
2020-10-27,801760,40.94,2.8,0.7
2020-10-27,801750,74.58,4.54,0.32
2020-10-27,801770,40.36,2.72,0.46
2020-10-27,801730,43.48,3.61,0.48
2020-10-27,801710,15.01,2.19,2.04
2020-10-28,801160,20.5,1.33,1.86
2020-10-28,801150,50.26,4.78,0.55
2020-10-28,801120,46.54,9.3,0.92
2020-10-28,801170,23.29,1.45,1.62
2020-10-28,801080,53.62,4.28,0.45
2020-10-28,801050,43.87,2.32,0.58
2020-10-28,801040,14.72,0.93,2.3
2020-10-28,801030,31.55,2.37,1.17
2020-10-28,801010,17.33,3.51,1.3
2020-10-28,801110,24.69,3.59,1.76
2020-10-28,801180,9.02,1.19,3.43
2020-10-28,801890,30.46,2.54,0.79
2020-10-28,801880,31.37,2.13,1.22
2020-10-28,801790,18.9,1.97,1.54
2020-10-28,801780,6.75,0.69,4.3
2020-10-28,801760,41.34,2.83,0.7
2020-10-28,801770,40.16,2.7,0.47
2020-10-28,801730,43.93,3.53,0.48
2020-10-28,801710,14.94,2.14,2.05
2020-10-28,801750,73.97,4.5,0.32
2020-10-29,801160,20.37,1.31,1.87
2020-10-29,801150,51.16,4.84,0.54
2020-10-29,801120,47.47,9.43,0.9
2020-10-29,801170,23.18,1.44,1.63
2020-10-29,801080,53.26,4.23,0.45
2020-10-29,801050,43.41,2.29,0.59
2020-10-29,801040,14.72,0.93,2.3
2020-10-29,801030,31.21,2.32,1.18
2020-10-29,801010,17.59,3.55,1.28
2020-10-29,801110,25.49,3.7,1.71
2020-10-29,801180,9.03,1.19,3.43
2020-10-29,801880,32.15,2.18,1.19
2020-10-29,801790,18.9,1.96,1.54
2020-10-29,801780,6.75,0.69,4.3
2020-10-29,801770,39.74,2.66,0.47
2020-10-29,801760,41.01,2.81,0.7
2020-10-29,801890,30.37,2.53,0.79
2020-10-29,801730,44.0,3.51,0.48
2020-10-29,801710,15.14,2.15,2.02
2020-10-29,801750,73.52,4.47,0.32
2020-10-30,801150,49.94,4.64,0.55
2020-10-30,801120,46.15,8.98,0.93
2020-10-30,801110,25.01,3.61,1.74
2020-10-30,801040,14.48,0.9,2.34
2020-10-30,801050,42.35,2.23,0.6
2020-10-30,801030,30.58,2.27,1.2
2020-10-30,801010,17.13,3.41,1.32
2020-10-30,801160,19.99,1.29,1.89
2020-10-30,801080,51.98,4.12,0.46
2020-10-30,801170,22.75,1.4,1.66
2020-10-30,801180,8.89,1.15,3.48
2020-10-30,801890,29.75,2.45,0.81
2020-10-30,801880,31.96,2.15,1.2
2020-10-30,801790,18.43,1.87,1.58
2020-10-30,801780,6.69,0.68,4.29
2020-10-30,801760,39.89,2.72,0.72
2020-10-30,801750,71.71,4.35,0.33
2020-10-30,801770,38.73,2.59,0.48
2020-10-30,801730,43.91,3.48,0.48
2020-10-30,801710,14.79,2.09,2.07
2020-11-02,801160,18.15,1.37,1.88
2020-11-02,801150,43.75,4.59,0.56
2020-11-02,801120,44.28,8.96,0.93
2020-11-02,801170,22.95,1.41,1.65
2020-11-02,801080,48.86,4.17,0.45
2020-11-02,801050,39.5,2.24,0.59
2020-11-02,801040,13.0,0.9,2.31
2020-11-02,801030,27.66,2.29,1.19
2020-11-02,801010,15.12,3.37,1.32
2020-11-02,801110,25.14,3.69,1.66
2020-11-02,801180,8.73,1.15,3.48
2020-11-02,801880,29.44,2.21,1.16
2020-11-02,801790,17.2,1.84,1.59
2020-11-02,801780,6.8,0.67,4.29
2020-11-02,801770,38.94,2.52,0.49
2020-11-02,801760,34.89,2.69,0.72
2020-11-02,801890,28.03,2.48,0.8
2020-11-02,801730,39.63,3.56,0.46
2020-11-02,801710,14.25,2.11,2.05
2020-11-02,801750,71.94,4.3,0.33
2020-11-03,801160,18.39,1.39,1.86
2020-11-03,801150,44.37,4.65,0.55
2020-11-03,801120,44.91,9.09,0.92
2020-11-03,801050,41.32,2.35,0.57
2020-11-03,801080,49.62,4.23,0.44
2020-11-03,801040,13.17,0.92,2.28
2020-11-03,801030,28.03,2.32,1.17
2020-11-03,801010,15.29,3.4,1.3
2020-11-03,801170,23.28,1.44,1.62
2020-11-03,801110,25.12,3.68,1.66
2020-11-03,801180,8.83,1.17,3.44
2020-11-03,801880,29.31,2.2,1.17
2020-11-03,801790,17.64,1.89,1.55
2020-11-03,801780,6.89,0.67,4.23
2020-11-03,801770,39.32,2.44,0.46
2020-11-03,801760,35.54,2.74,0.71
2020-11-03,801890,28.22,2.5,0.79
2020-11-03,801730,39.56,3.56,0.46
2020-11-03,801710,14.35,2.12,2.03
2020-11-03,801750,73.97,4.42,0.32
2020-11-04,801150,44.39,4.65,0.55
2020-11-04,801120,45.21,9.15,0.91
2020-11-04,801110,25.98,3.81,1.61
2020-11-04,801040,13.3,0.93,2.26
2020-11-04,801050,41.43,2.35,0.57
2020-11-04,801030,28.12,2.33,1.17
2020-11-04,801010,15.23,3.39,1.31
2020-11-04,801160,18.3,1.39,1.87
2020-11-04,801080,49.79,4.24,0.44
2020-11-04,801170,23.41,1.44,1.61
2020-11-04,801180,8.82,1.16,3.44
2020-11-04,801880,30.2,2.26,1.14
2020-11-04,801790,17.55,1.88,1.55
2020-11-04,801780,7.0,0.69,4.16
2020-11-04,801770,38.95,2.42,0.46
2020-11-04,801760,35.26,2.72,0.72
2020-11-04,801750,73.41,4.39,0.32
2020-11-04,801890,28.26,2.5,0.79
2020-11-04,801730,39.39,3.54,0.47
2020-11-04,801710,14.62,2.16,2.0
2020-11-05,801160,18.59,1.41,1.84
2020-11-05,801150,44.54,4.67,0.55
2020-11-05,801120,45.9,9.29,0.9
2020-11-05,801050,42.01,2.38,0.56
2020-11-05,801080,50.83,4.33,0.43
2020-11-05,801040,13.72,0.95,2.19
2020-11-05,801030,28.79,2.39,1.14
2020-11-05,801010,15.35,3.42,1.3
2020-11-05,801170,23.74,1.46,1.59
2020-11-05,801110,26.22,3.85,1.59
2020-11-05,801180,9.03,1.19,3.36
2020-11-05,801880,31.82,2.39,1.08
2020-11-05,801790,17.81,1.91,1.53
2020-11-05,801780,6.97,0.68,4.18
2020-11-05,801770,41.03,2.55,0.44
2020-11-05,801760,35.9,2.77,0.7
2020-11-05,801890,28.83,2.55,0.77
2020-11-05,801730,40.85,3.67,0.45
2020-11-05,801710,14.8,2.19,1.97
2020-11-05,801750,74.74,4.47,0.32
2020-11-06,801160,18.55,1.4,1.84
2020-11-06,801150,43.43,4.55,0.56
2020-11-06,801120,45.53,9.22,0.9
2020-11-06,801050,42.66,2.42,0.55
2020-11-06,801080,51.19,4.36,0.43
2020-11-06,801040,13.79,0.96,2.18
2020-11-06,801030,28.6,2.37,1.15
2020-11-06,801010,15.16,3.37,1.31
2020-11-06,801170,23.65,1.46,1.59
2020-11-06,801110,27.12,3.98,1.54
2020-11-06,801180,9.05,1.2,3.35
2020-11-06,801880,31.66,2.37,1.09
2020-11-06,801790,17.85,1.91,1.53
2020-11-06,801780,6.95,0.68,4.19
2020-11-06,801760,35.72,2.75,0.71
2020-11-06,801770,40.98,2.54,0.44
2020-11-06,801730,39.97,3.59,0.46
2020-11-06,801890,28.74,2.54,0.78
2020-11-06,801710,14.8,2.19,1.97
2020-11-06,801750,73.82,4.4,0.32
2020-11-09,801160,18.75,1.42,1.82
2020-11-09,801150,44.32,4.64,0.55
2020-11-09,801120,46.56,9.43,0.89
2020-11-09,801010,15.34,3.42,1.3
2020-11-09,801080,53.08,4.52,0.41
2020-11-09,801050,44.03,2.5,0.53
2020-11-09,801040,14.13,0.98,2.13
2020-11-09,801030,29.2,2.42,1.12
2020-11-09,801170,24.35,1.5,1.55
2020-11-09,801110,27.37,4.02,1.53
2020-11-09,801180,9.12,1.2,3.29
2020-11-09,801710,15.0,2.22,1.95
2020-11-09,801890,29.2,2.58,0.76
2020-11-09,801880,31.82,2.39,1.08
2020-11-09,801790,18.5,1.98,1.55
2020-11-09,801770,42.29,2.63,0.43
2020-11-09,801780,7.01,0.69,4.15
2020-11-09,801750,76.0,4.53,0.31
2020-11-09,801730,40.83,3.67,0.45
2020-11-09,801760,36.18,2.79,0.7
2020-11-10,801160,18.72,1.42,1.83
2020-11-10,801150,43.69,4.58,0.55
2020-11-10,801120,46.79,9.47,0.88
2020-11-10,801170,24.5,1.51,1.54
2020-11-10,801080,52.3,4.46,0.42
2020-11-10,801050,43.15,2.45,0.54
2020-11-10,801040,14.04,0.98,2.14
2020-11-10,801030,29.41,2.44,1.12
2020-11-10,801010,15.27,3.4,1.3
2020-11-10,801110,26.93,3.95,1.55
2020-11-10,801180,9.07,1.2,3.31
2020-11-10,801890,28.92,2.56,0.77
2020-11-10,801880,30.89,2.32,1.11
2020-11-10,801790,18.35,1.96,1.56
2020-11-10,801780,7.06,0.69,4.12
2020-11-10,801770,41.35,2.57,0.44
2020-11-10,801760,35.77,2.76,0.7
2020-11-10,801730,40.79,3.67,0.45
2020-11-10,801710,14.98,2.22,1.95
2020-11-10,801750,75.04,4.48,0.31
2020-11-11,801160,18.78,1.42,1.82
2020-11-11,801150,42.76,4.48,0.57
2020-11-11,801120,46.61,9.44,0.88
2020-11-11,801050,42.81,2.43,0.55
2020-11-11,801080,50.55,4.31,0.43
2020-11-11,801040,14.19,0.99,2.12
2020-11-11,801030,29.33,2.43,1.12
2020-11-11,801010,15.11,3.37,1.31
2020-11-11,801170,23.92,1.48,1.56
2020-11-11,801110,26.57,3.9,1.57
2020-11-11,801180,9.15,1.21,3.28
2020-11-11,801880,29.84,2.24,1.15
2020-11-11,801790,18.15,1.94,1.58
2020-11-11,801780,7.13,0.7,4.08
2020-11-11,801770,40.55,2.52,0.44
2020-11-11,801760,34.98,2.7,0.72
2020-11-11,801890,28.87,2.55,0.77
2020-11-11,801730,39.61,3.56,0.46
2020-11-11,801710,15.26,2.26,1.92
2020-11-11,801750,72.82,4.34,0.32
2020-11-12,801150,43.07,4.51,0.56
2020-11-12,801120,46.82,9.48,0.88
2020-11-12,801110,27.08,3.97,1.95
2020-11-12,801040,14.3,1.0,2.11
2020-11-12,801050,42.85,2.43,0.55
2020-11-12,801030,29.72,2.46,1.11
2020-11-12,801010,14.95,3.33,1.33
2020-11-12,801160,18.73,1.42,1.82
2020-11-12,801080,50.91,4.34,0.43
2020-11-12,801170,24.06,1.49,1.55
2020-11-12,801180,9.1,1.2,3.3
2020-11-12,801890,28.95,2.56,0.77
2020-11-12,801880,30.14,2.26,1.14
2020-11-12,801790,17.97,1.92,1.59
2020-11-12,801780,7.05,0.69,4.13
2020-11-12,801770,40.47,2.51,0.45
2020-11-12,801760,34.97,2.7,0.72
2020-11-12,801750,73.0,4.35,0.32
2020-11-12,801730,39.49,3.55,0.46
2020-11-12,801710,15.38,2.28,1.9
2020-11-13,801160,18.64,1.41,1.84
2020-11-13,801150,42.91,4.49,0.56
2020-11-13,801120,45.89,9.29,0.9
2020-11-13,801050,43.23,2.46,0.54
2020-11-13,801080,50.89,4.33,0.43
2020-11-13,801040,14.28,0.99,2.11
2020-11-13,801030,29.69,2.46,1.11
2020-11-13,801010,14.96,3.33,1.33
2020-11-13,801170,23.95,1.49,1.56
2020-11-13,801110,27.01,3.96,1.96
2020-11-13,801890,28.91,2.56,0.77
2020-11-13,801880,30.45,2.28,1.13
2020-11-13,801790,17.69,1.89,1.62
2020-11-13,801780,6.91,0.68,4.21
2020-11-13,801180,8.95,1.18,3.36
2020-11-13,801760,34.8,2.69,0.72
2020-11-13,801770,40.38,2.51,0.45
2020-11-13,801730,39.28,3.53,0.47
2020-11-13,801710,15.21,2.25,1.93
2020-11-13,801750,73.08,4.36,0.32
2020-11-16,801160,18.76,1.42,1.82
2020-11-16,801150,43.32,4.54,0.56
2020-11-16,801120,46.95,9.5,0.88
2020-11-16,801170,24.38,1.51,1.53
2020-11-16,801080,50.3,4.28,0.43
2020-11-16,801050,45.17,2.56,0.52
2020-11-16,801040,14.75,1.03,2.04
2020-11-16,801030,30.55,2.53,1.07
2020-11-16,801010,15.42,3.43,1.29
2020-11-16,801110,26.95,3.95,1.96
2020-11-16,801180,9.03,1.19,3.33
2020-11-16,801890,29.05,2.57,0.77
2020-11-16,801880,30.3,2.27,1.13
2020-11-16,801790,18.0,1.93,1.59
2020-11-16,801780,6.94,0.68,4.19
2020-11-16,801770,40.37,2.51,0.45
2020-11-16,801760,34.98,2.7,0.72
2020-11-16,801730,39.47,3.54,0.47
2020-11-16,801710,15.52,2.3,1.89
2020-11-16,801750,73.44,4.38,0.32
2020-11-17,801150,42.37,4.44,0.57
2020-11-17,801120,46.33,9.35,0.89
2020-11-17,801110,27.2,3.99,1.95
2020-11-17,801040,14.61,1.02,2.06
2020-11-17,801050,44.58,2.53,0.52
2020-11-17,801030,30.27,2.5,1.08
2020-11-17,801010,15.36,3.42,1.29
2020-11-17,801160,18.65,1.41,1.83
2020-11-17,801080,50.0,4.26,0.44
2020-11-17,801170,24.68,1.53,1.51
2020-11-17,801180,9.2,1.21,3.27
2020-11-17,801890,28.84,2.55,0.77
2020-11-17,801880,30.64,2.3,1.11
2020-11-17,801790,18.08,1.94,1.58
2020-11-17,801780,7.03,0.69,4.13
2020-11-17,801760,34.6,2.67,0.73
2020-11-17,801750,72.23,4.31,0.33
2020-11-17,801770,40.16,2.49,0.45
2020-11-17,801730,38.72,3.48,0.47
2020-11-17,801710,15.45,2.29,1.9
2020-11-18,801160,18.7,1.42,1.82
2020-11-18,801150,42.04,4.4,0.58
2020-11-18,801120,45.89,9.26,0.9
2020-11-18,801170,24.79,1.54,1.51
2020-11-18,801080,49.96,4.25,0.44
2020-11-18,801050,44.88,2.55,0.52
2020-11-18,801040,14.76,1.03,2.04
2020-11-18,801030,30.39,2.51,1.08
2020-11-18,801010,15.36,3.42,1.29
2020-11-18,801110,26.77,3.93,1.98
2020-11-18,801180,9.29,1.23,3.23
2020-11-18,801890,28.71,2.54,0.77
2020-11-18,801880,30.68,2.3,1.11
2020-11-18,801790,18.26,1.95,1.57
2020-11-18,801780,7.21,0.71,4.02
2020-11-18,801760,34.61,2.67,0.73
2020-11-18,801770,40.19,2.5,0.45
2020-11-18,801730,38.12,3.43,0.48
2020-11-18,801710,15.45,2.29,1.9
2020-11-18,801750,71.81,4.28,0.33
2020-11-19,801160,18.68,1.41,1.83
2020-11-19,801150,42.3,4.43,0.57
2020-11-19,801120,46.39,9.36,0.89
2020-11-19,801010,15.61,3.48,1.27
2020-11-19,801080,50.3,4.28,0.43
2020-11-19,801050,44.34,2.51,0.53
2020-11-19,801040,14.61,1.02,2.06
2020-11-19,801030,30.26,2.5,1.08
2020-11-19,801170,24.69,1.53,1.51
2020-11-19,801180,9.29,1.23,3.23
2020-11-19,801110,27.67,4.06,1.91
2020-11-19,801880,30.47,2.28,1.12
2020-11-19,801790,18.32,1.96,1.56
2020-11-19,801780,7.27,0.71,3.99
2020-11-19,801770,40.39,2.51,0.45
2020-11-19,801760,34.75,2.68,0.73
2020-11-19,801890,28.92,2.55,0.77
2020-11-19,801730,38.56,3.47,0.47
2020-11-19,801710,15.26,2.26,1.92
2020-11-19,801750,72.68,4.33,0.32
2020-11-20,801160,18.73,1.42,1.82
2020-11-20,801150,42.49,4.45,0.57
2020-11-20,801120,46.87,9.46,0.88
2020-11-20,801050,45.95,2.61,0.51
2020-11-20,801080,50.23,4.28,0.43
2020-11-20,801040,14.89,1.04,2.02
2020-11-20,801030,30.48,2.51,1.08
2020-11-20,801170,24.87,1.55,1.5
2020-11-20,801110,27.44,4.03,1.93
2020-11-20,801180,9.26,1.22,3.24
2020-11-20,801010,15.54,3.46,1.28
2020-11-20,801890,29.29,2.59,0.76
2020-11-20,801880,31.6,2.37,1.08
2020-11-20,801790,18.25,1.95,1.57
2020-11-20,801780,7.22,0.71,4.01
2020-11-20,801770,40.54,2.52,0.44
2020-11-20,801760,34.9,2.7,0.72
2020-11-20,801730,39.45,3.55,0.46
2020-11-20,801710,15.29,2.26,1.91
2020-11-20,801750,72.84,4.35,0.32
2020-11-23,801170,24.95,1.55,1.5
2020-11-23,801160,18.85,1.43,1.81
2020-11-23,801150,42.44,4.45,0.57
2020-11-23,801080,50.08,4.26,0.44
2020-11-23,801110,27.78,4.08,1.91
2020-11-23,801050,47.34,2.68,0.49
2020-11-23,801040,15.01,1.04,2.0
2020-11-23,801030,30.99,2.56,1.06
2020-11-23,801180,9.3,1.23,3.23
2020-11-23,801120,47.76,9.64,0.87
2020-11-23,801010,15.51,3.45,1.28
2020-11-23,801890,29.66,2.62,0.75
2020-11-23,801880,32.12,2.41,1.06
2020-11-23,801790,18.6,1.99,1.54
2020-11-23,801770,40.44,2.51,0.45
2020-11-23,801780,7.37,0.72,3.93
2020-11-23,801750,72.55,4.33,0.32
2020-11-23,801730,40.13,3.61,0.46
2020-11-23,801710,15.48,2.29,1.89
2020-11-23,801760,34.56,2.66,0.73
2020-11-24,801160,18.78,1.42,1.82
2020-11-24,801150,42.16,4.42,0.58
2020-11-24,801120,47.53,9.56,0.87
2020-11-24,801170,24.93,1.55,1.5
2020-11-24,801080,50.13,4.27,0.43
2020-11-24,801050,48.01,2.72,0.49
2020-11-24,801040,15.15,1.05,1.99
2020-11-24,801030,31.03,2.56,1.06
2020-11-24,801110,27.01,3.96,1.96
2020-11-24,801180,9.25,1.22,3.25
2020-11-24,801010,15.5,3.45,1.28
2020-11-24,801890,29.66,2.62,0.75
2020-11-24,801880,31.91,2.39,1.07
2020-11-24,801790,18.4,1.97,1.55
2020-11-24,801780,7.33,0.72,3.95
2020-11-24,801770,40.58,2.52,0.44
2020-11-24,801760,34.36,2.66,0.73
2020-11-24,801730,40.35,3.63,0.45
2020-11-24,801710,15.33,2.27,1.91
2020-11-24,801750,72.28,4.32,0.33
2020-11-25,801160,18.6,1.41,1.83
2020-11-25,801120,46.15,9.28,0.92
2020-11-25,801050,46.49,2.63,0.5
2020-11-25,801080,49.75,4.24,0.44
2020-11-25,801170,24.65,1.53,1.52
2020-11-25,801040,14.72,1.02,2.08
2020-11-25,801030,30.35,2.5,1.08
2020-11-25,801010,15.22,3.39,1.3
2020-11-25,801110,26.69,3.91,1.98
2020-11-25,801180,9.2,1.21,3.27
2020-11-25,801150,41.31,4.33,0.59
2020-11-25,801890,29.16,2.58,0.76
2020-11-25,801880,31.8,2.38,1.07
2020-11-25,801790,18.43,1.97,1.55
2020-11-25,801780,7.27,0.71,3.99
2020-11-25,801770,40.43,2.51,0.45
2020-11-25,801760,37.6,2.62,0.74
2020-11-25,801730,39.93,3.59,0.46
2020-11-25,801710,14.94,2.21,1.96
2020-11-25,801750,70.98,4.25,0.33
2020-11-26,801170,24.7,1.54,1.51
2020-11-26,801160,18.9,1.43,1.8
2020-11-26,801150,41.11,4.31,0.59
2020-11-26,801080,49.45,4.21,0.44
2020-11-26,801110,26.23,3.85,2.02
2020-11-26,801050,46.63,2.64,0.5
2020-11-26,801040,14.45,1.0,2.04
2020-11-26,801030,30.01,2.47,1.09
2020-11-26,801180,9.18,1.21,3.27
2020-11-26,801120,46.19,9.29,0.92
2020-11-26,801010,15.36,3.42,1.29
2020-11-26,801890,29.01,2.56,0.76
2020-11-26,801880,30.89,2.32,1.1
2020-11-26,801790,18.64,2.0,1.53
2020-11-26,801780,7.37,0.72,3.93
2020-11-26,801770,40.25,2.5,0.45
2020-11-26,801750,70.6,4.23,0.33
2020-11-26,801730,39.71,3.57,0.46
2020-11-26,801710,14.79,2.19,1.98
2020-11-26,801760,37.61,2.62,0.74
2020-11-27,801170,24.72,1.54,1.51
2020-11-27,801160,18.84,1.43,1.81
2020-11-27,801150,41.22,4.33,0.59
2020-11-27,801080,49.83,4.24,0.44
2020-11-27,801110,26.44,3.88,2.0
2020-11-27,801050,46.35,2.62,0.5
2020-11-27,801040,14.49,1.0,2.04
2020-11-27,801030,30.01,2.48,1.09
2020-11-27,801180,9.34,1.23,3.22
2020-11-27,801120,46.34,9.32,0.92
2020-11-27,801010,15.65,3.48,1.27
2020-11-27,801890,29.27,2.59,0.76
2020-11-27,801880,31.2,2.34,1.09
2020-11-27,801790,18.96,2.03,1.57
2020-11-27,801770,39.93,2.48,0.45
2020-11-27,801780,7.54,0.74,3.81
2020-11-27,801750,70.49,4.22,0.33
2020-11-27,801730,39.66,3.56,0.46
2020-11-27,801710,14.78,2.19,1.98
2020-11-27,801760,37.64,2.62,0.74
2020-11-30,801160,18.69,1.42,1.82
2020-11-30,801150,41.29,4.34,0.58
2020-11-30,801120,45.43,9.13,0.93
2020-11-30,801170,24.67,1.53,1.51
2020-11-30,801080,50.08,4.26,0.43
2020-11-30,801050,47.07,2.66,0.5
2020-11-30,801040,14.19,0.98,2.08
2020-11-30,801030,29.77,2.46,1.1
2020-11-30,801110,26.14,3.83,2.02
2020-11-30,801180,9.25,1.22,3.25
2020-11-30,801010,15.6,3.47,1.27
2020-11-30,801890,29.14,2.58,0.76
2020-11-30,801880,31.0,2.32,1.1
2020-11-30,801790,19.02,2.04,1.57
2020-11-30,801780,7.47,0.73,3.85
2020-11-30,801770,39.7,2.47,0.45
2020-11-30,801760,38.16,2.66,0.73
2020-11-30,801730,39.31,3.53,0.47
2020-11-30,801710,14.74,2.18,1.99
2020-11-30,801750,70.77,4.23,0.33
2020-12-01,801160,18.86,1.43,1.82
2020-12-01,801120,46.02,9.25,0.92
2020-12-01,801110,26.5,3.89,2.0
2020-12-01,801040,14.32,0.99,2.06
2020-12-01,801050,47.28,2.67,0.49
2020-12-01,801170,24.93,1.55,1.5
2020-12-01,801030,30.15,2.49,1.08
2020-12-01,801010,15.79,3.51,1.26
2020-12-01,801080,50.86,4.33,0.43
2020-12-01,801180,9.32,1.23,3.24
2020-12-01,801150,42.33,4.45,0.57
2020-12-01,801890,29.86,2.64,0.74
2020-12-01,801790,19.67,2.11,1.52
2020-12-01,801780,7.68,0.75,3.74
2020-12-01,801770,40.18,2.49,0.45
2020-12-01,801760,39.2,2.73,0.71
2020-12-01,801880,31.69,2.38,1.08
2020-12-01,801730,40.04,3.6,0.46
2020-12-01,801710,14.86,2.2,1.97
2020-12-01,801750,72.2,4.32,0.33
2020-12-02,801160,18.8,1.42,1.82
2020-12-02,801120,46.1,9.26,0.92
2020-12-02,801050,47.14,2.66,0.49
2020-12-02,801080,51.64,4.4,0.42
2020-12-02,801040,14.43,1.0,2.05
2020-12-02,801030,30.2,2.5,1.08
2020-12-02,801010,15.87,3.53,1.25
2020-12-02,801170,24.97,1.55,1.49
2020-12-02,801110,27.05,3.97,1.96
2020-12-02,801180,9.36,1.24,3.21
2020-12-02,801150,42.28,4.44,0.57
2020-12-02,801890,30.08,2.66,0.74
2020-12-02,801880,31.16,2.34,1.1
2020-12-02,801790,19.65,2.09,1.53
2020-12-02,801780,7.65,0.75,3.76
2020-12-02,801770,40.43,2.51,0.44
2020-12-02,801760,39.15,2.73,0.72
2020-12-02,801730,39.75,3.57,0.46
2020-12-02,801710,14.86,2.2,1.97
2020-12-02,801750,72.08,4.31,0.33
2020-12-03,801160,18.81,1.42,1.82
2020-12-03,801120,46.47,9.34,0.91
2020-12-03,801050,45.71,2.58,0.51
2020-12-03,801080,51.18,4.36,0.42
2020-12-03,801170,24.98,1.55,1.49
2020-12-03,801040,14.54,0.99,2.11
2020-12-03,801030,29.94,2.48,1.1
2020-12-03,801010,16.07,3.57,1.24
2020-12-03,801110,26.83,3.94,1.97
2020-12-03,801180,9.31,1.24,3.22
2020-12-03,801150,43.23,4.54,0.56
2020-12-03,801890,29.72,2.63,0.75
2020-12-03,801880,31.05,2.33,1.1
2020-12-03,801790,19.59,2.09,1.53
2020-12-03,801780,7.64,0.75,3.76
2020-12-03,801770,40.08,2.49,0.45
2020-12-03,801760,39.16,2.73,0.71
2020-12-03,801730,39.67,3.56,0.46
2020-12-03,801710,14.73,2.18,1.99
2020-12-03,801750,72.71,4.35,0.32
2020-12-04,801170,25.08,1.56,1.49
2020-12-04,801160,18.76,1.42,1.82
2020-12-04,801150,43.74,4.59,0.55
2020-12-04,801080,51.3,4.37,0.42
2020-12-04,801110,26.75,3.92,1.98
2020-12-04,801050,46.65,2.63,0.5
2020-12-04,801040,14.47,0.98,2.1
2020-12-04,801030,30.21,2.5,1.09
2020-12-04,801180,9.18,1.22,3.27
2020-12-04,801120,47.81,9.61,0.88
2020-12-04,801010,16.04,3.57,1.24
2020-12-04,801890,29.91,2.65,0.74
2020-12-04,801880,30.88,2.31,1.11
2020-12-04,801790,19.39,2.07,1.55
2020-12-04,801780,7.54,0.74,3.82
2020-12-04,801770,39.96,2.48,0.45
2020-12-04,801750,72.61,4.34,0.32
2020-12-04,801730,39.85,3.58,0.46
2020-12-04,801710,14.79,2.19,1.98
2020-12-04,801760,39.2,2.73,0.71
2020-12-07,801160,18.63,1.41,1.84
2020-12-07,801120,48.18,9.68,0.87
2020-12-07,801050,46.27,2.61,0.5
2020-12-07,801080,51.25,4.37,0.42
2020-12-07,801170,24.66,1.54,1.51
2020-12-07,801040,14.36,0.98,2.12
2020-12-07,801030,30.12,2.49,1.1
2020-12-07,801010,16.28,3.62,1.22
2020-12-07,801110,26.55,3.89,1.99
2020-12-07,801150,43.31,4.55,0.56
2020-12-07,801180,9.05,1.2,3.32
2020-12-07,801890,29.92,2.65,0.74
2020-12-07,801880,30.53,2.29,1.12
2020-12-07,801790,19.04,2.03,1.58
2020-12-07,801770,39.53,2.46,0.45
2020-12-07,801760,38.83,2.69,0.73
2020-12-07,801780,7.37,0.72,3.9
2020-12-07,801730,40.34,3.62,0.46
2020-12-07,801710,14.65,2.17,2.0
2020-12-07,801750,72.74,4.35,0.32
2020-12-08,801170,24.5,1.53,1.52
2020-12-08,801160,18.56,1.4,1.84
2020-12-08,801150,43.23,4.54,0.56
2020-12-08,801180,9.01,1.2,3.33
2020-12-08,801110,26.15,3.83,2.02
2020-12-08,801080,51.25,4.37,0.42
2020-12-08,801050,46.36,2.62,0.5
2020-12-08,801040,14.21,0.97,2.14
2020-12-08,801030,30.25,2.5,1.09
2020-12-08,801120,48.83,9.81,0.86
2020-12-08,801010,16.12,3.58,1.23
2020-12-08,801890,29.77,2.63,0.74
2020-12-08,801880,30.9,2.31,1.1
2020-12-08,801790,18.86,2.01,1.6
2020-12-08,801780,7.32,0.72,3.93
2020-12-08,801770,39.54,2.46,0.45
2020-12-08,801750,72.75,4.35,0.32
2020-12-08,801730,40.69,3.65,0.45
2020-12-08,801710,14.56,2.15,2.01
2020-12-08,801760,38.69,2.68,0.73
2020-12-09,801170,24.51,1.5,1.53
2020-12-09,801160,18.36,1.39,1.86
2020-12-09,801150,42.67,4.48,0.56
2020-12-09,801080,49.71,4.28,0.43
2020-12-09,801110,25.25,3.7,2.09
2020-12-09,801050,45.64,2.58,0.51
2020-12-09,801040,14.11,0.96,2.16
2020-12-09,801030,29.84,2.46,1.1
2020-12-09,801180,8.87,1.18,3.38
2020-12-09,801120,48.57,9.76,0.87
2020-12-09,801010,15.75,3.5,1.26
2020-12-09,801890,29.23,2.59,0.76
2020-12-09,801880,30.06,2.25,1.13
2020-12-09,801790,18.45,1.97,1.63
2020-12-09,801770,38.6,2.4,0.46
2020-12-09,801780,7.32,0.72,3.93
2020-12-09,801750,71.52,4.27,0.33
2020-12-09,801730,40.19,3.61,0.46
2020-12-09,801710,14.3,2.12,2.05
2020-12-09,801760,37.96,2.63,0.74
2020-12-10,801160,18.32,1.39,1.87
2020-12-10,801150,43.14,4.53,0.55
2020-12-10,801170,24.39,1.5,1.54
2020-12-10,801010,15.57,3.46,1.28
2020-12-10,801080,49.61,4.27,0.43
2020-12-10,801050,45.2,2.55,0.51
2020-12-10,801040,14.49,0.98,2.1
2020-12-10,801030,29.81,2.46,1.1
2020-12-10,801110,25.45,3.73,2.08
2020-12-10,801180,8.85,1.18,3.39
2020-12-10,801120,48.5,9.74,0.87
2020-12-10,801890,29.32,2.59,0.75
2020-12-10,801880,29.69,2.22,1.14
2020-12-10,801790,18.4,1.96,1.64
2020-12-10,801780,7.27,0.71,3.95
2020-12-10,801770,38.46,2.39,0.46
2020-12-10,801760,38.09,2.63,0.74
2020-12-10,801730,40.76,3.66,0.45
2020-12-10,801710,14.34,2.12,2.04
2020-12-10,801750,71.21,4.25,0.33
2020-12-11,801160,18.09,1.37,1.89
2020-12-11,801150,42.83,4.5,0.56
2020-12-11,801120,48.31,9.7,0.87
2020-12-11,801050,44.46,2.51,0.52
2020-12-11,801080,48.68,4.19,0.43
2020-12-11,801040,14.45,0.98,2.13
2020-12-11,801030,29.61,2.43,1.12
2020-12-11,801010,15.37,3.42,1.29
2020-12-11,801170,24.14,1.48,1.56
2020-12-11,801110,25.4,3.72,2.08
2020-12-11,801180,8.75,1.16,3.43
2020-12-11,801880,29.53,2.21,1.15
2020-12-11,801790,18.14,1.94,1.69
2020-12-11,801780,7.18,0.7,3.98
2020-12-11,801770,37.76,2.35,0.47
2020-12-11,801760,36.96,2.55,0.76
2020-12-11,801890,29.0,2.57,0.76
2020-12-11,801730,40.2,3.61,0.46
2020-12-11,801710,14.23,2.11,2.06
2020-12-11,801750,69.87,4.17,0.34
2020-12-14,801160,18.17,1.37,1.88
2020-12-14,801150,43.25,4.54,0.55
2020-12-14,801120,49.27,9.9,0.85
2020-12-14,801050,44.62,2.52,0.52
2020-12-14,801080,48.84,4.21,0.43
2020-12-14,801040,14.13,0.96,2.17
2020-12-14,801030,29.75,2.46,1.1
2020-12-14,801010,15.76,3.5,1.26
2020-12-14,801170,24.14,1.48,1.56
2020-12-14,801110,25.31,3.71,2.09
2020-12-14,801180,8.85,1.18,3.39
2020-12-14,801880,30.08,2.25,1.14
2020-12-14,801790,18.24,1.95,1.66
2020-12-14,801780,7.27,0.71,3.94
2020-12-14,801770,38.02,2.36,0.46
2020-12-14,801760,37.05,2.56,0.76
2020-12-14,801890,29.22,2.58,0.75
2020-12-14,801730,41.09,3.69,0.45
2020-12-14,801710,14.3,2.12,2.05
2020-12-14,801750,70.37,4.2,0.33
2020-12-15,801150,43.96,4.62,0.54
2020-12-15,801120,49.08,9.86,0.85
2020-12-15,801110,25.33,3.71,2.09
2020-12-15,801040,14.15,0.96,2.17
2020-12-15,801050,44.51,2.51,0.52
2020-12-15,801030,29.82,2.46,1.1
2020-12-15,801010,15.61,3.47,1.27
2020-12-15,801160,18.16,1.37,1.89
2020-12-15,801080,48.98,4.22,0.43
2020-12-15,801170,24.07,1.47,1.56
2020-12-15,801180,8.77,1.16,3.42
2020-12-15,801890,29.26,2.59,0.75
2020-12-15,801880,30.53,2.28,1.12
2020-12-15,801790,18.14,1.94,1.67
2020-12-15,801780,7.21,0.71,3.97
2020-12-15,801760,37.35,2.58,0.75
2020-12-15,801750,70.73,4.22,0.33
2020-12-15,801770,38.03,2.36,0.46
2020-12-15,801730,41.93,3.76,0.44
2020-12-15,801710,14.45,2.14,2.03
2020-12-16,801160,18.14,1.37,1.89
2020-12-16,801150,43.97,4.62,0.54
2020-12-16,801120,49.94,10.03,0.84
2020-12-16,801170,24.12,1.48,1.56
2020-12-16,801080,48.41,4.17,0.44
2020-12-16,801050,44.64,2.52,0.52
2020-12-16,801040,14.08,0.96,2.18
2020-12-16,801030,29.71,2.45,1.1
2020-12-16,801010,15.61,3.47,1.27
2020-12-16,801110,25.59,3.75,2.07
2020-12-16,801180,8.73,1.16,3.44
2020-12-16,801880,30.02,2.25,1.14
2020-12-16,801790,18.09,1.93,1.67
2020-12-16,801780,7.22,0.71,3.96
2020-12-16,801770,37.31,2.32,0.47
2020-12-16,801760,36.64,2.53,0.76
2020-12-16,801890,29.12,2.58,0.75
2020-12-16,801730,42.32,3.8,0.43
2020-12-16,801710,14.35,2.12,2.04
2020-12-16,801750,69.79,4.16,0.34
2020-12-17,801160,18.28,1.38,1.88
2020-12-17,801150,45.03,4.72,0.53
2020-12-17,801120,50.69,10.18,0.83
2020-12-17,801050,46.38,2.62,0.5
2020-12-17,801080,48.57,4.18,0.43
2020-12-17,801040,14.45,0.98,2.13
2020-12-17,801030,30.03,2.48,1.09
2020-12-17,801010,15.64,3.48,1.27
2020-12-17,801170,24.4,1.49,1.54
2020-12-17,801110,26.04,3.82,2.03
2020-12-17,801180,8.79,1.17,3.41
2020-12-17,801880,30.11,2.25,1.14
2020-12-17,801790,18.55,1.98,1.63
2020-12-17,801780,7.26,0.71,3.94
2020-12-17,801770,37.69,2.34,0.47
2020-12-17,801760,36.69,2.54,0.76
2020-12-17,801890,29.41,2.6,0.74
2020-12-17,801730,42.3,3.8,0.43
2020-12-17,801710,14.38,2.13,2.04
2020-12-17,801750,70.44,4.2,0.34
2020-12-18,801150,44.79,4.7,0.53
2020-12-18,801120,50.31,10.11,0.84
2020-12-18,801110,25.98,3.81,2.04
2020-12-18,801040,14.75,1.0,2.08
2020-12-18,801050,47.27,2.67,0.49
2020-12-18,801030,30.1,2.49,1.09
2020-12-18,801010,15.48,3.44,1.28
2020-12-18,801160,18.36,1.39,1.86
2020-12-18,801080,48.28,4.16,0.44
2020-12-18,801170,24.34,1.49,1.54
2020-12-18,801180,8.72,1.16,3.44
2020-12-18,801890,29.09,2.57,0.75
2020-12-18,801880,30.59,2.29,1.12
2020-12-18,801790,18.33,1.96,1.64
2020-12-18,801780,7.16,0.7,4.0
2020-12-18,801760,37.0,2.56,0.76
2020-12-18,801750,69.81,4.16,0.34
2020-12-18,801770,37.43,2.33,0.47
2020-12-18,801730,43.13,3.87,0.42
2020-12-18,801710,14.41,2.13,2.03
2020-12-21,801160,18.42,1.39,1.86
2020-12-21,801150,45.29,4.74,0.53
2020-12-21,801120,50.74,10.2,0.83
2020-12-21,801080,49.33,4.25,0.43
2020-12-21,801050,48.38,2.73,0.47
2020-12-21,801040,14.94,1.01,2.06
2020-12-21,801030,30.55,2.55,1.06
2020-12-21,801170,24.35,1.49,1.54
2020-12-21,801110,25.89,3.8,2.04
2020-12-21,801010,15.83,3.52,1.26
2020-12-21,801890,29.39,2.6,0.74
2020-12-21,801880,31.72,2.37,1.08
2020-12-21,801790,18.38,1.96,1.64
2020-12-21,801180,8.64,1.15,3.47
2020-12-21,801770,37.54,2.33,0.47
2020-12-21,801780,7.13,0.7,4.01
2020-12-21,801750,70.63,4.21,0.33
2020-12-21,801730,45.79,4.11,0.4
2020-12-21,801710,14.46,2.14,2.03
2020-12-21,801760,37.08,2.56,0.76
2020-12-22,801160,18.03,1.36,1.9
2020-12-22,801150,45.07,4.71,0.53
2020-12-22,801120,51.28,10.31,0.82
2020-12-22,801170,24.11,1.48,1.56
2020-12-22,801080,48.28,4.16,0.44
2020-12-22,801050,46.29,2.61,0.5
2020-12-22,801040,14.45,0.98,2.13
2020-12-22,801030,29.8,2.49,1.09
2020-12-22,801010,15.49,3.44,1.28
2020-12-22,801110,25.82,3.78,2.05
2020-12-22,801180,8.56,1.14,3.5
2020-12-22,801890,28.96,2.56,0.75
2020-12-22,801880,30.54,2.28,1.12
2020-12-22,801790,17.68,1.89,1.7
2020-12-22,801780,7.01,0.69,4.08
2020-12-22,801770,36.4,2.27,0.48
2020-12-22,801750,68.46,4.08,0.35
2020-12-22,801730,44.81,4.02,0.41
2020-12-22,801710,14.2,2.1,2.06
2020-12-22,801760,36.38,2.51,0.77
2020-12-23,801160,18.26,1.38,1.88
2020-12-23,801150,44.92,4.71,0.53
2020-12-23,801120,50.84,10.22,0.83
2020-12-23,801050,47.18,2.66,0.49
2020-12-23,801080,49.44,4.27,0.43
2020-12-23,801040,14.52,0.99,2.12
2020-12-23,801030,29.94,2.5,1.08
2020-12-23,801010,15.66,3.48,1.27
2020-12-23,801170,24.18,1.48,1.55
2020-12-23,801110,26.23,3.85,2.02
2020-12-23,801180,8.52,1.13,3.52
2020-12-23,801880,31.04,2.33,1.11
2020-12-23,801790,17.83,1.9,1.69
2020-12-23,801780,7.03,0.69,4.07
2020-12-23,801770,36.64,2.28,0.48
2020-12-23,801760,36.39,2.51,0.77
2020-12-23,801890,29.32,2.59,0.74
2020-12-23,801730,46.57,4.18,0.39
2020-12-23,801710,14.22,2.1,2.06
2020-12-23,801750,68.69,4.09,0.34
2020-12-24,801150,44.6,4.67,0.53
2020-12-24,801120,49.96,10.04,0.84
2020-12-24,801110,26.31,3.86,2.01
2020-12-24,801040,14.43,0.98,2.13
2020-12-24,801050,47.11,2.66,0.49
2020-12-24,801030,29.78,2.49,1.09
2020-12-24,801010,15.63,3.48,1.25
2020-12-24,801160,18.15,1.37,1.89
2020-12-24,801080,49.19,4.24,0.43
2020-12-24,801170,23.99,1.47,1.57
2020-12-24,801180,8.42,1.12,3.56
2020-12-24,801890,29.03,2.57,0.75
2020-12-24,801880,30.52,2.29,1.12
2020-12-24,801790,17.68,1.89,1.71
2020-12-24,801780,7.07,0.69,4.05
2020-12-24,801760,35.44,2.45,0.79
2020-12-24,801750,66.96,3.99,0.35
2020-12-24,801770,36.23,2.25,0.49
2020-12-24,801730,46.16,4.14,0.4
2020-12-24,801710,14.25,2.11,2.06
2020-12-25,801160,18.71,1.41,1.83
2020-12-25,801150,45.23,4.74,0.53
2020-12-25,801120,49.86,10.02,0.84
2020-12-25,801080,49.42,4.26,0.43
2020-12-25,801050,49.21,2.78,0.46
2020-12-25,801040,14.72,1.0,2.09
2020-12-25,801030,30.43,2.54,1.07
2020-12-25,801170,24.31,1.49,1.55
2020-12-25,801110,26.33,3.86,2.01
2020-12-25,801010,15.53,3.45,1.26
2020-12-25,801890,29.55,2.61,0.74
2020-12-25,801880,31.1,2.3,1.1
2020-12-25,801790,17.7,1.89,1.7
2020-12-25,801180,8.45,1.12,3.55
2020-12-25,801770,36.27,2.26,0.49
2020-12-25,801780,7.08,0.69,4.04
2020-12-25,801750,67.0,3.99,0.35
2020-12-25,801730,47.45,4.26,0.38
2020-12-25,801710,14.34,2.12,2.04
2020-12-25,801760,35.2,2.43,0.79
2020-12-28,801160,18.77,1.42,1.83
2020-12-28,801150,44.8,4.69,0.53
2020-12-28,801120,51.49,10.35,0.82
2020-12-28,801170,24.17,1.48,1.56
2020-12-28,801080,48.67,4.2,0.44
2020-12-28,801050,49.31,2.78,0.46
2020-12-28,801040,14.51,0.98,2.11
2020-12-28,801030,30.34,2.52,1.08
2020-12-28,801010,15.96,3.55,1.23
2020-12-28,801110,26.81,3.93,1.97
2020-12-28,801180,8.42,1.12,3.56
2020-12-28,801890,29.43,2.6,0.74
2020-12-28,801880,31.55,2.33,1.09
2020-12-28,801790,17.77,1.89,1.7
2020-12-28,801780,7.13,0.7,4.01
2020-12-28,801770,35.61,2.21,0.5
2020-12-28,801750,66.22,3.95,0.36
2020-12-28,801730,47.29,4.25,0.39
2020-12-28,801710,14.16,2.1,2.07
2020-12-28,801760,34.71,2.39,0.8
2020-12-29,801150,44.33,4.65,0.54
2020-12-29,801120,51.13,10.28,0.83
2020-12-29,801110,27.45,4.03,1.98
2020-12-29,801040,14.32,0.97,2.14
2020-12-29,801050,47.03,2.66,0.49
2020-12-29,801030,30.06,2.5,1.09
2020-12-29,801010,15.75,3.5,1.24
2020-12-29,801160,18.42,1.39,1.86
2020-12-29,801080,48.74,4.21,0.43
2020-12-29,801170,24.39,1.49,1.54
2020-12-29,801180,8.49,1.13,3.54
2020-12-29,801770,37.41,2.33,0.48
2020-12-29,801880,30.54,2.25,1.13
2020-12-29,801790,17.88,1.91,1.69
2020-12-29,801780,7.14,0.7,3.99
2020-12-29,801760,35.33,2.44,0.79
2020-12-29,801750,67.71,4.04,0.35
2020-12-29,801890,29.16,2.58,0.75
2020-12-29,801730,45.08,4.06,0.4
2020-12-29,801710,14.21,2.1,2.06
2020-12-30,801160,18.47,1.4,1.86
2020-12-30,801150,44.87,4.7,0.53
2020-12-30,801170,24.36,1.49,1.53
2020-12-30,801010,15.87,3.53,1.24
2020-12-30,801110,27.66,4.07,1.96
2020-12-30,801080,49.31,4.25,0.43
2020-12-30,801050,48.43,2.73,0.47
2020-12-30,801040,14.43,0.98,2.13
2020-12-30,801030,30.43,2.53,1.08
2020-12-30,801120,52.62,10.58,0.8
2020-12-30,801180,8.46,1.12,3.55
2020-12-30,801890,29.73,2.63,0.73
2020-12-30,801880,31.18,2.3,1.1
2020-12-30,801790,18.12,1.93,1.66
2020-12-30,801770,37.15,2.31,0.48
2020-12-30,801780,7.16,0.7,3.98
2020-12-30,801750,68.58,4.09,0.34
2020-12-30,801730,46.6,4.19,0.39
2020-12-30,801710,14.2,2.1,2.06
2020-12-30,801760,35.62,2.46,0.78
2020-12-31,801160,18.57,1.4,1.85
2020-12-31,801150,45.35,4.75,0.52
2020-12-31,801030,30.85,2.56,1.06
2020-12-31,801110,28.27,4.16,1.91
2020-12-31,801080,49.95,4.31,0.42
2020-12-31,801050,48.66,2.75,0.47
2020-12-31,801040,14.55,0.99,2.11
2020-12-31,801170,24.83,1.51,1.5
2020-12-31,801120,53.65,10.79,0.79
2020-12-31,801180,8.56,1.14,3.51
2020-12-31,801710,14.51,2.15,2.02
2020-12-31,801730,47.74,4.29,0.38
2020-12-31,801750,70.65,4.22,0.33
2020-12-31,801760,36.18,2.51,0.77
2020-12-31,801770,37.48,2.33,0.47
2020-12-31,801780,7.24,0.71,3.94
2020-12-31,801790,18.73,2.0,1.61
2020-12-31,801880,31.7,2.34,1.09
2020-12-31,801890,30.14,2.67,0.72
2020-12-31,801010,16.01,3.56,1.23
