date,industry_code,pe_ttm,pb,dividend_yield
2021-01-04,801890,30.52,2.7,0.71
2021-01-04,801010,17.11,3.8,1.15
2021-01-04,801030,31.67,2.63,1.03
2021-01-04,801040,14.82,1.01,2.07
2021-01-04,801050,51.71,2.9,0.44
2021-01-04,801080,50.71,4.38,0.42
2021-01-04,801110,28.73,4.22,1.89
2021-01-04,801120,55.04,11.07,0.77
2021-01-04,801150,45.27,4.75,0.53
2021-01-04,801160,18.65,1.41,1.84
2021-01-04,801170,25.14,1.53,1.49
2021-01-04,801880,32.49,2.4,1.06
2021-01-04,801790,18.67,1.99,1.61
2021-01-04,801780,7.1,0.7,4.01
2021-01-04,801770,37.84,2.35,0.47
2021-01-04,801760,36.59,2.53,0.76
2021-01-04,801750,72.03,4.3,0.33
2021-01-04,801180,8.35,1.11,3.59
2021-01-04,801730,51.31,4.61,0.36
2021-01-04,801710,14.78,2.19,1.98
2021-01-05,801150,45.96,4.82,0.52
2021-01-05,801120,57.77,11.62,0.74
2021-01-05,801110,29.51,4.34,1.84
2021-01-05,801040,14.77,1.0,2.08
2021-01-05,801050,52.31,2.93,0.43
2021-01-05,801030,32.28,2.68,1.02
2021-01-05,801010,17.75,3.94,1.11
2021-01-05,801160,18.41,1.39,1.87
2021-01-05,801080,52.55,4.53,0.4
2021-01-05,801170,25.41,1.55,1.47
2021-01-05,801180,8.34,1.11,3.6
2021-01-05,801890,30.86,2.73,0.71
2021-01-05,801880,32.47,2.4,1.06
2021-01-05,801790,18.57,1.98,1.62
2021-01-05,801780,7.01,0.69,4.07
2021-01-05,801760,36.26,2.51,0.77
2021-01-05,801750,72.43,4.33,0.32
2021-01-05,801770,38.06,2.37,0.47
2021-01-05,801730,51.58,4.64,0.35
2021-01-05,801710,14.79,2.19,1.98
2021-01-06,801160,18.53,1.4,1.85
2021-01-06,801150,46.57,4.88,0.51
2021-01-06,801120,58.31,11.72,0.73
2021-01-06,801170,25.13,1.53,1.49
2021-01-06,801080,51.76,4.43,0.41
2021-01-06,801050,52.43,2.94,0.43
2021-01-06,801040,14.83,1.0,2.07
2021-01-06,801030,32.33,2.68,1.01
2021-01-06,801010,17.8,3.96,1.1
2021-01-06,801110,29.24,4.3,1.85
2021-01-06,801180,8.38,1.11,3.58
2021-01-06,801880,32.17,2.38,1.07
2021-01-06,801790,18.68,1.99,1.61
2021-01-06,801780,7.19,0.7,3.97
2021-01-06,801770,37.31,2.32,0.48
2021-01-06,801760,36.07,2.49,0.77
2021-01-06,801890,30.88,2.73,0.71
2021-01-06,801730,51.54,4.63,0.35
2021-01-06,801710,15.19,2.25,1.93
2021-01-06,801750,70.77,4.23,0.33
2021-01-07,801160,18.24,1.38,1.88
2021-01-07,801150,46.51,4.87,0.51
2021-01-07,801120,58.99,11.86,0.72
2021-01-07,801050,54.22,3.04,0.42
2021-01-07,801080,52.0,4.45,0.4
2021-01-07,801040,15.12,1.02,2.03
2021-01-07,801030,32.81,2.73,1.0
2021-01-07,801010,18.05,4.01,1.09
2021-01-07,801170,24.83,1.51,1.51
2021-01-07,801110,29.83,4.38,1.82
2021-01-07,801180,8.28,1.1,3.62
2021-01-07,801880,32.66,2.42,1.05
2021-01-07,801790,18.85,2.01,1.6
2021-01-07,801780,7.27,0.71,3.92
2021-01-07,801770,36.19,2.25,0.49
2021-01-07,801760,35.16,2.43,0.79
2021-01-07,801890,31.45,2.78,0.7
2021-01-07,801730,53.09,4.78,0.34
2021-01-07,801710,15.12,2.23,1.94
2021-01-07,801750,68.56,4.09,0.34
2021-01-08,801150,46.56,4.87,0.51
2021-01-08,801120,57.33,11.53,0.74
2021-01-08,801110,29.74,4.37,1.83
2021-01-08,801040,15.15,1.03,2.03
2021-01-08,801050,54.13,3.04,0.42
2021-01-08,801030,32.74,2.72,1.0
2021-01-08,801010,17.68,3.93,1.11
2021-01-08,801160,18.32,1.38,1.88
2021-01-08,801080,52.37,4.49,0.4
2021-01-08,801170,24.99,1.52,1.5
2021-01-08,801180,8.38,1.11,3.58
2021-01-08,801880,33.13,2.45,1.04
2021-01-08,801790,18.74,2.0,1.61
2021-01-08,801780,7.31,0.72,3.9
2021-01-08,801770,37.07,2.3,0.48
2021-01-08,801760,36.38,2.51,0.77
2021-01-08,801750,69.77,4.17,0.34
2021-01-08,801890,31.13,2.75,0.7
2021-01-08,801730,52.26,4.7,0.35
2021-01-08,801710,15.13,2.24,1.94
2021-01-11,801160,18.02,1.36,1.92
2021-01-11,801150,45.77,4.79,0.52
2021-01-11,801120,56.04,11.27,0.76
2021-01-11,801050,52.02,2.92,0.44
2021-01-11,801080,52.8,4.52,0.4
2021-01-11,801040,14.79,1.0,2.08
2021-01-11,801030,32.22,2.68,1.02
2021-01-11,801010,16.89,3.75,1.16
2021-01-11,801170,24.46,1.5,1.52
2021-01-11,801110,29.05,4.27,1.87
2021-01-11,801180,8.34,1.11,3.59
2021-01-11,801880,33.74,2.5,1.02
2021-01-11,801790,18.31,1.95,1.65
2021-01-11,801780,7.39,0.72,3.86
2021-01-11,801770,37.21,2.31,0.48
2021-01-11,801760,36.46,2.52,0.77
2021-01-11,801890,30.89,2.73,0.71
2021-01-11,801730,50.08,4.51,0.36
2021-01-11,801710,15.1,2.23,1.95
2021-01-11,801750,69.6,4.15,0.34
2021-01-12,801160,18.03,1.36,1.91
2021-01-12,801150,46.39,4.86,0.51
2021-01-12,801120,57.6,11.58,0.74
2021-01-12,801050,53.26,2.99,0.43
2021-01-12,801080,54.02,4.63,0.38
2021-01-12,801040,14.97,1.01,2.05
2021-01-12,801030,32.76,2.72,1.0
2021-01-12,801010,17.07,3.79,1.15
2021-01-12,801170,24.61,1.51,1.51
2021-01-12,801110,30.04,4.41,1.81
2021-01-12,801180,8.35,1.11,3.59
2021-01-12,801880,33.8,2.5,1.02
2021-01-12,801790,19.37,2.06,1.55
2021-01-12,801780,7.5,0.74,3.8
2021-01-12,801760,36.38,2.51,0.77
2021-01-12,801770,37.53,2.34,0.47
2021-01-12,801730,51.54,4.64,0.35
2021-01-12,801890,32.05,2.84,0.68
2021-01-12,801710,15.45,2.28,1.9
2021-01-12,801750,70.59,4.21,0.33
2021-01-13,801160,18.15,1.37,1.9
2021-01-13,801150,45.68,4.78,0.52
2021-01-13,801120,57.13,11.49,0.74
2021-01-13,801010,16.74,3.72,1.17
2021-01-13,801080,54.63,4.68,0.37
2021-01-13,801050,52.17,2.93,0.44
2021-01-13,801040,14.99,1.02,2.05
2021-01-13,801030,32.61,2.71,1.01
2021-01-13,801170,24.91,1.52,1.5
2021-01-13,801110,30.05,4.42,1.81
2021-01-13,801180,8.38,1.11,3.58
2021-01-13,801710,15.46,2.29,1.9
2021-01-13,801890,31.96,2.83,0.68
2021-01-13,801880,33.88,2.51,1.02
2021-01-13,801790,19.05,2.03,1.58
2021-01-13,801770,37.84,2.36,0.47
2021-01-13,801780,7.49,0.73,3.81
2021-01-13,801750,69.57,4.15,0.34
2021-01-13,801730,50.46,4.54,0.36
2021-01-13,801760,36.11,2.49,0.77
2021-01-14,801160,18.13,1.37,1.9
2021-01-14,801150,45.27,4.74,0.52
2021-01-14,801120,55.53,11.16,0.76
2021-01-14,801170,24.61,1.51,1.51
2021-01-14,801080,54.3,4.65,0.38
2021-01-14,801050,50.93,2.86,0.45
2021-01-14,801040,15.23,1.03,2.02
2021-01-14,801030,32.17,2.67,1.02
2021-01-14,801010,16.26,3.61,1.21
2021-01-14,801110,29.23,4.3,1.86
2021-01-14,801180,8.45,1.12,3.55
2021-01-14,801890,31.42,2.78,0.69
2021-01-14,801880,33.03,2.44,1.04
2021-01-14,801790,18.6,1.98,1.62
2021-01-14,801780,7.52,0.74,3.79
2021-01-14,801770,38.23,2.38,0.46
2021-01-14,801760,35.99,2.48,0.78
2021-01-14,801730,48.98,4.41,0.37
2021-01-14,801710,15.33,2.27,1.92
2021-01-14,801750,70.28,4.19,0.34
2021-01-15,801160,18.22,1.38,1.89
2021-01-15,801150,45.34,4.75,0.52
2021-01-15,801120,54.31,10.92,0.78
2021-01-15,801050,51.73,2.9,0.44
2021-01-15,801080,53.52,4.58,0.38
2021-01-15,801040,14.92,1.01,2.06
2021-01-15,801030,32.47,2.7,1.01
2021-01-15,801010,16.21,3.6,1.21
2021-01-15,801170,24.56,1.5,1.51
2021-01-15,801110,29.23,4.3,1.86
2021-01-15,801180,8.48,1.13,3.53
2021-01-15,801880,33.13,2.45,1.04
2021-01-15,801790,18.75,2.0,1.61
2021-01-15,801780,7.73,0.76,3.69
2021-01-15,801770,37.77,2.35,0.47
2021-01-15,801760,36.21,2.5,0.77
2021-01-15,801890,31.48,2.79,0.69
2021-01-15,801730,49.41,4.45,0.37
2021-01-15,801710,15.29,2.26,1.92
2021-01-15,801750,69.94,4.16,0.34
2021-01-18,801150,45.52,4.77,0.52
2021-01-18,801120,53.94,10.84,0.78
2021-01-18,801110,29.5,4.34,1.84
2021-01-18,801040,14.87,1.01,2.07
2021-01-18,801050,52.71,2.96,0.43
2021-01-18,801030,33.57,2.78,0.98
2021-01-18,801010,16.49,3.66,1.19
2021-01-18,801160,18.27,1.38,1.88
2021-01-18,801080,55.2,4.73,0.37
2021-01-18,801170,24.74,1.51,1.5
2021-01-18,801180,8.65,1.15,3.47
2021-01-18,801890,31.99,2.83,0.68
2021-01-18,801880,33.11,2.45,1.04
2021-01-18,801790,18.88,2.01,1.6
2021-01-18,801780,7.9,0.77,3.61
2021-01-18,801770,38.51,2.4,0.46
2021-01-18,801760,36.93,2.55,0.75
2021-01-18,801750,71.74,4.27,0.33
2021-01-18,801730,50.19,4.52,0.36
2021-01-18,801710,15.4,2.28,1.9
2021-01-19,801160,18.36,1.39,1.87
2021-01-19,801150,44.81,4.69,0.53
2021-01-19,801120,52.9,10.64,0.8
2021-01-19,801050,51.22,2.87,0.45
2021-01-19,801080,53.96,4.62,0.37
2021-01-19,801040,14.82,1.0,2.07
2021-01-19,801030,33.36,2.77,0.98
2021-01-19,801010,16.28,3.62,1.21
2021-01-19,801170,24.72,1.51,1.5
2021-01-19,801110,28.64,4.21,1.89
2021-01-19,801890,31.18,2.76,0.7
2021-01-19,801880,32.65,2.41,1.05
2021-01-19,801790,18.88,2.01,1.6
2021-01-19,801780,7.9,0.77,3.61
2021-01-19,801180,8.81,1.17,3.4
2021-01-19,801760,36.9,2.55,0.75
2021-01-19,801770,38.16,2.37,0.46
2021-01-19,801730,49.25,4.43,0.37
2021-01-19,801710,15.31,2.26,1.92
2021-01-19,801750,71.93,4.28,0.33
2021-01-20,801160,18.17,1.37,1.89
2021-01-20,801150,45.98,4.82,0.51
2021-01-20,801120,53.44,10.74,0.79
2021-01-20,801170,24.7,1.51,1.5
2021-01-20,801080,54.35,4.66,0.37
2021-01-20,801050,52.44,2.94,0.44
2021-01-20,801040,15.37,1.04,2.0
2021-01-20,801030,33.88,2.81,0.96
2021-01-20,801010,16.36,3.63,1.18
2021-01-20,801110,28.61,4.2,1.89
2021-01-20,801180,8.67,1.15,3.46
2021-01-20,801890,31.47,2.79,0.69
2021-01-20,801880,33.45,2.47,1.03
2021-01-20,801790,18.72,2.0,1.61
2021-01-20,801780,7.82,0.77,3.65
2021-01-20,801770,38.08,2.37,0.46
2021-01-20,801760,36.96,2.54,0.75
2021-01-20,801730,51.3,4.61,0.36
2021-01-20,801710,15.27,2.26,1.92
2021-01-20,801750,72.22,4.3,0.33
2021-01-21,801150,46.78,4.9,0.5
2021-01-21,801120,54.68,10.99,0.77
2021-01-21,801110,29.27,4.3,1.85
2021-01-21,801040,15.41,1.04,1.99
2021-01-21,801050,54.22,3.04,0.42
2021-01-21,801030,34.61,2.87,0.95
2021-01-21,801010,16.52,3.67,1.17
2021-01-21,801160,18.2,1.37,1.89
2021-01-21,801080,55.16,4.73,0.37
2021-01-21,801170,25.04,1.53,1.48
2021-01-21,801180,8.59,1.14,3.49
2021-01-21,801890,32.08,2.84,0.68
2021-01-21,801880,34.28,2.51,1.02
2021-01-21,801790,18.83,2.01,1.6
2021-01-21,801780,7.86,0.77,3.63
2021-01-21,801760,37.32,2.57,0.74
2021-01-21,801750,73.52,4.38,0.32
2021-01-21,801770,37.98,2.36,0.46
2021-01-21,801730,52.78,4.74,0.35
2021-01-21,801710,15.33,2.27,1.92
2021-01-22,801160,17.99,1.36,1.91
2021-01-22,801150,48.39,5.07,0.48
2021-01-22,801120,54.64,10.98,0.77
2021-01-22,801170,25.92,1.53,1.4
2021-01-22,801080,54.92,4.73,0.37
2021-01-22,801050,54.22,3.04,0.42
2021-01-22,801040,15.2,1.03,2.02
2021-01-22,801030,34.87,2.89,0.94
2021-01-22,801010,16.28,3.62,1.19
2021-01-22,801110,29.18,4.29,1.86
2021-01-22,801180,8.38,1.11,3.58
2021-01-22,801890,31.97,2.84,0.68
2021-01-22,801880,34.48,2.53,1.01
2021-01-22,801790,18.48,1.97,1.63
2021-01-22,801780,7.72,0.76,3.7
2021-01-22,801760,37.1,2.55,0.75
2021-01-22,801770,37.06,2.31,0.47
2021-01-22,801730,54.44,4.9,0.33
2021-01-22,801710,15.41,2.28,1.91
2021-01-22,801750,72.41,4.31,0.33
2021-01-25,801120,57.43,11.55,0.74
2021-01-25,801150,48.29,5.06,0.48
2021-01-25,801110,29.37,4.32,1.85
2021-01-25,801160,17.96,1.36,1.91
2021-01-25,801050,54.87,3.08,0.41
2021-01-25,801040,15.09,1.02,2.04
2021-01-25,801030,34.96,2.9,0.94
2021-01-25,801010,16.43,3.65,1.18
2021-01-25,801080,54.3,4.68,0.37
2021-01-25,801170,25.85,1.52,1.41
2021-01-25,801180,8.3,1.1,3.61
2021-01-25,801880,34.71,2.55,1.01
2021-01-25,801790,18.5,1.97,1.63
2021-01-25,801780,7.74,0.76,3.69
2021-01-25,801770,36.48,2.27,0.48
2021-01-25,801760,36.64,2.52,0.76
2021-01-25,801750,71.47,4.25,0.33
2021-01-25,801890,32.12,2.85,0.68
2021-01-25,801730,53.97,4.85,0.34
2021-01-25,801710,15.23,2.25,1.92
2021-01-26,801160,17.88,1.35,1.92
2021-01-26,801150,46.85,4.91,0.5
2021-01-26,801120,56.15,11.29,0.75
2021-01-26,801050,54.28,3.04,0.42
2021-01-26,801080,53.09,4.57,0.38
2021-01-26,801040,15.14,1.03,2.03
2021-01-26,801030,34.35,2.85,0.95
2021-01-26,801010,16.67,3.7,1.16
2021-01-26,801170,25.9,1.52,1.4
2021-01-26,801110,28.44,4.18,1.9
2021-01-26,801180,8.31,1.1,3.61
2021-01-26,801880,34.02,2.49,1.03
2021-01-26,801790,17.92,1.91,1.68
2021-01-26,801780,7.7,0.75,3.7
2021-01-26,801770,36.04,2.24,0.49
2021-01-26,801760,36.04,2.48,0.77
2021-01-26,801890,31.43,2.79,0.69
2021-01-26,801730,53.17,4.76,0.34
2021-01-26,801710,15.08,2.23,1.94
2021-01-26,801750,70.12,4.17,0.34
2021-01-27,801160,17.99,1.36,1.91
2021-01-27,801150,46.62,4.89,0.5
2021-01-27,801120,54.68,10.99,0.77
2021-01-27,801050,53.49,3.0,0.42
2021-01-27,801080,53.65,4.57,0.38
2021-01-27,801040,15.16,1.03,2.03
2021-01-27,801030,34.51,2.86,0.95
2021-01-27,801010,16.9,3.75,1.14
2021-01-27,801170,26.12,1.53,1.39
2021-01-27,801110,28.54,4.19,1.9
2021-01-27,801180,8.25,1.1,3.63
2021-01-27,801880,34.37,2.52,1.02
2021-01-27,801790,17.95,1.91,1.68
2021-01-27,801780,7.81,0.77,3.65
2021-01-27,801770,36.17,2.25,0.48
2021-01-27,801760,37.18,2.55,0.74
2021-01-27,801890,31.72,2.81,0.68
2021-01-27,801730,54.82,4.9,0.33
2021-01-27,801710,15.13,2.24,1.93
2021-01-27,801750,70.37,4.19,0.34
2021-01-28,801160,18.0,1.36,1.91
2021-01-28,801150,45.28,4.75,0.52
2021-01-28,801120,53.79,10.81,0.79
2021-01-28,801050,51.91,2.91,0.43
2021-01-28,801080,51.33,4.38,0.4
2021-01-28,801040,14.89,1.01,2.06
2021-01-28,801030,33.41,2.77,0.98
2021-01-28,801170,25.58,1.5,1.42
2021-01-28,801110,27.61,4.06,1.96
2021-01-28,801180,8.11,1.08,3.7
2021-01-28,801010,16.51,3.67,1.17
2021-01-28,801890,30.77,2.73,0.71
2021-01-28,801880,33.4,2.44,1.05
2021-01-28,801790,17.72,1.89,1.7
2021-01-28,801770,35.32,2.2,0.5
2021-01-28,801760,36.97,2.54,0.75
2021-01-28,801780,7.73,0.76,3.69
2021-01-28,801730,52.18,4.67,0.35
2021-01-28,801710,14.81,2.19,1.97
2021-01-28,801750,68.57,4.08,0.35
2021-01-29,801170,25.58,1.5,1.43
2021-01-29,801160,17.82,1.35,1.93
2021-01-29,801150,44.84,4.7,0.52
2021-01-29,801180,7.97,1.06,3.76
2021-01-29,801110,27.51,4.04,1.97
2021-01-29,801080,50.79,4.33,0.4
2021-01-29,801050,50.82,2.84,0.44
2021-01-29,801040,14.58,0.99,2.11
2021-01-29,801030,33.26,2.76,0.99
2021-01-29,801120,54.5,10.96,0.78
2021-01-29,801010,16.2,3.6,1.19
2021-01-29,801890,30.62,2.71,0.71
2021-01-29,801880,33.37,2.44,1.05
2021-01-29,801790,17.43,1.86,1.73
2021-01-29,801780,7.75,0.76,3.68
2021-01-29,801770,34.68,2.16,0.51
2021-01-29,801750,68.01,4.05,0.35
2021-01-29,801730,50.7,4.53,0.36
2021-01-29,801710,14.8,2.19,1.98
2021-01-29,801760,36.41,2.5,0.76
2021-02-01,801150,45.65,4.79,0.51
2021-02-01,801120,54.5,10.96,0.78
2021-02-01,801110,27.79,4.08,1.95
2021-02-01,801040,14.63,0.99,2.1
2021-02-01,801050,51.5,2.88,0.44
2021-02-01,801030,34.48,2.86,0.95
2021-02-01,801010,16.83,3.71,1.16
2021-02-01,801160,17.78,1.34,1.92
2021-02-01,801080,51.25,4.37,0.4
2021-02-01,801170,25.42,1.49,1.43
2021-02-01,801180,8.02,1.06,3.74
2021-02-01,801890,31.0,2.75,0.7
2021-02-01,801880,33.32,2.44,1.05
2021-02-01,801790,17.41,1.85,1.73
2021-02-01,801780,7.93,0.78,3.6
2021-02-01,801760,36.72,2.52,0.75
2021-02-01,801750,68.9,4.09,0.34
2021-02-01,801770,34.83,2.17,0.5
2021-02-01,801730,50.2,4.49,0.36
2021-02-01,801710,15.0,2.22,1.95
2021-02-02,801160,17.75,1.34,1.92
2021-02-02,801150,46.28,4.85,0.5
2021-02-02,801120,56.27,11.31,0.75
2021-02-02,801170,25.25,1.48,1.44
2021-02-02,801080,51.72,4.41,0.39
2021-02-02,801050,52.67,2.95,0.43
2021-02-02,801040,14.8,1.0,2.08
2021-02-02,801030,35.1,2.91,0.93
2021-02-02,801010,16.89,3.72,1.16
2021-02-02,801110,28.42,4.18,1.91
2021-02-02,801180,8.06,1.07,3.72
2021-02-02,801890,31.43,2.79,0.69
2021-02-02,801880,35.07,2.57,1.0
2021-02-02,801790,17.37,1.85,1.73
2021-02-02,801780,7.81,0.77,3.64
2021-02-02,801760,36.59,2.51,0.76
2021-02-02,801770,34.91,2.18,0.5
2021-02-02,801730,51.53,4.61,0.35
2021-02-02,801710,15.22,2.25,1.92
2021-02-02,801750,69.77,4.14,0.34
2021-02-03,801160,17.51,1.32,1.95
2021-02-03,801150,46.41,4.87,0.5
2021-02-03,801120,56.49,11.36,0.75
2021-02-03,801010,17.36,3.82,1.13
2021-02-03,801080,49.92,4.26,0.4
2021-02-03,801170,24.85,1.46,1.46
2021-02-03,801040,15.02,1.02,2.05
2021-02-03,801030,34.96,2.9,0.94
2021-02-03,801110,28.11,4.13,1.93
2021-02-03,801180,7.97,1.06,3.76
2021-02-03,801050,52.44,2.94,0.43
2021-02-03,801890,31.12,2.77,0.7
2021-02-03,801880,34.68,2.54,1.01
2021-02-03,801790,17.11,1.82,1.76
2021-02-03,801770,34.11,2.12,0.51
2021-02-03,801760,36.23,2.49,0.76
2021-02-03,801780,7.95,0.78,3.58
2021-02-03,801730,51.63,4.62,0.35
2021-02-03,801710,15.07,2.23,1.94
2021-02-03,801750,67.73,4.02,0.35
2021-02-04,801160,17.23,1.3,1.98
2021-02-04,801150,45.76,4.8,0.51
2021-02-04,801120,57.82,11.62,0.74
2021-02-04,801170,24.56,1.44,1.48
2021-02-04,801080,49.6,4.23,0.41
2021-02-04,801050,50.18,2.81,0.44
2021-02-04,801040,14.8,1.0,2.08
2021-02-04,801030,34.81,2.89,0.94
2021-02-04,801010,17.12,3.77,1.14
2021-02-04,801110,27.89,4.1,1.94
2021-02-04,801180,7.88,1.05,3.81
2021-02-04,801890,30.5,2.72,0.71
2021-02-04,801880,34.38,2.52,1.02
2021-02-04,801790,15.88,1.78,1.76
2021-02-04,801780,7.98,0.78,3.57
2021-02-04,801770,33.48,2.08,0.52
2021-02-04,801760,35.86,2.49,0.77
2021-02-04,801730,51.64,4.62,0.35
2021-02-04,801710,14.95,2.21,1.95
2021-02-04,801750,66.1,3.93,0.36
2021-02-05,801150,46.62,4.89,0.5
2021-02-05,801120,58.09,11.68,0.73
2021-02-05,801110,28.13,4.13,1.93
2021-02-05,801040,14.64,0.99,2.12
2021-02-05,801050,48.13,2.69,0.47
2021-02-05,801030,33.37,2.77,0.98
2021-02-05,801010,17.07,3.76,1.15
2021-02-05,801160,17.06,1.29,2.0
2021-02-05,801080,48.2,4.11,0.42
2021-02-05,801170,24.73,1.45,1.47
2021-02-05,801180,8.03,1.07,3.73
2021-02-05,801890,29.93,2.67,0.72
2021-02-05,801880,33.28,2.44,1.05
2021-02-05,801790,15.89,1.78,1.75
2021-02-05,801780,8.22,0.81,3.45
2021-02-05,801760,35.51,2.46,0.77
2021-02-05,801750,64.6,3.84,0.37
2021-02-05,801770,33.05,2.06,0.52
2021-02-05,801730,50.93,4.56,0.36
2021-02-05,801710,14.86,2.2,1.96
2021-02-08,801160,17.11,1.29,1.99
2021-02-08,801150,47.47,4.98,0.49
2021-02-08,801120,58.78,11.82,0.73
2021-02-08,801170,24.88,1.46,1.46
2021-02-08,801080,48.56,4.14,0.42
2021-02-08,801050,50.0,2.81,0.44
2021-02-08,801040,14.6,0.99,2.13
2021-02-08,801030,34.65,2.87,0.95
2021-02-08,801010,17.66,3.89,1.11
2021-02-08,801110,28.15,4.14,1.93
2021-02-08,801180,8.05,1.07,3.72
2021-02-08,801890,30.89,2.75,0.7
2021-02-08,801880,33.71,2.47,1.04
2021-02-08,801790,15.82,1.77,1.76
2021-02-08,801780,8.25,0.81,3.44
2021-02-08,801760,36.35,2.48,0.76
2021-02-08,801770,33.06,2.06,0.52
2021-02-08,801730,51.9,4.65,0.35
2021-02-08,801710,15.31,2.26,1.9
2021-02-08,801750,65.46,3.9,0.36
2021-02-09,801160,17.3,1.31,1.97
2021-02-09,801150,48.55,5.08,0.48
2021-02-09,801120,60.37,12.14,0.7
2021-02-09,801010,17.92,3.95,1.09
2021-02-09,801080,49.99,4.26,0.41
2021-02-09,801170,25.14,1.48,1.44
2021-02-09,801040,14.8,1.0,2.1
2021-02-09,801030,35.95,2.98,0.91
2021-02-09,801110,28.87,4.24,1.88
2021-02-09,801180,8.04,1.07,3.73
2021-02-09,801050,52.33,2.95,0.42
2021-02-09,801890,31.8,2.84,0.68
2021-02-09,801880,34.4,2.52,1.02
2021-02-09,801790,16.07,1.8,1.73
2021-02-09,801780,8.24,0.81,3.45
2021-02-09,801770,33.72,2.11,0.5
2021-02-09,801760,36.9,2.51,0.75
2021-02-09,801730,53.63,4.81,0.34
2021-02-09,801710,15.63,2.31,1.87
2021-02-09,801750,66.9,3.99,0.35
2021-02-10,801160,17.41,1.31,1.96
2021-02-10,801150,49.8,5.21,0.47
2021-02-10,801120,62.96,12.66,0.68
2021-02-10,801050,53.34,3.02,0.41
2021-02-10,801080,51.2,4.37,0.4
2021-02-10,801040,14.88,1.01,2.09
2021-02-10,801030,36.58,3.03,0.9
2021-02-10,801010,18.28,4.03,1.07
2021-02-10,801170,25.62,1.51,1.42
2021-02-10,801110,29.72,4.37,1.82
2021-02-10,801180,8.03,1.07,3.73
2021-02-10,801890,32.4,2.87,0.67
2021-02-10,801880,34.93,2.56,1.0
2021-02-10,801790,16.17,1.81,1.72
2021-02-10,801780,8.19,0.8,3.47
2021-02-10,801760,37.07,2.53,0.75
2021-02-10,801770,34.02,2.13,0.5
2021-02-10,801730,54.66,4.9,0.33
2021-02-10,801710,15.71,2.32,1.86
2021-02-10,801750,68.25,4.06,0.35
2021-02-18,801160,17.7,1.34,1.93
2021-02-18,801150,48.36,5.06,0.49
2021-02-18,801120,60.6,12.18,0.71
2021-02-18,801010,18.14,4.0,1.08
2021-02-18,801080,51.04,4.36,0.4
2021-02-18,801050,56.83,3.22,0.39
2021-02-18,801040,15.58,1.06,1.99
2021-02-18,801030,37.36,3.1,0.88
2021-02-18,801170,26.17,1.54,1.39
2021-02-18,801110,28.53,4.2,1.9
2021-02-18,801180,8.3,1.1,3.61
2021-02-18,801890,32.61,2.88,0.67
2021-02-18,801880,35.0,2.57,1.0
2021-02-18,801790,16.47,1.84,1.69
2021-02-18,801770,34.92,2.19,0.49
2021-02-18,801780,8.33,0.82,3.41
2021-02-18,801750,69.45,4.13,0.34
2021-02-18,801730,54.1,4.85,0.34
2021-02-18,801710,15.83,2.34,1.85
2021-02-18,801760,37.77,2.58,0.73
2021-02-19,801160,18.07,1.36,1.9
2021-02-19,801150,48.55,5.08,0.48
2021-02-19,801120,61.18,12.3,0.7
2021-02-19,801010,19.07,4.22,1.02
2021-02-19,801080,51.57,4.4,0.39
2021-02-19,801050,57.76,3.27,0.38
2021-02-19,801040,15.67,1.06,1.98
2021-02-19,801030,37.06,3.07,0.88
2021-02-19,801170,26.61,1.57,1.36
2021-02-19,801110,28.56,4.2,1.9
2021-02-19,801180,8.42,1.12,3.56
2021-02-19,801710,16.09,2.38,1.82
2021-02-19,801890,32.58,2.88,0.67
2021-02-19,801880,35.04,2.57,1.0
2021-02-19,801790,16.82,1.88,1.66
2021-02-19,801770,35.83,2.25,0.48
2021-02-19,801780,8.29,0.81,3.42
2021-02-19,801750,70.1,4.18,0.34
2021-02-19,801730,53.0,4.75,0.34
2021-02-19,801760,38.5,2.63,0.72
2021-02-22,801160,18.17,1.37,1.88
2021-02-22,801150,47.06,4.93,0.49
2021-02-22,801120,57.0,11.46,0.75
2021-02-22,801170,26.42,1.55,1.37
2021-02-22,801080,50.67,4.33,0.4
2021-02-22,801050,60.56,3.43,0.37
2021-02-22,801040,16.63,1.13,1.87
2021-02-22,801030,37.38,3.1,0.88
2021-02-22,801010,19.13,4.23,1.01
2021-02-22,801110,26.89,3.96,2.01
2021-02-22,801180,8.46,1.12,3.54
2021-02-22,801880,33.86,2.48,1.03
2021-02-22,801790,16.48,1.84,1.69
2021-02-22,801780,8.15,0.8,3.48
2021-02-22,801770,35.75,2.26,0.48
2021-02-22,801760,37.8,2.58,0.74
2021-02-22,801890,32.31,2.85,0.68
2021-02-22,801730,51.38,4.61,0.35
2021-02-22,801710,15.88,2.35,1.84
2021-02-22,801750,69.19,4.12,0.34
2021-02-23,801150,47.0,4.91,0.49
2021-02-23,801120,56.94,11.45,0.75
2021-02-23,801110,26.85,3.95,2.01
2021-02-23,801040,16.46,1.11,1.89
2021-02-23,801050,59.56,3.38,0.37
2021-02-23,801030,36.83,3.05,0.89
2021-02-23,801010,18.51,4.09,1.05
2021-02-23,801160,18.2,1.37,1.88
2021-02-23,801080,50.46,4.31,0.4
2021-02-23,801170,26.47,1.56,1.37
2021-02-23,801180,8.41,1.12,3.56
2021-02-23,801890,32.29,2.85,0.68
2021-02-23,801880,33.19,2.43,1.05
2021-02-23,801790,16.55,1.85,1.68
2021-02-23,801780,8.23,0.81,3.45
2021-02-23,801760,37.09,2.53,0.75
2021-02-23,801750,68.51,4.09,0.34
2021-02-23,801770,35.45,2.24,0.48
2021-02-23,801730,51.21,4.59,0.35
2021-02-23,801710,15.65,2.31,1.87
2021-02-24,801160,18.12,1.37,1.89
2021-02-24,801150,45.49,4.75,0.51
2021-02-24,801120,54.08,10.87,0.79
2021-02-24,801170,26.18,1.54,1.38
2021-02-24,801080,49.97,4.27,0.41
2021-02-24,801050,57.27,3.25,0.39
2021-02-24,801040,16.03,1.09,1.94
2021-02-24,801030,35.69,2.96,0.92
2021-02-24,801010,18.34,4.06,1.06
2021-02-24,801110,27.33,4.02,1.98
2021-02-24,801180,8.45,1.12,3.55
2021-02-24,801880,32.32,2.36,1.08
2021-02-24,801790,16.44,1.84,1.69
2021-02-24,801780,8.09,0.79,3.51
2021-02-24,801770,35.47,2.24,0.48
2021-02-24,801760,37.1,2.53,0.75
2021-02-24,801890,31.9,2.81,0.69
2021-02-24,801730,49.07,4.39,0.37
2021-02-24,801710,15.38,2.28,1.9
2021-02-24,801750,68.11,4.06,0.35
2021-02-25,801160,18.11,1.36,1.89
2021-02-25,801150,45.36,4.74,0.51
2021-02-25,801120,53.23,10.7,0.8
2021-02-25,801050,56.89,3.23,0.39
2021-02-25,801080,49.54,4.24,0.41
2021-02-25,801040,16.22,1.1,1.92
2021-02-25,801030,35.43,2.94,0.92
2021-02-25,801010,18.21,4.04,1.06
2021-02-25,801170,26.46,1.56,1.37
2021-02-25,801110,27.45,4.04,1.97
2021-02-25,801180,8.96,1.19,3.34
2021-02-25,801880,32.15,2.35,1.08
2021-02-25,801790,16.72,1.87,1.67
2021-02-25,801780,8.21,0.81,3.46
2021-02-25,801770,35.29,2.23,0.48
2021-02-25,801760,36.88,2.52,0.76
2021-02-25,801890,31.97,2.82,0.69
2021-02-25,801730,48.48,4.32,0.37
2021-02-25,801710,15.64,2.31,1.87
2021-02-25,801750,67.1,4.01,0.35
2021-02-26,801150,44.74,4.68,0.52
2021-02-26,801120,52.08,10.47,0.81
2021-02-26,801110,27.09,3.99,2.0
2021-02-26,801040,15.79,1.07,1.97
2021-02-26,801050,54.41,3.08,0.41
2021-02-26,801030,34.62,2.87,0.94
2021-02-26,801010,17.71,3.93,1.09
2021-02-26,801160,18.09,1.36,1.89
2021-02-26,801080,48.82,4.18,0.41
2021-02-26,801170,26.03,1.53,1.39
2021-02-26,801180,8.78,1.17,3.41
2021-02-26,801880,31.46,2.3,1.1
2021-02-26,801790,16.39,1.83,1.7
2021-02-26,801780,7.92,0.78,3.59
2021-02-26,801770,35.18,2.22,0.48
2021-02-26,801760,36.42,2.48,0.77
2021-02-26,801750,66.73,3.99,0.35
2021-02-26,801890,31.44,2.77,0.7
2021-02-26,801730,47.7,4.26,0.38
2021-02-26,801710,15.32,2.27,1.91
2021-03-01,801160,18.25,1.38,1.87
2021-03-01,801150,45.33,4.74,0.51
2021-03-01,801120,52.86,10.63,0.8
2021-03-01,801050,56.24,3.19,0.39
2021-03-01,801080,50.35,4.32,0.4
2021-03-01,801040,16.43,1.11,1.89
2021-03-01,801030,35.64,2.96,0.91
2021-03-01,801010,18.04,3.94,1.07
2021-03-01,801170,26.14,1.54,1.38
2021-03-01,801110,27.46,4.04,1.97
2021-03-01,801180,8.87,1.18,3.37
2021-03-01,801880,32.31,2.36,1.07
2021-03-01,801790,16.3,1.82,1.71
2021-03-01,801780,7.91,0.78,3.59
2021-03-01,801770,35.8,2.27,0.48
2021-03-01,801760,37.44,2.55,0.75
2021-03-01,801890,32.7,2.89,0.67
2021-03-01,801730,49.57,4.42,0.36
2021-03-01,801710,15.65,2.32,1.87
2021-03-01,801750,68.24,4.08,0.34
2021-03-02,801160,18.59,1.4,1.83
2021-03-02,801150,44.57,4.66,0.52
2021-03-02,801120,51.14,10.28,0.83
2021-03-02,801050,54.38,3.09,0.41
2021-03-02,801080,50.6,4.33,0.4
2021-03-02,801040,16.32,1.1,1.91
2021-03-02,801030,34.88,2.89,0.93
2021-03-02,801010,17.88,3.91,1.08
2021-03-02,801170,25.75,1.51,1.41
2021-03-02,801110,27.51,4.05,1.97
2021-03-02,801180,8.8,1.17,3.4
2021-03-02,801880,32.33,2.36,1.07
2021-03-02,801790,16.11,1.8,1.73
2021-03-02,801780,7.84,0.77,3.62
2021-03-02,801760,36.87,2.52,0.76
2021-03-02,801770,35.56,2.25,0.48
2021-03-02,801730,49.79,4.44,0.36
2021-03-02,801890,32.35,2.86,0.68
2021-03-02,801710,15.72,2.33,1.86
2021-03-02,801750,67.06,4.04,0.35
2021-03-03,801160,18.82,1.42,1.81
2021-03-03,801150,45.25,4.73,0.51
2021-03-03,801120,52.44,10.54,0.81
2021-03-03,801010,18.39,3.98,1.06
2021-03-03,801080,51.12,4.37,0.4
2021-03-03,801050,56.51,3.21,0.39
2021-03-03,801040,17.56,1.19,1.77
2021-03-03,801030,35.39,2.93,0.92
2021-03-03,801170,26.12,1.54,1.39
2021-03-03,801110,27.44,4.04,1.97
2021-03-03,801180,8.89,1.18,3.37
2021-03-03,801710,15.89,2.35,1.84
2021-03-03,801890,32.71,2.89,0.67
2021-03-03,801880,32.6,2.38,1.07
2021-03-03,801790,16.55,1.85,1.68
2021-03-03,801770,35.75,2.26,0.48
2021-03-03,801780,8.21,0.81,3.46
2021-03-03,801750,67.59,4.07,0.34
2021-03-03,801730,49.54,4.42,0.37
2021-03-03,801760,37.26,2.54,0.75
2021-03-04,801160,18.88,1.42,1.87
2021-03-04,801150,43.75,4.57,0.53
2021-03-04,801120,49.79,10.01,0.85
2021-03-04,801170,25.85,1.52,1.4
2021-03-04,801080,49.77,4.26,0.41
2021-03-04,801050,54.68,3.11,0.41
2021-03-04,801040,17.89,1.21,1.74
2021-03-04,801030,34.12,2.83,0.95
2021-03-04,801010,18.01,3.9,1.08
2021-03-04,801110,26.58,3.91,2.03
2021-03-04,801180,8.77,1.16,3.41
2021-03-04,801890,31.81,2.81,0.69
2021-03-04,801880,31.61,2.31,1.1
2021-03-04,801790,16.31,1.82,1.71
2021-03-04,801780,8.14,0.8,3.49
2021-03-04,801770,35.21,2.23,0.48
2021-03-04,801760,36.71,2.5,0.76
2021-03-04,801730,46.53,4.15,0.39
2021-03-04,801710,15.6,2.31,1.87
2021-03-04,801750,66.03,3.97,0.35
2021-03-05,801160,18.84,1.42,1.88
2021-03-05,801150,43.94,4.59,0.53
2021-03-05,801120,50.23,10.1,0.85
2021-03-05,801050,53.24,3.02,0.42
2021-03-05,801080,50.29,4.3,0.41
2021-03-05,801040,16.92,1.15,1.82
2021-03-05,801030,33.91,2.81,0.96
2021-03-05,801010,17.79,3.85,1.09
2021-03-05,801170,25.81,1.52,1.4
2021-03-05,801110,26.53,3.9,2.04
2021-03-05,801180,8.64,1.15,3.47
2021-03-05,801880,31.87,2.32,1.09
2021-03-05,801790,16.34,1.83,1.7
2021-03-05,801780,8.06,0.79,3.52
2021-03-05,801770,35.19,2.22,0.48
2021-03-05,801760,37.21,2.54,0.75
2021-03-05,801890,31.94,2.82,0.69
2021-03-05,801730,46.73,4.17,0.39
2021-03-05,801710,15.33,2.27,1.91
2021-03-05,801750,66.74,4.02,0.35
2021-03-08,801150,41.98,4.39,0.55
2021-03-08,801120,46.7,9.52,0.89
2021-03-08,801110,25.71,3.78,2.11
2021-03-08,801040,16.77,1.14,1.83
2021-03-08,801050,51.84,2.94,0.44
2021-03-08,801030,33.4,2.78,0.97
2021-03-08,801010,17.3,3.73,1.13
2021-03-08,801160,19.04,1.43,1.86
2021-03-08,801080,48.6,4.2,0.42
2021-03-08,801170,25.27,1.48,1.43
2021-03-08,801180,8.54,1.13,3.5
2021-03-08,801890,31.06,2.74,0.7
2021-03-08,801880,30.56,2.23,1.13
2021-03-08,801790,16.17,1.81,1.72
2021-03-08,801780,7.93,0.78,3.58
2021-03-08,801770,34.89,2.2,0.48
2021-03-08,801760,36.47,2.49,0.76
2021-03-08,801750,65.04,3.91,0.36
2021-03-08,801730,44.22,3.94,0.41
2021-03-08,801710,15.0,2.22,1.95
2021-03-09,801160,18.59,1.4,1.9
2021-03-09,801150,40.72,4.25,0.57
2021-03-09,801120,45.68,9.31,0.92
2021-03-09,801050,50.96,2.89,0.46
2021-03-09,801080,46.53,4.02,0.44
2021-03-09,801040,17.14,1.16,1.81
2021-03-09,801030,32.31,2.69,1.0
2021-03-09,801010,16.81,3.63,1.16
2021-03-09,801170,25.35,1.49,1.43
2021-03-09,801110,25.31,3.72,2.14
2021-03-09,801890,29.98,2.65,0.73
2021-03-09,801880,29.71,2.17,1.19
2021-03-09,801790,15.85,1.77,1.75
2021-03-09,801780,7.77,0.76,3.65
2021-03-09,801180,8.43,1.12,3.55
2021-03-09,801760,35.96,2.46,0.78
2021-03-09,801770,34.05,2.15,0.5
2021-03-09,801730,42.89,3.83,0.42
2021-03-09,801710,14.62,2.17,2.0
2021-03-09,801750,63.36,3.81,0.37
2021-03-10,801160,18.48,1.39,1.91
2021-03-10,801150,41.2,4.3,0.56
2021-03-10,801120,46.82,9.55,0.9
2021-03-10,801170,25.19,1.48,1.44
2021-03-10,801080,46.31,4.0,0.44
2021-03-10,801050,50.55,2.88,0.46
2021-03-10,801040,16.79,1.14,1.84
2021-03-10,801030,32.38,2.69,1.0
2021-03-10,801010,16.74,3.61,1.17
2021-03-10,801110,25.64,3.77,2.11
2021-03-10,801180,8.34,1.11,3.59
2021-03-10,801890,29.91,2.64,0.73
2021-03-10,801880,30.07,2.19,1.18
2021-03-10,801790,15.71,1.76,1.77
2021-03-10,801780,7.74,0.76,3.67
2021-03-10,801770,33.5,2.11,0.5
2021-03-10,801760,35.66,2.42,0.79
2021-03-10,801730,43.63,3.89,0.41
2021-03-10,801710,14.68,2.17,1.98
2021-03-10,801750,62.42,3.76,0.37
2021-03-11,801150,42.96,4.58,0.62
2021-03-11,801120,48.72,9.78,0.99
2021-03-11,801110,26.0,3.8,2.12
2021-03-11,801040,17.66,1.2,1.8
2021-03-11,801050,55.61,3.17,0.47
2021-03-11,801030,33.91,2.81,1.04
2021-03-11,801010,17.09,3.65,1.17
2021-03-11,801160,19.28,1.47,1.93
2021-03-11,801080,47.1,4.3,0.47
2021-03-11,801170,26.39,1.55,1.47
2021-03-11,801180,8.46,1.12,3.54
2021-03-11,801890,31.24,2.81,0.81
2021-03-11,801880,30.78,2.28,1.26
2021-03-11,801790,16.1,1.8,1.73
2021-03-11,801780,8.0,0.78,3.56
2021-03-11,801760,36.36,2.55,0.83
2021-03-11,801750,63.43,3.85,0.39
2021-03-11,801770,35.65,2.23,0.53
2021-03-11,801730,44.73,4.07,0.44
2021-03-11,801710,15.34,2.25,1.93
2021-03-12,801160,20.1,1.54,1.85
2021-03-12,801150,42.91,4.58,0.62
2021-03-12,801120,48.48,9.73,0.99
2021-03-12,801170,26.57,1.56,1.46
2021-03-12,801080,46.61,4.25,0.47
2021-03-12,801050,54.86,3.13,0.48
2021-03-12,801040,17.77,1.21,1.78
2021-03-12,801030,34.29,2.84,1.03
2021-03-12,801010,17.1,3.65,1.17
2021-03-12,801110,26.03,3.8,2.12
2021-03-12,801180,8.55,1.14,3.49
2021-03-12,801890,31.32,2.82,0.8
2021-03-12,801880,30.85,2.28,1.26
2021-03-12,801790,16.06,1.79,1.74
2021-03-12,801780,8.09,0.79,3.52
2021-03-12,801760,36.16,2.54,0.84
2021-03-12,801770,35.38,2.21,0.53
2021-03-12,801730,45.63,4.15,0.43
2021-03-12,801710,15.59,2.28,1.9
2021-03-12,801750,62.62,3.8,0.4
2021-03-15,801160,20.05,1.53,1.86
2021-03-15,801150,41.53,4.44,0.64
2021-03-15,801120,46.75,9.38,1.03
2021-03-15,801170,26.88,1.58,1.44
2021-03-15,801080,44.88,4.14,0.49
2021-03-15,801050,55.19,3.15,0.47
2021-03-15,801040,18.03,1.23,1.76
2021-03-15,801030,33.92,2.81,1.04
2021-03-15,801010,16.7,3.56,1.19
2021-03-15,801110,25.3,3.7,2.18
2021-03-15,801180,8.54,1.14,3.5
2021-03-15,801880,30.41,2.25,1.28
2021-03-15,801790,15.84,1.76,1.76
2021-03-15,801780,8.15,0.8,3.49
2021-03-15,801770,34.53,2.16,0.54
2021-03-15,801760,35.61,2.5,0.85
2021-03-15,801890,30.86,2.78,0.82
2021-03-15,801730,43.59,3.96,0.45
2021-03-15,801710,15.47,2.27,1.92
2021-03-15,801750,61.58,3.74,0.4
2021-03-16,801150,41.16,4.48,0.63
2021-03-16,801120,47.84,9.6,1.01
2021-03-16,801110,25.67,3.75,2.15
2021-03-16,801040,17.76,1.21,1.78
2021-03-16,801050,54.26,3.09,0.48
2021-03-16,801030,33.49,2.82,1.03
2021-03-16,801010,16.71,3.56,1.19
2021-03-16,801160,20.47,1.56,1.82
2021-03-16,801080,44.62,4.11,0.49
2021-03-16,801170,27.19,1.6,1.42
2021-03-16,801180,8.79,1.17,3.4
2021-03-16,801890,30.88,2.79,0.81
2021-03-16,801880,30.66,2.27,1.27
2021-03-16,801790,15.93,1.77,1.75
2021-03-16,801780,8.25,0.81,3.45
2021-03-16,801760,35.98,2.53,0.84
2021-03-16,801750,61.92,3.77,0.4
2021-03-16,801770,34.93,2.19,0.54
2021-03-16,801730,44.23,4.02,0.44
2021-03-16,801710,15.63,2.27,1.91
2021-03-17,801160,20.01,1.53,1.87
2021-03-17,801150,41.48,4.51,0.63
2021-03-17,801120,48.38,9.71,1.0
2021-03-17,801170,27.26,1.61,1.42
2021-03-17,801080,45.54,4.19,0.48
2021-03-17,801050,54.7,3.11,0.48
2021-03-17,801040,17.41,1.19,1.81
2021-03-17,801030,33.81,2.85,1.02
2021-03-17,801010,17.21,3.67,1.16
2021-03-17,801110,26.27,3.83,2.1
2021-03-17,801180,8.77,1.17,3.41
2021-03-17,801880,30.8,2.28,1.26
2021-03-17,801790,15.73,1.75,1.77
2021-03-17,801780,8.12,0.8,3.5
2021-03-17,801770,34.52,2.2,0.53
2021-03-17,801760,36.2,2.54,0.84
2021-03-17,801890,31.25,2.83,0.8
2021-03-17,801730,44.65,4.06,0.44
2021-03-17,801710,15.55,2.28,1.9
2021-03-17,801750,62.48,3.8,0.39
2021-03-18,801160,20.13,1.54,1.85
2021-03-18,801150,42.37,4.62,0.61
2021-03-18,801120,49.43,9.92,0.97
2021-03-18,801050,54.62,3.11,0.48
2021-03-18,801080,45.4,4.18,0.48
2021-03-18,801040,17.65,1.21,1.79
2021-03-18,801030,34.24,2.89,1.0
2021-03-18,801010,17.16,3.66,1.16
2021-03-18,801170,27.13,1.6,1.42
2021-03-18,801110,26.64,3.89,2.07
2021-03-18,801180,8.77,1.17,3.41
2021-03-18,801880,30.87,2.28,1.26
2021-03-18,801790,15.63,1.74,1.78
2021-03-18,801780,8.15,0.8,3.49
2021-03-18,801770,34.28,2.19,0.54
2021-03-18,801760,36.18,2.54,0.83
2021-03-18,801890,31.47,2.85,0.8
2021-03-18,801730,45.27,4.12,0.43
2021-03-18,801710,15.62,2.29,1.89
2021-03-18,801750,62.14,3.79,0.4
2021-03-19,801150,41.85,4.55,0.62
2021-03-19,801120,48.12,9.66,1.0
2021-03-19,801110,26.01,3.79,2.12
2021-03-19,801040,17.59,1.2,1.79
2021-03-19,801050,53.54,3.05,0.49
2021-03-19,801030,33.18,2.81,1.03
2021-03-19,801010,16.8,3.58,1.19
2021-03-19,801160,20.3,1.55,1.84
2021-03-19,801080,44.6,4.11,0.49
2021-03-19,801170,26.63,1.57,1.45
2021-03-19,801180,8.57,1.14,3.49
2021-03-19,801880,30.29,2.24,1.28
2021-03-19,801790,15.36,1.71,1.81
2021-03-19,801780,7.9,0.78,3.6
2021-03-19,801770,33.93,2.17,0.54
2021-03-19,801760,35.58,2.5,0.85
2021-03-19,801750,61.71,3.75,0.4
2021-03-19,801890,31.13,2.82,0.8
2021-03-19,801730,43.92,3.99,0.45
2021-03-19,801710,15.34,2.25,1.93
2021-03-22,801160,21.29,1.63,1.75
2021-03-22,801150,42.19,4.59,0.62
2021-03-22,801120,48.06,9.64,1.0
2021-03-22,801050,52.51,3.05,0.48
2021-03-22,801080,45.24,4.16,0.48
2021-03-22,801040,17.65,1.21,1.78
2021-03-22,801030,32.96,2.81,1.03
2021-03-22,801010,17.02,3.63,1.13
2021-03-22,801170,26.98,1.59,1.43
2021-03-22,801110,26.01,3.8,2.12
2021-03-22,801180,8.66,1.15,3.45
2021-03-22,801880,30.74,2.27,1.27
2021-03-22,801790,15.52,1.73,1.79
2021-03-22,801780,8.02,0.79,3.52
2021-03-22,801770,34.16,2.18,0.53
2021-03-22,801760,36.05,2.54,0.84
2021-03-22,801890,31.77,2.87,0.79
2021-03-22,801730,44.63,4.06,0.44
2021-03-22,801710,15.39,2.25,1.91
2021-03-22,801750,63.23,3.85,0.39
2021-03-23,801160,20.79,1.59,1.79
2021-03-23,801150,41.81,4.56,0.62
2021-03-23,801120,48.22,9.68,1.0
2021-03-23,801050,50.12,2.92,0.51
2021-03-23,801080,44.85,4.13,0.49
2021-03-23,801040,16.95,1.16,1.85
2021-03-23,801030,31.82,2.71,1.06
2021-03-23,801010,16.89,3.6,1.14
2021-03-23,801170,26.65,1.57,1.45
2021-03-23,801110,25.78,3.76,2.14
2021-03-23,801180,8.62,1.14,3.48
2021-03-23,801880,30.1,2.22,1.29
2021-03-23,801790,15.59,1.74,1.79
2021-03-23,801780,7.98,0.79,3.54
2021-03-23,801760,35.89,2.52,0.84
2021-03-23,801770,34.14,2.18,0.54
2021-03-23,801730,43.47,3.95,0.45
2021-03-23,801890,31.32,2.83,0.8
2021-03-23,801710,15.36,2.25,1.92
2021-03-23,801750,63.06,3.85,0.39
2021-03-24,801160,21.08,1.61,1.77
2021-03-24,801150,41.56,4.53,0.62
2021-03-24,801120,48.05,9.64,1.0
2021-03-24,801010,16.6,3.56,1.15
2021-03-24,801080,43.78,4.05,0.5
2021-03-24,801050,47.78,2.8,0.53
2021-03-24,801040,16.23,1.11,1.94
2021-03-24,801030,30.76,2.62,1.1
2021-03-24,801170,25.97,1.53,1.49
2021-03-24,801110,25.68,3.75,2.14
2021-03-24,801180,8.47,1.12,3.53
2021-03-24,801710,14.97,2.19,1.97
2021-03-24,801890,30.63,2.77,0.82
2021-03-24,801880,29.33,2.16,1.33
2021-03-24,801790,15.57,1.73,1.79
2021-03-24,801770,33.5,2.14,0.55
2021-03-24,801780,7.86,0.77,3.6
2021-03-24,801750,62.64,3.82,0.39
2021-03-24,801730,42.33,3.85,0.47
2021-03-24,801760,35.98,2.53,0.84
2021-03-25,801160,20.49,1.56,1.82
2021-03-25,801150,42.05,4.58,0.62
2021-03-25,801120,47.77,9.58,1.01
2021-03-25,801170,25.88,1.53,1.48
2021-03-25,801080,43.74,4.04,0.5
2021-03-25,801050,47.94,2.81,0.53
2021-03-25,801040,16.17,1.11,1.94
2021-03-25,801030,31.01,2.66,1.08
2021-03-25,801010,16.53,3.54,1.15
2021-03-25,801110,25.51,3.73,2.16
2021-03-25,801180,8.44,1.11,3.55
2021-03-25,801890,30.64,2.77,0.82
2021-03-25,801880,28.92,2.15,1.33
2021-03-25,801790,15.47,1.72,1.8
2021-03-25,801780,7.79,0.77,3.63
2021-03-25,801770,33.54,2.14,0.54
2021-03-25,801760,35.97,2.53,0.84
2021-03-25,801730,42.28,3.85,0.47
2021-03-25,801710,14.97,2.19,1.97
2021-03-25,801750,63.66,3.88,0.39
2021-03-26,801160,20.72,1.59,1.79
2021-03-26,801150,42.96,4.7,0.6
2021-03-26,801120,49.15,9.86,0.98
2021-03-26,801050,49.64,2.89,0.51
2021-03-26,801080,44.89,4.15,0.48
2021-03-26,801040,16.29,1.13,1.9
2021-03-26,801030,31.44,2.69,1.06
2021-03-26,801010,16.52,3.54,1.15
2021-03-26,801170,26.84,1.56,1.46
2021-03-26,801110,25.86,3.78,2.13
2021-03-26,801180,8.5,1.12,3.53
2021-03-26,801880,29.68,2.2,1.3
2021-03-26,801790,15.54,1.73,1.78
2021-03-26,801780,7.81,0.77,3.65
2021-03-26,801770,34.06,2.17,0.54
2021-03-26,801760,36.25,2.55,0.83
2021-03-26,801890,31.44,2.84,0.8
2021-03-26,801730,44.04,4.02,0.45
2021-03-26,801710,15.34,2.23,1.92
2021-03-26,801750,64.79,3.94,0.38
2021-03-29,801150,42.74,4.68,0.6
2021-03-29,801120,49.81,10.0,0.97
2021-03-29,801110,25.84,3.78,2.12
2021-03-29,801040,16.24,1.14,1.88
2021-03-29,801050,49.52,2.89,0.51
2021-03-29,801030,31.98,2.71,1.05
2021-03-29,801010,16.48,3.53,1.15
2021-03-29,801160,20.98,1.61,1.77
2021-03-29,801080,44.33,4.12,0.48
2021-03-29,801170,26.99,1.56,1.46
2021-03-29,801180,8.53,1.12,3.51
2021-03-29,801890,31.71,2.86,0.79
2021-03-29,801880,29.41,2.18,1.31
2021-03-29,801790,15.47,1.72,1.79
2021-03-29,801780,7.68,0.76,3.64
2021-03-29,801770,34.03,2.17,0.54
2021-03-29,801760,35.65,2.51,0.84
2021-03-29,801750,63.9,3.9,0.38
2021-03-29,801730,43.51,3.98,0.45
2021-03-29,801710,15.52,2.25,1.89
2021-03-30,801160,20.89,1.6,1.78
2021-03-30,801150,43.05,4.75,0.59
2021-03-30,801120,50.05,10.06,0.96
2021-03-30,801050,48.92,2.9,0.51
2021-03-30,801080,44.17,4.12,0.48
2021-03-30,801040,16.4,1.15,1.86
2021-03-30,801030,31.78,2.72,1.05
2021-03-30,801010,16.64,3.55,1.14
2021-03-30,801170,26.98,1.56,1.45
2021-03-30,801110,25.9,3.79,2.12
2021-03-30,801890,31.37,2.86,0.79
2021-03-30,801880,29.32,2.21,1.3
2021-03-30,801790,15.45,1.72,1.79
2021-03-30,801780,7.73,0.77,3.61
2021-03-30,801180,8.5,1.12,3.51
2021-03-30,801760,35.37,2.48,0.85
2021-03-30,801770,33.75,2.15,0.54
2021-03-30,801730,44.64,4.06,0.44
2021-03-30,801710,15.52,2.25,1.88
2021-03-30,801750,63.4,3.87,0.39
2021-03-31,801160,21.19,1.62,1.75
2021-03-31,801150,42.11,4.7,0.6
2021-03-31,801120,48.56,9.73,0.97
2021-03-31,801170,27.06,1.57,1.45
2021-03-31,801080,43.81,4.12,0.49
2021-03-31,801050,46.64,2.82,0.52
2021-03-31,801040,15.98,1.14,1.88
2021-03-31,801030,31.3,2.69,1.06
2021-03-31,801010,16.69,3.52,1.15
2021-03-31,801110,25.44,3.71,2.1
2021-03-31,801180,8.38,1.09,3.54
2021-03-31,801890,29.74,2.81,0.8
2021-03-31,801880,28.74,2.17,1.31
2021-03-31,801790,15.27,1.69,1.81
2021-03-31,801780,7.78,0.76,3.61
2021-03-31,801770,33.44,2.15,0.54
2021-03-31,801760,34.9,2.47,0.85
2021-03-31,801730,43.66,4.05,0.44
2021-03-31,801710,15.38,2.24,1.89
2021-03-31,801750,62.09,3.88,0.4
2021-04-01,801150,42.92,4.8,0.58
2021-04-01,801120,49.44,9.91,0.96
2021-04-01,801110,25.96,3.79,2.06
2021-04-01,801040,16.54,1.18,2.0
2021-04-01,801050,47.03,2.84,0.51
2021-04-01,801030,31.82,2.73,1.05
2021-04-01,801010,16.79,3.54,1.15
2021-04-01,801160,21.16,1.62,1.76
2021-04-01,801080,44.57,4.19,0.48
2021-04-01,801170,27.12,1.57,1.44
2021-04-01,801180,8.39,1.09,3.54
2021-04-01,801890,29.8,2.82,0.78
2021-04-01,801880,29.05,2.2,1.29
2021-04-01,801790,15.39,1.71,1.8
2021-04-01,801780,7.75,0.75,3.62
2021-04-01,801760,35.06,2.48,0.85
2021-04-01,801750,62.42,3.9,0.4
2021-04-01,801770,33.63,2.17,0.54
2021-04-01,801730,44.25,4.1,0.44
2021-04-01,801710,15.09,2.23,1.83
2021-04-02,801160,20.83,1.59,1.79
2021-04-02,801150,43.09,4.82,0.58
2021-04-02,801120,51.44,10.31,0.92
2021-04-02,801170,27.15,1.57,1.44
2021-04-02,801080,45.77,4.3,0.47
2021-04-02,801050,47.33,2.86,0.51
2021-04-02,801040,16.25,1.16,2.04
2021-04-02,801030,32.03,2.75,1.04
2021-04-02,801010,16.97,3.59,1.13
2021-04-02,801110,26.19,3.82,2.04
2021-04-02,801180,8.4,1.09,3.52
2021-04-02,801890,29.78,2.82,0.78
2021-04-02,801880,29.35,2.22,1.28
2021-04-02,801790,15.38,1.7,1.8
2021-04-02,801780,7.67,0.75,3.66
2021-04-02,801760,35.28,2.5,0.84
2021-04-02,801770,33.92,2.19,0.53
2021-04-02,801730,44.44,4.12,0.44
2021-04-02,801710,15.09,2.24,1.83
2021-04-02,801750,62.99,3.92,0.4
2021-04-06,801160,21.04,1.6,1.78
2021-04-06,801150,42.76,4.78,0.59
2021-04-06,801120,50.96,10.22,0.93
2021-04-06,801010,16.88,3.57,1.14
2021-04-06,801180,8.37,1.09,3.53
2021-04-06,801050,47.29,2.87,0.51
2021-04-06,801040,16.46,1.17,2.01
2021-04-06,801030,32.15,2.76,1.03
2021-04-06,801110,25.74,3.76,2.07
2021-04-06,801080,45.88,4.3,0.47
2021-04-06,801890,30.03,2.84,0.78
2021-04-06,801880,29.75,2.25,1.26
2021-04-06,801790,15.32,1.7,1.8
2021-04-06,801780,7.69,0.75,3.65
2021-04-06,801770,34.1,2.2,0.53
2021-04-06,801170,27.18,1.57,1.44
2021-04-06,801750,63.73,3.97,0.38
2021-04-06,801730,44.83,4.16,0.43
2021-04-06,801710,15.18,2.25,1.82
2021-04-06,801760,35.54,2.52,0.84
2021-04-07,801160,21.28,1.62,1.76
2021-04-07,801120,49.41,9.9,0.96
2021-04-07,801110,25.63,3.74,2.08
2021-04-07,801040,17.18,1.23,1.93
2021-04-07,801050,47.84,2.9,0.5
2021-04-07,801170,27.5,1.6,1.42
2021-04-07,801030,32.24,2.77,1.03
2021-04-07,801010,16.84,3.56,1.14
2021-04-07,801080,45.94,4.31,0.47
2021-04-07,801180,8.46,1.1,3.49
2021-04-07,801150,42.56,4.76,0.59
2021-04-07,801890,30.13,2.85,0.78
2021-04-07,801790,15.23,1.69,1.81
2021-04-07,801780,7.66,0.75,3.66
2021-04-07,801770,34.2,2.21,0.53
2021-04-07,801760,35.72,2.53,0.83
2021-04-07,801880,29.36,2.23,1.27
2021-04-07,801730,44.12,4.09,0.44
2021-04-07,801710,15.27,2.26,1.8
2021-04-07,801750,63.2,3.93,0.38
2021-04-08,801160,20.77,1.58,1.8
2021-04-08,801120,50.11,10.04,0.96
2021-04-08,801110,25.64,3.75,2.08
2021-04-08,801040,17.37,1.24,1.91
2021-04-08,801050,48.37,2.94,0.5
2021-04-08,801030,32.31,2.78,1.03
2021-04-08,801010,16.71,3.54,1.15
2021-04-08,801170,27.14,1.58,1.44
2021-04-08,801080,45.87,4.3,0.47
2021-04-08,801180,8.34,1.08,3.54
2021-04-08,801150,43.11,4.83,0.58
2021-04-08,801880,29.3,2.22,1.28
2021-04-08,801790,15.29,1.7,1.8
2021-04-08,801780,7.65,0.74,3.67
2021-04-08,801770,33.93,2.19,0.53
2021-04-08,801760,35.59,2.52,0.83
2021-04-08,801750,63.0,3.92,0.38
2021-04-08,801730,43.56,4.02,0.44
2021-04-08,801890,29.88,2.83,0.78
2021-04-08,801710,15.34,2.27,1.8
2021-04-09,801170,26.83,1.56,1.45
2021-04-09,801160,20.69,1.58,1.8
2021-04-09,801150,42.6,4.78,0.59
2021-04-09,801080,45.17,4.26,0.47
2021-04-09,801110,25.31,3.7,2.11
2021-04-09,801050,47.57,2.93,0.5
2021-04-09,801040,17.56,1.25,1.88
2021-04-09,801030,31.81,2.75,1.04
2021-04-09,801180,8.32,1.08,3.55
2021-04-09,801120,48.95,9.8,0.98
2021-04-09,801010,16.58,3.51,1.16
2021-04-09,801890,29.52,2.8,0.79
2021-04-09,801880,29.06,2.2,1.29
2021-04-09,801790,15.07,1.68,1.83
2021-04-09,801770,33.68,2.17,0.54
2021-04-09,801780,7.61,0.74,3.69
2021-04-09,801750,62.48,3.89,0.38
2021-04-09,801730,42.61,3.93,0.45
2021-04-09,801710,15.21,2.25,1.81
2021-04-09,801760,35.65,2.52,0.83
2021-04-12,801120,48.56,9.72,0.99
2021-04-12,801160,20.89,1.6,1.78
2021-04-12,801110,24.84,3.63,2.15
2021-04-12,801170,26.33,1.53,1.48
2021-04-12,801050,45.72,2.81,0.52
2021-04-12,801040,17.68,1.27,1.86
2021-04-12,801030,30.68,2.65,1.07
2021-04-12,801010,16.43,3.47,1.17
2021-04-12,801080,44.08,4.15,0.49
2021-04-12,801180,8.34,1.08,3.55
2021-04-12,801150,41.65,4.66,0.6
2021-04-12,801880,28.48,2.16,1.31
2021-04-12,801790,14.86,1.65,1.85
2021-04-12,801780,7.58,0.74,3.7
2021-04-12,801770,33.23,2.14,0.54
2021-04-12,801760,35.12,2.48,0.85
2021-04-12,801750,60.38,3.77,0.39
2021-04-12,801730,41.67,3.84,0.46
2021-04-12,801890,28.68,2.73,0.81
2021-04-12,801710,14.86,2.21,1.85
2021-04-13,801160,20.45,1.57,1.82
2021-04-13,801120,48.95,9.8,0.98
2021-04-13,801050,45.32,2.79,0.52
2021-04-13,801080,43.18,4.18,0.48
2021-04-13,801170,25.98,1.51,1.5
2021-04-13,801040,17.15,1.24,1.91
2021-04-13,801030,30.4,2.63,1.07
2021-04-13,801010,16.57,3.5,1.15
2021-04-13,801110,24.58,3.59,2.17
2021-04-13,801180,8.29,1.07,3.58
2021-04-13,801150,41.66,4.68,0.6
2021-04-13,801890,28.52,2.71,0.81
2021-04-13,801880,28.54,2.17,1.31
2021-04-13,801790,14.78,1.65,1.86
2021-04-13,801780,7.55,0.74,3.71
2021-04-13,801770,33.05,2.13,0.54
2021-04-13,801760,34.93,2.46,0.85
2021-04-13,801730,41.79,3.81,0.46
2021-04-13,801710,14.8,2.2,1.85
2021-04-13,801750,59.9,3.79,0.39
2021-04-14,801170,26.1,1.52,1.49
2021-04-14,801160,20.4,1.57,1.83
2021-04-14,801150,41.88,4.71,0.6
2021-04-14,801080,43.79,4.24,0.48
2021-04-14,801110,24.96,3.65,2.14
2021-04-14,801050,46.46,2.86,0.51
2021-04-14,801040,17.5,1.26,1.87
2021-04-14,801030,30.86,2.67,1.06
2021-04-14,801180,8.35,1.08,3.55
2021-04-14,801120,49.52,9.9,0.97
2021-04-14,801010,16.41,3.46,1.17
2021-04-14,801890,28.9,2.75,0.8
2021-04-14,801880,29.09,2.21,1.28
2021-04-14,801790,14.93,1.66,1.84
2021-04-14,801780,7.46,0.73,3.76
2021-04-14,801770,33.32,2.15,0.54
2021-04-14,801750,60.62,3.83,0.38
2021-04-14,801730,42.97,3.92,0.45
2021-04-14,801710,14.99,2.23,1.83
2021-04-14,801760,35.53,2.51,0.84
2021-04-15,801160,20.0,1.53,1.88
2021-04-15,801150,41.73,4.69,0.6
2021-04-15,801120,48.88,9.77,0.97
2021-04-15,801050,47.62,2.9,0.5
2021-04-15,801080,43.21,4.22,0.48
2021-04-15,801040,17.28,1.25,1.89
2021-04-15,801030,30.7,2.68,1.05
2021-04-15,801170,25.98,1.51,1.5
2021-04-15,801110,25.01,3.65,2.13
2021-04-15,801010,16.37,3.45,1.17
2021-04-15,801180,8.3,1.08,3.56
2021-04-15,801890,28.81,2.75,0.8
2021-04-15,801880,28.77,2.2,1.29
2021-04-15,801790,14.76,1.64,1.87
2021-04-15,801770,32.82,2.14,0.54
2021-04-15,801760,35.09,2.48,0.85
2021-04-15,801780,7.4,0.72,3.79
2021-04-15,801730,42.39,3.91,0.45
2021-04-15,801710,14.87,2.21,1.84
2021-04-15,801750,60.35,3.81,0.38
2021-04-16,801160,20.21,1.55,1.87
2021-04-16,801150,41.69,4.68,0.6
2021-04-16,801120,49.62,9.91,0.96
2021-04-16,801170,26.34,1.53,1.48
2021-04-16,801080,43.05,4.23,0.48
2021-04-16,801050,47.4,2.85,0.5
2021-04-16,801040,17.39,1.26,1.88
2021-04-16,801030,30.52,2.67,1.05
2021-04-16,801010,16.3,3.43,1.18
2021-04-16,801110,25.05,3.66,2.13
2021-04-16,801180,8.43,1.1,3.5
2021-04-16,801780,7.42,0.72,3.78
2021-04-16,801880,29.34,2.24,1.26
2021-04-16,801790,14.85,1.65,1.86
2021-04-16,801890,29.05,2.77,0.79
2021-04-16,801770,33.35,2.17,0.53
2021-04-16,801760,35.56,2.53,0.83
2021-04-16,801730,42.29,3.9,0.45
2021-04-16,801710,14.87,2.19,1.82
2021-04-16,801750,60.64,3.86,0.39
2021-04-19,801160,20.29,1.55,1.86
2021-04-19,801150,42.57,4.78,0.59
2021-04-19,801120,50.32,10.05,0.94
2021-04-19,801050,49.18,2.95,0.49
2021-04-19,801080,44.43,4.36,0.46
2021-04-19,801040,17.31,1.25,1.88
2021-04-19,801030,31.24,2.73,1.03
2021-04-19,801010,16.75,3.52,1.14
2021-04-19,801170,26.57,1.55,1.47
2021-04-19,801110,25.43,3.72,2.1
2021-04-19,801180,8.35,1.09,3.5
2021-04-19,801880,30.88,2.36,1.2
2021-04-19,801790,15.11,1.68,1.82
2021-04-19,801780,7.54,0.73,3.72
2021-04-19,801770,34.48,2.2,0.52
2021-04-19,801760,35.84,2.57,0.82
2021-04-19,801890,29.64,2.82,0.77
2021-04-19,801730,44.31,4.07,0.43
2021-04-19,801710,15.03,2.22,1.8
2021-04-19,801750,61.83,3.95,0.38
2021-04-20,801150,42.48,4.78,0.61
2021-04-20,801120,50.6,10.12,0.93
2021-04-20,801110,25.26,3.69,2.11
2021-04-20,801040,17.4,1.26,1.87
2021-04-20,801050,48.82,2.93,0.49
2021-04-20,801030,31.49,2.73,1.02
2021-04-20,801010,17.25,3.56,1.13
2021-04-20,801160,19.87,1.56,1.85
2021-04-20,801080,44.01,4.31,0.46
2021-04-20,801170,26.08,1.54,1.52
2021-04-20,801180,8.27,1.07,3.53
2021-04-20,801890,29.17,2.81,0.78
2021-04-20,801880,30.52,2.32,1.21
2021-04-20,801790,14.99,1.67,1.84
2021-04-20,801780,7.56,0.74,3.71
2021-04-20,801770,34.13,2.18,0.53
2021-04-20,801760,36.19,2.58,0.82
2021-04-20,801750,60.81,3.9,0.38
2021-04-20,801730,46.65,4.05,0.43
2021-04-20,801710,14.99,2.2,1.81
2021-04-21,801160,19.62,1.54,1.88
2021-04-21,801150,43.2,4.87,0.6
2021-04-21,801120,50.88,10.18,0.92
2021-04-21,801050,48.36,2.9,0.5
2021-04-21,801080,43.73,4.31,0.47
2021-04-21,801040,16.96,1.22,1.92
2021-04-21,801030,31.48,2.72,1.02
2021-04-21,801010,17.05,3.54,1.13
2021-04-21,801170,25.98,1.53,1.53
2021-04-21,801110,25.1,3.66,2.12
2021-04-21,801890,29.12,2.8,0.78
2021-04-21,801880,30.0,2.28,1.23
2021-04-21,801790,14.94,1.66,1.84
2021-04-21,801780,7.69,0.75,3.65
2021-04-21,801180,8.29,1.07,3.52
2021-04-21,801760,35.97,2.57,0.83
2021-04-21,801770,33.69,2.15,0.54
2021-04-21,801730,45.94,3.96,0.44
2021-04-21,801710,15.01,2.21,1.8
2021-04-21,801750,60.21,3.88,0.39
2021-04-22,801160,19.51,1.53,1.89
2021-04-22,801150,43.22,4.87,0.6
2021-04-22,801120,50.77,10.13,0.92
2021-04-22,801170,25.89,1.53,1.53
2021-04-22,801080,44.38,4.36,0.46
2021-04-22,801050,48.27,2.91,0.49
2021-04-22,801040,17.31,1.25,1.88
2021-04-22,801030,31.61,2.71,1.02
2021-04-22,801010,19.93,3.53,1.15
2021-04-22,801110,25.08,3.66,2.12
2021-04-22,801180,8.31,1.08,3.51
2021-04-22,801890,29.13,2.8,0.78
2021-04-22,801880,29.75,2.28,1.24
2021-04-22,801790,14.88,1.65,2.44
2021-04-22,801780,7.62,0.74,3.68
2021-04-22,801770,34.1,2.17,0.53
2021-04-22,801760,36.04,2.59,0.82
2021-04-22,801730,46.01,3.98,0.44
2021-04-22,801710,15.07,2.22,1.79
2021-04-22,801750,59.56,3.87,0.39
2021-04-23,801150,43.77,4.92,0.59
2021-04-23,801120,51.62,10.29,0.92
2021-04-23,801110,25.57,3.74,2.08
2021-04-23,801040,17.88,1.27,1.82
2021-04-23,801050,48.27,2.92,0.48
2021-04-23,801030,31.74,2.72,1.01
2021-04-23,801010,19.91,3.53,1.15
2021-04-23,801160,19.33,1.52,1.9
2021-04-23,801080,44.43,4.33,0.46
2021-04-23,801170,25.85,1.53,1.53
2021-04-23,801180,8.18,1.06,3.57
2021-04-23,801890,29.21,2.8,0.78
2021-04-23,801880,29.6,2.27,1.25
2021-04-23,801790,14.87,1.65,2.44
2021-04-23,801780,7.66,0.75,3.66
2021-04-23,801760,34.05,2.55,0.83
2021-04-23,801750,58.79,3.82,0.4
2021-04-23,801770,33.53,2.13,0.54
2021-04-23,801730,46.6,4.02,0.43
2021-04-23,801710,15.04,2.22,1.79
2021-04-26,801160,19.1,1.5,1.93
2021-04-26,801150,43.77,4.89,0.58
2021-04-26,801120,50.81,10.06,0.93
2021-04-26,801170,25.75,1.52,1.51
2021-04-26,801080,44.39,4.31,0.46
2021-04-26,801050,48.37,2.93,0.48
2021-04-26,801040,17.49,1.25,1.85
2021-04-26,801030,31.4,2.71,1.11
2021-04-26,801010,19.54,3.46,1.16
2021-04-26,801110,24.89,3.64,2.13
2021-04-26,801180,8.1,1.05,3.6
2021-04-26,801890,28.71,2.76,0.79
2021-04-26,801880,29.42,2.25,1.25
2021-04-26,801790,14.57,1.61,2.49
2021-04-26,801780,7.56,0.73,3.7
2021-04-26,801760,33.5,2.55,0.83
2021-04-26,801770,33.33,2.12,0.54
2021-04-26,801730,45.45,3.92,0.44
2021-04-26,801710,14.98,2.21,1.79
2021-04-26,801750,57.68,3.78,0.4
2021-04-27,801120,51.2,10.13,0.92
2021-04-27,801160,18.81,1.47,1.96
2021-04-27,801110,24.81,3.64,2.14
2021-04-27,801170,25.47,1.51,1.52
2021-04-27,801050,48.17,2.92,0.48
2021-04-27,801040,16.94,1.22,1.86
2021-04-27,801030,30.4,2.67,1.12
2021-04-27,801010,19.53,3.43,1.17
2021-04-27,801080,44.17,4.26,0.46
2021-04-27,801180,8.04,1.04,3.59
2021-04-27,801150,44.47,4.97,0.57
2021-04-27,801790,14.49,1.61,2.49
2021-04-27,801780,7.55,0.73,3.7
2021-04-27,801770,33.44,2.1,0.54
2021-04-27,801760,33.72,2.53,0.84
2021-04-27,801750,56.8,3.76,0.4
2021-04-27,801880,29.03,2.21,1.27
2021-04-27,801730,45.67,3.91,0.45
2021-04-27,801890,28.33,2.73,0.79
2021-04-27,801710,14.86,2.19,1.8
2021-04-28,801160,19.03,1.48,1.94
2021-04-28,801150,44.79,5.03,0.56
2021-04-28,801120,50.78,9.71,0.92
2021-04-28,801050,48.58,2.89,0.48
2021-04-28,801080,44.15,4.23,0.46
2021-04-28,801040,17.11,1.23,1.85
2021-04-28,801030,30.58,2.68,1.11
2021-04-28,801170,25.48,1.51,1.5
2021-04-28,801110,25.07,3.65,2.11
2021-04-28,801180,8.08,1.05,3.59
2021-04-28,801010,19.83,3.45,1.15
2021-04-28,801890,28.57,2.74,0.79
2021-04-28,801880,29.25,2.22,1.26
2021-04-28,801790,14.51,1.6,2.49
2021-04-28,801780,7.53,0.73,3.71
2021-04-28,801770,34.09,2.1,0.55
2021-04-28,801760,32.98,2.56,0.83
2021-04-28,801730,45.89,4.0,0.44
2021-04-28,801710,14.86,2.17,1.85
2021-04-28,801750,56.67,3.74,0.4
2021-04-29,801170,21.81,1.51,1.5
2021-04-29,801160,18.8,1.47,1.95
2021-04-29,801150,44.5,4.96,0.56
2021-04-29,801080,44.81,4.26,0.46
2021-04-29,801110,23.0,3.72,2.08
2021-04-29,801050,49.53,2.92,0.47
2021-04-29,801040,16.85,1.21,1.86
2021-04-29,801030,30.32,2.64,1.11
2021-04-29,801180,8.12,1.05,3.56
2021-04-29,801120,51.23,9.52,0.91
2021-04-29,801010,20.41,3.49,1.14
2021-04-29,801890,28.46,2.73,0.79
2021-04-29,801880,29.03,2.17,1.26
2021-04-29,801790,14.79,1.62,2.44
2021-04-29,801770,34.19,2.06,0.55
2021-04-29,801780,7.67,0.74,3.64
2021-04-29,801750,56.4,3.77,0.41
2021-04-29,801730,44.64,3.98,0.46
2021-04-29,801710,14.93,2.17,1.84
2021-04-29,801760,32.79,2.63,0.83
2021-04-30,801160,18.38,1.43,1.97
2021-04-30,801150,45.14,5.01,0.55
2021-04-30,801120,50.52,9.39,0.93
2021-04-30,801170,22.0,1.53,1.51
2021-04-30,801080,44.73,4.2,0.47
2021-04-30,801050,40.91,2.93,0.5
2021-04-30,801040,16.36,1.18,1.88
2021-04-30,801030,30.2,2.63,1.17
2021-04-30,801110,21.86,3.58,2.12
2021-04-30,801180,8.27,1.04,3.61
2021-04-30,801010,20.43,3.35,1.15
2021-04-30,801890,27.95,2.65,0.79
2021-04-30,801880,29.6,2.13,1.27
2021-04-30,801790,14.63,1.6,2.46
2021-04-30,801780,7.51,0.71,3.7
2021-04-30,801770,36.19,2.02,0.56
2021-04-30,801760,30.72,2.62,0.84
2021-04-30,801730,45.26,4.03,0.45
2021-04-30,801710,14.75,2.14,1.81
2021-04-30,801750,55.34,3.69,0.42
2021-05-06,801160,17.01,1.45,1.95
2021-05-06,801120,45.35,9.15,0.95
2021-05-06,801050,33.38,3.01,0.49
2021-05-06,801080,36.9,4.14,0.44
2021-05-06,801170,18.77,1.52,1.5
2021-05-06,801040,13.03,1.25,1.69
2021-05-06,801030,22.92,2.66,1.15
2021-05-06,801010,20.2,3.28,1.18
2021-05-06,801110,19.52,3.53,2.15
2021-05-06,801180,8.26,1.04,3.62
2021-05-06,801150,38.7,4.85,0.57
2021-05-06,801890,24.11,2.66,0.78
2021-05-06,801880,23.8,2.12,1.27
2021-05-06,801790,13.88,1.58,2.49
2021-05-06,801780,7.44,0.72,3.66
2021-05-06,801770,32.06,2.02,0.56
2021-05-06,801760,28.96,2.59,0.85
2021-05-06,801730,38.7,4.02,0.45
2021-05-06,801710,13.73,2.14,1.8
2021-05-06,801750,49.15,3.67,0.42
2021-05-07,801170,18.74,1.52,1.51
2021-05-07,801160,17.07,1.45,1.94
2021-05-07,801150,37.59,4.7,0.59
2021-05-07,801080,35.5,3.98,0.46
2021-05-07,801110,19.05,3.44,2.21
2021-05-07,801050,34.08,3.07,0.48
2021-05-07,801040,13.28,1.28,1.65
2021-05-07,801030,22.99,2.66,1.15
2021-05-07,801180,8.22,1.03,3.64
2021-05-07,801120,44.43,8.96,0.97
2021-05-07,801010,20.25,3.29,1.17
2021-05-07,801890,23.79,2.62,0.8
2021-05-07,801880,23.36,2.07,1.3
2021-05-07,801790,13.71,1.56,2.52
2021-05-07,801780,7.52,0.73,3.62
2021-05-07,801770,31.91,2.01,0.56
2021-05-07,801750,48.6,3.63,0.42
2021-05-07,801730,37.61,3.9,0.46
2021-05-07,801710,13.76,2.15,1.8
2021-05-07,801760,28.85,2.58,0.85
2021-05-10,801170,18.75,1.52,1.51
2021-05-10,801160,17.18,1.46,1.93
2021-05-10,801150,38.09,4.77,0.58
2021-05-10,801080,35.31,3.96,0.46
2021-05-10,801110,19.32,3.49,2.18
2021-05-10,801050,35.75,3.22,0.46
2021-05-10,801040,13.88,1.34,1.69
2021-05-10,801030,22.95,2.66,1.15
2021-05-10,801180,8.13,1.02,3.67
2021-05-10,801120,43.73,8.82,0.95
2021-05-10,801010,19.8,3.2,1.22
2021-05-10,801890,23.57,2.6,0.81
2021-05-10,801880,23.62,2.1,1.28
2021-05-10,801790,13.66,1.55,1.97
2021-05-10,801770,31.77,2.01,0.61
2021-05-10,801780,7.47,0.72,3.65
2021-05-10,801750,48.71,3.64,0.42
2021-05-10,801730,37.75,3.92,0.46
2021-05-10,801710,13.74,2.15,1.8
2021-05-10,801760,28.69,2.57,0.86
2021-05-11,801160,17.33,1.47,1.91
2021-05-11,801150,38.9,4.87,0.56
2021-05-11,801120,45.34,9.15,0.93
2021-05-11,801170,18.77,1.52,1.51
2021-05-11,801080,35.44,3.98,0.46
2021-05-11,801050,34.3,3.09,0.48
2021-05-11,801040,13.38,1.29,1.75
2021-05-11,801030,22.56,2.61,1.18
2021-05-11,801110,19.36,3.5,2.17
2021-05-11,801180,8.23,1.03,3.63
2021-05-11,801010,19.97,3.23,1.21
2021-05-11,801890,23.46,2.59,0.81
2021-05-11,801880,23.57,2.09,1.28
2021-05-11,801790,13.79,1.57,1.96
2021-05-11,801780,7.49,0.72,3.64
2021-05-11,801770,32.0,2.02,0.6
2021-05-11,801760,28.71,2.57,0.86
2021-05-11,801730,37.44,3.89,0.46
2021-05-11,801710,13.61,2.13,1.83
2021-05-11,801750,49.45,3.68,0.42
2021-05-12,801160,17.24,1.47,1.92
2021-05-12,801120,45.9,9.27,0.92
2021-05-12,801110,19.2,3.47,2.23
2021-05-12,801040,13.54,1.3,1.73
2021-05-12,801050,34.58,3.11,0.47
2021-05-12,801170,18.79,1.53,1.5
2021-05-12,801030,22.86,2.65,1.22
2021-05-12,801010,20.33,3.29,1.19
2021-05-12,801080,35.6,3.99,0.47
2021-05-12,801180,8.19,1.03,3.65
2021-05-12,801150,39.82,4.99,0.55
2021-05-12,801890,23.49,2.59,0.81
2021-05-12,801790,13.76,1.57,1.97
2021-05-12,801780,7.52,0.73,3.62
2021-05-12,801770,32.28,2.04,0.6
2021-05-12,801760,29.18,2.61,0.8
2021-05-12,801880,24.18,2.15,1.26
2021-05-12,801730,37.48,3.89,0.46
2021-05-12,801710,13.63,2.13,1.83
2021-05-12,801750,49.91,3.72,0.42
2021-05-13,801160,17.11,1.45,1.94
2021-05-13,801120,45.93,9.27,0.91
2021-05-13,801050,33.06,2.98,0.49
2021-05-13,801080,35.23,3.95,0.48
2021-05-13,801040,12.75,1.23,2.03
2021-05-13,801030,22.53,2.61,1.23
2021-05-13,801010,19.99,3.23,1.21
2021-05-13,801170,18.73,1.52,1.51
2021-05-13,801110,18.72,3.38,2.29
2021-05-13,801180,8.21,1.03,3.64
2021-05-13,801150,40.18,5.03,0.55
2021-05-13,801890,23.32,2.57,0.82
2021-05-13,801880,23.6,2.09,1.29
2021-05-13,801790,13.66,1.55,1.97
2021-05-13,801780,7.49,0.72,3.66
2021-05-13,801770,32.23,2.04,0.6
2021-05-13,801760,29.01,2.59,0.81
2021-05-13,801730,36.84,3.82,0.46
2021-05-13,801710,13.4,2.09,1.86
2021-05-13,801750,49.54,3.69,0.42
2021-05-14,801160,17.34,1.47,1.91
2021-05-14,801120,46.89,9.47,0.9
2021-05-14,801050,33.2,2.99,0.5
2021-05-14,801080,35.89,4.03,0.48
2021-05-14,801170,18.87,1.53,1.52
2021-05-14,801040,12.73,1.23,1.81
2021-05-14,801030,22.74,2.64,1.23
2021-05-14,801010,20.28,3.28,1.21
2021-05-14,801110,18.95,3.42,2.25
2021-05-14,801180,8.3,1.04,3.6
2021-05-14,801150,40.83,5.11,0.55
2021-05-14,801890,23.81,2.62,0.8
2021-05-14,801880,24.11,2.14,1.27
2021-05-14,801790,14.49,1.65,1.86
2021-05-14,801780,7.59,0.73,3.67
2021-05-14,801770,32.72,2.07,0.59
2021-05-14,801760,29.44,2.62,0.8
2021-05-14,801730,37.67,3.91,0.45
2021-05-14,801710,13.59,2.12,1.83
2021-05-14,801750,50.49,3.76,0.41
2021-05-17,801170,19.02,1.55,1.51
2021-05-17,801160,17.29,1.47,1.91
2021-05-17,801150,41.56,5.22,0.52
2021-05-17,801080,36.18,4.06,0.46
2021-05-17,801110,19.25,3.48,2.22
2021-05-17,801050,33.93,3.05,0.48
2021-05-17,801040,12.66,1.22,1.82
2021-05-17,801030,23.06,2.67,1.12
2021-05-17,801180,8.27,1.04,3.61
2021-05-17,801120,47.32,9.55,0.92
2021-05-17,801010,20.47,3.31,1.18
2021-05-17,801890,23.83,2.63,0.79
2021-05-17,801880,24.57,2.18,1.24
2021-05-17,801790,14.29,1.62,1.88
2021-05-17,801780,7.61,0.73,3.66
2021-05-17,801770,32.69,2.07,0.59
2021-05-17,801750,50.75,3.78,0.46
2021-05-17,801730,38.71,4.02,0.44
2021-05-17,801710,13.73,2.14,1.81
2021-05-17,801760,29.54,2.63,0.8
2021-05-18,801160,17.38,1.48,1.9
2021-05-18,801120,47.98,9.69,0.9
2021-05-18,801050,34.31,3.09,0.47
2021-05-18,801080,36.1,4.05,0.47
2021-05-18,801170,19.23,1.56,1.56
2021-05-18,801040,12.81,1.23,1.85
2021-05-18,801030,23.2,2.69,1.13
2021-05-18,801010,20.44,3.3,1.18
2021-05-18,801110,19.2,3.47,2.24
2021-05-18,801150,41.11,5.16,0.53
2021-05-18,801180,8.35,1.05,3.57
2021-05-18,801890,23.89,2.63,0.8
2021-05-18,801880,24.5,2.17,1.25
2021-05-18,801790,14.36,1.63,1.87
2021-05-18,801770,32.91,2.08,0.59
2021-05-18,801760,29.78,2.65,0.79
2021-05-18,801780,7.6,0.73,3.66
2021-05-18,801730,38.5,3.99,0.44
2021-05-18,801710,13.63,2.13,1.83
2021-05-18,801750,51.08,3.8,0.46
2021-05-19,801170,19.1,1.55,1.57
2021-05-19,801160,17.51,1.49,1.9
2021-05-19,801150,41.0,5.14,0.57
2021-05-19,801180,8.28,1.04,3.57
2021-05-19,801110,19.04,3.44,2.25
2021-05-19,801080,36.51,4.1,0.51
2021-05-19,801050,34.37,3.09,0.48
2021-05-19,801040,12.57,1.21,1.76
2021-05-19,801030,23.28,2.7,1.12
2021-05-19,801120,47.79,9.65,0.91
2021-05-19,801010,20.26,3.27,1.19
2021-05-19,801890,23.86,2.63,0.8
2021-05-19,801880,25.01,2.22,1.25
2021-05-19,801790,14.29,1.62,1.88
2021-05-19,801780,7.49,0.72,3.72
2021-05-19,801770,32.78,2.07,0.59
2021-05-19,801750,50.83,3.78,0.47
2021-05-19,801730,39.02,4.05,0.43
2021-05-19,801710,13.76,2.15,1.71
2021-05-19,801760,29.7,2.65,0.78
2021-05-20,801170,19.05,1.54,1.57
2021-05-20,801160,17.42,1.48,1.9
2021-05-20,801150,41.08,5.15,0.56
2021-05-20,801080,36.55,4.1,0.51
2021-05-20,801110,19.51,3.52,2.2
2021-05-20,801050,33.26,2.99,0.5
2021-05-20,801040,12.05,1.16,1.83
2021-05-20,801030,23.02,2.67,1.16
2021-05-20,801180,8.25,1.04,3.61
2021-05-20,801120,48.42,9.77,0.9
2021-05-20,801010,20.34,3.29,1.26
2021-05-20,801890,23.88,2.63,0.83
2021-05-20,801880,24.8,2.2,1.26
2021-05-20,801790,14.47,1.64,1.89
2021-05-20,801770,32.77,2.07,0.59
2021-05-20,801780,7.56,0.73,3.68
2021-05-20,801750,50.93,3.79,0.44
2021-05-20,801730,39.09,4.05,0.43
2021-05-20,801710,13.68,2.14,1.73
2021-05-20,801760,29.69,2.65,0.78
2021-05-21,801170,19.06,1.54,1.58
2021-05-21,801160,17.63,1.5,1.88
2021-05-21,801150,40.59,5.09,0.57
2021-05-21,801180,8.21,1.03,3.6
2021-05-21,801110,19.54,3.53,2.18
2021-05-21,801050,33.54,3.02,0.5
2021-05-21,801040,12.31,1.19,1.81
2021-05-21,801030,22.74,2.63,1.23
2021-05-21,801120,48.02,9.69,0.98
2021-05-21,801010,20.14,3.25,1.24
2021-05-21,801890,23.72,2.61,0.83
2021-05-21,801880,24.79,2.2,1.21
2021-05-21,801790,14.24,1.62,1.91
2021-05-21,801780,7.46,0.72,3.73
2021-05-21,801770,32.67,2.06,0.59
2021-05-21,801080,36.2,4.06,0.53
2021-05-21,801750,50.48,3.76,0.45
2021-05-21,801730,39.05,4.05,0.47
2021-05-21,801760,29.72,2.65,0.75
2021-05-21,801710,13.65,2.13,1.73
2021-05-24,801150,40.46,5.08,0.56
2021-05-24,801160,17.58,1.49,1.79
2021-05-24,801120,48.92,9.88,0.93
2021-05-24,801110,19.57,3.54,2.18
2021-05-24,801040,12.08,1.17,1.84
2021-05-24,801050,33.43,3.01,0.47
2021-05-24,801170,19.14,1.55,1.57
2021-05-24,801030,23.03,2.67,1.18
2021-05-24,801010,19.87,3.2,1.23
2021-05-24,801080,36.76,4.12,0.51
2021-05-24,801180,8.23,1.03,3.58
2021-05-24,801890,23.89,2.63,0.8
2021-05-24,801880,24.55,2.17,1.21
2021-05-24,801790,14.41,1.64,1.87
2021-05-24,801780,7.46,0.72,3.72
2021-05-24,801770,33.02,2.09,0.58
2021-05-24,801750,51.88,3.86,0.43
2021-05-24,801760,29.97,2.67,0.74
2021-05-24,801730,39.14,4.06,0.47
2021-05-24,801710,13.65,2.13,1.73
2021-05-25,801120,51.1,10.31,0.89
2021-05-25,801160,17.6,1.49,1.78
2021-05-25,801110,19.58,3.54,2.18
2021-05-25,801150,41.43,5.2,0.55
2021-05-25,801050,33.93,3.06,0.46
2021-05-25,801040,12.21,1.18,1.82
2021-05-25,801030,23.46,2.72,1.16
2021-05-25,801010,20.08,3.24,1.22
2021-05-25,801170,19.27,1.56,1.55
2021-05-25,801080,37.53,4.21,0.5
2021-05-25,801180,8.33,1.05,3.53
2021-05-25,801790,15.01,1.71,1.8
2021-05-25,801780,7.75,0.75,3.59
2021-05-25,801770,33.33,2.11,0.58
2021-05-25,801760,30.49,2.72,0.72
2021-05-25,801750,53.37,3.97,0.43
2021-05-25,801880,24.78,2.2,1.2
2021-05-25,801730,39.79,4.13,0.46
2021-05-25,801710,13.88,2.17,1.71
2021-05-25,801890,24.04,2.65,0.8
2021-05-26,801160,17.64,1.5,1.79
2021-05-26,801150,41.47,5.2,0.53
2021-05-26,801120,51.01,10.29,0.89
2021-05-26,801050,34.23,3.08,0.46
2021-05-26,801080,37.25,4.18,0.51
2021-05-26,801040,12.22,1.18,1.82
2021-05-26,801030,23.71,2.75,1.15
2021-05-26,801010,20.13,3.25,1.21
2021-05-26,801170,19.38,1.57,1.54
2021-05-26,801110,19.8,3.58,2.16
2021-05-26,801180,8.43,1.06,3.49
2021-05-26,801710,13.9,2.18,1.79
2021-05-26,801890,24.2,2.67,0.81
2021-05-26,801880,24.92,2.21,1.2
2021-05-26,801790,14.99,1.7,1.8
2021-05-26,801780,7.81,0.75,3.58
2021-05-26,801760,30.19,2.69,0.75
2021-05-26,801770,33.41,2.11,0.58
2021-05-26,801730,39.31,4.08,0.47
2021-05-26,801750,53.07,3.95,0.44
2021-05-27,801120,51.24,10.33,0.89
2021-05-27,801160,17.61,1.49,1.82
2021-05-27,801110,19.95,3.62,2.15
2021-05-27,801150,41.64,5.22,0.53
2021-05-27,801050,34.27,3.09,0.46
2021-05-27,801040,12.3,1.19,1.87
2021-05-27,801030,24.0,2.78,1.09
2021-05-27,801010,20.06,3.24,1.21
2021-05-27,801170,19.55,1.58,1.53
2021-05-27,801080,38.06,4.27,0.5
2021-05-27,801180,8.48,1.07,3.47
2021-05-27,801790,15.03,1.71,1.81
2021-05-27,801780,7.75,0.75,3.62
2021-05-27,801770,34.03,2.15,0.58
2021-05-27,801760,30.51,2.72,0.74
2021-05-27,801750,53.29,3.97,0.44
2021-05-27,801880,25.05,2.22,1.22
2021-05-27,801730,39.37,4.09,0.45
2021-05-27,801710,13.86,2.18,1.92
2021-05-27,801890,24.57,2.71,0.79
2021-05-28,801150,40.95,5.14,0.56
2021-05-28,801120,50.94,10.27,0.89
2021-05-28,801110,19.68,3.57,2.17
2021-05-28,801040,12.25,1.18,1.84
2021-05-28,801050,34.69,3.13,0.47
2021-05-28,801030,24.03,2.79,1.11
2021-05-28,801010,19.89,3.21,1.2
2021-05-28,801160,17.53,1.49,1.89
2021-05-28,801080,37.79,4.24,0.63
2021-05-28,801170,19.56,1.58,1.53
2021-05-28,801180,8.45,1.06,3.49
2021-05-28,801890,24.65,2.72,0.79
2021-05-28,801880,25.42,2.25,1.2
2021-05-28,801790,15.17,1.72,1.8
2021-05-28,801780,7.77,0.75,3.61
2021-05-28,801760,30.17,2.69,0.75
2021-05-28,801750,53.2,3.96,0.44
2021-05-28,801770,34.04,2.15,0.58
2021-05-28,801730,40.12,4.17,0.45
2021-05-28,801710,13.76,2.16,1.94
2021-05-31,801160,17.66,1.5,1.85
2021-05-31,801150,41.67,5.23,0.53
2021-05-31,801120,50.98,10.28,0.9
2021-05-31,801170,19.4,1.56,1.54
2021-05-31,801080,38.24,4.29,0.52
2021-05-31,801050,35.5,3.2,0.47
2021-05-31,801040,12.25,1.18,1.76
2021-05-31,801030,24.35,2.82,1.11
2021-05-31,801010,19.82,3.2,1.19
2021-05-31,801110,19.46,3.53,2.2
2021-05-31,801180,8.43,1.06,2.86
2021-05-31,801710,14.07,2.21,1.82
2021-05-31,801880,25.53,2.26,1.18
2021-05-31,801790,15.09,1.71,1.8
2021-05-31,801780,7.73,0.75,3.55
2021-05-31,801760,30.33,2.71,0.74
2021-05-31,801770,34.35,2.17,0.58
2021-05-31,801730,41.69,4.33,0.43
2021-05-31,801890,24.92,2.75,0.77
2021-05-31,801750,53.78,4.0,0.41
2021-06-01,801160,17.75,1.5,1.86
2021-06-01,801150,42.22,5.3,0.56
2021-06-01,801120,51.42,10.4,0.92
2021-06-01,801010,19.96,3.22,1.18
2021-06-01,801080,38.45,4.31,0.53
2021-06-01,801050,35.54,3.2,0.49
2021-06-01,801040,12.28,1.18,1.77
2021-06-01,801030,24.71,2.86,1.11
2021-06-01,801170,19.54,1.57,1.55
2021-06-01,801110,19.38,3.52,2.21
2021-06-01,801180,8.4,1.06,2.89
2021-06-01,801710,14.07,2.21,1.82
2021-06-01,801890,25.1,2.77,0.77
2021-06-01,801880,26.16,2.28,1.17
2021-06-01,801790,14.88,1.69,1.83
2021-06-01,801770,34.53,2.18,0.58
2021-06-01,801780,7.67,0.74,3.58
2021-06-01,801750,53.83,4.01,0.41
2021-06-01,801730,41.2,4.28,0.43
2021-06-01,801760,30.43,2.72,0.76
2021-06-02,801120,50.77,10.27,0.93
2021-06-02,801150,41.39,5.2,0.56
2021-06-02,801110,19.29,3.6,2.98
2021-06-02,801780,7.67,0.74,3.58
2021-06-02,801050,35.04,3.16,0.49
2021-06-02,801040,12.06,1.16,1.9
2021-06-02,801030,24.64,2.85,1.12
2021-06-02,801010,20.1,3.25,1.17
2021-06-02,801160,17.79,1.51,1.87
2021-06-02,801080,37.81,4.24,0.53
2021-06-02,801170,19.62,1.58,1.55
2021-06-02,801890,24.87,2.74,0.78
2021-06-02,801790,14.7,1.67,1.85
2021-06-02,801880,26.02,2.27,1.18
2021-06-02,801770,34.09,2.16,0.57
2021-06-02,801760,29.84,2.66,0.78
2021-06-02,801750,52.67,3.92,0.4
2021-06-02,801180,8.39,1.06,2.94
2021-06-02,801730,40.94,4.25,0.45
2021-06-02,801710,13.98,2.2,1.92
2021-06-03,801150,40.97,5.15,0.56
2021-06-03,801120,51.15,10.33,0.92
2021-06-03,801110,19.09,3.56,2.23
2021-06-03,801040,12.25,1.19,2.23
2021-06-03,801050,35.07,3.16,0.5
2021-06-03,801030,24.51,2.84,1.12
2021-06-03,801010,20.01,3.29,1.52
2021-06-03,801160,17.77,1.51,1.87
2021-06-03,801080,37.58,4.22,0.54
2021-06-03,801170,19.75,1.59,1.52
2021-06-03,801180,8.42,1.06,2.93
2021-06-03,801890,24.73,2.73,0.82
2021-06-03,801880,25.77,2.24,1.2
2021-06-03,801790,14.72,1.67,1.82
2021-06-03,801780,7.61,0.73,3.61
2021-06-03,801760,29.94,2.67,0.78
2021-06-03,801750,52.26,3.89,0.41
2021-06-03,801770,34.73,2.2,0.57
2021-06-03,801730,40.05,4.16,0.46
2021-06-03,801710,13.9,2.19,1.92
2021-06-04,801160,17.63,1.49,1.88
2021-06-04,801150,41.31,5.19,0.56
2021-06-04,801120,51.79,10.46,0.91
2021-06-04,801170,19.61,1.58,1.58
2021-06-04,801080,38.05,4.29,0.62
2021-06-04,801050,34.99,3.15,0.5
2021-06-04,801040,12.1,1.17,1.78
2021-06-04,801030,24.74,2.87,1.13
2021-06-04,801010,20.22,3.31,1.5
2021-06-04,801110,19.09,3.56,2.22
2021-06-04,801180,8.33,1.05,3.02
2021-06-04,801890,24.75,2.73,0.83
2021-06-04,801880,26.07,2.27,1.19
2021-06-04,801790,14.83,1.68,1.81
2021-06-04,801780,7.69,0.75,3.82
2021-06-04,801760,30.15,2.69,0.78
2021-06-04,801770,34.83,2.2,0.61
2021-06-04,801730,40.4,4.19,0.48
2021-06-04,801710,13.82,2.18,1.99
2021-06-04,801750,52.12,3.88,0.43
2021-06-07,801160,17.56,1.48,1.86
2021-06-07,801150,41.44,5.22,0.55
2021-06-07,801120,52.12,10.52,0.9
2021-06-07,801010,19.91,3.26,1.46
2021-06-07,801080,38.72,4.36,0.6
2021-06-07,801170,19.46,1.57,1.59
2021-06-07,801040,11.96,1.16,1.79
2021-06-07,801030,24.93,2.89,1.1
2021-06-07,801110,18.92,3.53,2.23
2021-06-07,801180,8.21,1.03,2.97
2021-06-07,801050,34.94,3.15,0.49
2021-06-07,801890,24.83,2.74,0.8
2021-06-07,801880,26.08,2.27,1.19
2021-06-07,801790,14.85,1.68,1.83
2021-06-07,801780,7.64,0.74,3.83
2021-06-07,801770,35.44,2.24,0.58
2021-06-07,801760,30.5,2.72,0.77
2021-06-07,801730,39.66,4.12,0.47
2021-06-07,801710,13.83,2.18,1.92
2021-06-07,801750,53.37,3.98,0.39
2021-06-08,801160,17.61,1.49,1.88
2021-06-08,801150,40.45,5.1,0.59
2021-06-08,801120,49.95,10.08,0.95
2021-06-08,801050,34.14,3.08,0.51
2021-06-08,801080,38.44,4.33,0.6
2021-06-08,801040,11.98,1.16,1.78
2021-06-08,801030,24.58,2.85,1.13
2021-06-08,801010,19.87,3.25,1.48
2021-06-08,801170,19.5,1.57,1.6
2021-06-08,801110,18.82,3.51,2.25
2021-06-08,801180,8.25,1.04,2.96
2021-06-08,801890,24.7,2.72,0.82
2021-06-08,801880,26.41,2.3,1.21
2021-06-08,801790,14.88,1.69,1.83
2021-06-08,801780,7.63,0.74,3.85
2021-06-08,801760,30.68,2.74,0.85
2021-06-08,801770,35.42,2.24,0.59
2021-06-08,801730,39.88,4.14,0.47
2021-06-08,801710,13.78,2.17,1.93
2021-06-08,801750,53.44,3.98,0.42
2021-06-09,801160,17.69,1.49,1.86
2021-06-09,801150,40.94,5.16,0.58
2021-06-09,801120,50.08,10.1,0.96
2021-06-09,801010,19.77,3.24,1.65
2021-06-09,801080,38.59,4.35,0.6
2021-06-09,801050,34.3,3.09,0.51
2021-06-09,801040,12.17,1.18,1.83
2021-06-09,801030,24.87,2.88,1.12
2021-06-09,801170,19.51,1.57,1.58
2021-06-09,801110,18.75,3.5,2.25
2021-06-09,801180,8.2,1.03,3.13
2021-06-09,801890,24.8,2.73,0.82
2021-06-09,801880,26.47,2.31,1.26
2021-06-09,801790,14.77,1.67,1.84
2021-06-09,801770,35.35,2.24,0.59
2021-06-09,801780,7.61,0.74,3.86
2021-06-09,801750,53.54,3.99,0.43
2021-06-09,801730,40.04,4.16,0.47
2021-06-09,801710,13.78,2.17,1.93
2021-06-09,801760,30.53,2.72,0.86
2021-06-10,801160,17.65,1.49,1.82
2021-06-10,801150,40.73,5.14,0.61
2021-06-10,801120,50.55,10.2,0.93
2021-06-10,801010,19.54,3.2,1.68
2021-06-10,801080,38.9,4.38,0.62
2021-06-10,801050,34.51,3.11,0.5
2021-06-10,801040,12.31,1.19,1.81
2021-06-10,801030,25.01,2.9,1.13
2021-06-10,801170,19.7,1.59,1.56
2021-06-10,801110,18.73,3.49,2.26
2021-06-10,801180,8.14,1.02,3.15
2021-06-10,801710,13.94,2.19,1.91
2021-06-10,801890,24.89,2.74,0.84
2021-06-10,801880,27.0,2.35,1.23
2021-06-10,801790,14.77,1.67,1.84
2021-06-10,801770,35.9,2.27,0.59
2021-06-10,801780,7.58,0.74,3.85
2021-06-10,801750,55.92,4.17,0.41
2021-06-10,801730,41.58,4.32,0.44
2021-06-10,801760,30.7,2.74,0.92
2021-06-11,801160,17.81,1.5,1.79
2021-06-11,801150,40.92,5.16,0.61
2021-06-11,801120,49.47,9.97,0.94
2021-06-11,801010,19.3,3.16,1.7
2021-06-11,801050,34.52,3.11,0.51
2021-06-11,801040,12.42,1.2,1.79
2021-06-11,801030,24.92,2.89,1.06
2021-06-11,801170,19.76,1.59,1.52
2021-06-11,801110,18.49,3.45,2.29
2021-06-11,801180,8.09,1.02,3.17
2021-06-11,801080,38.46,4.33,0.65
2021-06-11,801890,24.71,2.72,0.86
2021-06-11,801880,27.31,2.38,1.24
2021-06-11,801790,14.57,1.65,1.85
2021-06-11,801780,7.52,0.73,3.86
2021-06-11,801770,35.18,2.23,0.61
2021-06-11,801760,30.38,2.71,0.92
2021-06-11,801730,42.25,4.39,0.42
2021-06-11,801710,13.78,2.17,2.03
2021-06-11,801750,55.77,4.16,0.41
2021-06-15,801160,17.53,1.48,1.82
2021-06-15,801150,40.27,5.08,0.6
2021-06-15,801120,49.43,9.97,0.93
2021-06-15,801050,33.35,3.01,0.51
2021-06-15,801080,38.82,4.37,0.63
2021-06-15,801040,12.13,1.18,1.56
2021-06-15,801030,24.69,2.86,1.04
2021-06-15,801010,19.0,3.11,1.14
2021-06-15,801170,19.63,1.58,1.45
2021-06-15,801110,18.36,3.42,1.75
2021-06-15,801180,7.93,1.0,3.2
2021-06-15,801880,27.52,2.39,1.21
2021-06-15,801790,14.27,1.62,1.74
2021-06-15,801780,7.4,0.72,3.93
2021-06-15,801770,35.28,2.23,0.6
2021-06-15,801760,30.04,2.68,0.91
2021-06-15,801890,24.61,2.71,0.88
2021-06-15,801730,41.84,4.35,0.42
2021-06-15,801710,13.63,2.15,2.04
2021-06-15,801750,55.31,4.13,0.4
2021-06-16,801160,17.33,1.46,1.83
2021-06-16,801150,39.17,4.94,0.63
2021-06-16,801120,48.86,9.85,0.94
2021-06-16,801050,32.05,2.89,0.53
2021-06-16,801080,37.85,4.26,0.65
2021-06-16,801040,11.89,1.15,1.59
2021-06-16,801030,24.01,2.78,1.07
2021-06-16,801010,18.78,3.08,1.13
2021-06-16,801170,19.32,1.56,1.48
2021-06-16,801110,18.47,3.44,1.74
2021-06-16,801180,7.95,1.0,3.12
2021-06-16,801880,26.23,2.28,1.29
2021-06-16,801790,14.2,1.61,1.75
2021-06-16,801780,7.45,0.72,3.91
2021-06-16,801770,35.15,2.23,0.6
2021-06-16,801760,29.59,2.64,0.93
2021-06-16,801890,24.12,2.66,1.16
2021-06-16,801730,40.06,4.16,0.44
2021-06-16,801710,13.39,2.11,2.02
2021-06-16,801750,54.63,4.07,0.41
2021-06-17,801150,39.39,4.97,0.63
2021-06-17,801120,49.32,9.94,0.93
2021-06-17,801110,18.25,3.4,1.78
2021-06-17,801040,11.74,1.14,1.68
2021-06-17,801050,32.23,2.9,0.53
2021-06-17,801030,24.1,2.79,1.15
2021-06-17,801010,18.61,3.05,1.16
2021-06-17,801160,17.33,1.46,1.8
2021-06-17,801080,39.41,4.44,0.63
2021-06-17,801170,19.57,1.58,1.46
2021-06-17,801180,7.97,1.0,3.13
2021-06-17,801890,24.27,2.67,1.17
2021-06-17,801880,26.68,2.32,1.28
2021-06-17,801790,14.17,1.6,1.76
2021-06-17,801780,7.4,0.72,4.12
2021-06-17,801760,29.37,2.62,0.92
2021-06-17,801750,55.64,4.14,0.41
2021-06-17,801770,35.53,2.25,0.59
2021-06-17,801730,40.93,4.25,0.44
2021-06-17,801710,13.21,2.08,3.1
2021-06-18,801160,17.84,1.51,1.87
2021-06-18,801150,39.78,5.02,0.6
2021-06-18,801120,48.45,9.77,0.95
2021-06-18,801170,19.74,1.6,1.5
2021-06-18,801080,39.93,4.5,0.61
2021-06-18,801050,32.81,2.96,0.55
2021-06-18,801040,11.67,1.13,2.52
2021-06-18,801030,24.19,2.8,1.17
2021-06-18,801010,18.54,3.04,1.16
2021-06-18,801110,18.23,3.4,1.79
2021-06-18,801180,7.93,1.0,3.27
2021-06-18,801880,27.66,2.4,1.24
2021-06-18,801790,14.14,1.6,1.78
2021-06-18,801780,7.32,0.71,4.29
2021-06-18,801770,36.01,2.28,0.58
2021-06-18,801760,29.55,2.64,0.93
2021-06-18,801890,24.49,2.7,1.2
2021-06-18,801730,42.32,4.4,0.45
2021-06-18,801710,13.12,2.07,3.23
2021-06-18,801750,55.48,4.14,0.42
2021-06-21,801160,18.03,1.53,1.77
2021-06-21,801150,40.23,5.08,0.59
2021-06-21,801120,48.33,9.74,0.94
2021-06-21,801050,32.73,2.95,0.54
2021-06-21,801080,40.31,4.54,0.6
2021-06-21,801040,12.0,1.16,2.45
2021-06-21,801030,24.27,2.81,1.09
2021-06-21,801010,18.24,2.99,1.11
2021-06-21,801170,19.8,1.6,1.46
2021-06-21,801110,17.86,3.33,1.82
2021-06-21,801180,7.9,0.99,3.15
2021-06-21,801880,27.83,2.42,1.23
2021-06-21,801790,14.14,1.6,1.77
2021-06-21,801780,7.23,0.7,4.19
2021-06-21,801770,35.87,2.27,0.58
2021-06-21,801760,29.66,2.65,0.81
2021-06-21,801890,24.87,2.74,1.14
2021-06-21,801730,43.14,4.49,0.44
2021-06-21,801710,12.97,2.04,2.4
2021-06-21,801750,56.3,4.2,0.39
2021-06-22,801150,40.95,5.17,0.58
2021-06-22,801120,48.53,9.78,0.93
2021-06-22,801110,17.79,3.32,1.83
2021-06-22,801040,11.93,1.16,2.47
2021-06-22,801050,32.99,2.97,0.64
2021-06-22,801030,24.53,2.84,1.09
2021-06-22,801010,18.52,3.03,1.11
2021-06-22,801160,18.3,1.55,1.75
2021-06-22,801080,40.4,4.55,0.61
2021-06-22,801170,19.85,1.61,1.46
2021-06-22,801180,7.87,0.99,3.19
2021-06-22,801890,25.28,2.78,1.14
2021-06-22,801880,28.17,2.45,1.25
2021-06-22,801790,14.18,1.61,1.76
2021-06-22,801780,7.34,0.71,4.13
2021-06-22,801770,35.59,2.26,0.59
2021-06-22,801760,29.6,2.64,0.82
2021-06-22,801750,55.86,4.16,0.39
2021-06-22,801730,43.14,4.49,0.44
2021-06-22,801710,13.07,2.06,2.38
2021-06-23,801160,18.54,1.57,1.72
2021-06-23,801150,40.9,5.16,0.6
2021-06-23,801120,47.47,9.56,0.83
2021-06-23,801050,33.61,3.03,0.63
2021-06-23,801080,41.57,4.69,0.59
2021-06-23,801040,12.09,1.17,2.45
2021-06-23,801030,24.76,2.87,1.08
2021-06-23,801010,18.77,3.07,1.09
2021-06-23,801170,19.89,1.61,1.46
2021-06-23,801110,18.25,3.4,1.77
2021-06-23,801890,25.29,2.78,1.16
2021-06-23,801880,28.67,2.49,1.21
2021-06-23,801790,14.29,1.62,1.74
2021-06-23,801780,7.31,0.71,4.14
2021-06-23,801180,7.93,0.99,3.18
2021-06-23,801760,29.77,2.66,0.76
2021-06-23,801770,35.92,2.28,0.59
2021-06-23,801730,42.04,4.37,0.52
2021-06-23,801710,13.16,2.08,2.38
2021-06-23,801750,55.94,4.17,0.39
2021-06-24,801160,18.47,1.57,1.72
2021-06-24,801150,40.31,5.09,0.62
2021-06-24,801120,47.66,9.6,0.85
2021-06-24,801170,19.95,1.61,1.48
2021-06-24,801080,41.62,4.69,0.59
2021-06-24,801050,33.42,3.01,0.65
2021-06-24,801040,12.15,1.18,2.44
2021-06-24,801030,24.68,2.86,1.08
2021-06-24,801010,18.55,3.04,1.11
2021-06-24,801110,18.24,3.4,1.74
2021-06-24,801180,7.88,0.99,3.19
2021-06-24,801730,44.61,4.64,0.49
2021-06-24,801890,25.07,2.76,1.18
2021-06-24,801880,28.6,2.48,1.18
2021-06-24,801790,14.33,1.62,1.74
2021-06-24,801780,7.33,0.71,4.37
2021-06-24,801770,35.53,2.25,0.59
2021-06-24,801750,54.77,4.08,0.4
2021-06-24,801710,13.22,2.08,2.37
2021-06-24,801760,29.31,2.62,0.77
2021-06-25,801160,18.39,1.56,1.75
2021-06-25,801150,41.08,5.19,0.62
2021-06-25,801120,48.43,9.76,0.81
2021-06-25,801050,34.16,3.08,0.63
2021-06-25,801080,41.88,4.72,0.58
2021-06-25,801040,12.43,1.21,2.38
2021-06-25,801030,25.24,2.93,1.05
2021-06-25,801010,18.81,3.08,1.1
2021-06-25,801170,20.13,1.63,1.49
2021-06-25,801110,18.36,3.42,1.73
2021-06-25,801180,7.93,0.99,3.18
2021-06-25,801880,28.52,2.48,1.13
2021-06-25,801790,14.7,1.67,1.71
2021-06-25,801780,7.44,0.72,4.1
2021-06-25,801770,35.24,2.23,0.51
2021-06-25,801760,29.31,2.62,0.8
2021-06-25,801890,25.27,2.79,1.15
2021-06-25,801730,45.1,4.69,0.47
2021-06-25,801710,13.29,2.1,2.35
2021-06-25,801750,54.59,4.07,0.4
2021-06-28,801150,41.81,5.28,0.62
2021-06-28,801120,48.86,9.84,0.8
2021-06-28,801110,18.5,3.45,1.72
2021-06-28,801040,12.27,1.19,2.57
2021-06-28,801050,34.02,3.07,0.63
2021-06-28,801030,25.39,2.94,1.04
2021-06-28,801010,19.55,3.19,1.08
2021-06-28,801160,18.45,1.56,1.74
2021-06-28,801080,42.32,4.77,0.58
2021-06-28,801170,19.91,1.61,1.52
2021-06-28,801180,7.82,0.98,3.27
2021-06-28,801890,25.29,2.79,1.15
2021-06-28,801880,28.85,2.5,1.12
2021-06-28,801790,14.51,1.64,1.73
2021-06-28,801780,7.3,0.71,4.21
2021-06-28,801770,35.64,2.26,0.51
2021-06-28,801760,29.44,2.63,0.87
2021-06-28,801750,55.07,4.1,0.4
2021-06-28,801730,45.9,4.78,0.46
2021-06-28,801710,13.29,2.1,2.34
2021-06-29,801160,18.19,1.54,1.77
2021-06-29,801150,41.51,5.24,0.62
2021-06-29,801120,48.03,9.67,0.82
2021-06-29,801050,33.56,3.03,0.66
2021-06-29,801080,41.74,4.7,0.59
2021-06-29,801040,12.11,1.17,2.6
2021-06-29,801030,25.39,2.94,1.05
2021-06-29,801010,19.25,3.14,1.13
2021-06-29,801170,19.65,1.59,1.54
2021-06-29,801110,18.14,3.39,1.76
2021-06-29,801890,25.21,2.78,1.16
2021-06-29,801880,28.35,2.46,1.14
2021-06-29,801790,14.29,1.62,1.76
2021-06-29,801780,7.21,0.7,4.75
2021-06-29,801180,7.77,0.97,3.29
2021-06-29,801760,29.27,2.61,0.87
2021-06-29,801770,34.92,2.21,0.52
2021-06-29,801730,46.56,4.85,0.45
2021-06-29,801710,13.17,2.08,2.39
2021-06-29,801750,54.83,4.08,0.4
2021-06-30,801160,18.11,1.54,1.79
2021-06-30,801150,41.66,5.26,0.6
2021-06-30,801120,48.16,9.7,0.82
2021-06-30,801170,19.76,1.6,1.48
2021-06-30,801080,42.79,4.82,0.58
2021-06-30,801050,33.97,3.07,0.66
2021-06-30,801040,12.16,1.18,2.69
2021-06-30,801030,25.61,2.97,1.05
2021-06-30,801010,19.18,3.13,1.13
2021-06-30,801110,18.26,3.41,1.75
2021-06-30,801180,7.76,0.97,3.25
2021-06-30,801890,25.48,2.81,1.15
2021-06-30,801880,28.38,2.46,1.14
2021-06-30,801790,14.35,1.63,1.89
2021-06-30,801780,7.28,0.71,4.71
2021-06-30,801770,35.37,2.24,0.65
2021-06-30,801750,55.75,4.15,0.4
2021-06-30,801730,47.61,4.96,0.45
2021-06-30,801710,13.13,2.07,2.41
2021-06-30,801760,29.25,2.61,0.88
2021-07-01,801150,42.23,5.34,0.59
2021-07-01,801120,48.8,9.83,0.81
2021-07-01,801110,18.42,3.43,1.73
2021-07-01,801040,12.16,1.18,2.66
2021-07-01,801050,33.43,3.02,0.65
2021-07-01,801030,25.14,2.91,1.06
2021-07-01,801010,18.98,3.1,1.07
2021-07-01,801160,17.94,1.52,1.8
2021-07-01,801080,41.97,4.73,0.58
2021-07-01,801170,19.56,1.58,1.5
2021-07-01,801180,7.93,0.99,3.18
2021-07-01,801770,34.65,2.2,0.65
2021-07-01,801710,13.19,2.08,2.4
2021-07-01,801730,46.74,4.86,0.45
2021-07-01,801750,54.72,4.08,0.4
2021-07-01,801760,28.99,2.59,0.9
2021-07-01,801890,25.11,2.77,1.19
2021-07-01,801780,7.41,0.72,4.37
2021-07-01,801790,14.11,1.6,1.91
2021-07-01,801880,27.68,2.4,1.07
2021-07-02,801150,40.68,5.15,0.61
2021-07-02,801170,19.51,1.58,1.55
2021-07-02,801160,17.74,1.51,1.83
2021-07-02,801010,18.85,3.08,1.08
2021-07-02,801110,18.03,3.36,1.77
2021-07-02,801080,41.24,4.65,0.57
2021-07-02,801050,33.85,3.06,0.63
2021-07-02,801040,12.07,1.17,2.68
2021-07-02,801030,24.88,2.88,1.07
2021-07-02,801120,47.02,9.47,0.84
2021-07-02,801180,7.78,0.97,3.25
2021-07-02,801890,24.82,2.74,1.19
2021-07-02,801880,27.52,2.39,1.1
2021-07-02,801790,13.68,1.55,1.97
2021-07-02,801770,34.2,2.17,0.66
2021-07-02,801780,7.23,0.7,4.49
2021-07-02,801750,53.94,4.02,0.41
2021-07-02,801730,46.05,4.79,0.46
2021-07-02,801710,12.93,2.04,2.43
2021-07-02,801760,28.69,2.56,0.91
2021-07-05,801160,17.78,1.51,1.75
2021-07-05,801150,40.36,5.11,0.61
2021-07-05,801120,46.08,9.28,0.85
2021-07-05,801010,18.85,3.08,1.08
2021-07-05,801080,42.37,4.77,0.57
2021-07-05,801050,35.42,3.2,0.58
2021-07-05,801040,12.09,1.17,2.68
2021-07-05,801030,25.37,2.94,1.03
2021-07-05,801170,19.57,1.59,1.21
2021-07-05,801110,17.63,3.29,1.81
2021-07-05,801180,7.73,0.97,3.23
2021-07-05,801710,13.01,2.05,2.43
2021-07-05,801730,46.61,4.84,0.46
2021-07-05,801750,54.7,4.07,0.41
2021-07-05,801760,28.4,2.54,0.92
2021-07-05,801770,34.64,2.2,0.64
2021-07-05,801780,7.23,0.7,4.47
2021-07-05,801790,13.67,1.55,1.97
2021-07-05,801880,27.95,2.43,1.08
2021-07-05,801890,25.0,2.76,1.16
2021-07-06,801890,24.99,2.76,1.16
2021-07-06,801880,28.21,2.45,1.07
2021-07-06,801790,13.82,1.57,1.97
2021-07-06,801780,7.28,0.71,4.83
2021-07-06,801760,28.39,2.54,1.09
2021-07-06,801770,34.74,2.21,0.64
2021-07-06,801010,18.96,3.1,1.07
2021-07-06,801030,25.75,2.98,1.04
2021-07-06,801040,12.01,1.17,2.7
2021-07-06,801050,35.69,3.22,0.59
2021-07-06,801110,17.65,3.29,1.81
2021-07-06,801120,46.43,9.35,0.85
2021-07-06,801150,39.07,4.94,0.63
2021-07-06,801080,42.15,4.74,0.57
2021-07-06,801170,19.62,1.59,1.21
2021-07-06,801180,7.86,0.98,3.18
2021-07-06,801710,13.08,2.06,2.45
2021-07-06,801730,46.18,4.8,0.47
2021-07-06,801750,54.8,4.08,0.4
2021-07-06,801160,17.18,1.49,1.79
2021-07-07,801160,17.23,1.49,1.82
2021-07-07,801150,39.86,5.04,0.64
2021-07-07,801120,46.76,9.41,0.84
2021-07-07,801010,18.8,3.07,1.08
2021-07-07,801050,36.65,3.31,0.57
2021-07-07,801040,12.4,1.2,2.63
2021-07-07,801030,26.18,3.03,1.07
2021-07-07,801170,19.81,1.61,1.31
2021-07-07,801110,17.93,3.34,1.79
2021-07-07,801180,7.8,0.98,3.22
2021-07-07,801080,42.81,4.82,0.55
2021-07-07,801880,28.74,2.49,1.04
2021-07-07,801790,13.8,1.56,2.02
2021-07-07,801780,7.26,0.71,4.86
2021-07-07,801770,34.81,2.21,0.63
2021-07-07,801890,25.34,2.8,1.25
2021-07-07,801760,28.51,2.55,1.09
2021-07-07,801730,48.44,5.04,0.46
2021-07-07,801710,13.24,2.09,2.42
2021-07-07,801750,54.92,4.09,0.4
2021-07-08,801170,19.47,1.58,1.64
2021-07-08,801160,17.23,1.49,1.79
2021-07-08,801150,39.07,4.94,0.66
2021-07-08,801080,43.71,4.91,0.55
2021-07-08,801110,17.74,3.31,1.82
2021-07-08,801050,36.6,3.3,0.57
2021-07-08,801040,12.21,1.18,2.84
2021-07-08,801030,26.07,3.02,1.07
2021-07-08,801180,7.75,0.97,3.2
2021-07-08,801120,45.75,9.21,0.86
2021-07-08,801010,18.6,3.04,1.23
2021-07-08,801890,25.32,2.8,1.25
2021-07-08,801880,28.52,2.47,1.05
2021-07-08,801790,13.66,1.55,2.07
2021-07-08,801770,34.58,2.2,0.64
2021-07-08,801780,7.05,0.69,5.01
2021-07-08,801750,55.3,4.12,0.42
2021-07-08,801730,49.26,5.12,0.46
2021-07-08,801710,12.91,2.04,2.47
2021-07-08,801760,27.52,2.5,1.0
2021-07-09,801160,17.36,1.5,1.8
2021-07-09,801150,39.04,4.94,0.66
2021-07-09,801120,44.92,9.04,1.08
2021-07-09,801170,19.04,1.65,1.49
2021-07-09,801050,38.59,3.48,0.66
2021-07-09,801040,12.56,1.22,2.76
2021-07-09,801030,26.65,3.09,1.03
2021-07-09,801010,18.58,3.03,1.26
2021-07-09,801110,17.69,3.3,1.84
2021-07-09,801180,7.74,0.97,3.53
2021-07-09,801080,43.33,4.86,0.56
2021-07-09,801880,28.97,2.51,1.03
2021-07-09,801790,13.64,1.55,2.09
2021-07-09,801780,6.98,0.68,5.08
2021-07-09,801770,34.61,2.2,0.66
2021-07-09,801890,25.56,2.82,1.25
2021-07-09,801760,27.56,2.5,1.02
2021-07-09,801730,49.28,5.12,0.46
2021-07-09,801710,12.88,2.03,2.34
2021-07-09,801750,54.81,4.08,0.44
2021-07-12,801160,17.33,1.5,1.74
2021-07-12,801120,45.22,9.1,1.05
2021-07-12,801050,39.7,3.58,0.64
2021-07-12,801080,43.99,4.94,0.54
2021-07-12,801170,19.1,1.65,1.41
2021-07-12,801040,12.68,1.23,2.73
2021-07-12,801030,27.41,3.17,0.97
2021-07-12,801010,18.67,3.05,1.26
2021-07-12,801110,17.84,3.33,1.8
2021-07-12,801180,7.68,0.96,2.89
2021-07-12,801150,39.92,5.05,0.66
2021-07-12,801890,25.86,2.85,1.22
2021-07-12,801880,29.58,2.57,1.0
2021-07-12,801790,13.77,1.56,2.06
2021-07-12,801780,6.96,0.68,4.09
2021-07-12,801770,36.19,2.3,0.63
2021-07-12,801760,27.8,2.53,0.99
2021-07-12,801730,50.29,5.23,0.42
2021-07-12,801710,12.99,2.05,2.24
2021-07-12,801750,57.14,4.25,0.4
2021-07-13,801170,19.24,1.66,1.4
2021-07-13,801160,17.73,1.53,1.7
2021-07-13,801150,40.08,5.07,0.66
2021-07-13,801080,43.01,4.83,0.55
2021-07-13,801110,18.23,3.4,1.79
2021-07-13,801050,39.64,3.58,0.64
2021-07-13,801040,12.86,1.25,2.69
2021-07-13,801030,27.56,3.19,0.97
2021-07-13,801180,7.71,0.96,3.09
2021-07-13,801120,46.2,9.3,1.03
2021-07-13,801010,18.78,3.07,1.25
2021-07-13,801890,26.15,2.89,1.21
2021-07-13,801880,29.51,2.56,1.01
2021-07-13,801790,13.74,1.56,2.06
2021-07-13,801780,6.94,0.68,4.9
2021-07-13,801770,36.59,2.32,0.63
2021-07-13,801750,57.55,4.28,0.4
2021-07-13,801730,50.16,5.21,0.42
2021-07-13,801710,13.31,2.1,2.21
2021-07-13,801760,28.25,2.57,0.97
2021-07-14,801170,18.58,1.6,1.47
2021-07-14,801160,17.61,1.52,1.77
2021-07-14,801150,40.48,5.12,0.64
2021-07-14,801080,42.7,4.79,0.56
2021-07-14,801110,18.08,3.37,1.81
2021-07-14,801050,38.33,3.46,0.71
2021-07-14,801040,12.64,1.23,2.74
2021-07-14,801030,27.22,3.15,0.99
2021-07-14,801180,7.59,0.95,3.05
2021-07-14,801120,46.25,9.31,1.03
2021-07-14,801010,18.54,3.03,1.26
2021-07-14,801890,25.73,2.84,1.25
2021-07-14,801880,28.47,2.47,1.04
2021-07-14,801790,13.5,1.53,2.09
2021-07-14,801770,36.51,2.32,0.62
2021-07-14,801780,6.83,0.66,4.51
2021-07-14,801750,56.7,4.22,0.4
2021-07-14,801730,49.26,5.12,0.43
2021-07-14,801710,13.18,2.08,2.23
2021-07-14,801760,27.98,2.54,0.97
2021-07-15,801160,17.47,1.51,1.83
2021-07-15,801150,40.6,5.12,0.65
2021-07-15,801120,47.16,9.49,1.01
2021-07-15,801170,18.88,1.63,1.49
2021-07-15,801050,39.46,3.56,0.71
2021-07-15,801040,13.25,1.29,2.63
2021-07-15,801030,27.63,3.2,0.98
2021-07-15,801010,18.44,3.01,1.27
2021-07-15,801110,17.94,3.35,1.82
2021-07-15,801180,7.6,0.95,3.04
2021-07-15,801080,42.61,4.78,0.56
2021-07-15,801880,28.06,2.44,1.1
2021-07-15,801790,13.78,1.56,2.11
2021-07-15,801780,7.0,0.68,4.25
2021-07-15,801770,36.23,2.3,0.62
2021-07-15,801890,25.88,2.86,1.24
2021-07-15,801760,27.83,2.53,0.98
2021-07-15,801730,50.7,5.27,0.42
2021-07-15,801710,13.24,2.09,2.22
2021-07-15,801750,56.37,4.2,0.41
2021-07-16,801160,17.32,1.5,2.48
2021-07-16,801120,46.34,9.33,1.04
2021-07-16,801110,17.77,3.31,1.84
2021-07-16,801040,13.34,1.29,2.59
2021-07-16,801050,39.54,3.57,0.71
2021-07-16,801170,18.84,1.63,1.54
2021-07-16,801030,27.51,3.18,0.99
2021-07-16,801010,18.1,2.96,1.3
2021-07-16,801080,42.45,4.76,0.59
2021-07-16,801180,7.6,0.95,3.18
2021-07-16,801150,40.07,5.07,0.66
2021-07-16,801890,25.47,2.81,1.26
2021-07-16,801790,13.74,1.56,2.12
2021-07-16,801780,6.96,0.68,3.62
2021-07-16,801770,36.08,2.29,0.63
2021-07-16,801760,27.77,2.52,0.97
2021-07-16,801880,27.86,2.42,1.17
2021-07-16,801730,49.21,5.12,0.42
2021-07-16,801710,13.12,2.07,2.23
2021-07-16,801750,55.22,4.11,0.44
2021-07-19,801160,17.15,1.48,1.95
2021-07-19,801120,46.6,9.38,1.04
2021-07-19,801050,39.37,3.55,0.61
2021-07-19,801080,42.45,4.76,0.58
2021-07-19,801040,13.13,1.27,2.6
2021-07-19,801030,27.12,3.14,0.99
2021-07-19,801010,17.94,2.93,1.3
2021-07-19,801170,18.9,1.63,1.48
2021-07-19,801110,17.92,3.34,1.67
2021-07-19,801180,7.5,0.94,3.04
2021-07-19,801150,40.79,5.16,0.66
2021-07-19,801890,25.51,2.81,1.25
2021-07-19,801880,27.79,2.41,1.06
2021-07-19,801790,13.68,1.55,2.02
2021-07-19,801780,6.95,0.68,3.63
2021-07-19,801770,37.01,2.35,0.53
2021-07-19,801760,27.5,2.5,0.98
2021-07-19,801730,48.94,5.09,0.43
2021-07-19,801710,13.0,2.05,2.22
2021-07-19,801750,56.31,4.19,0.42
2021-07-20,801160,17.06,1.47,1.99
2021-07-20,801120,46.71,9.4,1.03
2021-07-20,801050,39.53,3.57,0.61
2021-07-20,801080,43.09,4.83,0.58
2021-07-20,801170,18.77,1.62,1.5
2021-07-20,801040,12.96,1.26,2.64
2021-07-20,801030,27.13,3.14,1.0
2021-07-20,801010,17.93,2.93,1.31
2021-07-20,801110,17.81,3.32,1.68
2021-07-20,801180,7.44,0.93,3.16
2021-07-20,801150,40.97,5.18,0.66
2021-07-20,801890,25.78,2.84,1.25
2021-07-20,801880,28.01,2.43,1.05
2021-07-20,801790,13.58,1.54,2.06
2021-07-20,801780,6.86,0.67,3.68
2021-07-20,801770,36.86,2.34,0.53
2021-07-20,801760,27.46,2.49,0.99
2021-07-20,801730,49.45,5.14,0.42
2021-07-20,801710,13.0,2.05,2.22
2021-07-20,801750,55.68,4.14,0.43
2021-07-21,801170,18.64,1.61,1.52
2021-07-21,801160,17.11,1.48,2.01
2021-07-21,801150,41.38,5.23,0.62
2021-07-21,801080,43.94,4.93,0.57
2021-07-21,801110,17.65,3.29,1.7
2021-07-21,801050,41.22,3.72,0.59
2021-07-21,801040,13.27,1.29,2.58
2021-07-21,801030,27.77,3.21,0.97
2021-07-21,801180,7.41,0.93,3.18
2021-07-21,801120,46.54,9.37,1.04
2021-07-21,801010,17.84,2.92,1.28
2021-07-21,801890,26.2,2.89,1.23
2021-07-21,801880,28.7,2.49,1.03
2021-07-21,801790,13.69,1.55,2.04
2021-07-21,801780,6.8,0.66,4.09
2021-07-21,801770,36.97,2.35,0.52
2021-07-21,801750,56.64,4.21,0.41
2021-07-21,801730,51.66,5.36,0.41
2021-07-21,801710,13.22,2.09,2.18
2021-07-21,801760,27.56,2.5,0.98
2021-07-22,801160,17.19,1.48,2.0
2021-07-22,801120,45.9,9.24,1.05
2021-07-22,801050,42.28,3.81,0.57
2021-07-22,801080,44.49,4.99,0.56
2021-07-22,801170,18.69,1.61,1.51
2021-07-22,801040,13.98,1.36,2.45
2021-07-22,801030,28.27,3.27,0.95
2021-07-22,801010,17.77,2.9,1.28
2021-07-22,801110,17.64,3.29,1.7
2021-07-22,801180,7.47,0.93,3.15
2021-07-22,801150,40.05,5.09,0.64
2021-07-22,801880,28.92,2.51,1.02
2021-07-22,801790,13.92,1.58,2.0
2021-07-22,801780,6.84,0.67,4.12
2021-07-22,801770,36.84,2.34,0.54
2021-07-22,801760,27.59,2.5,0.96
2021-07-22,801890,26.62,2.94,1.2
2021-07-22,801750,56.88,4.23,0.41
2021-07-22,801730,52.11,5.41,0.4
2021-07-22,801710,13.3,2.1,2.17
2021-07-23,801170,18.29,1.58,1.53
2021-07-23,801010,17.38,2.84,1.31
2021-07-23,801030,27.96,3.23,0.96
2021-07-23,801040,14.23,1.38,2.4
2021-07-23,801080,43.96,4.93,0.57
2021-07-23,801110,17.3,3.23,1.73
2021-07-23,801120,44.77,9.01,1.08
2021-07-23,801150,38.92,4.95,0.66
2021-07-23,801160,16.99,1.47,2.1
2021-07-23,801050,42.51,3.83,0.55
2021-07-23,801180,7.43,0.93,3.25
2021-07-23,801890,26.43,2.92,1.07
2021-07-23,801880,29.23,2.54,1.01
2021-07-23,801790,13.92,1.58,2.05
2021-07-23,801780,6.81,0.66,4.13
2021-07-23,801770,36.34,2.31,0.55
2021-07-23,801760,26.93,2.45,0.99
2021-07-23,801730,51.96,5.39,0.41
2021-07-23,801710,13.14,2.07,2.19
2021-07-23,801750,55.45,4.12,0.42
2021-07-26,801170,17.96,1.55,1.56
2021-07-26,801160,16.87,1.46,2.05
2021-07-26,801150,37.15,4.72,0.69
2021-07-26,801080,43.75,4.91,0.57
2021-07-26,801110,16.86,3.14,1.79
2021-07-26,801050,43.07,3.89,0.55
2021-07-26,801040,13.97,1.36,2.44
2021-07-26,801030,27.65,3.2,0.96
2021-07-26,801180,7.11,0.89,3.1
2021-07-26,801120,42.23,8.51,1.14
2021-07-26,801010,17.14,2.8,1.44
2021-07-26,801890,26.03,2.87,1.08
2021-07-26,801880,28.4,2.47,0.96
2021-07-26,801790,13.4,1.51,2.12
2021-07-26,801770,35.49,2.26,0.55
2021-07-26,801780,6.59,0.64,4.0
2021-07-26,801750,54.17,4.03,0.42
2021-07-26,801730,51.47,5.34,0.41
2021-07-26,801710,12.81,2.02,2.25
2021-07-26,801760,25.9,2.35,1.01
2021-07-27,801160,16.59,1.43,2.09
2021-07-27,801150,35.99,4.57,0.72
2021-07-27,801120,40.29,8.12,1.2
2021-07-27,801170,17.44,1.51,1.61
2021-07-27,801080,43.32,4.86,0.6
2021-07-27,801050,41.34,3.73,0.57
2021-07-27,801040,13.37,1.3,2.54
2021-07-27,801030,26.62,3.07,1.0
2021-07-27,801010,16.69,2.72,1.47
2021-07-27,801110,16.28,3.03,1.85
2021-07-27,801180,6.86,0.86,3.22
2021-07-27,801880,27.64,2.4,0.99
2021-07-27,801790,12.97,1.47,2.19
2021-07-27,801780,6.41,0.62,4.11
2021-07-27,801770,35.89,2.28,0.54
2021-07-27,801760,25.18,2.29,1.04
2021-07-27,801730,48.47,5.03,0.43
2021-07-27,801890,25.26,2.79,1.12
2021-07-27,801710,12.1,1.91,2.38
2021-07-27,801750,53.53,3.98,0.43
2021-07-28,801150,36.79,4.67,0.7
2021-07-28,801120,40.92,8.25,1.18
2021-07-28,801110,16.44,3.07,1.84
2021-07-28,801040,13.04,1.27,2.51
2021-07-28,801050,40.08,3.62,0.59
2021-07-28,801030,26.14,3.02,1.02
2021-07-28,801010,16.18,2.64,1.52
2021-07-28,801160,16.24,1.4,2.16
2021-07-28,801080,42.42,4.75,0.61
2021-07-28,801170,17.25,1.49,1.67
2021-07-28,801180,6.8,0.85,3.43
2021-07-28,801890,24.8,2.75,1.13
2021-07-28,801880,26.96,2.34,1.01
2021-07-28,801790,12.9,1.46,2.22
2021-07-28,801780,6.49,0.63,4.06
2021-07-28,801760,24.94,2.26,1.05
2021-07-28,801750,52.0,3.87,0.44
2021-07-28,801770,35.91,2.28,0.54
2021-07-28,801730,48.83,5.07,0.43
2021-07-28,801710,11.97,1.89,2.4
2021-07-29,801160,16.37,1.41,2.15
2021-07-29,801150,37.58,4.77,0.68
2021-07-29,801120,40.62,8.18,1.19
2021-07-29,801170,17.37,1.5,1.64
2021-07-29,801080,44.37,4.97,0.59
2021-07-29,801050,42.3,3.82,0.57
2021-07-29,801040,13.51,1.31,2.51
2021-07-29,801030,27.18,3.13,0.98
2021-07-29,801010,16.33,2.67,1.51
2021-07-29,801110,16.48,3.07,1.83
2021-07-29,801180,6.83,0.85,3.44
2021-07-29,801880,28.07,2.44,0.98
2021-07-29,801790,13.01,1.47,2.28
2021-07-29,801780,6.45,0.63,4.12
2021-07-29,801770,36.7,2.33,0.53
2021-07-29,801760,25.34,2.3,1.03
2021-07-29,801890,25.79,2.86,1.09
2021-07-29,801730,52.04,5.4,0.4
2021-07-29,801710,12.26,1.93,2.35
2021-07-29,801750,53.05,3.94,0.44
2021-07-30,801160,16.75,1.45,2.05
2021-07-30,801150,37.25,4.73,0.69
2021-07-30,801120,38.94,7.85,1.24
2021-07-30,801050,43.34,3.91,0.56
2021-07-30,801080,44.5,4.99,0.58
2021-07-30,801040,14.28,1.39,2.32
2021-07-30,801030,27.0,3.11,0.98
2021-07-30,801010,16.47,2.69,1.49
2021-07-30,801170,17.21,1.48,1.7
2021-07-30,801110,16.6,3.1,1.82
2021-07-30,801180,6.83,0.85,3.5
2021-07-30,801880,28.39,2.47,1.19
2021-07-30,801790,12.85,1.45,2.37
2021-07-30,801780,6.35,0.62,4.24
2021-07-30,801770,37.19,2.37,0.52
2021-07-30,801760,25.4,2.3,1.01
2021-07-30,801890,26.04,2.88,1.08
2021-07-30,801730,52.59,5.45,0.41
2021-07-30,801710,12.32,1.94,2.35
2021-07-30,801750,53.43,3.97,0.43
2021-08-02,801150,37.82,4.8,0.67
2021-08-02,801120,40.81,8.3,1.18
2021-08-02,801110,17.08,3.19,1.77
2021-08-02,801040,13.61,1.32,2.44
2021-08-02,801050,43.53,3.88,0.56
2021-08-02,801030,27.93,3.21,0.95
2021-08-02,801010,17.03,2.78,1.44
2021-08-02,801160,16.99,1.47,2.0
2021-08-02,801080,44.63,5.0,0.58
2021-08-02,801170,17.51,1.51,1.61
2021-08-02,801180,6.91,0.86,3.44
2021-08-02,801880,29.87,2.59,1.13
2021-08-02,801790,13.22,1.49,2.3
2021-08-02,801780,6.44,0.63,4.18
2021-08-02,801770,38.42,2.44,0.51
2021-08-02,801760,25.75,2.33,0.99
2021-08-02,801750,54.78,4.07,0.42
2021-08-02,801890,27.09,3.0,1.04
2021-08-02,801730,53.39,5.53,0.4
2021-08-02,801710,13.0,2.05,2.22
2021-08-03,801160,16.93,1.47,2.01
2021-08-03,801150,39.23,4.98,0.65
2021-08-03,801120,41.21,8.38,1.17
2021-08-03,801050,41.12,3.67,0.59
2021-08-03,801080,43.11,4.82,0.6
2021-08-03,801040,13.06,1.27,2.54
2021-08-03,801030,27.67,3.18,0.95
2021-08-03,801010,17.13,2.79,1.44
2021-08-03,801170,17.65,1.52,1.6
2021-08-03,801110,17.71,3.3,1.7
2021-08-03,801180,6.88,0.86,3.42
2021-08-03,801880,29.34,2.55,1.15
2021-08-03,801790,13.27,1.5,2.29
2021-08-03,801780,6.41,0.62,4.21
2021-08-03,801770,37.93,2.41,0.51
2021-08-03,801760,25.5,2.31,1.0
2021-08-03,801890,27.01,2.99,1.04
2021-08-03,801730,51.56,5.34,0.41
2021-08-03,801710,13.22,2.09,2.19
2021-08-03,801750,55.39,4.12,0.42
2021-08-04,801160,17.05,1.48,2.0
2021-08-04,801150,39.01,4.95,0.65
2021-08-04,801120,40.54,8.24,1.19
2021-08-04,801050,42.83,3.82,0.57
2021-08-04,801080,44.6,4.99,0.58
2021-08-04,801040,13.65,1.33,2.43
2021-08-04,801030,28.42,3.27,0.93
2021-08-04,801010,17.04,2.78,1.44
2021-08-04,801170,17.57,1.52,1.61
2021-08-04,801110,17.62,3.29,1.71
2021-08-04,801180,6.84,0.86,3.47
2021-08-04,801880,30.53,2.65,1.1
2021-08-04,801790,13.21,1.49,2.3
2021-08-04,801780,6.36,0.62,4.24
2021-08-04,801760,25.4,2.3,1.0
2021-08-04,801770,38.33,2.44,0.51
2021-08-04,801730,54.84,5.68,0.39
2021-08-04,801890,27.77,3.08,1.01
2021-08-04,801710,13.42,2.12,2.15
2021-08-04,801750,55.72,4.14,0.41
2021-08-05,801160,17.08,1.48,1.99
2021-08-05,801150,38.66,4.9,0.66
2021-08-05,801120,40.09,8.15,1.21
2021-08-05,801010,16.99,2.77,1.45
2021-08-05,801080,44.53,4.98,0.58
2021-08-05,801050,42.27,3.77,0.57
2021-08-05,801040,13.56,1.32,2.45
2021-08-05,801030,28.07,3.23,0.94
2021-08-05,801170,17.47,1.51,1.6
2021-08-05,801110,17.55,3.27,1.72
2021-08-05,801180,6.93,0.87,3.42
2021-08-05,801710,13.46,2.12,2.15
2021-08-05,801890,27.62,3.06,1.02
2021-08-05,801880,30.53,2.65,1.1
2021-08-05,801790,13.1,1.48,2.34
2021-08-05,801770,37.93,2.41,0.51
2021-08-05,801780,6.34,0.62,4.25
2021-08-05,801750,54.41,4.04,0.42
2021-08-05,801730,54.72,5.67,0.39
2021-08-05,801760,24.84,2.25,1.02
2021-08-09,801160,17.26,1.49,1.95
2021-08-09,801150,37.95,4.81,0.68
2021-08-09,801120,40.73,8.24,1.19
2021-08-09,801170,17.64,1.52,1.47
2021-08-09,801080,43.96,4.91,0.58
2021-08-09,801050,43.31,3.85,0.56
2021-08-09,801040,13.93,1.35,2.38
2021-08-09,801030,28.45,3.27,0.93
2021-08-09,801010,17.68,2.88,1.39
2021-08-09,801110,17.9,3.34,1.69
2021-08-09,801180,7.15,0.9,3.3
2021-08-09,801890,28.07,3.11,1.0
2021-08-09,801880,30.57,2.65,1.11
2021-08-09,801790,13.37,1.51,2.31
2021-08-09,801780,6.54,0.64,4.13
2021-08-09,801770,37.86,2.41,0.51
2021-08-09,801760,25.41,2.3,0.92
2021-08-09,801730,53.5,5.54,0.41
2021-08-09,801710,13.6,2.14,2.12
2021-08-09,801750,55.14,4.1,0.42
2021-08-10,801160,17.36,1.5,1.94
2021-08-10,801150,38.23,4.85,0.67
2021-08-10,801120,42.94,8.69,1.13
2021-08-10,801050,42.88,3.81,0.57
2021-08-10,801080,43.99,4.9,0.58
2021-08-10,801040,14.02,1.36,2.37
2021-08-10,801030,28.24,3.25,0.94
2021-08-10,801010,17.84,2.9,1.38
2021-08-10,801170,17.68,1.53,1.5
2021-08-10,801110,18.02,3.36,1.67
2021-08-10,801180,7.15,0.9,3.31
2021-08-10,801880,30.62,2.65,1.1
2021-08-10,801790,13.52,1.53,2.28
2021-08-10,801780,6.66,0.65,4.05
2021-08-10,801770,38.06,2.42,0.51
2021-08-10,801760,25.81,2.34,0.91
2021-08-10,801890,28.27,3.13,0.99
2021-08-10,801730,53.52,5.54,0.41
2021-08-10,801710,13.52,2.13,2.14
2021-08-10,801750,55.54,4.13,0.41
2021-08-11,801150,37.57,4.76,0.68
2021-08-11,801120,42.1,8.48,1.16
2021-08-11,801110,17.95,3.35,1.68
2021-08-11,801040,14.31,1.39,2.32
2021-08-11,801050,43.72,3.89,0.55
2021-08-11,801030,29.55,3.44,0.88
2021-08-11,801010,17.77,2.89,1.38
2021-08-11,801160,17.61,1.52,1.9
2021-08-11,801080,44.26,4.94,0.58
2021-08-11,801170,17.88,1.52,1.51
2021-08-11,801180,7.43,0.93,3.24
2021-08-11,801890,28.22,3.14,0.98
2021-08-11,801880,30.7,2.66,1.1
2021-08-11,801790,13.45,1.52,2.3
2021-08-11,801780,6.72,0.65,4.01
2021-08-11,801770,37.41,2.38,0.52
2021-08-11,801760,25.76,2.33,0.91
2021-08-11,801750,54.88,4.08,0.42
2021-08-11,801730,54.14,5.6,0.4
2021-08-11,801710,13.45,2.12,2.15
2021-08-12,801160,17.62,1.52,1.9
2021-08-12,801150,37.12,4.7,0.69
2021-08-12,801120,41.1,8.28,1.18
2021-08-12,801050,44.63,3.97,0.54
2021-08-12,801080,44.54,4.96,0.57
2021-08-12,801040,14.63,1.42,2.27
2021-08-12,801030,30.06,3.49,0.87
2021-08-12,801010,17.59,2.86,1.4
2021-08-12,801170,18.02,1.53,1.5
2021-08-12,801110,17.7,3.3,1.71
2021-08-12,801890,28.13,3.13,0.99
2021-08-12,801880,31.41,2.72,1.07
2021-08-12,801790,13.32,1.51,2.32
2021-08-12,801780,6.69,0.65,4.03
2021-08-12,801180,7.35,0.92,3.27
2021-08-12,801760,25.67,2.32,0.91
2021-08-12,801770,37.75,2.4,0.51
2021-08-12,801730,53.4,5.53,0.41
2021-08-12,801710,13.38,2.11,2.16
2021-08-12,801750,55.18,4.1,0.41
2021-08-13,801160,17.79,1.54,1.88
2021-08-13,801150,37.02,4.68,0.69
2021-08-13,801120,41.33,8.36,1.18
2021-08-13,801170,18.0,1.53,1.51
2021-08-13,801080,43.36,4.83,0.59
2021-08-13,801050,44.97,3.99,0.54
2021-08-13,801040,14.64,1.42,2.27
2021-08-13,801030,30.55,3.55,0.85
2021-08-13,801010,17.67,2.88,1.39
2021-08-13,801110,17.8,3.32,1.7
2021-08-13,801180,7.31,0.91,3.23
2021-08-13,801890,28.21,3.13,1.09
2021-08-13,801880,30.97,2.68,1.09
2021-08-13,801790,13.29,1.5,2.26
2021-08-13,801780,6.7,0.65,4.02
2021-08-13,801770,37.11,2.36,0.45
2021-08-13,801760,25.51,2.31,0.9
2021-08-13,801730,52.97,5.48,0.4
2021-08-13,801710,13.36,2.1,2.17
2021-08-13,801750,54.02,4.01,0.42
2021-08-16,801150,37.05,4.68,0.69
2021-08-16,801120,41.53,8.41,1.17
2021-08-16,801110,18.28,3.41,1.65
2021-08-16,801040,14.57,1.41,2.28
2021-08-16,801050,43.31,3.84,0.57
2021-08-16,801030,30.03,3.48,0.86
2021-08-16,801010,17.66,2.88,1.39
2021-08-16,801160,17.97,1.55,1.79
2021-08-16,801080,43.22,4.82,0.59
2021-08-16,801170,17.98,1.53,1.48
2021-08-16,801180,7.35,0.92,2.96
2021-08-16,801890,27.92,3.1,1.01
2021-08-16,801880,30.55,2.64,1.1
2021-08-16,801790,13.41,1.52,2.24
2021-08-16,801780,6.69,0.65,4.03
2021-08-16,801760,25.62,2.32,0.89
2021-08-16,801750,53.74,3.99,0.42
2021-08-16,801770,37.11,2.36,0.45
2021-08-16,801730,51.69,5.35,0.41
2021-08-16,801710,13.78,2.17,2.06
2021-08-17,801160,17.73,1.53,1.81
2021-08-17,801150,35.73,4.55,0.71
2021-08-17,801120,39.83,8.05,1.22
2021-08-17,801170,17.91,1.53,1.49
2021-08-17,801080,41.71,4.65,0.61
2021-08-17,801050,42.82,3.79,0.57
2021-08-17,801040,14.3,1.38,2.32
2021-08-17,801030,29.21,3.38,0.89
2021-08-17,801010,17.13,2.79,1.44
2021-08-17,801110,17.86,3.33,1.69
2021-08-17,801180,7.34,0.92,2.97
2021-08-17,801890,27.15,3.02,1.04
2021-08-17,801880,29.62,2.56,1.13
2021-08-17,801790,13.29,1.5,2.26
2021-08-17,801780,6.62,0.64,4.07
2021-08-17,801760,25.0,2.26,0.91
2021-08-17,801770,36.04,2.29,0.46
2021-08-17,801730,51.1,5.29,0.43
2021-08-17,801710,13.73,2.16,2.08
2021-08-17,801750,52.29,3.88,0.43
2021-08-18,801160,17.88,1.54,1.87
2021-08-18,801150,35.85,4.56,0.7
2021-08-18,801120,39.74,8.02,1.22
2021-08-18,801170,18.07,1.54,1.47
2021-08-18,801080,41.76,4.64,0.61
2021-08-18,801050,43.19,3.81,0.57
2021-08-18,801040,14.44,1.4,2.3
2021-08-18,801030,29.54,3.4,0.88
2021-08-18,801010,17.09,2.78,1.44
2021-08-18,801110,18.0,3.36,1.68
2021-08-18,801180,7.43,0.93,2.93
2021-08-18,801730,50.85,5.25,0.44
2021-08-18,801880,29.61,2.56,1.13
2021-08-18,801790,14.03,1.59,2.14
2021-08-18,801780,6.86,0.67,3.93
2021-08-18,801770,36.13,2.29,0.46
2021-08-18,801760,25.12,2.27,0.94
2021-08-18,801890,27.39,3.04,1.03
2021-08-18,801710,13.83,2.15,2.06
2021-08-18,801750,53.02,3.94,0.43
2021-08-19,801160,17.88,1.54,1.87
2021-08-19,801120,39.26,7.92,1.24
2021-08-19,801110,17.71,3.31,1.7
2021-08-19,801040,14.39,1.39,2.31
2021-08-19,801050,43.47,3.84,0.56
2021-08-19,801170,18.0,1.53,1.48
2021-08-19,801030,29.52,3.4,0.88
2021-08-19,801010,16.91,2.78,1.45
2021-08-19,801080,42.26,4.7,0.61
2021-08-19,801180,7.32,0.91,2.99
2021-08-19,801150,35.98,4.58,0.7
2021-08-19,801890,27.31,3.03,1.03
2021-08-19,801790,13.68,1.55,2.21
2021-08-19,801780,6.72,0.65,3.99
2021-08-19,801770,36.92,2.34,0.45
2021-08-19,801760,25.31,2.29,0.93
2021-08-19,801880,30.11,2.6,1.07
2021-08-19,801730,51.36,5.3,0.43
2021-08-19,801710,13.72,2.13,2.08
2021-08-19,801750,53.04,3.94,0.43
2021-08-20,801160,17.86,1.54,1.88
2021-08-20,801120,37.28,7.52,1.37
2021-08-20,801110,17.55,3.28,1.71
2021-08-20,801040,14.6,1.41,2.29
2021-08-20,801050,43.7,3.86,0.55
2021-08-20,801030,29.65,3.41,0.87
2021-08-20,801010,16.72,2.75,1.47
2021-08-20,801170,17.93,1.53,1.46
2021-08-20,801080,42.67,4.75,0.6
2021-08-20,801180,7.32,0.91,2.99
2021-08-20,801150,34.28,4.36,0.74
2021-08-20,801880,29.78,2.58,1.08
2021-08-20,801790,13.59,1.54,2.47
2021-08-20,801780,6.67,0.65,4.03
2021-08-20,801770,36.3,2.31,0.52
2021-08-20,801760,24.96,2.26,0.95
2021-08-20,801750,52.79,3.91,0.43
2021-08-20,801730,51.12,5.26,0.43
2021-08-20,801890,27.34,3.03,1.03
2021-08-20,801710,13.83,2.14,2.06
2021-08-23,801170,18.13,1.54,1.32
2021-08-23,801160,18.31,1.57,1.85
2021-08-23,801150,34.78,4.42,0.73
2021-08-23,801080,43.79,4.85,0.59
2021-08-23,801110,17.41,3.38,3.4
2021-08-23,801050,44.84,3.95,0.54
2021-08-23,801040,14.61,1.41,2.28
2021-08-23,801030,30.37,3.49,0.85
2021-08-23,801180,7.32,0.91,2.98
2021-08-23,801120,37.64,7.62,1.35
2021-08-23,801010,16.88,2.78,1.46
2021-08-23,801890,28.36,3.15,0.99
2021-08-23,801880,30.51,2.64,1.05
2021-08-23,801790,13.6,1.54,2.24
2021-08-23,801770,36.7,2.33,0.52
2021-08-23,801780,6.68,0.65,4.03
2021-08-23,801750,54.2,4.01,0.42
2021-08-23,801730,53.12,5.48,0.42
2021-08-23,801710,13.93,2.16,2.05
2021-08-23,801760,25.72,2.32,0.92
2021-08-24,801120,38.57,7.81,1.32
2021-08-24,801160,18.47,1.59,1.83
2021-08-24,801110,17.41,3.38,3.4
2021-08-24,801170,18.27,1.55,1.31
2021-08-24,801050,45.96,4.04,0.53
2021-08-24,801040,14.98,1.44,2.23
2021-08-24,801030,30.72,3.52,0.84
2021-08-24,801010,16.96,2.79,1.45
2021-08-24,801080,44.04,4.87,0.59
2021-08-24,801180,7.35,0.91,2.97
2021-08-24,801150,35.37,4.49,0.72
2021-08-24,801880,30.72,2.66,1.04
2021-08-24,801790,13.76,1.55,2.22
2021-08-24,801780,6.7,0.65,4.01
2021-08-24,801770,36.34,2.31,0.53
2021-08-24,801760,25.73,2.32,0.92
2021-08-24,801750,54.28,4.02,0.42
2021-08-24,801730,53.68,5.51,0.41
2021-08-24,801890,28.46,3.15,0.99
2021-08-24,801710,13.95,2.16,2.04
2021-08-25,801160,18.65,1.6,1.81
2021-08-25,801120,39.43,7.98,1.24
2021-08-25,801050,46.85,4.12,0.52
2021-08-25,801080,43.74,4.82,0.59
2021-08-25,801170,18.61,1.58,1.28
2021-08-25,801040,15.07,1.45,2.22
2021-08-25,801030,31.02,3.55,0.84
2021-08-25,801010,17.05,2.8,1.44
2021-08-25,801110,17.27,3.35,3.43
2021-08-25,801180,7.26,0.9,4.08
2021-08-25,801150,35.7,4.53,0.71
2021-08-25,801890,28.34,3.13,0.98
2021-08-25,801880,30.72,2.66,1.03
2021-08-25,801790,13.59,1.53,2.29
2021-08-25,801780,6.64,0.64,4.05
2021-08-25,801770,36.02,2.29,0.53
2021-08-25,801760,26.21,2.36,0.91
2021-08-25,801730,55.04,5.65,0.39
2021-08-25,801710,14.03,2.18,2.03
2021-08-25,801750,54.21,4.02,0.42
2021-08-26,801170,18.58,1.58,1.3
2021-08-26,801160,18.59,1.6,1.82
2021-08-26,801150,34.58,4.38,0.73
2021-08-26,801080,43.07,4.74,0.6
2021-08-26,801110,16.94,3.29,3.49
2021-08-26,801050,47.26,4.15,0.51
2021-08-26,801040,15.57,1.49,2.14
2021-08-26,801030,30.82,3.52,0.84
2021-08-26,801180,7.2,0.89,4.09
2021-08-26,801120,38.07,7.71,1.29
2021-08-26,801010,16.64,2.73,1.48
2021-08-26,801890,28.13,3.11,0.99
2021-08-26,801880,30.09,2.6,1.06
2021-08-26,801790,13.38,1.51,2.33
2021-08-26,801780,6.54,0.63,4.11
2021-08-26,801770,35.44,2.25,0.54
2021-08-26,801750,53.03,3.92,0.42
2021-08-26,801730,54.19,5.54,0.4
2021-08-26,801710,13.91,2.15,2.05
2021-08-26,801760,25.88,2.33,0.91
2021-08-27,801160,18.68,1.59,1.83
2021-08-27,801150,34.51,4.37,0.73
2021-08-27,801120,38.02,7.69,1.29
2021-08-27,801050,48.68,4.27,0.5
2021-08-27,801080,43.24,4.74,0.6
2021-08-27,801040,15.62,1.49,2.13
2021-08-27,801030,31.25,3.56,0.83
2021-08-27,801170,18.51,1.58,1.3
2021-08-27,801110,16.97,3.29,3.49
2021-08-27,801010,16.51,2.68,1.49
2021-08-27,801180,7.17,0.89,4.11
2021-08-27,801890,28.39,3.12,0.98
2021-08-27,801880,30.72,2.65,1.11
2021-08-27,801790,13.48,1.5,2.31
2021-08-27,801770,34.23,2.14,0.52
2021-08-27,801760,25.57,2.3,0.92
2021-08-27,801780,6.56,0.64,4.09
2021-08-27,801730,54.73,5.59,0.4
2021-08-27,801710,13.92,2.16,2.05
2021-08-27,801750,53.03,3.92,0.42
2021-08-30,801160,18.74,1.6,1.8
2021-08-30,801150,34.35,4.27,0.74
2021-08-30,801120,38.02,7.77,1.29
2021-08-30,801010,16.39,2.67,1.5
2021-08-30,801080,42.82,4.67,0.6
2021-08-30,801170,18.5,1.56,1.3
2021-08-30,801050,50.21,4.39,0.48
2021-08-30,801040,15.97,1.49,2.09
2021-08-30,801030,31.24,3.55,0.82
2021-08-30,801110,16.57,3.21,3.57
2021-08-30,801180,7.03,0.88,4.19
2021-08-30,801770,34.1,2.12,0.52
2021-08-30,801880,30.79,2.64,1.11
2021-08-30,801790,13.24,1.48,2.35
2021-08-30,801780,6.45,0.62,4.18
2021-08-30,801760,25.48,2.28,0.93
2021-08-30,801890,28.31,3.11,0.98
2021-08-30,801730,56.41,5.77,0.38
2021-08-30,801710,13.77,2.13,2.07
2021-08-30,801750,53.08,3.93,0.42
2021-08-31,801160,18.96,1.63,1.78
2021-08-31,801120,37.28,7.65,1.31
2021-08-31,801110,16.58,3.17,3.57
2021-08-31,801040,16.78,1.57,1.98
2021-08-31,801050,51.21,4.44,0.47
2021-08-31,801170,18.55,1.55,1.3
2021-08-31,801030,31.32,3.55,0.82
2021-08-31,801010,16.45,2.72,1.49
2021-08-31,801080,41.99,4.56,0.61
2021-08-31,801180,7.18,0.9,4.1
2021-08-31,801150,34.05,4.23,0.74
2021-08-31,801890,28.23,3.1,0.98
2021-08-31,801790,13.41,1.48,2.32
2021-08-31,801780,6.54,0.62,4.13
2021-08-31,801770,33.86,2.14,0.53
2021-08-31,801760,25.57,2.28,0.92
2021-08-31,801880,30.72,2.62,1.11
2021-08-31,801730,55.47,5.67,0.39
2021-08-31,801710,13.94,2.16,2.05
2021-08-31,801750,52.7,3.88,0.42
2021-09-01,801160,18.88,1.63,1.77
2021-09-01,801120,38.47,7.87,1.28
2021-09-01,801110,16.67,3.26,3.47
2021-09-01,801040,11.5,1.54,2.02
2021-09-01,801050,37.42,4.14,0.5
2021-09-01,801030,24.54,3.47,0.84
2021-09-01,801010,24.45,2.77,1.47
2021-09-01,801170,15.77,1.57,1.28
2021-09-01,801080,35.87,4.54,0.62
2021-09-01,801180,7.51,0.93,3.98
2021-09-01,801150,33.24,4.27,0.73
2021-09-01,801880,29.58,2.58,1.13
2021-09-01,801790,13.12,1.53,2.24
2021-09-01,801780,6.36,0.64,4.03
2021-09-01,801770,33.46,2.16,0.52
2021-09-01,801760,25.07,2.32,0.91
2021-09-01,801750,53.77,3.92,0.42
2021-09-01,801730,50.57,5.44,0.41
2021-09-01,801890,28.37,3.1,0.98
2021-09-01,801710,14.14,2.21,2.0
2021-09-02,801170,15.81,1.57,1.29
2021-09-02,801160,19.84,1.71,1.72
2021-09-02,801150,32.53,4.18,0.75
2021-09-02,801080,35.6,4.51,0.62
2021-09-02,801110,16.5,3.23,3.51
2021-09-02,801050,38.18,4.22,0.49
2021-09-02,801040,11.75,1.58,1.98
2021-09-02,801030,25.23,3.56,0.82
2021-09-02,801180,7.64,0.94,3.96
2021-09-02,801120,37.94,7.79,1.29
2021-09-02,801010,24.3,2.75,1.48
2021-09-02,801890,28.71,3.13,0.97
2021-09-02,801880,29.84,2.6,1.12
2021-09-02,801790,13.27,1.55,2.22
2021-09-02,801770,33.46,2.16,0.52
2021-09-02,801780,6.43,0.64,3.99
2021-09-02,801750,53.56,3.9,0.42
2021-09-02,801730,52.46,5.62,0.39
2021-09-02,801710,14.28,2.24,1.98
2021-09-02,801760,25.22,2.34,0.9
2021-09-03,801160,20.07,1.73,1.7
2021-09-03,801150,32.77,4.21,0.74
2021-09-03,801120,38.58,7.93,1.27
2021-09-03,801170,15.93,1.58,1.28
2021-09-03,801080,35.41,4.49,0.63
2021-09-03,801010,24.94,2.83,1.44
2021-09-03,801050,36.73,4.05,0.51
2021-09-03,801040,11.5,1.54,2.02
2021-09-03,801030,24.15,3.39,0.86
2021-09-03,801110,16.57,3.24,3.5
2021-09-03,801180,7.65,0.94,3.95
2021-09-03,801770,33.46,2.16,0.52
2021-09-03,801880,29.27,2.55,1.14
2021-09-03,801790,13.28,1.55,2.26
2021-09-03,801780,6.44,0.64,3.98
2021-09-03,801760,25.28,2.35,0.9
2021-09-03,801890,28.08,3.06,1.0
2021-09-03,801730,51.44,5.51,0.4
2021-09-03,801710,14.2,2.22,1.99
2021-09-03,801750,53.94,3.93,0.42
2021-09-06,801160,20.24,1.74,1.7
2021-09-06,801120,39.49,8.11,1.24
2021-09-06,801110,16.92,3.31,3.42
2021-09-06,801040,11.58,1.55,2.01
2021-09-06,801050,36.98,4.08,0.51
2021-09-06,801170,16.14,1.6,1.26
2021-09-06,801030,24.32,3.41,0.86
2021-09-06,801010,25.24,2.86,1.42
2021-09-06,801080,36.1,4.57,0.61
2021-09-06,801180,7.59,0.93,3.99
2021-09-06,801150,34.16,4.38,0.71
2021-09-06,801880,30.0,2.61,1.11
2021-09-06,801790,13.54,1.58,2.22
2021-09-06,801780,6.43,0.64,3.99
2021-09-06,801770,34.0,2.2,0.52
2021-09-06,801760,25.52,2.37,0.89
2021-09-06,801890,28.52,3.11,0.98
2021-09-06,801730,51.83,5.55,0.4
2021-09-06,801710,14.35,2.25,1.97
2021-09-06,801750,54.92,4.0,0.41
2021-09-07,801160,20.43,1.76,1.69
2021-09-07,801150,34.14,4.38,0.72
2021-09-07,801120,39.63,8.14,1.24
2021-09-07,801010,25.21,2.87,1.43
2021-09-07,801080,36.33,4.6,0.61
2021-09-07,801050,37.93,4.19,0.5
2021-09-07,801040,12.16,1.63,1.91
2021-09-07,801030,25.33,3.56,0.82
2021-09-07,801170,16.39,1.63,1.24
2021-09-07,801110,17.06,3.34,3.4
2021-09-07,801180,7.63,0.94,3.97
2021-09-07,801770,34.1,2.2,0.51
2021-09-07,801880,30.46,2.65,1.1
2021-09-07,801790,13.81,1.61,2.17
2021-09-07,801780,6.55,0.66,3.92
2021-09-07,801760,26.0,2.42,0.87
2021-09-07,801890,28.8,3.14,0.97
2021-09-07,801730,52.64,5.63,0.39
2021-09-07,801710,14.42,2.26,1.96
2021-09-07,801750,55.27,4.02,0.4
2021-09-08,801170,16.53,1.64,1.23
2021-09-08,801160,21.0,1.81,1.64
2021-09-08,801150,33.93,4.35,0.72
2021-09-08,801080,36.64,4.64,0.61
2021-09-08,801110,16.99,3.32,3.41
2021-09-08,801050,38.02,4.2,0.49
2021-09-08,801040,12.08,1.62,1.92
2021-09-08,801030,25.65,3.6,0.81
2021-09-08,801180,7.63,0.94,3.97
2021-09-08,801120,39.01,8.01,1.26
2021-09-08,801010,25.29,2.88,1.42
2021-09-08,801890,28.54,3.11,0.98
2021-09-08,801880,30.18,2.63,1.11
2021-09-08,801790,13.83,1.61,2.17
2021-09-08,801780,6.54,0.65,3.92
2021-09-08,801770,34.59,2.23,0.51
2021-09-08,801750,55.62,4.05,0.4
2021-09-08,801730,51.49,5.51,0.4
2021-09-08,801710,14.3,2.24,1.98
2021-09-08,801760,27.08,2.51,0.84
2021-09-09,801150,33.93,4.35,0.72
2021-09-09,801120,38.93,8.0,1.26
2021-09-09,801110,16.88,3.3,3.43
2021-09-09,801040,12.82,1.72,1.81
2021-09-09,801050,39.39,4.3,0.48
2021-09-09,801030,25.81,3.62,0.81
2021-09-09,801010,25.23,2.87,1.42
2021-09-09,801160,21.15,1.82,1.63
2021-09-09,801080,36.13,4.58,0.61
2021-09-09,801170,16.79,1.67,1.21
2021-09-09,801180,7.63,0.94,3.95
2021-09-09,801890,28.55,3.11,0.98
2021-09-09,801880,30.18,2.63,1.1
2021-09-09,801790,13.74,1.6,2.18
2021-09-09,801780,6.52,0.65,3.94
2021-09-09,801760,26.59,2.47,0.85
2021-09-09,801750,54.98,4.01,0.41
2021-09-09,801770,34.62,2.23,0.51
2021-09-09,801730,51.37,5.5,0.4
2021-09-09,801710,14.45,2.26,1.96
2021-09-10,801160,20.78,1.79,1.66
2021-09-10,801150,33.77,4.33,0.72
2021-09-10,801120,39.52,8.12,1.24
2021-09-10,801170,16.86,1.68,1.2
2021-09-10,801080,36.92,4.68,0.6
2021-09-10,801050,40.36,4.41,0.47
2021-09-10,801040,12.51,1.68,1.86
2021-09-10,801030,25.86,3.63,0.81
2021-09-10,801010,25.07,2.85,1.43
2021-09-10,801110,16.89,3.3,3.43
2021-09-10,801180,7.67,0.94,3.92
2021-09-10,801880,30.02,2.61,1.11
2021-09-10,801790,13.85,1.62,2.17
2021-09-10,801780,6.67,0.67,3.85
2021-09-10,801770,34.43,2.22,0.51
2021-09-10,801760,26.5,2.46,0.86
2021-09-10,801890,28.45,3.1,0.98
2021-09-10,801730,51.75,5.54,0.4
2021-09-10,801710,14.57,2.28,1.94
2021-09-10,801750,54.87,4.0,0.41
2021-09-13,801160,21.15,1.82,1.63
2021-09-13,801150,33.68,4.32,0.73
2021-09-13,801120,39.08,8.02,1.25
2021-09-13,801050,41.39,4.52,0.46
2021-09-13,801080,36.42,4.62,0.61
2021-09-13,801040,12.73,1.71,1.83
2021-09-13,801030,26.72,3.75,0.78
2021-09-13,801010,24.81,2.82,1.44
2021-09-13,801170,16.98,1.69,1.19
2021-09-13,801110,16.63,3.25,3.48
2021-09-13,801180,7.85,0.96,3.84
2021-09-13,801880,29.82,2.6,1.1
2021-09-13,801790,13.86,1.62,2.16
2021-09-13,801780,6.66,0.67,3.85
2021-09-13,801770,34.11,2.2,0.52
2021-09-13,801760,26.83,2.49,0.84
2021-09-13,801890,28.3,3.08,0.99
2021-09-13,801730,50.89,5.45,0.4
2021-09-13,801710,14.7,2.3,1.92
2021-09-13,801750,54.72,3.99,0.41
2021-09-14,801150,33.83,4.34,0.72
2021-09-14,801120,38.9,7.99,1.26
2021-09-14,801110,16.27,3.18,3.56
2021-09-14,801040,12.18,1.63,1.91
2021-09-14,801050,40.17,4.39,0.47
2021-09-14,801030,26.66,3.74,0.78
2021-09-14,801010,24.41,2.77,1.47
2021-09-14,801160,20.67,1.78,1.67
2021-09-14,801080,36.23,4.59,0.61
2021-09-14,801170,16.64,1.66,1.22
2021-09-14,801180,7.62,0.94,3.95
2021-09-14,801880,29.79,2.6,1.1
2021-09-14,801790,13.46,1.57,2.22
2021-09-14,801780,6.47,0.65,3.96
2021-09-14,801770,33.73,2.17,0.52
2021-09-14,801760,26.37,2.45,0.86
2021-09-14,801750,54.72,3.99,0.41
2021-09-14,801890,28.2,3.07,0.99
2021-09-14,801730,51.49,5.51,0.4
2021-09-14,801710,14.38,2.25,1.97
2021-09-15,801160,20.92,1.8,1.65
2021-09-15,801150,33.5,4.29,0.73
2021-09-15,801120,37.93,7.79,1.29
2021-09-15,801050,40.47,4.42,0.47
2021-09-15,801080,36.01,4.56,0.61
2021-09-15,801040,12.19,1.63,1.9
2021-09-15,801030,27.05,3.8,0.77
2021-09-15,801010,24.48,2.78,1.46
2021-09-15,801170,16.67,1.66,1.22
2021-09-15,801110,15.94,3.12,3.63
2021-09-15,801180,7.53,0.92,4.0
2021-09-15,801880,29.65,2.58,1.1
2021-09-15,801790,13.43,1.57,2.23
2021-09-15,801780,6.42,0.64,4.0
2021-09-15,801770,33.96,2.19,0.52
2021-09-15,801760,26.54,2.47,0.85
2021-09-15,801890,28.43,3.1,0.99
2021-09-15,801730,52.49,5.62,0.39
2021-09-15,801710,14.04,2.2,2.02
2021-09-15,801750,54.21,3.95,0.41
2021-09-16,801160,20.45,1.76,1.68
2021-09-16,801150,33.48,4.29,0.73
2021-09-16,801120,38.18,7.84,1.28
2021-09-16,801050,38.57,4.21,0.49
2021-09-16,801080,35.12,4.45,0.63
2021-09-16,801040,12.08,1.62,1.92
2021-09-16,801030,26.57,3.73,0.78
2021-09-16,801010,25.07,2.85,1.43
2021-09-16,801170,16.36,1.63,1.24
2021-09-16,801110,15.71,3.07,3.69
2021-09-16,801180,7.35,0.9,4.1
2021-09-16,801880,28.71,2.5,1.14
2021-09-16,801790,13.21,1.54,2.27
2021-09-16,801780,6.35,0.64,4.04
2021-09-16,801760,26.21,2.44,0.86
2021-09-16,801770,33.42,2.15,0.53
2021-09-16,801730,50.19,5.37,0.41
2021-09-16,801890,27.89,3.04,1.01
2021-09-16,801710,13.56,2.12,2.09
2021-09-16,801750,53.3,3.89,0.42
2021-09-17,801160,21.04,1.81,1.63
2021-09-17,801150,34.67,4.44,0.71
2021-09-17,801120,39.2,8.05,1.25
2021-09-17,801010,25.06,2.85,1.43
2021-09-17,801080,35.2,4.46,0.63
2021-09-17,801050,37.43,4.09,0.51
2021-09-17,801040,11.53,1.55,2.01
2021-09-17,801030,26.53,3.73,0.84
2021-09-17,801170,16.48,1.64,1.24
2021-09-17,801110,15.99,3.13,3.6
2021-09-17,801180,7.38,0.91,4.08
2021-09-17,801710,13.53,2.12,2.09
2021-09-17,801890,27.67,3.01,1.01
2021-09-17,801880,28.69,2.5,1.14
2021-09-17,801790,13.27,1.55,1.91
2021-09-17,801770,33.36,2.15,0.53
2021-09-17,801780,6.37,0.64,4.03
2021-09-17,801750,53.31,3.89,0.42
2021-09-17,801730,50.49,5.4,0.4
2021-09-17,801760,26.0,2.42,0.87
2021-09-22,801160,22.13,1.9,1.55
2021-09-22,801150,34.7,4.45,0.71
2021-09-22,801120,38.13,7.83,1.28
2021-09-22,801170,16.78,1.67,1.21
2021-09-22,801080,35.18,4.46,0.63
2021-09-22,801050,37.4,4.08,0.51
2021-09-22,801040,11.69,1.55,2.02
2021-09-22,801030,26.67,3.75,0.83
2021-09-22,801010,24.52,2.79,1.46
2021-09-22,801110,15.67,3.07,3.67
2021-09-22,801180,7.56,0.93,3.98
2021-09-22,801890,27.66,3.01,1.01
2021-09-22,801880,28.36,2.47,1.16
2021-09-22,801790,13.13,1.53,1.93
2021-09-22,801780,6.22,0.62,4.12
2021-09-22,801770,33.42,2.15,0.53
2021-09-22,801760,25.82,2.4,0.88
2021-09-22,801730,50.94,5.45,0.4
2021-09-22,801710,13.45,2.11,2.1
2021-09-22,801750,53.21,3.88,0.42
2021-09-23,801160,22.52,1.94,1.53
2021-09-23,801150,34.62,4.43,0.71
2021-09-23,801120,38.45,7.89,1.27
2021-09-23,801050,37.24,4.06,0.51
2021-09-23,801080,35.72,4.53,0.62
2021-09-23,801040,11.86,1.58,1.99
2021-09-23,801030,26.13,3.67,0.84
2021-09-23,801010,25.12,2.85,1.43
2021-09-23,801170,16.86,1.68,1.21
2021-09-23,801110,15.76,3.08,3.65
2021-09-23,801180,7.71,0.95,3.91
2021-09-23,801880,28.42,2.48,1.15
2021-09-23,801790,13.28,1.55,1.91
2021-09-23,801780,6.22,0.62,4.12
2021-09-23,801770,33.81,2.18,0.52
2021-09-23,801760,26.07,2.42,0.87
2021-09-23,801890,27.85,3.03,1.01
2021-09-23,801730,50.76,5.43,0.4
2021-09-23,801710,13.72,2.15,2.06
2021-09-23,801750,53.99,3.93,0.41
2021-09-24,801150,34.79,4.45,0.7
2021-09-24,801120,39.81,8.17,1.23
2021-09-24,801110,15.7,3.07,3.67
2021-09-24,801040,11.23,1.49,2.1
2021-09-24,801050,36.36,3.97,0.52
2021-09-24,801030,25.26,3.55,0.88
2021-09-24,801010,25.18,2.86,1.41
2021-09-24,801160,22.16,1.91,1.55
2021-09-24,801080,35.47,4.5,0.62
2021-09-24,801170,16.8,1.68,1.21
2021-09-24,801180,7.64,0.94,3.94
2021-09-24,801890,27.39,2.98,1.02
2021-09-24,801880,28.0,2.46,1.18
2021-09-24,801790,13.14,1.53,1.93
2021-09-24,801780,6.17,0.62,4.15
2021-09-24,801770,33.37,2.15,0.53
2021-09-24,801760,25.88,2.4,0.87
2021-09-24,801750,54.05,3.94,0.41
2021-09-24,801730,51.12,5.47,0.4
2021-09-24,801710,13.12,2.06,2.15
2021-09-27,801160,21.63,1.86,1.61
2021-09-27,801150,34.94,4.48,0.7
2021-09-27,801120,42.36,8.69,1.16
2021-09-27,801050,34.15,3.73,0.55
2021-09-27,801080,35.24,4.47,0.61
2021-09-27,801040,10.56,1.4,2.23
2021-09-27,801030,24.16,3.39,0.91
2021-09-27,801010,25.87,2.94,1.38
2021-09-27,801170,16.33,1.63,1.25
2021-09-27,801110,15.81,3.09,3.64
2021-09-27,801890,26.45,2.88,1.06
2021-09-27,801880,27.65,2.43,1.17
2021-09-27,801790,12.95,1.51,1.98
2021-09-27,801780,6.18,0.62,4.14
2021-09-27,801180,7.4,0.91,4.07
2021-09-27,801760,25.43,2.36,0.84
2021-09-27,801770,33.01,2.13,0.53
2021-09-27,801730,50.79,5.44,0.4
2021-09-27,801710,12.65,1.98,2.19
2021-09-27,801750,53.52,3.9,0.42
2021-09-28,801160,22.47,1.93,1.55
2021-09-28,801150,34.75,4.45,0.7
2021-09-28,801120,41.81,8.58,1.17
2021-09-28,801170,16.29,1.63,1.24
2021-09-28,801080,35.21,4.47,0.61
2021-09-28,801050,33.91,3.7,0.56
2021-09-28,801040,10.54,1.4,2.24
2021-09-28,801030,24.01,3.37,0.92
2021-09-28,801010,25.64,2.91,1.39
2021-09-28,801110,15.98,3.13,3.6
2021-09-28,801180,7.64,0.94,3.94
2021-09-28,801890,26.61,2.89,1.05
2021-09-28,801880,27.43,2.41,1.18
2021-09-28,801790,13.12,1.53,1.96
2021-09-28,801780,6.29,0.63,4.07
2021-09-28,801770,33.15,2.14,0.53
2021-09-28,801760,25.17,2.34,0.84
2021-09-28,801730,50.18,5.37,0.41
2021-09-28,801710,12.84,2.01,2.16
2021-09-28,801750,53.25,3.88,0.42
2021-09-29,801150,34.12,4.37,0.72
2021-09-29,801120,41.76,8.57,1.17
2021-09-29,801110,16.04,3.14,3.59
2021-09-29,801040,9.98,1.33,2.36
2021-09-29,801050,32.66,3.56,0.58
2021-09-29,801030,23.02,3.23,0.95
2021-09-29,801010,25.82,2.94,1.38
2021-09-29,801160,21.72,1.87,1.6
2021-09-29,801080,34.4,4.37,0.63
2021-09-29,801170,15.87,1.58,1.28
2021-09-29,801180,7.59,0.93,3.97
2021-09-29,801890,25.83,2.81,1.09
2021-09-29,801880,26.66,2.35,1.22
2021-09-29,801790,12.96,1.51,1.97
2021-09-29,801780,6.35,0.63,4.03
2021-09-29,801760,24.53,2.28,0.86
2021-09-29,801750,51.77,3.77,0.43
2021-09-29,801770,32.33,2.08,0.54
2021-09-29,801730,49.66,5.32,0.41
2021-09-29,801710,12.48,1.95,2.22
2021-09-30,801160,22.14,1.9,1.57
2021-09-30,801150,34.83,4.46,0.71
2021-09-30,801120,42.04,8.63,1.16
2021-09-30,801170,16.01,1.6,1.27
2021-09-30,801080,34.94,4.44,0.62
2021-09-30,801050,33.52,3.66,0.56
2021-09-30,801040,10.19,1.35,2.31
2021-09-30,801030,23.74,3.33,0.93
2021-09-30,801010,26.17,2.98,1.36
2021-09-30,801110,16.0,3.13,3.6
2021-09-30,801180,7.67,0.94,3.93
2021-09-30,801890,26.53,2.88,1.07
2021-09-30,801880,27.21,2.4,1.2
2021-09-30,801790,12.89,1.5,1.98
2021-09-30,801780,6.28,0.63,4.07
2021-09-30,801760,25.04,2.33,0.85
2021-09-30,801770,32.8,2.11,0.54
2021-09-30,801730,51.15,5.48,0.4
2021-09-30,801710,12.72,1.99,2.18
2021-09-30,801750,52.95,3.85,0.42
2021-10-11,801170,16.37,1.64,1.24
2021-10-11,801160,21.04,1.81,1.65
2021-10-11,801150,34.69,4.44,0.71
2021-10-11,801120,42.99,8.82,1.14
2021-10-11,801010,27.47,3.12,1.3
2021-10-11,801080,35.19,4.47,0.61
2021-10-11,801050,33.54,3.67,0.56
2021-10-11,801040,9.88,1.31,2.38
2021-10-11,801030,23.43,3.29,0.94
2021-10-11,801110,16.36,3.19,3.52
2021-10-11,801180,7.72,0.95,3.9
2021-10-11,801890,26.41,2.87,1.07
2021-10-11,801880,27.98,2.46,1.17
2021-10-11,801790,13.25,1.55,1.93
2021-10-11,801780,6.53,0.65,3.91
2021-10-11,801770,34.39,2.21,0.53
2021-10-11,801760,25.8,2.4,0.83
2021-10-11,801730,49.46,5.29,0.41
2021-10-11,801710,12.91,2.02,2.15
2021-10-11,801750,53.89,3.92,0.41
2021-10-12,801160,20.53,1.77,1.69
2021-10-12,801150,34.61,4.43,0.71
2021-10-12,801120,43.02,8.83,1.14
2021-10-12,801050,32.81,3.57,0.57
2021-10-12,801080,34.3,4.36,0.63
2021-10-12,801040,9.48,1.26,2.49
2021-10-12,801030,22.83,3.2,0.96
2021-10-12,801010,27.12,3.08,1.31
2021-10-12,801170,16.15,1.61,1.25
2021-10-12,801110,16.33,3.19,3.52
2021-10-12,801180,7.76,0.95,3.88
2021-10-12,801880,27.69,2.44,1.18
2021-10-12,801790,12.94,1.51,1.98
2021-10-12,801780,6.53,0.65,3.91
2021-10-12,801770,33.99,2.19,0.53
2021-10-12,801760,25.25,2.35,0.84
2021-10-12,801890,25.81,2.81,1.09
2021-10-12,801730,48.47,5.19,0.42
2021-10-12,801710,12.74,1.99,2.18
2021-10-12,801750,52.88,3.85,0.42
2021-10-13,801160,19.8,1.7,1.76
2021-10-13,801150,35.27,4.52,0.69
2021-10-13,801120,44.43,9.12,1.1
2021-10-13,801050,33.3,3.63,0.57
2021-10-13,801080,34.81,4.42,0.62
2021-10-13,801040,9.54,1.27,2.59
2021-10-13,801030,22.92,3.21,0.96
2021-10-13,801010,27.03,3.07,1.32
2021-10-13,801170,16.07,1.61,1.26
2021-10-13,801110,16.28,3.18,3.53
2021-10-13,801180,7.72,0.95,3.9
2021-10-13,801880,28.52,2.51,1.15
2021-10-13,801790,12.94,1.51,1.98
2021-10-13,801780,6.52,0.65,3.91
2021-10-13,801770,34.21,2.2,0.53
2021-10-13,801760,25.48,2.37,0.84
2021-10-13,801890,26.0,2.83,1.08
2021-10-13,801730,50.2,5.37,0.41
2021-10-13,801710,13.04,2.03,2.11
2021-10-13,801750,53.24,3.88,0.42
2021-10-14,801150,34.79,4.45,0.7
2021-10-14,801120,44.1,9.05,1.11
2021-10-14,801110,16.18,3.16,3.56
2021-10-14,801040,9.59,1.27,2.57
2021-10-14,801050,34.05,3.71,0.55
2021-10-14,801030,22.96,3.22,0.96
2021-10-14,801010,26.64,3.03,1.34
2021-10-14,801160,19.76,1.7,1.76
2021-10-14,801080,34.88,4.43,0.62
2021-10-14,801170,16.11,1.61,1.26
2021-10-14,801180,7.57,0.93,3.98
2021-10-14,801890,26.47,2.88,1.07
2021-10-14,801880,28.84,2.54,1.14
2021-10-14,801790,12.91,1.51,1.99
2021-10-14,801780,6.47,0.65,3.96
2021-10-14,801760,25.66,2.38,0.83
2021-10-14,801750,53.35,3.88,0.42
2021-10-14,801770,33.94,2.18,0.54
2021-10-14,801730,50.9,5.45,0.4
2021-10-14,801710,13.03,2.03,2.11
2021-10-15,801160,19.77,1.7,1.75
2021-10-15,801150,34.42,4.41,0.71
2021-10-15,801120,43.8,8.99,1.12
2021-10-15,801170,15.85,1.58,1.28
2021-10-15,801080,35.33,4.48,0.61
2021-10-15,801050,34.38,3.75,0.55
2021-10-15,801040,9.52,1.26,3.27
2021-10-15,801030,23.09,3.24,0.95
2021-10-15,801010,26.29,2.99,1.35
2021-10-15,801110,16.28,3.17,3.53
2021-10-15,801180,7.54,0.93,3.99
2021-10-15,801880,29.05,2.56,1.13
2021-10-15,801790,12.87,1.5,1.99
2021-10-15,801780,6.53,0.65,3.93
2021-10-15,801770,33.99,2.19,0.53
2021-10-15,801760,25.41,2.36,0.84
2021-10-15,801890,26.45,2.88,1.06
2021-10-15,801730,52.13,5.58,0.39
2021-10-15,801710,13.07,2.03,2.11
2021-10-15,801750,53.76,3.91,0.42
2021-10-18,801160,20.3,1.74,1.72
2021-10-18,801150,33.87,4.33,0.72
2021-10-18,801120,41.36,8.49,1.19
2021-10-18,801050,35.4,3.84,0.53
2021-10-18,801080,35.05,4.45,0.61
2021-10-18,801040,9.71,1.29,3.21
2021-10-18,801030,23.7,3.32,0.93
2021-10-18,801010,26.7,3.04,1.33
2021-10-18,801170,15.95,1.59,1.27
2021-10-18,801110,16.06,3.13,3.58
2021-10-18,801180,7.45,0.92,4.04
2021-10-18,801880,29.37,2.58,1.07
2021-10-18,801790,12.81,1.49,2.0
2021-10-18,801780,6.47,0.65,3.96
2021-10-18,801770,33.91,2.18,0.54
2021-10-18,801760,25.26,2.34,0.84
2021-10-18,801890,26.73,2.91,1.04
2021-10-18,801730,53.47,5.72,0.38
2021-10-18,801710,13.01,2.03,2.12
2021-10-18,801750,53.27,3.88,0.42
2021-10-19,801150,34.31,4.39,0.71
2021-10-19,801120,41.98,8.61,1.17
2021-10-19,801110,16.19,3.15,3.55
2021-10-19,801040,9.73,1.29,3.2
2021-10-19,801050,35.59,3.86,0.53
2021-10-19,801030,24.25,3.39,0.9
2021-10-19,801010,27.84,3.16,1.28
2021-10-19,801160,20.44,1.76,1.71
2021-10-19,801080,35.42,4.5,0.61
2021-10-19,801170,16.08,1.6,1.26
2021-10-19,801180,7.4,0.91,4.07
2021-10-19,801890,26.95,2.93,1.03
2021-10-19,801880,29.39,2.59,1.07
2021-10-19,801790,12.97,1.51,1.98
2021-10-19,801780,6.52,0.65,3.93
2021-10-19,801770,33.97,2.18,0.53
2021-10-19,801760,25.52,2.35,0.83
2021-10-19,801750,53.68,3.9,0.42
2021-10-19,801730,53.46,5.72,0.38
2021-10-19,801710,13.04,2.03,2.11
2021-10-20,801160,20.83,1.79,1.67
2021-10-20,801150,34.05,4.35,0.72
2021-10-20,801120,42.25,8.66,1.16
2021-10-20,801050,35.35,3.83,0.53
2021-10-20,801080,35.33,4.48,0.61
2021-10-20,801040,9.76,1.3,3.19
2021-10-20,801030,24.37,3.4,0.9
2021-10-20,801010,27.3,3.1,1.3
2021-10-20,801170,15.95,1.59,1.27
2021-10-20,801110,15.9,3.09,3.62
2021-10-20,801890,27.07,2.95,1.03
2021-10-20,801880,29.67,2.61,1.06
2021-10-20,801790,12.97,1.51,1.98
2021-10-20,801780,6.48,0.65,3.96
2021-10-20,801180,7.34,0.9,4.09
2021-10-20,801760,25.46,2.35,0.84
2021-10-20,801770,33.85,2.18,0.54
2021-10-20,801730,54.3,5.82,0.38
2021-10-20,801710,12.93,2.01,2.12
2021-10-20,801750,53.69,3.9,0.42
2021-10-21,801160,20.62,1.77,1.69
2021-10-21,801150,34.24,4.4,0.7
2021-10-21,801120,42.37,8.69,1.16
2021-10-21,801170,15.96,1.59,1.27
2021-10-21,801080,35.04,4.43,0.61
2021-10-21,801050,35.59,3.85,0.53
2021-10-21,801040,9.75,1.29,3.2
2021-10-21,801030,24.55,3.42,0.89
2021-10-21,801010,26.94,3.06,1.32
2021-10-21,801110,16.17,3.14,3.55
2021-10-21,801180,7.48,0.92,4.01
2021-10-21,801890,26.78,2.91,1.04
2021-10-21,801880,29.77,2.58,1.06
2021-10-21,801790,13.18,1.53,1.95
2021-10-21,801780,6.62,0.66,3.88
2021-10-21,801770,33.39,2.15,0.56
2021-10-21,801760,25.28,2.34,0.84
2021-10-21,801730,53.79,5.76,0.38
2021-10-21,801710,12.95,2.01,2.11
2021-10-21,801750,53.43,3.88,0.42
2021-10-25,801160,20.34,1.75,1.71
2021-10-25,801150,34.37,4.4,0.7
2021-10-25,801120,42.9,8.65,1.14
2021-10-25,801050,34.9,3.75,0.54
2021-10-25,801080,35.58,4.46,0.6
2021-10-25,801040,9.59,1.28,3.23
2021-10-25,801030,24.39,3.37,0.86
2021-10-25,801010,26.76,3.05,1.29
2021-10-25,801170,15.76,1.57,1.28
2021-10-25,801110,16.54,3.21,3.47
2021-10-25,801180,7.45,0.92,4.03
2021-10-25,801880,30.73,2.67,1.09
2021-10-25,801790,13.21,1.54,2.31
2021-10-25,801780,6.63,0.66,3.85
2021-10-25,801770,33.44,2.13,0.56
2021-10-25,801760,25.23,2.33,1.16
2021-10-25,801890,26.9,2.91,1.04
2021-10-25,801730,55.61,5.93,0.37
2021-10-25,801710,13.0,2.02,2.1
2021-10-25,801750,53.68,3.89,0.42
2021-10-26,801150,34.05,4.34,0.71
2021-10-26,801120,42.81,8.63,1.15
2021-10-26,801110,16.23,3.15,3.53
2021-10-26,801040,9.56,1.27,3.24
2021-10-26,801050,36.41,3.75,0.53
2021-10-26,801030,24.23,3.33,0.86
2021-10-26,801010,26.36,3.0,1.31
2021-10-26,801160,20.41,1.75,1.7
2021-10-26,801080,36.0,4.5,0.59
2021-10-26,801170,15.45,1.57,1.32
2021-10-26,801180,7.29,0.89,4.11
2021-10-26,801890,26.77,2.9,1.04
2021-10-26,801880,30.82,2.67,1.08
2021-10-26,801790,13.04,1.52,2.34
2021-10-26,801780,6.64,0.66,3.85
2021-10-26,801770,33.5,2.12,0.56
2021-10-26,801760,25.27,2.32,1.17
2021-10-26,801750,53.42,3.87,0.42
2021-10-26,801730,55.16,5.85,0.37
2021-10-26,801710,12.83,1.99,2.13
2021-10-27,801160,20.77,1.79,1.67
2021-10-27,801150,33.03,4.23,0.72
2021-10-27,801120,41.91,8.4,1.17
2021-10-27,801050,35.77,3.66,0.54
2021-10-27,801080,35.4,4.39,0.6
2021-10-27,801040,9.38,1.24,3.3
2021-10-27,801030,24.23,3.32,0.86
2021-10-27,801010,26.38,3.01,1.31
2021-10-27,801170,15.88,1.55,1.34
2021-10-27,801110,15.62,3.08,3.67
2021-10-27,801890,26.4,2.85,1.05
2021-10-27,801880,30.61,2.65,1.09
2021-10-27,801790,12.77,1.49,2.39
2021-10-27,801780,6.58,0.65,3.89
2021-10-27,801180,7.21,0.89,4.17
2021-10-27,801760,24.76,2.27,1.2
2021-10-27,801770,32.94,2.08,0.57
2021-10-27,801730,56.33,5.95,0.35
2021-10-27,801710,12.32,1.89,2.21
2021-10-27,801750,52.47,3.76,0.43
2021-10-28,801160,20.34,1.75,1.7
2021-10-28,801150,32.78,4.18,0.73
2021-10-28,801120,42.1,8.44,1.16
2021-10-28,801170,15.8,1.54,1.35
2021-10-28,801080,35.06,4.3,0.61
2021-10-28,801050,34.29,3.46,0.57
2021-10-28,801040,9.06,1.19,3.4
2021-10-28,801030,23.42,3.18,0.89
2021-10-28,801010,26.05,3.03,1.32
2021-10-28,801110,15.76,3.1,3.65
2021-10-28,801180,7.07,0.87,4.25
2021-10-28,801890,25.73,2.77,1.01
2021-10-28,801880,29.79,2.58,1.12
2021-10-28,801790,12.67,1.48,2.41
2021-10-28,801780,6.53,0.65,3.88
2021-10-28,801770,32.55,2.05,0.57
2021-10-28,801760,24.52,2.25,1.2
2021-10-28,801730,55.78,5.84,0.36
2021-10-28,801710,12.31,1.89,2.21
2021-10-28,801750,52.15,3.73,0.43
2021-10-29,801150,33.28,4.23,0.72
2021-10-29,801120,42.62,8.43,1.15
2021-10-29,801110,15.92,3.14,3.6
2021-10-29,801040,9.14,1.2,3.37
2021-10-29,801050,34.67,3.5,0.56
2021-10-29,801030,23.61,3.18,0.89
2021-10-29,801010,26.82,3.12,1.28
2021-10-29,801160,20.36,1.75,1.7
2021-10-29,801080,35.64,4.24,0.6
2021-10-29,801170,16.05,1.56,1.33
2021-10-29,801180,7.0,0.86,4.3
2021-10-29,801890,26.08,2.78,1.0
2021-10-29,801880,30.2,2.62,1.1
2021-10-29,801790,12.61,1.45,2.42
2021-10-29,801780,6.5,0.64,3.9
2021-10-29,801760,25.3,2.32,1.17
2021-10-29,801750,53.22,3.8,0.42
2021-10-29,801770,32.98,2.08,0.57
2021-10-29,801730,57.33,5.88,0.35
2021-10-29,801710,12.33,1.62,2.21
2021-11-01,801160,23.1,1.75,1.68
2021-11-01,801150,33.41,4.14,0.73
2021-11-01,801120,41.31,8.2,1.17
2021-11-01,801170,13.73,1.51,1.34
2021-11-01,801080,32.82,4.27,0.59
2021-11-01,801050,28.85,3.4,0.57
2021-11-01,801040,8.12,1.18,3.4
2021-11-01,801030,21.44,3.16,0.89
2021-11-01,801010,44.77,3.23,1.27
2021-11-01,801110,16.79,3.17,3.5
2021-11-01,801180,7.27,0.85,4.33
2021-11-01,801890,26.44,2.8,0.99
2021-11-01,801880,31.93,2.61,1.11
2021-11-01,801790,13.86,1.45,2.4
2021-11-01,801780,6.32,0.63,3.86
2021-11-01,801760,28.6,2.33,1.14
2021-11-01,801770,34.34,2.1,0.56
2021-11-01,801730,54.12,5.87,0.34
2021-11-01,801710,11.31,1.61,2.21
2021-11-01,801750,55.08,3.81,0.42
2021-11-02,801160,22.48,1.7,1.74
2021-11-02,801150,33.03,4.1,0.73
2021-11-02,801120,41.37,8.21,1.17
2021-11-02,801170,13.67,1.51,1.34
2021-11-02,801080,33.0,4.29,0.59
2021-11-02,801050,28.62,3.38,0.58
2021-11-02,801040,7.74,1.13,3.43
2021-11-02,801030,20.95,3.08,0.91
2021-11-02,801010,45.43,3.28,1.25
2021-11-02,801110,16.42,3.1,3.57
2021-11-02,801180,7.12,0.83,4.43
2021-11-02,801880,32.13,2.62,1.1
2021-11-02,801790,13.61,1.42,2.4
2021-11-02,801780,6.14,0.62,3.97
2021-11-02,801770,34.38,2.1,0.56
2021-11-02,801760,28.28,2.31,1.15
2021-11-02,801890,26.1,2.77,0.99
2021-11-02,801730,55.71,6.06,0.33
2021-11-02,801710,12.52,1.82,2.27
2021-11-02,801750,54.62,3.78,0.42
2021-11-03,801150,33.34,4.14,0.73
2021-11-03,801120,40.86,8.11,1.18
2021-11-03,801110,16.27,3.07,3.61
2021-11-03,801040,7.78,1.14,3.41
2021-11-03,801050,28.56,3.37,0.58
2021-11-03,801030,20.86,3.07,0.91
2021-11-03,801010,46.57,3.36,1.22
2021-11-03,801160,22.61,1.7,1.73
2021-11-03,801080,32.88,4.27,0.59
2021-11-03,801170,13.72,1.51,1.34
2021-11-03,801180,7.22,0.85,4.37
2021-11-03,801890,26.12,2.78,0.99
2021-11-03,801880,31.79,2.6,1.11
2021-11-03,801790,13.64,1.42,2.39
2021-11-03,801780,6.12,0.61,3.97
2021-11-03,801760,28.85,2.31,1.16
2021-11-03,801750,55.26,3.82,0.41
2021-11-03,801770,34.57,2.11,0.56
2021-11-03,801730,54.54,5.93,0.34
2021-11-03,801710,12.65,1.84,2.24
2021-11-04,801160,22.91,1.73,1.71
2021-11-04,801150,33.47,4.16,0.73
2021-11-04,801120,42.23,8.39,1.14
2021-11-04,801170,13.69,1.51,1.34
2021-11-04,801080,33.4,4.34,0.58
2021-11-04,801050,28.67,3.39,0.57
2021-11-04,801040,7.9,1.15,3.34
2021-11-04,801030,20.96,3.08,0.91
2021-11-04,801010,47.2,3.41,1.2
2021-11-04,801110,16.48,3.11,3.56
2021-11-04,801180,7.2,0.85,4.38
2021-11-04,801880,32.88,2.69,1.07
2021-11-04,801790,13.62,1.42,2.4
2021-11-04,801780,6.1,0.61,3.99
2021-11-04,801770,35.28,2.15,0.55
2021-11-04,801760,29.29,2.35,1.14
2021-11-04,801890,26.5,2.82,0.97
2021-11-04,801730,55.89,6.08,0.33
2021-11-04,801710,12.68,1.85,2.24
2021-11-04,801750,55.71,3.86,0.41
2021-11-05,801160,22.03,1.66,1.78
2021-11-05,801150,33.42,4.15,0.73
2021-11-05,801120,42.32,8.4,1.14
2021-11-05,801050,28.46,3.36,0.58
2021-11-05,801080,33.53,4.36,0.58
2021-11-05,801040,7.64,1.11,3.46
2021-11-05,801030,20.25,2.98,0.94
2021-11-05,801010,46.3,3.35,1.23
2021-11-05,801170,13.52,1.49,1.36
2021-11-05,801110,16.47,3.11,3.56
2021-11-05,801180,7.09,0.83,4.45
2021-11-05,801880,32.84,2.68,1.08
2021-11-05,801790,13.61,1.42,2.4
2021-11-05,801780,6.07,0.61,4.0
2021-11-05,801770,35.38,2.16,0.55
2021-11-05,801760,29.66,2.38,1.12
2021-11-05,801890,26.48,2.81,0.98
2021-11-05,801730,54.9,5.97,0.33
2021-11-05,801710,12.39,1.8,2.29
2021-11-05,801750,56.24,3.89,0.41
2021-11-08,801150,32.77,4.07,0.74
2021-11-08,801120,42.07,8.35,1.14
2021-11-08,801110,16.41,3.1,3.57
2021-11-08,801040,7.84,1.14,3.37
2021-11-08,801050,29.62,3.5,0.56
2021-11-08,801030,20.54,3.02,0.93
2021-11-08,801010,46.08,3.33,1.23
2021-11-08,801160,22.14,1.67,1.77
2021-11-08,801080,33.27,4.33,0.59
2021-11-08,801170,13.71,1.51,1.34
2021-11-08,801180,7.18,0.84,4.4
2021-11-08,801880,33.05,2.7,1.07
2021-11-08,801790,13.74,1.44,2.37
2021-11-08,801780,6.04,0.61,4.02
2021-11-08,801770,35.34,2.16,0.55
2021-11-08,801760,29.98,2.4,1.11
2021-11-08,801750,56.07,3.88,0.41
2021-11-08,801890,26.65,2.83,0.97
2021-11-08,801730,56.33,6.12,0.32
2021-11-08,801710,12.38,1.8,2.29
2021-11-09,801160,22.31,1.68,1.75
2021-11-09,801150,33.13,4.11,0.73
2021-11-09,801120,41.67,8.27,1.16
2021-11-09,801050,29.78,3.52,0.55
2021-11-09,801080,33.77,4.39,0.58
2021-11-09,801040,7.82,1.14,3.37
2021-11-09,801030,20.77,3.05,0.92
2021-11-09,801010,46.45,3.36,1.22
2021-11-09,801170,13.63,1.5,1.35
2021-11-09,801110,16.26,3.07,3.61
2021-11-09,801180,7.18,0.84,4.4
2021-11-09,801880,33.14,2.71,1.07
2021-11-09,801790,13.76,1.44,2.37
2021-11-09,801780,6.05,0.61,4.02
2021-11-09,801770,35.74,2.18,0.54
2021-11-09,801760,29.98,2.4,1.14
2021-11-09,801890,26.83,2.85,0.96
2021-11-09,801730,56.81,6.17,0.32
2021-11-09,801710,12.52,1.82,2.27
2021-11-09,801750,56.83,3.93,0.4
2021-11-10,801160,22.13,1.67,1.77
2021-11-10,801150,33.72,4.19,0.72
2021-11-10,801120,40.86,8.11,1.18
2021-11-10,801050,29.3,3.46,0.56
2021-11-10,801080,33.96,4.42,0.57
2021-11-10,801040,7.81,1.14,3.38
2021-11-10,801030,20.57,3.02,0.93
2021-11-10,801010,46.15,3.33,1.23
2021-11-10,801170,13.57,1.5,1.36
2021-11-10,801110,16.19,3.06,3.62
2021-11-10,801180,7.38,0.87,4.28
2021-11-10,801880,32.74,2.67,1.08
2021-11-10,801790,13.7,1.43,2.38
2021-11-10,801780,6.02,0.6,4.03
2021-11-10,801760,30.11,2.42,1.13
2021-11-10,801770,36.21,2.2,0.54
2021-11-10,801730,56.15,6.1,0.33
2021-11-10,801890,26.79,2.85,0.97
2021-11-10,801710,12.39,1.8,2.28
2021-11-10,801750,56.96,3.94,0.4
2021-11-11,801160,22.07,1.66,1.8
2021-11-11,801150,33.7,4.18,0.72
2021-11-11,801120,41.09,8.16,1.17
2021-11-11,801010,46.38,3.35,1.22
2021-11-11,801080,34.48,4.48,0.57
2021-11-11,801050,29.49,3.48,0.56
2021-11-11,801040,7.95,1.16,3.32
2021-11-11,801030,20.73,3.05,0.92
2021-11-11,801170,13.73,1.51,1.34
2021-11-11,801110,16.69,3.15,3.51
2021-11-11,801180,7.81,0.92,4.04
2021-11-11,801710,13.07,1.9,2.17
2021-11-11,801890,26.83,2.85,0.96
2021-11-11,801880,32.78,2.69,1.08
2021-11-11,801790,14.15,1.48,2.31
2021-11-11,801770,36.65,2.23,0.53
2021-11-11,801780,6.19,0.62,3.92
2021-11-11,801750,57.27,3.96,0.4
2021-11-11,801730,56.34,6.12,0.32
2021-11-11,801760,30.54,2.45,1.11
2021-11-12,801160,22.16,1.67,1.79
2021-11-12,801150,33.68,4.18,0.72
2021-11-12,801120,40.77,8.1,1.18
2021-11-12,801170,13.82,1.52,1.33
2021-11-12,801080,34.65,4.51,0.56
2021-11-12,801050,29.62,3.5,0.55
2021-11-12,801040,7.85,1.14,3.36
2021-11-12,801030,20.84,3.06,0.91
2021-11-12,801010,47.03,3.4,1.21
2021-11-12,801110,16.76,3.17,3.5
2021-11-12,801180,7.7,0.9,4.1
2021-11-12,801890,27.05,2.88,0.95
2021-11-12,801880,33.08,2.71,1.07
2021-11-12,801790,14.07,1.47,2.32
2021-11-12,801780,6.17,0.62,3.94
2021-11-12,801770,37.3,2.27,0.52
2021-11-12,801760,30.45,2.45,1.11
2021-11-12,801730,56.86,6.18,0.32
2021-11-12,801710,13.01,1.89,2.17
2021-11-12,801750,57.78,3.99,0.4
2021-11-15,801160,22.32,1.68,1.78
2021-11-15,801150,34.22,4.25,0.71
2021-11-15,801120,41.1,8.16,1.17
2021-11-15,801050,28.95,3.42,0.57
2021-11-15,801080,34.59,4.5,0.56
2021-11-15,801040,7.83,1.14,3.37
2021-11-15,801030,20.48,3.01,0.93
2021-11-15,801010,46.97,3.39,1.21
2021-11-15,801170,13.75,1.52,1.33
2021-11-15,801110,16.91,3.19,2.96
2021-11-15,801180,7.63,0.9,4.14
2021-11-15,801880,32.68,2.68,1.09
2021-11-15,801790,14.01,1.46,2.33
2021-11-15,801780,6.2,0.62,3.92
2021-11-15,801770,37.16,2.26,0.52
2021-11-15,801760,31.22,2.51,1.09
2021-11-15,801890,26.89,2.86,0.96
2021-11-15,801730,55.31,6.01,0.33
2021-11-15,801710,13.01,1.89,2.18
2021-11-15,801750,58.11,4.02,0.39
2021-11-16,801150,34.99,4.34,0.69
2021-11-16,801120,42.04,8.35,1.15
2021-11-16,801110,17.0,3.21,2.95
2021-11-16,801040,7.67,1.12,3.44
2021-11-16,801050,28.46,3.36,0.58
2021-11-16,801030,20.22,2.97,0.94
2021-11-16,801010,46.75,3.37,1.22
2021-11-16,801160,22.11,1.66,1.79
2021-11-16,801080,34.17,4.44,0.57
2021-11-16,801170,13.78,1.52,1.33
2021-11-16,801180,7.56,0.89,4.17
2021-11-16,801890,26.66,2.84,0.97
2021-11-16,801880,32.26,2.65,1.1
2021-11-16,801790,13.85,1.45,2.36
2021-11-16,801780,6.16,0.62,3.94
2021-11-16,801770,37.37,2.27,0.52
2021-11-16,801760,31.39,2.52,1.08
2021-11-16,801750,57.67,3.99,0.4
2021-11-16,801730,54.54,5.93,0.34
2021-11-16,801710,12.87,1.87,2.2
2021-11-17,801160,22.37,1.68,1.77
2021-11-17,801150,35.08,4.35,0.69
2021-11-17,801120,41.75,8.29,1.15
2021-11-17,801050,29.39,3.47,0.56
2021-11-17,801080,34.42,4.48,0.57
2021-11-17,801040,8.01,1.17,3.55
2021-11-17,801030,20.61,3.03,0.92
2021-11-17,801010,46.48,3.35,1.22
2021-11-17,801170,13.83,1.53,1.33
2021-11-17,801110,16.97,3.19,2.99
2021-11-17,801890,27.17,2.89,0.95
2021-11-17,801880,32.66,2.68,1.09
2021-11-17,801790,13.79,1.44,2.34
2021-11-17,801780,6.11,0.61,3.97
2021-11-17,801180,7.59,0.89,4.16
2021-11-17,801760,31.52,2.54,1.08
2021-11-17,801770,38.09,2.32,0.61
2021-11-17,801730,55.93,6.08,0.33
2021-11-17,801710,12.87,1.87,2.2
2021-11-17,801750,58.08,4.02,0.39
2021-11-18,801160,22.5,1.69,1.76
2021-11-18,801150,34.44,4.27,0.71
2021-11-18,801120,41.56,8.26,1.16
2021-11-18,801170,13.86,1.53,1.32
2021-11-18,801080,34.0,4.42,0.57
2021-11-18,801050,29.82,3.53,0.55
2021-11-18,801040,8.16,1.19,3.48
2021-11-18,801030,20.66,3.04,0.92
2021-11-18,801010,46.45,3.35,1.22
2021-11-18,801110,16.62,3.13,3.06
2021-11-18,801180,7.49,0.88,4.21
2021-11-18,801890,27.22,2.9,0.95
2021-11-18,801880,32.35,2.65,1.1
2021-11-18,801790,13.64,1.42,2.38
2021-11-18,801780,6.07,0.61,4.0
2021-11-18,801770,37.59,2.29,0.61
2021-11-18,801760,30.69,2.47,1.1
2021-11-18,801730,55.83,6.07,0.33
2021-11-18,801710,12.8,1.86,2.21
2021-11-18,801750,57.0,3.94,0.4
2021-11-19,801150,34.45,4.27,0.71
2021-11-19,801120,42.07,8.36,1.15
2021-11-19,801110,16.76,3.15,3.03
2021-11-19,801040,8.28,1.21,3.43
2021-11-19,801050,30.08,3.56,0.55
2021-11-19,801030,20.9,3.07,0.92
2021-11-19,801010,46.22,3.34,1.23
2021-11-19,801160,22.67,1.71,1.75
2021-11-19,801080,34.54,4.49,0.56
2021-11-19,801170,14.16,1.57,1.3
2021-11-19,801180,7.73,0.91,4.09
2021-11-19,801890,27.48,2.92,0.94
2021-11-19,801880,32.78,2.69,1.08
2021-11-19,801790,13.87,1.45,2.34
2021-11-19,801780,6.14,0.62,3.95
2021-11-19,801760,30.85,2.48,1.1
2021-11-19,801750,57.74,3.99,0.4
2021-11-19,801770,37.84,2.3,0.61
2021-11-19,801730,56.72,6.16,0.32
2021-11-19,801710,13.08,1.9,2.16
2021-11-22,801160,22.72,1.71,1.75
2021-11-22,801150,34.25,4.25,0.71
2021-11-22,801120,42.39,8.42,1.14
2021-11-22,801170,14.19,1.57,1.29
2021-11-22,801080,35.5,4.61,0.55
2021-11-22,801050,31.02,3.67,0.53
2021-11-22,801040,8.31,1.21,3.42
2021-11-22,801030,21.35,3.14,0.9
2021-11-22,801010,46.11,3.33,1.23
2021-11-22,801110,16.79,3.16,3.02
2021-11-22,801180,7.59,0.89,4.17
2021-11-22,801890,27.84,2.96,0.92
2021-11-22,801880,33.83,2.77,1.05
2021-11-22,801790,13.91,1.45,2.33
2021-11-22,801780,6.08,0.61,3.99
2021-11-22,801760,30.86,2.48,1.1
2021-11-22,801770,38.39,2.33,0.6
2021-11-22,801730,58.39,6.34,0.31
2021-11-22,801710,13.03,1.9,2.17
2021-11-22,801750,58.36,4.03,0.39
2021-11-23,801160,22.71,1.71,1.75
2021-11-23,801150,34.31,4.26,0.71
2021-11-23,801120,42.62,8.46,1.13
2021-11-23,801010,45.72,3.3,1.24
2021-11-23,801080,35.25,4.58,0.55
2021-11-23,801170,14.17,1.57,1.29
2021-11-23,801040,8.49,1.24,3.35
2021-11-23,801030,21.27,3.13,0.91
2021-11-23,801110,16.77,3.16,3.03
2021-11-23,801180,7.65,0.9,4.14
2021-11-23,801050,31.06,3.68,0.53
2021-11-23,801890,28.05,2.99,0.92
2021-11-23,801880,33.99,2.78,1.14
2021-11-23,801790,13.93,1.45,2.33
2021-11-23,801780,6.09,0.61,3.98
2021-11-23,801770,38.43,2.34,0.6
2021-11-23,801760,30.84,2.48,1.1
2021-11-23,801730,57.97,6.3,0.32
2021-11-23,801710,13.0,1.89,2.18
2021-11-23,801750,58.25,4.03,0.39
2021-11-24,801160,22.77,1.72,1.74
2021-11-24,801150,34.59,4.29,0.7
2021-11-24,801120,43.49,8.64,1.11
2021-11-24,801050,31.43,3.72,0.52
2021-11-24,801080,35.23,4.58,0.55
2021-11-24,801040,8.55,1.25,3.33
2021-11-24,801030,21.09,3.1,0.91
2021-11-24,801010,44.97,3.24,1.26
2021-11-24,801170,14.15,1.57,1.3
2021-11-24,801110,16.77,3.16,3.03
2021-11-24,801180,7.7,0.91,4.11
2021-11-24,801880,33.63,2.75,1.16
2021-11-24,801790,13.92,1.45,2.33
2021-11-24,801780,6.1,0.61,3.98
2021-11-24,801770,38.76,2.36,0.6
2021-11-24,801760,31.16,2.51,1.09
2021-11-24,801890,27.86,2.97,0.92
2021-11-24,801730,56.77,6.17,0.32
2021-11-24,801710,13.05,1.9,2.17
2021-11-24,801750,57.85,4.0,0.39
2021-11-25,801160,22.78,1.72,1.74
2021-11-25,801150,35.06,4.35,0.69
2021-11-25,801120,43.45,8.63,1.11
2021-11-25,801050,31.51,3.73,0.52
2021-11-25,801080,35.04,4.55,0.56
2021-11-25,801040,8.41,1.23,3.73
2021-11-25,801030,21.04,3.09,0.91
2021-11-25,801010,45.07,3.25,1.26
2021-11-25,801170,14.06,1.56,1.3
2021-11-25,801110,16.59,3.12,3.06
2021-11-25,801180,7.68,0.9,4.12
2021-11-25,801880,33.23,2.71,1.17
2021-11-25,801790,13.85,1.45,2.34
2021-11-25,801780,6.08,0.61,3.99
2021-11-25,801770,38.27,2.33,0.6
2021-11-25,801760,30.6,2.46,1.11
2021-11-25,801890,27.79,2.96,0.92
2021-11-25,801730,56.6,6.15,0.32
2021-11-25,801710,13.05,1.9,2.17
2021-11-25,801750,57.89,4.0,0.39
2021-11-26,801150,35.02,4.34,0.7
2021-11-26,801120,43.15,8.57,1.1
2021-11-26,801110,16.52,3.11,3.07
2021-11-26,801040,8.61,1.26,3.61
2021-11-26,801050,31.89,3.77,0.51
2021-11-26,801030,21.2,3.12,0.91
2021-11-26,801010,44.75,3.23,1.27
2021-11-26,801160,22.74,1.71,1.74
2021-11-26,801080,34.46,4.48,0.56
2021-11-26,801170,13.93,1.54,1.36
2021-11-26,801180,7.62,0.9,4.15
2021-11-26,801890,27.79,2.96,0.92
2021-11-26,801880,33.2,2.71,1.17
2021-11-26,801790,13.73,1.43,2.36
2021-11-26,801780,6.02,0.6,4.03
2021-11-26,801760,30.26,2.43,1.12
2021-11-26,801750,57.93,4.01,0.39
2021-11-26,801770,37.76,2.3,0.61
2021-11-26,801730,57.1,6.21,0.32
2021-11-26,801710,12.92,1.88,2.19
2021-11-29,801160,22.85,1.72,1.73
2021-11-29,801150,35.13,4.35,0.69
2021-11-29,801120,43.57,8.65,1.08
2021-11-29,801170,13.84,1.53,1.37
2021-11-29,801080,34.7,4.51,0.56
2021-11-29,801050,32.05,3.79,0.51
2021-11-29,801040,8.56,1.25,3.63
2021-11-29,801030,21.29,3.13,0.9
2021-11-29,801010,44.91,3.24,1.26
2021-11-29,801110,16.34,3.08,3.1
2021-11-29,801180,7.52,0.89,4.21
2021-11-29,801880,33.52,2.74,1.16
2021-11-29,801790,13.65,1.42,2.3
2021-11-29,801780,6.0,0.6,4.05
2021-11-29,801770,37.61,2.29,0.61
2021-11-29,801760,29.92,2.41,1.13
2021-11-29,801890,27.81,2.96,0.92
2021-11-29,801730,57.93,6.3,0.31
2021-11-29,801710,12.81,1.86,2.21
2021-11-29,801750,57.65,3.99,0.4
2021-11-30,801160,22.91,1.73,1.73
2021-11-30,801150,35.1,4.35,0.69
2021-11-30,801120,42.67,8.47,1.1
2021-11-30,801050,31.82,3.77,0.52
2021-11-30,801080,34.98,4.55,0.56
2021-11-30,801040,8.51,1.24,3.65
2021-11-30,801030,21.38,3.14,0.9
2021-11-30,801010,44.47,3.21,1.28
2021-11-30,801170,13.97,1.55,1.36
2021-11-30,801110,16.37,3.08,3.09
2021-11-30,801180,7.5,0.88,4.22
2021-11-30,801880,33.76,2.76,1.15
2021-11-30,801790,13.65,1.42,2.3
2021-11-30,801780,5.98,0.6,4.06
2021-11-30,801770,38.11,2.32,0.61
2021-11-30,801760,29.92,2.41,1.13
2021-11-30,801890,27.9,2.97,0.92
2021-11-30,801730,57.89,6.29,0.32
2021-11-30,801710,12.78,1.86,2.21
2021-11-30,801750,58.85,4.07,0.39
2021-12-01,801150,34.71,4.3,0.7
2021-12-01,801120,42.88,8.51,1.1
2021-12-01,801110,16.53,3.11,3.06
2021-12-01,801040,8.55,1.25,3.63
2021-12-01,801050,31.74,3.76,0.52
2021-12-01,801030,21.52,3.16,0.89
2021-12-01,801010,44.49,3.21,1.28
2021-12-01,801160,23.32,1.76,1.7
2021-12-01,801080,35.03,4.55,0.56
2021-12-01,801170,14.09,1.56,1.34
2021-12-01,801180,7.6,0.89,4.17
2021-12-01,801890,28.14,3.0,0.91
2021-12-01,801880,33.82,2.76,1.15
2021-12-01,801790,13.82,1.44,2.27
2021-12-01,801780,6.02,0.6,4.03
2021-12-01,801770,38.58,2.35,0.6
2021-12-01,801760,30.3,2.44,1.12
2021-12-01,801750,59.46,4.11,0.38
2021-12-01,801730,57.13,6.21,0.32
2021-12-01,801710,12.82,1.87,2.21
2021-12-02,801160,23.0,1.73,1.72
2021-12-02,801150,34.28,4.25,0.71
2021-12-02,801120,42.99,8.53,1.1
2021-12-02,801050,31.53,3.72,0.52
2021-12-02,801080,34.87,4.53,0.56
2021-12-02,801040,8.64,1.26,3.6
2021-12-02,801030,21.4,3.15,0.9
2021-12-02,801010,44.57,3.22,1.27
2021-12-02,801170,14.07,1.56,1.35
2021-12-02,801110,16.51,3.11,3.07
2021-12-02,801890,27.96,2.98,0.92
2021-12-02,801880,34.22,2.8,1.14
2021-12-02,801790,13.89,1.45,2.26
2021-12-02,801780,6.04,0.61,4.02
2021-12-02,801180,7.66,0.9,4.13
2021-12-02,801760,29.73,2.39,1.14
2021-12-02,801770,37.87,2.31,0.61
2021-12-02,801730,57.0,6.19,0.32
2021-12-02,801710,13.07,1.9,2.17
2021-12-02,801750,58.22,4.03,0.39
2021-12-03,801160,23.54,1.77,1.68
2021-12-03,801150,34.44,4.27,0.71
2021-12-03,801120,43.99,8.73,1.07
2021-12-03,801170,14.35,1.58,1.33
2021-12-03,801080,35.36,4.6,0.55
2021-12-03,801050,31.75,3.75,0.52
2021-12-03,801040,8.65,1.26,3.59
2021-12-03,801030,21.46,3.15,0.9
2021-12-03,801010,45.39,3.28,1.25
2021-12-03,801110,16.51,3.11,3.07
2021-12-03,801180,7.73,0.91,4.09
2021-12-03,801790,13.95,1.46,2.25
2021-12-03,801880,34.03,2.78,1.14
2021-12-03,801890,28.03,2.98,0.91
2021-12-03,801780,6.08,0.61,4.02
2021-12-03,801770,37.84,2.31,0.61
2021-12-03,801760,29.82,2.4,1.14
2021-12-03,801730,57.0,6.19,0.32
2021-12-03,801710,13.28,1.93,2.13
2021-12-03,801750,58.48,4.05,0.39
2021-12-06,801160,23.4,1.76,1.69
2021-12-06,801150,33.86,4.2,0.72
2021-12-06,801120,43.83,8.7,1.07
2021-12-06,801050,31.37,3.7,0.52
2021-12-06,801080,34.86,4.53,0.56
2021-12-06,801040,8.58,1.25,3.62
2021-12-06,801030,21.34,3.13,0.9
2021-12-06,801010,44.55,3.21,1.28
2021-12-06,801170,13.97,1.58,1.36
2021-12-06,801110,16.7,3.15,3.03
2021-12-06,801180,7.74,0.91,4.09
2021-12-06,801880,33.17,2.73,1.15
2021-12-06,801790,14.09,1.47,2.23
2021-12-06,801780,6.11,0.61,4.0
2021-12-06,801770,37.3,2.27,0.62
2021-12-06,801760,29.61,2.38,1.14
2021-12-06,801890,27.63,2.94,0.93
2021-12-06,801730,55.81,6.06,0.33
2021-12-06,801710,13.46,1.96,2.1
2021-12-06,801750,57.63,3.99,0.4
2021-12-07,801150,33.97,4.21,0.72
2021-12-07,801120,44.04,8.74,1.07
2021-12-07,801110,17.05,3.21,2.97
2021-12-07,801040,8.61,1.26,3.61
2021-12-07,801050,30.77,3.63,0.54
2021-12-07,801030,21.03,3.09,0.91
2021-12-07,801010,44.56,3.22,1.27
2021-12-07,801160,23.54,1.77,1.68
2021-12-07,801080,34.33,4.46,0.57
2021-12-07,801170,14.09,1.6,1.35
2021-12-07,801180,7.85,0.92,4.05
2021-12-07,801890,27.47,2.93,0.93
2021-12-07,801880,32.71,2.7,1.16
2021-12-07,801790,14.2,1.48,2.21
2021-12-07,801780,6.16,0.62,3.96
2021-12-07,801770,37.02,2.25,0.62
2021-12-07,801760,29.81,2.39,1.14
2021-12-07,801750,57.37,3.97,0.4
2021-12-07,801730,54.89,5.95,0.33
2021-12-07,801710,13.75,2.0,2.06
2021-12-08,801160,23.66,1.78,1.67
2021-12-08,801150,34.41,4.27,0.71
2021-12-08,801120,45.53,9.04,1.03
2021-12-08,801050,31.33,3.7,0.53
2021-12-08,801080,35.37,4.6,0.55
2021-12-08,801040,8.7,1.27,3.59
2021-12-08,801030,21.4,3.14,0.89
2021-12-08,801010,45.25,3.27,1.26
2021-12-08,801170,15.15,1.61,1.26
2021-12-08,801110,17.05,3.23,2.97
2021-12-08,801890,27.88,2.97,0.92
2021-12-08,801880,33.32,2.75,1.14
2021-12-08,801790,14.34,1.5,2.19
2021-12-08,801780,6.17,0.62,3.96
2021-12-08,801180,7.84,0.92,4.05
2021-12-08,801760,30.3,2.44,1.12
2021-12-08,801770,37.51,2.28,0.61
2021-12-08,801730,55.84,6.06,0.32
2021-12-08,801710,13.67,1.99,2.07
2021-12-08,801750,58.63,4.06,0.39
2021-12-09,801160,23.72,1.79,1.67
2021-12-09,801150,35.13,4.36,0.69
2021-12-09,801120,46.41,9.21,1.02
2021-12-09,801170,15.28,1.63,1.25
2021-12-09,801080,35.78,4.66,0.54
2021-12-09,801050,31.28,3.69,0.53
2021-12-09,801040,8.75,1.28,3.57
2021-12-09,801030,21.35,3.14,0.9
2021-12-09,801010,45.59,3.29,1.25
2021-12-09,801110,17.38,3.29,2.91
2021-12-09,801180,7.98,0.94,3.98
2021-12-09,801780,6.23,0.63,3.92
2021-12-09,801890,27.85,2.96,0.92
2021-12-09,801880,33.51,2.76,1.14
2021-12-09,801790,14.61,1.53,2.15
2021-12-09,801770,37.6,2.29,0.61
2021-12-09,801760,30.77,2.47,1.1
2021-12-09,801730,55.5,6.02,0.33
2021-12-09,801710,13.91,2.02,2.03
2021-12-09,801750,59.06,4.09,0.39
2021-12-10,801150,34.84,4.32,0.7
2021-12-10,801120,46.4,9.21,1.02
2021-12-10,801110,17.35,3.28,2.92
2021-12-10,801040,8.66,1.27,3.61
2021-12-10,801050,31.7,3.74,0.52
2021-12-10,801030,21.56,3.17,0.89
2021-12-10,801010,45.55,3.29,1.25
2021-12-10,801160,23.66,1.78,1.66
2021-12-10,801080,35.58,4.63,0.54
2021-12-10,801180,7.92,0.93,4.0
2021-12-10,801170,15.3,1.63,1.24
2021-12-10,801890,28.02,2.98,0.91
2021-12-10,801880,33.5,2.76,1.14
2021-12-10,801790,14.46,1.51,2.17
2021-12-10,801780,6.22,0.62,3.93
2021-12-10,801760,31.32,2.52,1.08
2021-12-10,801770,37.85,2.31,0.61
2021-12-10,801730,56.17,6.09,0.32
2021-12-10,801710,13.79,2.01,2.05
2021-12-10,801750,58.53,4.05,0.39
2021-12-13,801170,14.65,1.56,1.32
2021-12-13,801160,27.35,1.88,1.83
2021-12-13,801180,7.86,0.92,4.0
2021-12-13,801150,34.16,4.22,0.71
2021-12-13,801030,20.45,3.21,0.85
2021-12-13,801110,17.91,3.36,2.84
2021-12-13,801080,36.53,4.47,0.46
2021-12-13,801050,31.11,3.76,0.48
2021-12-13,801040,9.53,1.38,3.39
2021-12-13,801010,48.68,3.19,1.19
2021-12-13,801120,46.3,9.31,1.02
2021-12-13,801710,14.23,2.25,1.92
2021-12-13,801880,33.07,2.74,1.15
2021-12-13,801790,14.5,1.52,2.14
2021-12-13,801890,26.83,2.88,0.96
2021-12-13,801770,37.48,2.32,0.66
2021-12-13,801760,29.7,2.49,1.15
2021-12-13,801750,52.7,4.18,0.54
2021-12-13,801730,58.84,6.61,0.28
2021-12-13,801780,6.17,0.62,3.96
2021-12-14,801180,7.77,0.91,4.05
2021-12-14,801160,27.49,1.89,1.83
2021-12-14,801150,34.39,4.25,0.71
2021-12-14,801010,48.68,3.19,1.19
2021-12-14,801110,17.56,3.29,2.9
2021-12-14,801080,36.53,4.47,0.46
2021-12-14,801050,30.38,3.67,0.49
2021-12-14,801040,9.35,1.36,3.45
2021-12-14,801030,20.3,3.19,0.86
2021-12-14,801120,46.57,9.37,1.01
2021-12-14,801170,14.45,1.54,1.34
2021-12-14,801710,13.9,2.2,1.96
2021-12-14,801890,26.84,2.88,0.96
2021-12-14,801880,32.61,2.7,1.16
2021-12-14,801790,14.42,1.51,2.16
2021-12-14,801770,37.87,2.35,0.65
2021-12-14,801760,30.02,2.52,1.14
2021-12-14,801750,53.38,4.24,0.54
2021-12-14,801730,58.48,6.57,0.29
2021-12-14,801780,6.08,0.61,4.02
2021-12-15,801180,7.83,0.91,4.02
2021-12-15,801170,14.45,1.53,1.34
2021-12-15,801160,28.07,1.93,1.79
2021-12-15,801150,33.6,4.15,0.73
2021-12-15,801050,29.93,3.61,0.49
2021-12-15,801110,17.4,3.26,2.92
2021-12-15,801080,36.18,4.43,0.46
2021-12-15,801040,9.43,1.37,3.42
2021-12-15,801030,20.15,3.17,0.87
2021-12-15,801010,48.23,3.16,1.2
2021-12-15,801120,45.92,9.23,1.03
2021-12-15,801710,13.89,2.2,1.96
2021-12-15,801890,26.71,2.87,0.97
2021-12-15,801880,32.27,2.68,1.17
2021-12-15,801790,14.46,1.52,2.15
2021-12-15,801770,38.0,2.35,0.65
2021-12-15,801760,30.05,2.52,1.14
2021-12-15,801750,53.12,4.22,0.54
2021-12-15,801730,58.52,6.6,0.29
2021-12-15,801780,6.1,0.61,4.0
2021-12-16,801180,7.87,0.92,4.0
2021-12-16,801170,14.58,1.55,1.33
2021-12-16,801160,28.36,1.95,1.77
2021-12-16,801150,33.73,4.16,0.72
2021-12-16,801050,30.27,3.65,0.49
2021-12-16,801110,17.43,3.27,2.91
2021-12-16,801080,36.26,4.44,0.46
2021-12-16,801040,9.71,1.41,3.32
2021-12-16,801030,20.35,3.2,0.86
2021-12-16,801010,48.14,3.14,1.2
2021-12-16,801120,45.56,9.16,1.04
2021-12-16,801710,14.27,2.26,1.94
2021-12-16,801890,27.12,2.91,0.95
2021-12-16,801880,32.85,2.7,1.14
2021-12-16,801790,14.58,1.53,2.13
2021-12-16,801770,38.06,2.36,0.65
2021-12-16,801760,30.56,2.56,1.12
2021-12-16,801750,53.37,4.24,0.54
2021-12-16,801730,58.87,6.64,0.28
2021-12-16,801780,6.14,0.62,3.98
2021-12-17,801170,14.57,1.55,1.33
2021-12-17,801160,28.59,1.96,1.78
2021-12-17,801150,33.59,4.13,0.73
2021-12-17,801120,44.69,8.98,1.06
2021-12-17,801050,29.94,3.61,0.5
2021-12-17,801080,35.5,4.35,0.47
2021-12-17,801040,9.66,1.4,3.34
2021-12-17,801030,20.08,3.16,0.87
2021-12-17,801010,48.08,3.14,1.2
2021-12-17,801180,7.86,0.92,4.0
2021-12-17,801110,17.13,3.21,2.97
2021-12-17,801890,26.77,2.87,0.96
2021-12-17,801790,14.42,1.51,2.16
2021-12-17,801780,6.12,0.61,3.99
2021-12-17,801880,32.24,2.64,1.16
2021-12-17,801760,30.46,2.55,1.13
2021-12-17,801750,52.69,4.18,0.54
2021-12-17,801730,57.54,6.49,0.29
2021-12-17,801710,14.21,2.25,1.95
2021-12-17,801770,37.76,2.34,0.65
2021-12-20,801180,7.92,0.93,3.97
2021-12-20,801170,14.58,1.55,1.33
2021-12-20,801160,27.66,1.9,1.84
2021-12-20,801150,33.34,4.1,0.73
2021-12-20,801110,17.12,3.21,2.97
2021-12-20,801080,34.68,4.25,0.48
2021-12-20,801050,29.2,3.52,0.51
2021-12-20,801040,9.53,1.38,3.38
2021-12-20,801030,19.67,3.09,0.88
2021-12-20,801010,47.98,3.13,1.21
2021-12-20,801120,44.77,8.99,1.06
2021-12-20,801710,14.03,2.23,1.97
2021-12-20,801890,26.41,2.83,0.98
2021-12-20,801880,31.32,2.6,1.2
2021-12-20,801790,14.25,1.5,2.18
2021-12-20,801770,37.03,2.29,0.66
2021-12-20,801760,29.64,2.49,1.16
2021-12-20,801750,51.9,4.12,0.55
2021-12-20,801730,55.08,6.22,0.3
2021-12-20,801780,6.11,0.61,3.99
2021-12-21,801170,14.75,1.57,1.31
2021-12-21,801160,27.99,1.92,1.82
2021-12-21,801150,33.66,4.14,0.72
2021-12-21,801120,44.54,8.94,1.07
2021-12-21,801050,29.3,3.53,0.51
2021-12-21,801080,35.12,4.3,0.48
2021-12-21,801040,9.65,1.4,3.34
2021-12-21,801030,19.8,3.11,0.87
2021-12-21,801010,48.37,3.15,1.2
2021-12-21,801180,8.32,0.97,3.78
2021-12-21,801110,17.49,3.28,2.9
2021-12-21,801890,26.71,2.86,0.97
2021-12-21,801790,14.42,1.52,2.16
2021-12-21,801780,6.14,0.62,3.98
2021-12-21,801880,31.89,2.65,1.18
2021-12-21,801760,30.19,2.53,1.14
2021-12-21,801750,52.84,4.19,0.54
2021-12-21,801730,55.16,6.23,0.3
2021-12-21,801710,14.4,2.29,1.92
2021-12-21,801770,37.81,2.34,0.65
2021-12-22,801180,8.02,0.94,3.92
2021-12-22,801170,14.72,1.57,1.31
2021-12-22,801160,27.9,1.91,1.82
2021-12-22,801150,33.86,4.17,0.72
2021-12-22,801110,17.5,3.28,2.9
2021-12-22,801080,35.91,4.4,0.47
2021-12-22,801050,29.31,3.53,0.52
2021-12-22,801040,9.56,1.39,3.37
2021-12-22,801030,19.98,3.14,0.87
2021-12-22,801010,49.28,3.21,1.18
2021-12-22,801120,44.67,8.97,1.06
2021-12-22,801710,14.59,2.32,1.9
2021-12-22,801880,32.1,2.67,1.17
2021-12-22,801790,14.29,1.5,2.17
2021-12-22,801890,26.67,2.86,0.97
2021-12-22,801770,38.05,2.35,0.65
2021-12-22,801760,30.91,2.59,1.11
2021-12-22,801750,53.1,4.21,0.54
2021-12-22,801730,55.44,6.26,0.3
2021-12-22,801780,6.09,0.61,4.01
2021-12-23,801180,7.92,0.93,3.97
2021-12-23,801170,14.7,1.56,1.32
2021-12-23,801160,29.01,1.99,1.76
2021-12-23,801150,33.57,4.13,0.72
2021-12-23,801010,50.52,3.29,1.15
2021-12-23,801120,45.56,9.14,1.04
2021-12-23,801110,17.46,3.27,2.91
2021-12-23,801080,36.08,4.42,0.47
2021-12-23,801050,29.43,3.55,0.52
2021-12-23,801040,9.55,1.38,3.38
2021-12-23,801030,19.98,3.14,0.87
2021-12-23,801770,37.96,2.35,0.65
2021-12-23,801710,14.6,2.32,1.9
2021-12-23,801890,26.68,2.86,0.97
2021-12-23,801880,32.66,2.72,1.15
2021-12-23,801780,6.09,0.61,4.01
2021-12-23,801760,30.56,2.56,1.12
2021-12-23,801750,52.92,4.2,0.54
2021-12-23,801730,55.85,6.3,0.3
2021-12-23,801790,14.32,1.5,2.19
2021-12-24,801170,14.65,1.56,1.32
2021-12-24,801160,28.93,1.98,1.76
2021-12-24,801150,33.8,4.16,0.72
2021-12-24,801120,46.37,9.31,1.02
2021-12-24,801050,28.41,3.42,0.54
2021-12-24,801080,35.87,4.4,0.47
2021-12-24,801040,9.28,1.34,3.48
2021-12-24,801030,19.49,3.06,0.89
2021-12-24,801010,51.31,3.36,1.13
2021-12-24,801180,8.41,0.97,3.74
2021-12-24,801110,17.33,3.25,2.93
2021-12-24,801890,26.24,2.81,0.98
2021-12-24,801790,14.21,1.49,2.21
2021-12-24,801780,6.07,0.61,4.02
2021-12-24,801880,31.76,2.64,1.18
2021-12-24,801760,30.4,2.55,1.13
2021-12-24,801750,52.37,4.16,0.54
2021-12-24,801730,53.32,6.02,0.31
2021-12-24,801710,14.55,2.31,1.9
2021-12-24,801770,37.17,2.3,0.66
2021-12-27,801180,8.41,0.97,3.74
2021-12-27,801170,14.78,1.57,1.31
2021-12-27,801160,28.89,1.98,1.77
2021-12-27,801150,34.28,4.22,0.71
2021-12-27,801110,17.67,3.31,2.88
2021-12-27,801080,35.72,4.38,0.47
2021-12-27,801050,28.28,3.41,0.54
2021-12-27,801040,9.24,1.34,3.49
2021-12-27,801030,19.61,3.08,0.88
2021-12-27,801010,51.27,3.35,1.13
2021-12-27,801120,45.86,9.2,1.04
2021-12-27,801710,14.78,2.35,1.87
2021-12-27,801880,31.52,2.62,1.19
2021-12-27,801790,14.24,1.5,2.2
2021-12-27,801890,26.35,2.83,0.98
2021-12-27,801770,37.35,2.31,0.66
2021-12-27,801760,29.93,2.51,1.14
2021-12-27,801750,52.05,4.13,0.55
2021-12-27,801730,53.2,6.01,0.31
2021-12-27,801780,6.04,0.61,4.04
2021-12-28,801180,8.37,0.97,3.76
2021-12-28,801170,14.82,1.58,1.3
2021-12-28,801160,28.33,1.94,1.8
2021-12-28,801150,34.42,4.24,0.71
2021-12-28,801010,50.97,3.33,1.14
2021-12-28,801110,18.15,3.4,2.8
2021-12-28,801080,35.82,4.39,0.47
2021-12-28,801050,29.06,3.5,0.53
2021-12-28,801040,9.35,1.35,3.45
2021-12-28,801030,19.93,3.13,0.87
2021-12-28,801120,46.03,9.24,1.03
2021-12-28,801710,14.65,2.33,1.89
2021-12-28,801890,26.63,2.85,0.97
2021-12-28,801880,31.65,2.64,1.18
2021-12-28,801790,14.38,1.51,2.18
2021-12-28,801770,37.79,2.34,0.65
2021-12-28,801760,29.95,2.51,1.14
2021-12-28,801750,52.85,4.19,0.54
2021-12-28,801730,54.43,6.15,0.31
2021-12-28,801780,6.06,0.61,4.03
2021-12-29,801180,8.33,0.96,3.78
2021-12-29,801170,14.95,1.59,1.29
2021-12-29,801160,27.87,1.91,1.83
2021-12-29,801150,34.22,4.21,0.71
2021-12-29,801050,28.94,3.48,0.53
2021-12-29,801110,17.87,3.35,2.84
2021-12-29,801080,35.39,4.34,0.47
2021-12-29,801040,9.35,1.36,3.43
2021-12-29,801030,20.04,3.15,0.86
2021-12-29,801010,50.09,3.28,1.16
2021-12-29,801120,44.14,8.86,1.08
2021-12-29,801710,14.54,2.31,1.91
2021-12-29,801880,31.5,2.62,1.19
2021-12-29,801790,14.24,1.5,2.2
2021-12-29,801890,26.59,2.85,0.97
2021-12-29,801770,37.69,2.33,0.65
2021-12-29,801760,29.55,2.48,1.16
2021-12-29,801750,52.32,4.15,0.55
2021-12-29,801730,54.18,6.13,0.31
2021-12-29,801780,5.98,0.6,4.08
2021-12-30,801180,8.33,0.96,3.78
2021-12-30,801170,14.9,1.59,1.3
2021-12-30,801160,28.17,1.93,1.81
2021-12-30,801150,34.53,4.25,0.71
2021-12-30,801010,50.4,3.3,1.15
2021-12-30,801110,17.93,3.36,2.83
2021-12-30,801080,36.2,4.44,0.46
2021-12-30,801050,29.01,3.49,0.53
2021-12-30,801040,9.39,1.36,3.41
2021-12-30,801030,19.98,3.14,0.86
2021-12-30,801120,44.57,8.95,1.07
2021-12-30,801770,38.13,2.36,0.64
2021-12-30,801710,14.61,2.32,1.9
2021-12-30,801880,31.42,2.61,1.19
2021-12-30,801890,26.69,2.86,0.97
2021-12-30,801780,6.02,0.6,4.06
2021-12-30,801760,30.97,2.6,1.11
2021-12-30,801750,52.98,4.2,0.54
2021-12-30,801730,54.52,6.19,0.3
2021-12-30,801790,14.4,1.51,2.17
2021-12-31,801180,8.33,0.96,3.77
2021-12-31,801170,14.92,1.59,1.3
2021-12-31,801160,28.56,1.96,1.78
2021-12-31,801150,35.06,4.29,0.7
2021-12-31,801030,20.17,3.17,0.86
2021-12-31,801120,44.24,8.88,1.07
2021-12-31,801110,17.97,3.37,2.83
2021-12-31,801080,36.14,4.43,0.46
2021-12-31,801050,29.39,3.54,0.52
2021-12-31,801040,9.49,1.38,3.38
2021-12-31,801770,38.33,2.37,0.64
2021-12-31,801710,14.75,2.34,1.88
2021-12-31,801730,55.35,6.28,0.3
2021-12-31,801750,53.29,4.22,0.54
2021-12-31,801760,31.49,2.64,1.09
2021-12-31,801780,6.02,0.6,4.06
2021-12-31,801790,14.46,1.52,2.16
2021-12-31,801880,31.47,2.62,1.19
2021-12-31,801890,26.77,2.87,0.96
2021-12-31,801010,51.31,3.36,1.13
