date,industry_code,pe_ttm,pb,dividend_yield
2022-01-04,801010,53.65,3.52,1.08
2022-01-04,801030,20.01,3.15,0.86
2022-01-04,801040,9.56,1.39,3.35
2022-01-04,801050,28.86,3.47,0.53
2022-01-04,801080,36.17,4.43,0.46
2022-01-04,801110,18.2,3.41,2.79
2022-01-04,801120,44.22,8.88,1.07
2022-01-04,801150,34.61,4.23,0.71
2022-01-04,801160,28.26,1.94,1.8
2022-01-04,801170,15.3,1.63,1.26
2022-01-04,801180,8.46,0.98,3.71
2022-01-04,801890,26.77,2.87,0.96
2022-01-04,801880,31.42,2.61,1.19
2022-01-04,801790,14.46,1.52,2.16
2022-01-04,801780,6.03,0.6,4.04
2022-01-04,801760,32.68,2.74,1.05
2022-01-04,801750,54.02,4.28,0.53
2022-01-04,801730,53.62,6.08,0.31
2022-01-04,801710,14.66,2.33,1.89
2022-01-04,801770,38.6,2.38,0.64
2022-01-05,801170,15.31,1.63,1.26
2022-01-05,801160,27.44,1.88,1.86
2022-01-05,801150,33.89,4.14,0.72
2022-01-05,801120,43.97,8.83,1.08
2022-01-05,801050,28.12,3.38,0.55
2022-01-05,801080,34.84,4.27,0.48
2022-01-05,801040,9.39,1.36,3.41
2022-01-05,801030,19.66,3.09,0.88
2022-01-05,801010,53.73,3.51,1.08
2022-01-05,801180,8.53,0.98,3.69
2022-01-05,801110,18.44,3.46,2.75
2022-01-05,801890,26.28,2.82,0.98
2022-01-05,801790,14.42,1.51,2.17
2022-01-05,801780,6.14,0.62,3.97
2022-01-05,801880,30.72,2.55,1.22
2022-01-05,801760,32.88,2.75,1.04
2022-01-05,801750,53.62,4.25,0.53
2022-01-05,801730,51.68,5.86,0.32
2022-01-05,801710,14.51,2.3,1.91
2022-01-05,801770,38.05,2.35,0.63
2022-01-06,801180,8.5,0.98,3.7
2022-01-06,801170,15.19,1.62,1.27
2022-01-06,801160,27.32,1.87,1.86
2022-01-06,801150,33.96,4.15,0.72
2022-01-06,801110,18.31,3.43,2.77
2022-01-06,801080,34.69,4.25,0.48
2022-01-06,801050,28.45,3.43,0.54
2022-01-06,801040,9.6,1.39,3.33
2022-01-06,801030,19.84,3.12,0.87
2022-01-06,801010,53.26,3.48,1.09
2022-01-06,801120,43.28,8.69,1.1
2022-01-06,801710,14.8,2.35,1.87
2022-01-06,801890,26.65,2.85,0.97
2022-01-06,801880,30.69,2.54,1.22
2022-01-06,801790,14.18,1.49,2.2
2022-01-06,801770,38.0,2.35,0.63
2022-01-06,801760,32.32,2.71,1.06
2022-01-06,801750,53.1,4.2,0.54
2022-01-06,801730,51.65,5.86,0.32
2022-01-06,801780,6.1,0.61,4.0
2022-01-07,801180,8.71,1.01,3.61
2022-01-07,801170,15.19,1.62,1.27
2022-01-07,801160,26.9,1.84,1.89
2022-01-07,801150,33.69,4.12,0.72
2022-01-07,801050,27.82,3.35,0.55
2022-01-07,801110,18.77,3.52,2.7
2022-01-07,801080,34.23,4.2,0.49
2022-01-07,801040,9.68,1.4,3.3
2022-01-07,801030,19.47,3.06,0.89
2022-01-07,801010,52.1,3.41,1.11
2022-01-07,801120,42.57,8.55,1.12
2022-01-07,801710,15.17,2.41,1.83
2022-01-07,801890,26.49,2.83,0.97
2022-01-07,801880,30.31,2.51,1.23
2022-01-07,801790,14.31,1.5,2.18
2022-01-07,801770,37.53,2.32,0.64
2022-01-07,801760,31.8,2.66,1.07
2022-01-07,801750,52.08,4.12,0.55
2022-01-07,801730,50.75,5.76,0.33
2022-01-07,801780,6.19,0.62,3.94
2022-01-10,801170,15.2,1.62,1.27
2022-01-10,801160,26.79,1.84,1.9
2022-01-10,801150,34.18,4.18,0.71
2022-01-10,801120,42.62,8.56,1.11
2022-01-10,801050,28.06,3.38,0.55
2022-01-10,801080,34.33,4.21,0.49
2022-01-10,801040,9.64,1.4,3.31
2022-01-10,801030,19.6,3.08,0.88
2022-01-10,801010,53.97,3.53,1.08
2022-01-10,801180,8.81,1.02,3.56
2022-01-10,801110,18.79,3.52,2.7
2022-01-10,801890,26.49,2.84,0.97
2022-01-10,801880,30.62,2.54,1.22
2022-01-10,801790,14.32,1.5,2.18
2022-01-10,801780,6.22,0.62,3.92
2022-01-10,801760,31.74,2.65,1.07
2022-01-10,801750,52.86,4.18,0.54
2022-01-10,801730,50.43,5.72,0.33
2022-01-10,801710,15.16,2.41,1.83
2022-01-10,801770,37.93,2.34,0.63
2022-01-11,801180,8.82,1.02,3.56
2022-01-11,801170,15.22,1.62,1.27
2022-01-11,801160,26.8,1.84,1.9
2022-01-11,801150,34.35,4.2,0.71
2022-01-11,801050,28.0,3.37,0.55
2022-01-11,801110,18.41,3.45,2.76
2022-01-11,801080,33.56,4.12,0.5
2022-01-11,801040,9.65,1.4,3.31
2022-01-11,801030,19.62,3.09,0.88
2022-01-11,801010,52.6,3.44,1.1
2022-01-11,801120,41.94,8.42,1.13
2022-01-11,801710,14.94,2.37,1.85
2022-01-11,801890,26.25,2.81,0.98
2022-01-11,801880,30.11,2.5,1.24
2022-01-11,801790,14.29,1.5,2.19
2022-01-11,801770,37.51,2.32,0.64
2022-01-11,801760,31.12,2.6,1.1
2022-01-11,801750,51.86,4.1,0.55
2022-01-11,801730,50.19,5.68,0.33
2022-01-11,801780,6.28,0.63,3.89
2022-01-12,801180,8.76,1.01,3.59
2022-01-12,801170,15.22,1.62,1.27
2022-01-12,801160,26.91,1.85,1.89
2022-01-12,801150,34.67,4.24,0.7
2022-01-12,801050,28.89,3.48,0.53
2022-01-12,801110,18.34,3.44,2.77
2022-01-12,801080,34.12,4.19,0.49
2022-01-12,801040,9.52,1.38,3.36
2022-01-12,801030,19.93,3.14,0.86
2022-01-12,801010,53.34,3.48,1.09
2022-01-12,801120,42.47,8.54,1.12
2022-01-12,801710,14.71,2.34,1.88
2022-01-12,801880,30.88,2.56,1.21
2022-01-12,801790,14.31,1.5,2.19
2022-01-12,801890,26.5,2.84,0.97
2022-01-12,801770,39.35,2.21,0.6
2022-01-12,801760,31.49,2.63,1.08
2022-01-12,801750,52.3,4.13,0.55
2022-01-12,801730,52.16,5.9,0.32
2022-01-12,801780,6.27,0.63,3.9
2022-01-13,801180,8.63,1.0,3.64
2022-01-13,801170,15.1,1.61,1.28
2022-01-13,801160,26.69,1.83,1.91
2022-01-13,801150,33.95,4.15,0.72
2022-01-13,801010,52.1,3.4,1.12
2022-01-13,801110,17.91,3.36,2.83
2022-01-13,801080,33.45,4.1,0.5
2022-01-13,801050,28.42,3.42,0.54
2022-01-13,801040,9.34,1.36,3.42
2022-01-13,801030,19.55,3.08,0.88
2022-01-13,801120,41.07,8.25,1.16
2022-01-13,801710,14.24,2.26,1.94
2022-01-13,801890,26.09,2.79,0.99
2022-01-13,801880,30.64,2.54,1.22
2022-01-13,801780,6.26,0.63,3.9
2022-01-13,801770,38.87,2.18,0.6
2022-01-13,801760,30.85,2.57,1.1
2022-01-13,801750,51.99,4.11,0.55
2022-01-13,801730,51.48,5.83,0.32
2022-01-13,801790,14.21,1.49,2.2
2022-01-14,801180,8.41,0.97,3.74
2022-01-14,801170,14.93,1.59,1.29
2022-01-14,801160,26.49,1.82,1.92
2022-01-14,801150,34.48,4.22,0.71
2022-01-14,801110,17.72,3.32,2.86
2022-01-14,801080,33.81,4.15,0.49
2022-01-14,801050,28.31,3.41,0.54
2022-01-14,801040,9.22,1.34,3.46
2022-01-14,801030,19.52,3.07,0.88
2022-01-14,801010,51.75,3.38,1.12
2022-01-14,801120,40.7,8.18,1.17
2022-01-14,801710,14.15,2.25,1.96
2022-01-14,801890,25.84,2.76,1.0
2022-01-14,801880,30.7,2.55,1.21
2022-01-14,801790,13.86,1.46,2.25
2022-01-14,801770,38.77,2.18,0.6
2022-01-14,801760,30.94,2.58,1.1
2022-01-14,801750,51.96,4.11,0.55
2022-01-14,801730,52.06,5.89,0.32
2022-01-14,801780,6.12,0.61,3.99
2022-01-17,801180,8.49,0.98,3.7
2022-01-17,801170,14.87,1.58,1.3
2022-01-17,801160,26.54,1.82,1.92
2022-01-17,801150,34.64,4.24,0.7
2022-01-17,801050,28.19,3.39,0.54
2022-01-17,801110,17.88,3.35,2.84
2022-01-17,801080,34.61,4.25,0.48
2022-01-17,801040,9.24,1.34,3.46
2022-01-17,801030,19.66,3.1,0.87
2022-01-17,801010,51.91,3.39,1.12
2022-01-17,801120,40.81,8.2,1.16
2022-01-17,801710,14.17,2.25,1.96
2022-01-17,801890,26.14,2.8,0.98
2022-01-17,801880,31.4,2.61,1.19
2022-01-17,801790,13.94,1.46,2.24
2022-01-17,801770,40.33,2.26,0.58
2022-01-17,801760,31.89,2.66,1.07
2022-01-17,801750,54.65,4.32,0.52
2022-01-17,801730,53.1,6.01,0.31
2022-01-17,801780,6.12,0.61,3.99
2022-01-18,801170,15.01,1.6,1.29
2022-01-18,801160,26.93,1.85,1.89
2022-01-18,801150,33.99,4.16,0.72
2022-01-18,801120,41.29,8.3,1.15
2022-01-18,801050,28.27,3.4,0.54
2022-01-18,801080,34.66,4.25,0.48
2022-01-18,801040,9.36,1.36,3.41
2022-01-18,801030,19.65,3.1,0.87
2022-01-18,801010,51.39,3.36,1.13
2022-01-18,801180,8.66,1.0,3.63
2022-01-18,801110,17.99,3.37,2.82
2022-01-18,801890,26.09,2.79,0.99
2022-01-18,801880,31.28,2.6,1.19
2022-01-18,801790,14.0,1.47,2.23
2022-01-18,801780,6.24,0.63,3.91
2022-01-18,801760,31.18,2.61,1.09
2022-01-18,801750,55.05,4.35,0.52
2022-01-18,801730,52.59,5.95,0.32
2022-01-18,801710,14.42,2.29,1.92
2022-01-18,801770,40.21,2.26,0.58
2022-01-19,801180,8.7,1.0,3.61
2022-01-19,801170,14.97,1.59,1.29
2022-01-19,801160,26.76,1.84,1.9
2022-01-19,801150,33.32,4.08,0.73
2022-01-19,801050,27.68,3.33,0.55
2022-01-19,801110,18.18,3.41,2.79
2022-01-19,801080,34.14,4.19,0.49
2022-01-19,801040,9.41,1.36,3.39
2022-01-19,801030,19.33,3.04,0.89
2022-01-19,801010,50.92,3.32,1.14
2022-01-19,801120,41.2,8.28,1.15
2022-01-19,801710,14.88,2.36,1.86
2022-01-19,801880,30.59,2.54,1.22
2022-01-19,801790,14.05,1.48,2.22
2022-01-19,801890,26.09,2.79,0.99
2022-01-19,801770,40.14,2.25,0.58
2022-01-19,801760,31.53,2.64,1.08
2022-01-19,801750,55.24,4.37,0.52
2022-01-19,801730,51.31,5.8,0.32
2022-01-19,801780,6.28,0.63,3.89
2022-01-20,801180,8.66,1.0,3.63
2022-01-20,801170,14.97,1.59,1.29
2022-01-20,801160,26.61,1.83,1.91
2022-01-20,801150,33.03,4.05,0.74
2022-01-20,801110,18.52,3.47,2.74
2022-01-20,801080,33.7,4.14,0.5
2022-01-20,801050,27.43,3.3,0.56
2022-01-20,801040,9.34,1.35,3.42
2022-01-20,801030,18.89,2.97,0.91
2022-01-20,801010,51.72,3.38,1.12
2022-01-20,801120,41.85,8.41,1.13
2022-01-20,801710,14.71,2.34,1.89
2022-01-20,801890,25.64,2.74,1.0
2022-01-20,801880,30.23,2.51,1.24
2022-01-20,801790,14.34,1.51,2.18
2022-01-20,801770,39.46,2.21,0.59
2022-01-20,801760,30.65,2.57,1.11
2022-01-20,801750,54.59,4.31,0.53
2022-01-20,801730,50.68,5.73,0.33
2022-01-20,801780,6.41,0.64,3.81
2022-01-21,801170,14.89,1.58,1.3
2022-01-21,801160,26.36,1.81,1.93
2022-01-21,801150,31.98,3.92,0.76
2022-01-21,801120,42.25,8.49,1.12
2022-01-21,801050,27.51,3.31,0.56
2022-01-21,801080,33.08,4.06,0.5
2022-01-21,801040,9.2,1.33,3.47
2022-01-21,801030,18.71,2.94,0.92
2022-01-21,801010,50.1,3.27,1.07
2022-01-21,801180,8.6,0.99,3.65
2022-01-21,801110,18.2,3.41,2.79
2022-01-21,801890,25.24,2.7,1.02
2022-01-21,801790,14.24,1.5,2.2
2022-01-21,801780,6.39,0.64,3.82
2022-01-21,801880,29.81,2.47,1.25
2022-01-21,801760,29.85,2.5,1.14
2022-01-21,801750,54.26,4.29,0.53
2022-01-21,801730,50.57,5.72,0.33
2022-01-21,801710,14.52,2.31,1.91
2022-01-21,801770,38.99,2.19,0.6
2022-01-24,801180,8.66,1.0,3.63
2022-01-24,801170,14.74,1.57,1.31
2022-01-24,801160,26.33,1.81,1.93
2022-01-24,801150,31.68,3.88,0.77
2022-01-24,801110,18.13,3.39,2.8
2022-01-24,801080,33.43,4.1,0.5
2022-01-24,801050,27.93,3.36,0.55
2022-01-24,801040,9.33,1.35,3.43
2022-01-24,801030,18.88,2.97,0.91
2022-01-24,801010,49.89,3.26,1.08
2022-01-24,801120,41.74,8.39,1.14
2022-01-24,801710,14.53,2.31,1.91
2022-01-24,801880,29.87,2.48,1.25
2022-01-24,801790,14.13,1.48,2.21
2022-01-24,801890,25.14,2.69,1.02
2022-01-24,801770,38.91,2.18,0.6
2022-01-24,801760,29.77,2.5,1.14
2022-01-24,801750,54.43,4.3,0.53
2022-01-24,801730,51.61,5.83,0.32
2022-01-24,801780,6.39,0.64,3.82
2022-01-25,801170,14.48,1.54,1.33
2022-01-25,801160,25.28,1.74,2.01
2022-01-25,801150,30.74,3.76,0.8
2022-01-25,801120,40.91,8.21,1.16
2022-01-25,801180,8.35,0.96,3.76
2022-01-25,801080,32.4,3.97,0.51
2022-01-25,801050,27.25,3.28,0.56
2022-01-25,801040,8.98,1.3,3.56
2022-01-25,801030,18.31,2.88,0.94
2022-01-25,801010,47.57,3.14,1.11
2022-01-25,801110,17.81,3.33,2.85
2022-01-25,801890,24.44,2.62,1.05
2022-01-25,801880,28.77,2.39,1.3
2022-01-25,801790,13.72,1.44,2.28
2022-01-25,801780,6.28,0.63,3.88
2022-01-25,801760,27.95,2.34,1.21
2022-01-25,801750,52.02,4.09,0.55
2022-01-25,801730,50.08,5.66,0.33
2022-01-25,801710,14.06,2.23,1.97
2022-01-25,801770,37.23,2.09,0.63
2022-01-26,801180,8.36,0.97,3.75
2022-01-26,801170,14.6,1.55,1.32
2022-01-26,801160,25.55,1.75,1.99
2022-01-26,801150,30.3,3.71,0.81
2022-01-26,801050,27.44,3.3,0.56
2022-01-26,801110,17.86,3.34,2.84
2022-01-26,801080,32.62,4.0,0.51
2022-01-26,801040,9.05,1.31,3.55
2022-01-26,801030,18.5,2.91,0.93
2022-01-26,801010,48.34,3.19,1.09
2022-01-26,801120,41.07,8.25,1.15
2022-01-26,801710,14.14,2.24,1.96
2022-01-26,801890,24.59,2.64,1.04
2022-01-26,801880,29.24,2.42,1.28
2022-01-26,801790,13.93,1.46,2.24
2022-01-26,801770,37.7,2.11,0.62
2022-01-26,801760,27.86,2.33,1.22
2022-01-26,801750,52.04,4.09,0.55
2022-01-26,801730,51.29,5.79,0.32
2022-01-26,801780,6.29,0.63,3.88
2022-01-27,801180,8.22,0.95,3.82
2022-01-27,801170,14.4,1.53,1.34
2022-01-27,801160,25.09,1.72,2.03
2022-01-27,801150,29.74,3.64,0.82
2022-01-27,801050,26.65,3.21,0.57
2022-01-27,801110,17.31,3.24,2.93
2022-01-27,801080,31.49,3.86,0.53
2022-01-27,801040,8.88,1.29,3.62
2022-01-27,801030,18.15,2.86,0.95
2022-01-27,801010,47.26,3.12,1.11
2022-01-27,801120,40.57,8.15,1.17
2022-01-27,801710,13.79,2.19,2.01
2022-01-27,801890,23.67,2.54,1.08
2022-01-27,801880,28.4,2.35,1.32
2022-01-27,801790,13.55,1.42,2.31
2022-01-27,801770,36.59,2.04,0.64
2022-01-27,801760,26.81,2.25,1.26
2022-01-27,801750,49.31,3.88,0.58
2022-01-27,801730,49.69,5.61,0.33
2022-01-27,801780,6.26,0.63,3.89
2022-01-28,801180,8.24,0.95,3.81
2022-01-28,801170,14.24,1.54,1.36
2022-01-28,801160,24.97,1.71,2.04
2022-01-28,801150,29.8,3.65,0.82
2022-01-28,801080,31.33,3.84,0.53
2022-01-28,801110,17.2,3.22,2.95
2022-01-28,801050,26.27,3.16,0.58
2022-01-28,801040,8.79,1.27,3.66
2022-01-28,801030,18.12,2.85,0.95
2022-01-28,801120,39.58,7.95,1.2
2022-01-28,801010,48.56,3.21,1.08
2022-01-28,801710,13.74,2.18,2.02
2022-01-28,801880,28.02,2.32,1.33
2022-01-28,801790,13.41,1.41,2.33
2022-01-28,801890,23.85,2.56,1.08
2022-01-28,801770,37.04,2.07,0.63
2022-01-28,801760,26.98,2.26,1.26
2022-01-28,801750,49.13,3.87,0.58
2022-01-28,801730,49.59,5.6,0.33
2022-01-28,801780,6.17,0.62,3.95
2022-02-07,801150,30.28,3.71,0.8
2022-02-07,801180,8.37,0.97,3.75
2022-02-07,801170,14.6,1.58,1.32
2022-02-07,801160,25.62,1.76,1.99
2022-02-07,801120,39.52,7.93,1.2
2022-02-07,801110,17.43,3.26,2.91
2022-02-07,801080,31.39,3.85,0.53
2022-02-07,801050,27.08,3.26,0.56
2022-02-07,801040,9.14,1.33,3.5
2022-02-07,801030,18.51,2.91,0.93
2022-02-07,801010,49.22,3.25,1.07
2022-02-07,801890,24.3,2.6,1.06
2022-02-07,801880,28.6,2.37,1.31
2022-02-07,801710,14.31,2.27,1.94
2022-02-07,801780,6.37,0.64,3.83
2022-02-07,801770,36.96,2.07,0.64
2022-02-07,801760,26.72,2.25,1.26
2022-02-07,801750,48.83,3.84,0.58
2022-02-07,801730,50.05,5.65,0.33
2022-02-07,801790,13.7,1.44,2.28
2022-02-08,801170,14.94,1.62,1.29
2022-02-08,801160,26.25,1.8,1.93
2022-02-08,801150,30.12,3.69,0.81
2022-02-08,801120,38.87,7.79,1.22
2022-02-08,801050,27.14,3.27,0.56
2022-02-08,801080,30.76,3.78,0.54
2022-02-08,801040,9.38,1.36,3.41
2022-02-08,801030,18.69,2.94,0.92
2022-02-08,801010,49.63,3.27,1.06
2022-02-08,801180,8.45,0.98,3.72
2022-02-08,801110,17.38,3.25,2.92
2022-02-08,801890,24.48,2.62,1.05
2022-02-08,801790,13.94,1.46,2.24
2022-02-08,801780,6.46,0.65,3.77
2022-02-08,801880,28.37,2.35,1.32
2022-02-08,801760,27.15,2.29,1.24
2022-02-08,801750,49.3,3.88,0.58
2022-02-08,801730,48.32,5.46,0.34
2022-02-08,801710,14.41,2.29,1.92
2022-02-08,801770,37.55,2.1,0.62
2022-02-09,801180,8.44,0.97,3.72
2022-02-09,801170,14.97,1.62,1.29
2022-02-09,801160,26.78,1.83,1.9
2022-02-09,801150,30.52,3.74,0.79
2022-02-09,801110,17.67,3.31,2.87
2022-02-09,801080,31.14,3.83,0.53
2022-02-09,801050,27.94,3.36,0.55
2022-02-09,801040,9.46,1.37,3.38
2022-02-09,801030,18.94,2.98,0.91
2022-02-09,801010,51.07,3.37,1.03
2022-02-09,801120,40.12,8.04,1.19
2022-02-09,801710,14.42,2.29,1.92
2022-02-09,801880,28.83,2.39,1.3
2022-02-09,801790,13.97,1.47,2.24
2022-02-09,801890,24.66,2.64,1.04
2022-02-09,801770,39.01,2.19,0.6
2022-02-09,801760,27.95,2.36,1.21
2022-02-09,801750,50.97,4.01,0.56
2022-02-09,801730,48.64,5.49,0.34
2022-02-09,801780,6.43,0.64,3.78
2022-02-10,801180,8.56,0.99,3.67
2022-02-10,801170,15.13,1.64,1.28
2022-02-10,801160,26.98,1.85,1.88
2022-02-10,801150,30.24,3.7,0.8
2022-02-10,801010,52.42,3.46,1.0
2022-02-10,801110,17.29,3.23,2.93
2022-02-10,801050,28.18,3.39,0.54
2022-02-10,801040,9.48,1.37,3.38
2022-02-10,801030,19.01,2.99,0.9
2022-02-10,801120,39.88,7.99,1.19
2022-02-10,801080,31.01,3.81,0.54
2022-02-10,801710,14.59,2.31,1.9
2022-02-10,801880,28.48,2.36,1.31
2022-02-10,801790,14.05,1.47,2.23
2022-02-10,801890,24.39,2.61,1.05
2022-02-10,801770,38.48,2.16,0.61
2022-02-10,801760,28.35,2.39,1.19
2022-02-10,801750,50.57,3.97,0.57
2022-02-10,801730,47.03,5.31,0.35
2022-02-10,801780,6.48,0.65,3.76
2022-02-11,801180,8.57,0.99,3.67
2022-02-11,801170,15.03,1.62,1.28
2022-02-11,801160,26.55,1.82,1.91
2022-02-11,801150,29.25,3.58,0.83
2022-02-11,801110,17.36,3.25,2.92
2022-02-11,801080,30.21,3.71,0.55
2022-02-11,801050,28.06,3.38,0.54
2022-02-11,801040,9.4,1.36,3.41
2022-02-11,801030,18.82,2.96,0.91
2022-02-11,801010,51.17,3.37,1.03
2022-02-11,801120,39.63,7.94,1.2
2022-02-11,801710,14.72,2.33,1.88
2022-02-11,801890,23.98,2.57,1.07
2022-02-11,801880,27.71,2.3,1.35
2022-02-11,801790,14.17,1.49,2.21
2022-02-11,801770,37.92,2.13,0.62
2022-02-11,801760,27.73,2.34,1.22
2022-02-11,801750,49.79,3.92,0.57
2022-02-11,801730,45.52,5.14,0.36
2022-02-11,801780,6.55,0.66,3.71
2022-02-14,801170,14.73,1.59,1.31
2022-02-14,801160,26.03,1.78,1.95
2022-02-14,801150,29.4,3.6,0.82
2022-02-14,801120,40.08,8.03,1.19
2022-02-14,801050,28.22,3.4,0.54
2022-02-14,801080,30.09,3.7,0.55
2022-02-14,801040,9.23,1.34,3.47
2022-02-14,801030,18.8,2.95,0.91
2022-02-14,801010,50.12,3.31,1.05
2022-02-14,801180,8.32,0.96,3.77
2022-02-14,801110,17.14,3.21,2.96
2022-02-14,801890,23.87,2.56,1.07
2022-02-14,801790,13.59,1.43,2.3
2022-02-14,801780,6.4,0.64,3.8
2022-02-14,801880,27.58,2.29,1.35
2022-02-14,801760,27.79,2.34,1.22
2022-02-14,801750,49.45,3.89,0.58
2022-02-14,801730,45.77,5.17,0.36
2022-02-14,801710,14.21,2.25,1.95
2022-02-14,801770,37.62,2.11,0.62
2022-02-15,801180,8.21,0.95,3.8
2022-02-15,801170,14.61,1.58,1.32
2022-02-15,801160,25.97,1.78,1.95
2022-02-15,801150,30.39,3.72,0.8
2022-02-15,801110,17.06,3.19,2.97
2022-02-15,801080,31.0,3.81,0.54
2022-02-15,801050,28.51,3.43,0.54
2022-02-15,801040,9.2,1.33,3.48
2022-02-15,801030,18.86,2.96,0.9
2022-02-15,801010,49.95,3.29,1.05
2022-02-15,801120,40.57,8.13,1.17
2022-02-15,801710,14.24,2.26,1.94
2022-02-15,801880,28.11,2.33,1.33
2022-02-15,801790,13.75,1.44,2.27
2022-02-15,801890,24.14,2.59,1.06
2022-02-15,801770,38.04,2.14,0.62
2022-02-15,801760,27.88,2.35,1.21
2022-02-15,801750,49.83,3.92,0.57
2022-02-15,801730,47.57,5.37,0.35
2022-02-15,801780,6.32,0.63,3.85
2022-02-16,801180,8.31,0.96,3.75
2022-02-16,801170,14.8,1.6,1.3
2022-02-16,801160,26.07,1.79,1.94
2022-02-16,801150,30.57,3.75,0.79
2022-02-16,801010,49.55,3.27,1.06
2022-02-16,801110,17.22,3.22,2.94
2022-02-16,801080,30.94,3.8,0.54
2022-02-16,801040,9.36,1.36,3.42
2022-02-16,801030,19.1,3.0,0.89
2022-02-16,801120,40.76,8.17,1.17
2022-02-16,801050,28.67,3.45,0.53
2022-02-16,801710,14.51,2.3,1.91
2022-02-16,801890,24.49,2.62,1.05
2022-02-16,801880,28.34,2.35,1.32
2022-02-16,801790,13.8,1.45,2.26
2022-02-16,801770,37.99,2.17,0.62
2022-02-16,801760,28.08,2.36,1.2
2022-02-16,801750,47.88,4.02,0.54
2022-02-16,801730,47.61,5.38,0.35
2022-02-16,801780,6.38,0.64,3.81
2022-02-17,801180,8.21,0.95,3.8
2022-02-17,801170,14.65,1.58,1.32
2022-02-17,801160,26.2,1.8,1.93
2022-02-17,801150,30.42,3.73,0.8
2022-02-17,801050,29.55,3.56,0.52
2022-02-17,801110,17.07,3.19,2.97
2022-02-17,801080,31.08,3.82,0.53
2022-02-17,801040,9.4,1.36,3.4
2022-02-17,801030,19.41,3.04,0.88
2022-02-17,801010,50.04,3.3,1.05
2022-02-17,801120,40.54,8.12,1.17
2022-02-17,801710,14.5,2.3,1.91
2022-02-17,801880,28.38,2.35,1.32
2022-02-17,801790,13.71,1.44,2.27
2022-02-17,801890,24.48,2.62,1.05
2022-02-17,801770,37.99,2.16,0.62
2022-02-17,801760,27.65,2.33,1.22
2022-02-17,801750,47.51,3.99,0.55
2022-02-17,801730,48.62,5.49,0.34
2022-02-17,801780,6.4,0.64,3.8
2022-02-18,801180,8.48,0.98,3.68
2022-02-18,801170,14.87,1.61,1.3
2022-02-18,801160,26.24,1.8,1.93
2022-02-18,801150,30.79,3.77,0.79
2022-02-18,801010,50.61,3.34,1.04
2022-02-18,801110,17.2,3.22,2.94
2022-02-18,801080,30.93,3.8,0.54
2022-02-18,801050,29.56,3.56,0.52
2022-02-18,801040,9.64,1.4,3.32
2022-02-18,801030,19.47,3.05,0.88
2022-02-18,801120,40.79,8.17,1.16
2022-02-18,801710,14.69,2.33,1.88
2022-02-18,801890,24.56,2.63,1.04
2022-02-18,801880,28.32,2.35,1.32
2022-02-18,801780,6.48,0.65,3.75
2022-02-18,801770,38.55,2.19,0.61
2022-02-18,801760,27.91,2.35,1.22
2022-02-18,801750,48.46,4.07,0.54
2022-02-18,801730,48.03,5.43,0.34
2022-02-18,801790,13.81,1.45,2.26
2022-02-21,801180,8.56,0.99,3.64
2022-02-21,801170,14.9,1.61,1.3
2022-02-21,801160,26.28,1.8,1.92
2022-02-21,801150,31.06,3.81,0.78
2022-02-21,801010,50.8,3.35,1.03
2022-02-21,801110,17.23,3.23,2.94
2022-02-21,801080,30.96,3.8,0.54
2022-02-21,801050,29.48,3.55,0.52
2022-02-21,801040,9.65,1.4,3.32
2022-02-21,801030,19.55,3.06,0.87
2022-02-21,801120,40.69,8.15,1.17
2022-02-21,801710,14.55,2.31,1.9
2022-02-21,801890,24.58,2.65,1.04
2022-02-21,801880,28.29,2.34,1.32
2022-02-21,801780,6.45,0.65,3.77
2022-02-21,801770,39.68,2.25,0.6
2022-02-21,801760,28.21,2.37,1.21
2022-02-21,801750,50.06,4.2,0.52
2022-02-21,801730,47.91,5.41,0.34
2022-02-21,801790,13.75,1.44,2.27
2022-02-22,801180,8.51,0.98,3.66
2022-02-22,801170,14.64,1.58,1.32
2022-02-22,801160,26.05,1.79,1.93
2022-02-22,801150,30.55,3.74,0.79
2022-02-22,801110,16.8,3.14,3.01
2022-02-22,801080,30.73,3.77,0.54
2022-02-22,801050,29.98,3.61,0.51
2022-02-22,801040,9.51,1.38,3.37
2022-02-22,801030,19.6,3.07,0.87
2022-02-22,801010,50.49,3.33,1.04
2022-02-22,801120,39.63,7.94,1.2
2022-02-22,801710,14.3,2.27,1.93
2022-02-22,801890,24.33,2.62,1.05
2022-02-22,801880,27.82,2.3,1.34
2022-02-22,801790,13.5,1.42,2.31
2022-02-22,801770,38.71,2.2,0.6
2022-02-22,801760,27.18,2.28,1.25
2022-02-22,801750,49.28,4.13,0.53
2022-02-22,801730,47.8,5.41,0.34
2022-02-22,801780,6.41,0.64,3.79
2022-02-23,801170,14.69,1.58,1.31
2022-02-23,801160,26.25,1.8,1.92
2022-02-23,801150,31.19,3.81,0.78
2022-02-23,801120,39.97,8.0,1.19
2022-02-23,801050,30.13,3.63,0.51
2022-02-23,801080,32.02,3.93,0.52
2022-02-23,801040,9.55,1.39,3.35
2022-02-23,801030,20.11,3.15,0.85
2022-02-23,801010,49.83,3.28,1.06
2022-02-23,801180,8.4,0.97,3.7
2022-02-23,801110,16.94,3.17,2.99
2022-02-23,801890,24.81,2.67,1.03
2022-02-23,801790,13.62,1.43,2.29
2022-02-23,801780,6.36,0.64,3.83
2022-02-23,801880,28.7,2.38,1.3
2022-02-23,801760,27.82,2.34,1.22
2022-02-23,801750,50.18,4.21,0.52
2022-02-23,801730,49.43,5.6,0.33
2022-02-23,801710,14.21,2.25,1.94
2022-02-23,801770,39.34,2.23,0.59
2022-02-24,801180,8.21,0.95,3.78
2022-02-24,801170,14.37,1.55,1.34
2022-02-24,801160,26.08,1.79,1.93
2022-02-24,801150,30.56,3.73,0.79
2022-02-24,801110,16.49,3.09,3.07
2022-02-24,801080,30.96,3.82,0.53
2022-02-24,801050,29.84,3.59,0.51
2022-02-24,801040,9.27,1.34,3.45
2022-02-24,801030,19.7,3.09,0.87
2022-02-24,801010,49.01,3.23,1.07
2022-02-24,801120,38.69,7.75,1.23
2022-02-24,801710,13.73,2.18,2.01
2022-02-24,801890,24.28,2.62,1.05
2022-02-24,801880,27.95,2.32,1.33
2022-02-24,801790,13.21,1.39,2.37
2022-02-24,801770,38.19,2.17,0.61
2022-02-24,801760,26.61,2.24,1.28
2022-02-24,801750,48.17,4.04,0.54
2022-02-24,801730,48.93,5.54,0.34
2022-02-24,801780,6.27,0.63,3.88
2022-02-25,801180,8.15,0.94,3.81
2022-02-25,801170,14.54,1.57,1.33
2022-02-25,801160,26.77,1.83,1.88
2022-02-25,801150,31.44,3.84,0.77
2022-02-25,801050,30.18,3.63,0.51
2022-02-25,801110,16.6,3.11,3.05
2022-02-25,801080,31.23,3.85,0.52
2022-02-25,801040,9.46,1.37,3.38
2022-02-25,801030,19.83,3.11,0.86
2022-02-25,801010,49.06,3.23,1.07
2022-02-25,801120,39.22,7.85,1.21
2022-02-25,801710,13.76,2.18,2.01
2022-02-25,801890,24.49,2.64,1.04
2022-02-25,801880,28.24,2.34,1.32
2022-02-25,801790,13.23,1.39,2.37
2022-02-25,801770,38.41,2.18,0.61
2022-02-25,801760,26.73,2.25,1.27
2022-02-25,801750,48.41,4.06,0.54
2022-02-25,801730,50.0,5.66,0.33
2022-02-25,801780,6.24,0.63,3.9
2022-02-28,801170,14.65,1.58,1.32
2022-02-28,801160,27.06,1.86,1.86
2022-02-28,801150,31.52,3.85,0.77
2022-02-28,801120,39.22,7.85,1.21
2022-02-28,801050,30.78,3.71,0.5
2022-02-28,801080,31.18,3.85,0.52
2022-02-28,801040,9.48,1.38,3.37
2022-02-28,801030,19.98,3.13,0.86
2022-02-28,801010,49.36,3.23,1.07
2022-02-28,801180,8.17,0.94,3.8
2022-02-28,801110,16.4,3.07,3.09
2022-02-28,801890,24.39,2.63,1.04
2022-02-28,801880,28.18,2.34,1.32
2022-02-28,801790,13.18,1.38,2.37
2022-02-28,801780,6.23,0.62,3.9
2022-02-28,801760,26.6,2.23,1.28
2022-02-28,801750,48.58,4.07,0.53
2022-02-28,801730,50.77,5.74,0.32
2022-02-28,801710,13.7,2.17,2.02
2022-02-28,801770,38.42,2.18,0.61
2022-03-01,801180,8.26,0.95,3.76
2022-03-01,801170,14.69,1.59,1.31
2022-03-01,801160,27.05,1.85,1.86
2022-03-01,801150,31.62,3.86,0.77
2022-03-01,801050,30.24,3.64,0.5
2022-03-01,801110,16.61,3.11,3.05
2022-03-01,801080,31.16,3.85,0.52
2022-03-01,801040,9.47,1.37,3.38
2022-03-01,801030,19.85,3.11,0.86
2022-03-01,801010,51.15,3.35,1.03
2022-03-01,801120,40.17,8.04,1.18
2022-03-01,801710,13.86,2.2,2.0
2022-03-01,801890,24.51,2.64,1.04
2022-03-01,801880,28.44,2.36,1.31
2022-03-01,801790,13.32,1.4,2.35
2022-03-01,801770,39.01,2.21,0.6
2022-03-01,801760,26.93,2.27,1.26
2022-03-01,801750,48.77,4.09,0.53
2022-03-01,801730,50.91,5.76,0.32
2022-03-01,801780,6.29,0.63,3.87
2022-03-02,801180,8.29,0.96,3.75
2022-03-02,801170,14.83,1.6,1.3
2022-03-02,801160,27.13,1.86,1.85
2022-03-02,801150,31.4,3.83,0.77
2022-03-02,801050,30.53,3.67,0.5
2022-03-02,801110,16.4,3.07,3.09
2022-03-02,801080,30.73,3.79,0.53
2022-03-02,801040,9.5,1.38,3.37
2022-03-02,801030,19.86,3.11,0.86
2022-03-02,801010,51.29,3.36,1.03
2022-03-02,801120,39.79,7.97,1.19
2022-03-02,801710,13.76,2.18,2.01
2022-03-02,801880,28.22,2.34,1.32
2022-03-02,801790,13.23,1.39,2.37
2022-03-02,801890,24.51,2.64,1.04
2022-03-02,801770,38.74,2.2,0.6
2022-03-02,801760,26.78,2.25,1.27
2022-03-02,801750,48.68,4.08,0.53
2022-03-02,801730,50.19,5.68,0.33
2022-03-02,801780,6.26,0.63,3.89
2022-03-04,801180,8.31,0.96,3.74
2022-03-04,801170,15.07,1.63,1.28
2022-03-04,801160,27.29,1.87,1.84
2022-03-04,801150,31.31,3.82,0.78
2022-03-04,801010,51.07,3.34,1.04
2022-03-04,801110,16.04,3.0,3.16
2022-03-04,801080,29.91,3.69,0.54
2022-03-04,801050,29.91,3.6,0.51
2022-03-04,801040,9.47,1.37,3.38
2022-03-04,801030,19.4,3.04,0.88
2022-03-04,801120,38.46,7.7,1.24
2022-03-04,801710,13.54,2.15,2.04
2022-03-04,801890,24.02,2.59,1.06
2022-03-04,801880,26.97,2.23,1.38
2022-03-04,801780,6.24,0.63,3.9
2022-03-04,801770,37.93,2.15,0.62
2022-03-04,801760,26.63,2.24,1.27
2022-03-04,801750,47.02,3.94,0.55
2022-03-04,801730,48.2,5.45,0.34
2022-03-04,801790,13.04,1.37,2.4
2022-03-07,801180,8.3,0.96,3.74
2022-03-07,801170,14.53,1.57,1.33
2022-03-07,801160,26.92,1.84,1.8
2022-03-07,801150,30.45,3.72,0.8
2022-03-07,801110,15.43,2.89,3.29
2022-03-07,801080,28.74,3.55,0.56
2022-03-07,801050,29.81,3.59,0.51
2022-03-07,801040,9.34,1.35,3.43
2022-03-07,801030,19.04,2.99,0.9
2022-03-07,801010,50.2,3.29,1.05
2022-03-07,801120,36.79,7.36,1.29
2022-03-07,801710,13.34,2.11,2.07
2022-03-07,801890,23.47,2.53,1.08
2022-03-07,801880,26.08,2.16,1.43
2022-03-07,801790,12.72,1.34,2.46
2022-03-07,801770,36.7,2.08,0.64
2022-03-07,801760,26.2,2.21,1.29
2022-03-07,801750,45.51,3.81,0.57
2022-03-07,801730,46.46,5.26,0.35
2022-03-07,801780,6.11,0.61,3.98
2022-03-08,801180,8.03,0.93,3.87
2022-03-08,801170,14.05,1.52,1.37
2022-03-08,801160,25.96,1.78,1.87
2022-03-08,801150,29.24,3.57,0.83
2022-03-08,801050,28.38,3.41,0.54
2022-03-08,801110,14.87,2.78,3.41
2022-03-08,801080,28.43,3.51,0.57
2022-03-08,801040,8.98,1.3,3.57
2022-03-08,801030,18.32,2.88,0.93
2022-03-08,801010,48.1,3.15,1.1
2022-03-08,801120,36.7,7.34,1.3
2022-03-08,801710,12.88,2.04,2.15
2022-03-08,801890,22.81,2.46,1.12
2022-03-08,801880,25.4,2.08,1.48
2022-03-08,801790,12.43,1.3,2.52
2022-03-08,801770,36.23,2.05,0.64
2022-03-08,801760,25.31,2.13,1.34
2022-03-08,801750,44.75,3.75,0.58
2022-03-08,801730,45.93,5.2,0.36
2022-03-08,801780,5.98,0.6,4.07
2022-03-09,801170,13.82,1.5,1.39
2022-03-09,801160,26.13,1.79,1.86
2022-03-09,801150,28.55,3.48,0.85
2022-03-09,801120,36.66,7.33,1.3
2022-03-09,801050,27.68,3.33,0.54
2022-03-09,801080,28.46,3.51,0.57
2022-03-09,801040,8.79,1.27,3.64
2022-03-09,801030,17.95,2.82,0.95
2022-03-09,801010,47.66,3.12,1.11
2022-03-09,801180,7.78,0.9,3.99
2022-03-09,801110,14.65,2.74,3.46
2022-03-09,801890,22.47,2.42,1.13
2022-03-09,801880,25.3,2.07,1.48
2022-03-09,801790,12.13,1.27,2.58
2022-03-09,801780,5.88,0.59,4.14
2022-03-09,801760,25.11,2.11,1.35
2022-03-09,801750,44.46,3.72,0.58
2022-03-09,801730,46.24,5.24,0.35
2022-03-09,801710,12.65,2.0,2.19
2022-03-09,801770,36.82,2.03,0.65
2022-03-10,801180,7.85,0.91,3.96
2022-03-10,801170,14.03,1.52,1.37
2022-03-10,801160,26.58,1.82,1.83
2022-03-10,801150,29.75,3.63,0.82
2022-03-10,801050,27.95,3.36,0.53
2022-03-10,801110,14.73,2.76,3.44
2022-03-10,801080,28.77,3.53,0.56
2022-03-10,801040,8.95,1.29,3.58
2022-03-10,801030,18.33,2.88,0.93
2022-03-10,801010,47.89,3.13,1.11
2022-03-10,801120,37.65,7.53,1.26
2022-03-10,801710,13.01,2.06,2.12
2022-03-10,801880,25.9,2.12,1.43
2022-03-10,801790,12.13,1.27,2.58
2022-03-10,801890,22.75,2.45,1.12
2022-03-10,801770,36.93,2.04,0.65
2022-03-10,801760,25.29,2.13,1.34
2022-03-10,801750,44.76,3.75,0.58
2022-03-10,801730,48.08,5.45,0.34
2022-03-10,801780,5.92,0.59,4.11
2022-03-11,801180,7.86,0.91,3.95
2022-03-11,801170,14.24,1.54,1.35
2022-03-11,801160,26.21,1.79,1.85
2022-03-11,801150,30.64,3.74,0.79
2022-03-11,801110,14.83,2.77,3.42
2022-03-11,801080,28.68,3.52,0.57
2022-03-11,801050,27.85,3.35,0.53
2022-03-11,801040,8.88,1.28,3.61
2022-03-11,801030,18.4,2.9,0.92
2022-03-11,801010,49.45,3.23,1.07
2022-03-11,801120,37.68,7.54,1.26
2022-03-11,801710,12.9,2.04,2.14
2022-03-11,801890,22.85,2.46,1.11
2022-03-11,801880,25.97,2.13,1.42
2022-03-11,801790,12.31,1.29,2.54
2022-03-11,801770,37.41,2.06,0.64
2022-03-11,801760,25.52,2.15,1.33
2022-03-11,801750,45.3,3.79,0.57
2022-03-11,801730,47.87,5.41,0.34
2022-03-11,801780,5.95,0.6,4.09
2022-03-14,801170,13.69,1.48,1.4
2022-03-14,801160,25.38,1.74,1.91
2022-03-14,801150,30.42,3.71,0.8
2022-03-14,801120,35.79,7.21,1.31
2022-03-14,801050,26.76,3.22,0.56
2022-03-14,801080,27.78,3.41,0.58
2022-03-14,801040,8.61,1.25,3.72
2022-03-14,801030,17.97,2.83,0.94
2022-03-14,801010,47.47,3.09,1.12
2022-03-14,801180,7.7,0.89,4.03
2022-03-14,801110,14.35,2.68,3.53
2022-03-14,801890,22.17,2.38,1.15
2022-03-14,801790,12.07,1.27,2.59
2022-03-14,801780,5.79,0.58,4.2
2022-03-14,801880,25.24,2.07,1.46
2022-03-14,801760,24.73,2.08,1.37
2022-03-14,801750,43.89,3.67,0.59
2022-03-14,801730,46.26,5.23,0.35
2022-03-14,801710,12.54,1.98,2.2
2022-03-14,801770,36.58,2.01,0.65
2022-03-15,801180,7.15,0.83,4.35
2022-03-15,801170,12.92,1.39,1.49
2022-03-15,801160,23.67,1.62,2.05
2022-03-15,801150,29.08,3.54,0.84
2022-03-15,801110,13.64,2.55,3.72
2022-03-15,801080,26.7,3.27,0.61
2022-03-15,801050,25.42,3.05,0.58
2022-03-15,801040,7.98,1.16,4.01
2022-03-15,801030,16.89,2.67,1.0
2022-03-15,801010,45.05,2.94,1.18
2022-03-15,801120,33.92,6.83,1.39
2022-03-15,801710,11.69,1.85,2.36
2022-03-15,801880,24.11,1.97,1.54
2022-03-15,801790,11.61,1.22,2.69
2022-03-15,801890,20.96,2.26,1.21
2022-03-15,801770,34.97,1.92,0.68
2022-03-15,801760,23.31,1.96,1.45
2022-03-15,801750,42.16,3.53,0.61
2022-03-15,801730,45.21,5.1,0.36
2022-03-15,801780,5.52,0.55,4.41
2022-03-16,801180,7.38,0.85,4.22
2022-03-16,801170,13.53,1.46,1.42
2022-03-16,801160,24.74,1.7,1.95
2022-03-16,801150,29.73,3.62,0.82
2022-03-16,801110,14.13,2.64,3.59
2022-03-16,801080,27.83,3.41,0.59
2022-03-16,801050,26.32,3.18,0.56
2022-03-16,801040,8.23,1.19,3.89
2022-03-16,801030,17.44,2.75,0.97
2022-03-16,801010,45.89,2.99,1.16
2022-03-16,801120,35.13,7.07,1.34
2022-03-16,801710,12.1,1.92,2.28
2022-03-16,801890,21.69,2.33,1.17
2022-03-16,801880,25.22,2.06,1.47
2022-03-16,801790,12.25,1.29,2.55
2022-03-16,801770,36.39,2.0,0.66
2022-03-16,801760,24.37,2.05,1.39
2022-03-16,801750,43.79,3.67,0.59
2022-03-16,801730,47.62,5.36,0.34
2022-03-16,801780,5.73,0.57,4.24
2022-03-17,801180,7.69,0.89,4.05
2022-03-17,801160,24.75,1.7,1.95
2022-03-17,801150,30.76,3.74,0.79
2022-03-17,801120,36.06,7.25,1.31
2022-03-17,801050,26.64,3.22,0.55
2022-03-17,801080,28.38,3.48,0.58
2022-03-17,801040,8.39,1.21,3.81
2022-03-17,801030,17.59,2.77,0.96
2022-03-17,801010,47.27,3.08,1.12
2022-03-17,801110,14.47,2.71,3.5
2022-03-17,801170,13.65,1.47,1.41
2022-03-17,801710,12.55,1.96,2.19
2022-03-17,801890,22.1,2.38,1.15
2022-03-17,801880,25.79,2.11,1.43
2022-03-17,801790,12.34,1.3,2.53
2022-03-17,801770,36.86,2.03,0.65
2022-03-17,801760,25.15,2.12,1.35
2022-03-17,801750,44.74,3.75,0.58
2022-03-17,801730,48.42,5.44,0.34
2022-03-17,801780,5.8,0.58,4.19
2022-03-18,801180,8.04,0.93,3.87
2022-03-18,801170,13.87,1.5,1.38
2022-03-18,801150,31.01,3.78,0.79
2022-03-18,801120,36.0,7.25,1.31
2022-03-18,801050,26.94,3.25,0.55
2022-03-18,801080,28.33,3.47,0.58
2022-03-18,801040,8.46,1.23,3.78
2022-03-18,801030,17.78,2.8,0.95
2022-03-18,801010,48.46,3.16,1.09
2022-03-18,801110,14.54,2.72,3.49
2022-03-18,801160,25.21,1.73,1.91
2022-03-18,801710,12.8,2.0,2.14
2022-03-18,801890,22.3,2.4,1.14
2022-03-18,801880,26.01,2.11,1.43
2022-03-18,801790,13.51,1.31,2.48
2022-03-18,801780,5.93,0.59,4.1
2022-03-18,801760,25.36,2.13,1.34
2022-03-18,801750,44.61,3.73,0.58
2022-03-18,801730,47.99,5.39,0.34
2022-03-18,801770,36.93,2.03,0.64
2022-03-21,801180,8.04,0.93,3.88
2022-03-21,801170,13.8,1.49,1.39
2022-03-21,801160,25.19,1.72,1.92
2022-03-21,801150,31.74,3.85,0.77
2022-03-21,801080,28.52,3.5,0.57
2022-03-21,801120,35.92,7.23,1.31
2022-03-21,801110,14.53,2.72,3.49
2022-03-21,801050,26.58,3.3,0.54
2022-03-21,801040,8.5,1.23,3.77
2022-03-21,801030,17.94,2.82,0.94
2022-03-21,801010,49.71,3.24,1.07
2022-03-21,801710,12.61,1.98,2.16
2022-03-21,801890,22.47,2.42,1.13
2022-03-21,801880,26.3,2.14,1.41
2022-03-21,801780,5.82,0.58,4.16
2022-03-21,801770,36.83,2.03,0.65
2022-03-21,801760,25.38,2.14,1.34
2022-03-21,801750,44.69,3.72,0.58
2022-03-21,801730,48.55,5.46,0.34
2022-03-21,801790,13.21,1.29,2.52
2022-03-22,801180,8.48,0.96,3.75
2022-03-22,801170,13.79,1.49,1.39
2022-03-22,801160,25.28,1.73,1.91
2022-03-22,801150,30.98,3.76,0.79
2022-03-22,801010,50.19,3.27,1.06
2022-03-22,801110,14.58,2.73,3.48
2022-03-22,801080,28.3,3.47,0.58
2022-03-22,801050,26.83,3.32,0.53
2022-03-22,801040,8.62,1.24,3.72
2022-03-22,801030,17.41,2.8,0.94
2022-03-22,801120,35.68,7.18,1.32
2022-03-22,801890,22.52,2.42,1.13
2022-03-22,801710,12.57,1.99,2.16
2022-03-22,801880,26.33,2.14,1.41
2022-03-22,801790,13.25,1.3,2.51
2022-03-22,801770,36.66,2.02,0.65
2022-03-22,801760,25.65,2.16,1.32
2022-03-22,801750,44.69,3.72,0.58
2022-03-22,801730,47.42,5.36,0.34
2022-03-22,801780,5.92,0.59,4.08
2022-03-24,801180,8.5,0.96,3.74
2022-03-24,801170,13.65,1.48,1.4
2022-03-24,801150,31.96,3.89,0.76
2022-03-24,801120,35.56,7.16,1.32
2022-03-24,801050,27.07,3.34,0.53
2022-03-24,801080,27.8,3.4,0.59
2022-03-24,801040,8.78,1.23,3.77
2022-03-24,801030,17.5,2.82,0.93
2022-03-24,801010,49.8,3.24,1.06
2022-03-24,801110,14.4,2.69,3.52
2022-03-24,801160,24.89,1.71,1.94
2022-03-24,801710,12.25,1.93,2.21
2022-03-24,801890,22.35,2.4,1.14
2022-03-24,801880,26.25,2.13,1.41
2022-03-24,801790,13.45,1.31,2.52
2022-03-24,801770,37.35,2.05,0.64
2022-03-24,801760,25.06,2.11,1.35
2022-03-24,801750,43.65,3.62,0.6
2022-03-24,801730,47.11,5.32,0.34
2022-03-24,801780,5.9,0.59,4.1
2022-03-25,801180,8.54,0.97,3.73
2022-03-25,801170,13.44,1.46,1.42
2022-03-25,801160,24.49,1.68,1.98
2022-03-25,801150,31.05,3.78,0.78
2022-03-25,801010,50.34,3.28,1.05
2022-03-25,801110,14.16,2.65,3.58
2022-03-25,801080,27.49,3.36,0.6
2022-03-25,801050,26.82,3.31,0.53
2022-03-25,801040,8.67,1.22,3.77
2022-03-25,801030,17.31,2.8,0.94
2022-03-25,801120,34.75,6.99,1.35
2022-03-25,801890,22.05,2.37,1.15
2022-03-25,801710,12.18,1.92,2.22
2022-03-25,801880,25.78,2.09,1.44
2022-03-25,801790,13.25,1.29,2.56
2022-03-25,801770,36.66,2.01,0.65
2022-03-25,801760,25.18,2.12,1.34
2022-03-25,801750,43.17,3.58,0.6
2022-03-25,801730,45.71,5.16,0.35
2022-03-25,801780,5.85,0.59,4.1
2022-03-28,801180,8.72,0.99,3.66
2022-03-28,801170,13.22,1.45,1.42
2022-03-28,801160,25.16,1.7,1.96
2022-03-28,801150,30.76,3.75,0.79
2022-03-28,801080,27.23,3.33,0.6
2022-03-28,801110,14.07,2.63,3.61
2022-03-28,801050,26.34,3.25,0.54
2022-03-28,801040,8.78,1.23,3.75
2022-03-28,801030,17.16,2.77,0.94
2022-03-28,801120,34.03,6.84,1.38
2022-03-28,801010,50.66,3.28,1.05
2022-03-28,801710,12.15,1.89,2.22
2022-03-28,801890,21.93,2.36,1.16
2022-03-28,801880,25.62,2.08,1.45
2022-03-28,801790,13.28,1.3,2.55
2022-03-28,801770,36.62,2.01,0.65
2022-03-28,801760,25.53,2.15,1.32
2022-03-28,801750,43.02,3.56,0.61
2022-03-28,801730,45.14,5.08,0.36
2022-03-28,801780,5.88,0.59,4.09
2022-03-29,801180,8.58,0.97,3.72
2022-03-29,801170,13.27,1.45,1.42
2022-03-29,801160,24.89,1.71,1.99
2022-03-29,801150,30.89,3.79,0.78
2022-03-29,801050,25.86,3.22,0.54
2022-03-29,801110,13.83,2.59,3.67
2022-03-29,801080,26.35,3.24,0.62
2022-03-29,801040,8.67,1.23,3.78
2022-03-29,801030,17.27,2.79,0.94
2022-03-29,801010,51.8,3.36,1.02
2022-03-29,801120,33.82,6.78,1.39
2022-03-29,801710,12.05,1.87,2.24
2022-03-29,801890,22.35,2.32,1.18
2022-03-29,801880,25.47,2.06,1.47
2022-03-29,801790,12.97,1.28,2.58
2022-03-29,801770,36.18,1.98,0.66
2022-03-29,801760,25.29,2.13,1.33
2022-03-29,801750,42.41,3.52,0.61
2022-03-29,801730,44.79,5.05,0.36
2022-03-29,801780,5.89,0.59,4.08
2022-03-30,801180,9.12,1.03,3.53
2022-03-30,801170,13.45,1.47,1.4
2022-03-30,801160,25.12,1.73,1.97
2022-03-30,801150,31.56,3.85,0.77
2022-03-30,801050,26.17,3.26,0.53
2022-03-30,801110,14.2,2.67,3.55
2022-03-30,801080,26.88,3.31,0.6
2022-03-30,801040,8.82,1.25,3.72
2022-03-30,801030,17.04,2.8,0.92
2022-03-30,801010,51.94,3.38,1.02
2022-03-30,801120,35.16,7.05,1.34
2022-03-30,801710,12.75,1.96,2.14
2022-03-30,801890,22.89,2.37,1.15
2022-03-30,801880,26.23,2.09,1.43
2022-03-30,801790,13.49,1.33,2.49
2022-03-30,801770,36.74,2.01,0.65
2022-03-30,801760,25.71,2.16,1.31
2022-03-30,801750,43.63,3.59,0.62
2022-03-30,801730,46.41,5.26,0.35
2022-03-30,801780,5.94,0.6,4.02
2022-04-01,801170,12.98,1.49,1.36
2022-04-01,801160,25.35,1.72,1.98
2022-04-01,801150,30.64,3.75,0.78
2022-04-01,801120,35.29,7.05,1.32
2022-04-01,801050,25.2,3.2,0.54
2022-04-01,801080,25.52,3.23,0.61
2022-04-01,801040,9.06,1.26,3.68
2022-04-01,801030,16.83,2.77,0.93
2022-04-01,801010,51.66,3.36,1.03
2022-04-01,801180,11.08,1.06,3.37
2022-04-01,801110,14.52,2.72,3.47
2022-04-01,801890,22.9,2.33,1.16
2022-04-01,801790,13.39,1.33,2.47
2022-04-01,801780,6.11,0.61,3.91
2022-04-01,801880,26.29,2.07,1.45
2022-04-01,801760,26.23,2.23,1.28
2022-04-01,801750,44.15,3.58,0.61
2022-04-01,801730,45.21,5.1,0.36
2022-04-01,801710,12.97,2.03,2.11
2022-04-01,801770,36.3,1.99,0.66
2022-04-06,801180,11.39,1.09,3.28
2022-04-06,801170,13.01,1.49,1.36
2022-04-06,801160,25.59,1.74,1.96
2022-04-06,801150,30.79,3.77,0.78
2022-04-06,801110,14.55,2.73,3.46
2022-04-06,801080,25.0,3.16,0.62
2022-04-06,801050,25.19,3.2,0.54
2022-04-06,801040,9.43,1.31,3.39
2022-04-06,801030,16.79,2.76,0.94
2022-04-06,801010,51.74,3.36,1.03
2022-04-06,801120,35.07,6.98,1.33
2022-04-06,801710,13.3,2.08,2.06
2022-04-06,801890,23.06,2.34,1.16
2022-04-06,801880,26.18,2.06,1.45
2022-04-06,801790,13.46,1.33,2.44
2022-04-06,801770,36.1,1.98,0.66
2022-04-06,801760,26.41,2.24,1.26
2022-04-06,801750,44.2,3.58,0.61
2022-04-06,801730,44.08,4.97,0.37
2022-04-06,801780,6.21,0.62,3.85
2022-04-07,801170,12.76,1.46,1.39
2022-04-07,801160,25.17,1.71,1.99
2022-04-07,801150,30.18,3.69,0.8
2022-04-07,801120,34.94,6.96,1.34
2022-04-07,801050,25.3,3.21,0.54
2022-04-07,801080,24.47,3.1,0.63
2022-04-07,801040,9.3,1.29,3.44
2022-04-07,801030,16.69,2.75,0.94
2022-04-07,801010,50.12,3.26,1.06
2022-04-07,801180,10.99,1.05,3.41
2022-04-07,801110,14.33,2.68,3.51
2022-04-07,801890,22.56,2.29,1.18
2022-04-07,801790,13.18,1.3,2.49
2022-04-07,801780,6.13,0.61,3.88
2022-04-07,801880,25.72,2.02,1.48
2022-04-07,801760,25.86,2.19,1.29
2022-04-07,801750,42.9,3.47,0.63
2022-04-07,801730,42.97,4.85,0.37
2022-04-07,801710,13.16,2.06,2.08
2022-04-07,801770,35.31,1.93,0.68
2022-04-08,801180,11.29,1.08,3.32
2022-04-08,801170,12.81,1.47,1.39
2022-04-08,801160,25.22,1.71,1.99
2022-04-08,801150,29.47,3.63,0.81
2022-04-08,801110,14.1,2.65,4.13
2022-04-08,801080,24.42,3.08,0.64
2022-04-08,801050,25.4,3.23,0.54
2022-04-08,801040,9.4,1.31,3.39
2022-04-08,801030,16.96,2.79,0.93
2022-04-08,801010,49.21,3.2,1.08
2022-04-08,801120,34.93,6.95,1.34
2022-04-08,801710,13.46,2.1,2.03
2022-04-08,801880,25.7,2.02,1.48
2022-04-08,801790,13.37,1.32,2.46
2022-04-08,801890,22.73,2.31,1.17
2022-04-08,801770,35.15,1.92,0.68
2022-04-08,801760,25.1,2.13,1.33
2022-04-08,801750,42.1,3.41,0.64
2022-04-08,801730,42.79,4.83,0.38
2022-04-08,801780,6.2,0.63,3.92
2022-04-11,801180,10.89,1.04,3.45
2022-04-11,801170,12.68,1.46,1.4
2022-04-11,801160,24.93,1.66,2.05
2022-04-11,801150,28.87,3.56,0.82
2022-04-11,801010,50.16,3.27,1.06
2022-04-11,801120,33.83,6.73,1.36
2022-04-11,801110,13.72,2.58,4.25
2022-04-11,801080,23.18,2.93,0.67
2022-04-11,801050,24.15,3.06,0.57
2022-04-11,801040,9.22,1.26,3.5
2022-04-11,801030,16.54,2.72,0.96
2022-04-11,801770,33.82,1.84,0.71
2022-04-11,801710,13.12,2.05,2.08
2022-04-11,801890,21.88,2.22,1.22
2022-04-11,801880,24.52,1.93,1.55
2022-04-11,801780,6.1,0.62,3.99
2022-04-11,801760,24.3,2.06,1.37
2022-04-11,801750,40.36,3.25,0.67
2022-04-11,801730,40.39,4.54,0.4
2022-04-11,801790,12.93,1.28,2.54
2022-04-12,801180,10.65,1.02,3.52
2022-04-12,801160,25.13,1.68,2.03
2022-04-12,801150,29.51,3.63,0.8
2022-04-12,801120,35.33,7.02,1.3
2022-04-12,801050,24.54,3.09,0.56
2022-04-12,801080,23.55,2.97,0.66
2022-04-12,801040,9.24,1.27,3.5
2022-04-12,801030,16.52,2.72,0.96
2022-04-12,801010,51.57,3.29,1.05
2022-04-12,801110,14.14,2.66,4.12
2022-04-12,801170,13.17,1.51,1.35
2022-04-12,801710,13.02,2.03,2.09
2022-04-12,801890,22.32,2.26,1.19
2022-04-12,801880,25.05,1.96,1.53
2022-04-12,801790,13.29,1.31,2.47
2022-04-12,801770,34.29,1.87,0.7
2022-04-12,801760,24.95,2.11,1.34
2022-04-12,801750,41.05,3.32,0.66
2022-04-12,801730,40.37,4.6,0.4
2022-04-12,801780,6.11,0.62,3.98
2022-04-13,801180,10.6,1.01,3.56
2022-04-13,801160,24.9,1.66,2.05
2022-04-13,801150,29.11,3.55,0.83
2022-04-13,801120,35.18,6.99,1.33
2022-04-13,801050,25.09,3.15,0.54
2022-04-13,801080,22.99,2.9,0.67
2022-04-13,801040,9.22,1.27,3.67
2022-04-13,801030,16.26,2.68,0.98
2022-04-13,801010,50.53,3.23,1.08
2022-04-13,801110,13.95,2.62,4.18
2022-04-13,801170,13.2,1.52,1.35
2022-04-13,801710,12.69,1.97,2.14
2022-04-13,801890,21.92,2.22,1.22
2022-04-13,801880,24.86,1.94,1.55
2022-04-13,801790,13.12,1.3,2.5
2022-04-13,801780,6.09,0.62,3.99
2022-04-13,801760,24.35,2.03,1.39
2022-04-13,801750,40.04,3.24,0.68
2022-04-13,801730,39.73,4.51,0.4
2022-04-13,801770,33.54,1.83,0.71
2022-04-15,801180,11.03,1.05,3.41
2022-04-15,801170,13.08,1.5,1.36
2022-04-15,801160,25.05,1.67,2.04
2022-04-15,801150,29.43,3.6,0.82
2022-04-15,801080,23.2,2.94,0.66
2022-04-15,801120,36.44,7.25,1.28
2022-04-15,801110,14.31,2.68,4.07
2022-04-15,801050,24.21,3.09,0.55
2022-04-15,801040,9.51,1.3,3.57
2022-04-15,801030,16.17,2.66,0.98
2022-04-15,801010,50.41,3.24,1.07
2022-04-15,801710,12.73,1.98,2.14
2022-04-15,801890,21.67,2.2,1.23
2022-04-15,801880,25.26,1.96,1.53
2022-04-15,801780,6.18,0.63,3.93
2022-04-15,801770,32.94,1.8,0.72
2022-04-15,801760,23.98,1.99,1.42
2022-04-15,801750,40.11,3.22,0.68
2022-04-15,801730,38.67,4.39,0.41
2022-04-15,801790,13.24,1.31,2.48
2022-04-18,801180,10.81,1.02,3.53
2022-04-18,801170,13.08,1.5,1.36
2022-04-18,801150,29.47,3.57,0.82
2022-04-18,801120,36.27,7.21,1.29
2022-04-18,801080,24.1,3.03,0.64
2022-04-18,801050,24.14,3.08,0.55
2022-04-18,801040,9.35,1.28,3.64
2022-04-18,801030,16.24,2.66,0.98
2022-04-18,801010,52.16,3.39,1.04
2022-04-18,801110,14.16,2.65,4.12
2022-04-18,801160,25.39,1.67,2.02
2022-04-18,801710,12.6,1.96,2.16
2022-04-18,801890,21.73,2.19,1.23
2022-04-18,801880,25.8,2.0,1.49
2022-04-18,801790,12.92,1.28,2.54
2022-04-18,801780,5.99,0.61,4.05
2022-04-18,801760,24.03,1.98,1.43
2022-04-18,801750,40.06,3.23,0.66
2022-04-18,801730,39.48,4.49,0.4
2022-04-18,801770,33.36,1.84,0.71
2022-04-19,801180,11.0,1.01,3.52
2022-04-19,801170,12.99,1.49,1.36
2022-04-19,801150,29.04,3.52,0.84
2022-04-19,801080,23.68,2.97,0.65
2022-04-19,801110,14.05,2.63,4.15
2022-04-19,801050,24.32,3.1,0.55
2022-04-19,801040,9.51,1.3,3.59
2022-04-19,801030,16.65,2.7,0.96
2022-04-19,801010,53.24,3.47,1.02
2022-04-19,801120,36.0,7.15,1.3
2022-04-19,801160,25.55,1.69,2.0
2022-04-19,801710,12.49,1.94,2.18
2022-04-19,801890,21.84,2.2,1.22
2022-04-19,801880,25.72,2.0,1.5
2022-04-19,801790,12.8,1.26,2.56
2022-04-19,801770,33.3,1.83,0.71
2022-04-19,801760,24.32,2.0,1.41
2022-04-19,801750,40.01,3.22,0.66
2022-04-19,801730,39.23,4.47,0.41
2022-04-19,801780,5.96,0.61,4.07
2022-04-20,801180,10.45,0.96,3.7
2022-04-20,801170,12.96,1.49,1.36
2022-04-20,801160,25.26,1.67,2.02
2022-04-20,801150,28.5,3.44,0.85
2022-04-20,801080,23.57,2.93,0.67
2022-04-20,801120,36.39,7.23,1.28
2022-04-20,801110,14.21,2.65,4.12
2022-04-20,801050,23.21,2.98,0.57
2022-04-20,801040,9.27,1.25,3.74
2022-04-20,801030,16.39,2.62,0.99
2022-04-20,801010,52.23,3.43,1.03
2022-04-20,801890,21.62,2.18,1.24
2022-04-20,801880,25.78,1.99,1.51
2022-04-20,801710,12.19,1.89,2.24
2022-04-20,801780,5.89,0.6,4.12
2022-04-20,801770,33.0,1.82,0.71
2022-04-20,801760,23.94,1.98,1.42
2022-04-20,801750,40.52,3.21,0.66
2022-04-20,801730,37.69,4.27,0.42
2022-04-20,801790,12.59,1.24,2.64
2022-04-21,801180,10.17,0.94,3.82
2022-04-21,801170,12.6,1.45,1.36
2022-04-21,801160,24.53,1.62,2.09
2022-04-21,801150,27.52,3.32,0.85
2022-04-21,801080,22.99,2.86,0.69
2022-04-21,801110,13.88,2.59,4.21
2022-04-21,801050,22.22,2.84,0.6
2022-04-21,801040,8.84,1.19,3.92
2022-04-21,801030,15.59,2.5,1.03
2022-04-21,801120,35.82,7.11,1.3
2022-04-21,801010,50.16,3.27,1.07
2022-04-21,801710,11.77,1.82,2.32
2022-04-21,801880,24.77,1.91,1.56
2022-04-21,801790,12.58,1.24,2.64
2022-04-21,801890,20.71,2.08,1.3
2022-04-21,801770,32.0,1.76,0.74
2022-04-21,801760,23.12,1.91,1.47
2022-04-21,801750,39.17,3.1,0.68
2022-04-21,801730,36.27,4.11,0.44
2022-04-21,801780,5.87,0.6,4.13
2022-04-22,801180,10.28,0.95,3.78
2022-04-22,801170,12.67,1.45,1.35
2022-04-22,801160,25.2,1.66,2.04
2022-04-22,801150,27.07,3.3,0.85
2022-04-22,801110,14.08,2.62,4.15
2022-04-22,801080,22.52,2.81,0.7
2022-04-22,801050,22.17,2.83,0.59
2022-04-22,801040,8.75,1.18,3.99
2022-04-22,801030,15.34,2.47,1.05
2022-04-22,801010,49.26,3.18,1.1
2022-04-22,801120,35.74,7.09,1.32
2022-04-22,801890,20.5,2.06,1.3
2022-04-22,801710,11.93,1.84,2.3
2022-04-22,801880,24.72,1.91,1.57
2022-04-22,801790,12.63,1.25,2.63
2022-04-22,801770,28.01,1.73,0.74
2022-04-22,801760,22.79,1.88,1.5
2022-04-22,801750,38.84,3.02,0.7
2022-04-22,801730,34.57,4.04,0.44
2022-04-22,801780,5.98,0.61,4.06
2022-04-25,801180,9.71,0.89,3.99
2022-04-25,801170,12.01,1.36,1.44
2022-04-25,801160,23.94,1.57,2.15
2022-04-25,801150,25.74,3.11,0.9
2022-04-25,801050,20.33,2.57,0.65
2022-04-25,801110,13.47,2.51,4.33
2022-04-25,801080,20.93,2.57,0.76
2022-04-25,801040,8.21,1.09,4.22
2022-04-25,801030,14.16,2.26,1.13
2022-04-25,801010,48.4,3.04,1.14
2022-04-25,801120,34.05,6.74,1.38
2022-04-25,801710,11.4,1.76,2.4
2022-04-25,801890,19.79,1.9,1.41
2022-04-25,801880,23.72,1.78,1.68
2022-04-25,801790,12.2,1.2,1.99
2022-04-25,801770,26.33,1.63,0.78
2022-04-25,801760,21.14,1.73,1.62
2022-04-25,801750,36.3,2.8,0.74
2022-04-25,801730,31.94,3.72,0.47
2022-04-25,801780,5.71,0.58,4.26
2022-04-26,801170,11.75,1.34,1.46
2022-04-26,801160,24.07,1.54,2.2
2022-04-26,801150,25.89,3.1,0.9
2022-04-26,801120,34.65,6.78,1.36
2022-04-26,801050,19.62,2.47,0.67
2022-04-26,801080,20.32,2.48,0.78
2022-04-26,801040,7.98,1.06,4.33
2022-04-26,801030,13.68,2.15,1.2
2022-04-26,801010,47.16,2.94,1.18
2022-04-26,801180,10.08,0.9,3.99
2022-04-26,801110,13.08,2.43,4.47
2022-04-26,801890,19.2,1.83,1.46
2022-04-26,801880,23.33,1.74,1.73
2022-04-26,801790,11.74,1.15,2.06
2022-04-26,801780,5.68,0.58,4.27
2022-04-26,801760,20.47,1.71,1.65
2022-04-26,801750,34.65,2.68,0.78
2022-04-26,801730,30.76,3.6,0.49
2022-04-26,801710,11.41,1.75,2.41
2022-04-26,801770,25.93,1.59,0.79
2022-04-27,801180,9.86,0.89,4.06
2022-04-27,801170,11.91,1.36,1.43
2022-04-27,801160,24.49,1.58,2.14
2022-04-27,801150,26.37,3.15,0.89
2022-04-27,801050,20.98,2.6,0.63
2022-04-27,801110,13.36,2.48,4.38
2022-04-27,801080,21.66,2.62,0.75
2022-04-27,801040,8.36,1.1,4.18
2022-04-27,801030,14.28,2.25,1.03
2022-04-27,801010,49.16,3.08,1.13
2022-04-27,801120,35.44,6.8,1.33
2022-04-27,801710,11.92,1.82,2.31
2022-04-27,801880,24.01,1.79,1.68
2022-04-27,801790,11.92,1.17,2.04
2022-04-27,801890,20.17,1.92,1.39
2022-04-27,801770,26.89,1.65,0.76
2022-04-27,801760,21.38,1.76,1.59
2022-04-27,801750,35.99,2.81,0.74
2022-04-27,801730,32.96,3.84,0.44
2022-04-27,801780,5.69,0.57,4.27
2022-04-28,801180,10.31,0.92,3.94
2022-04-28,801170,11.91,1.35,1.43
2022-04-28,801160,24.24,1.56,2.13
2022-04-28,801150,26.29,3.1,0.9
2022-04-28,801110,13.43,2.49,4.35
2022-04-28,801080,21.69,2.54,0.75
2022-04-28,801050,21.16,2.58,0.64
2022-04-28,801040,8.36,1.08,4.22
2022-04-28,801030,14.11,2.24,1.03
2022-04-28,801010,47.52,3.02,1.17
2022-04-28,801120,36.21,6.58,1.31
2022-04-28,801710,11.92,1.8,2.34
2022-04-28,801890,20.09,1.9,1.4
2022-04-28,801880,23.88,1.78,1.7
2022-04-28,801790,11.7,1.15,2.07
2022-04-28,801770,26.88,1.65,0.77
2022-04-28,801760,21.85,1.74,1.63
2022-04-28,801750,35.32,2.76,0.75
2022-04-28,801730,33.09,3.8,0.43
2022-04-28,801780,5.8,0.58,4.19
2022-04-29,801170,12.98,1.4,1.38
2022-04-29,801160,25.8,1.57,2.09
2022-04-29,801150,25.64,3.17,0.88
2022-04-29,801120,35.86,6.33,1.4
2022-04-29,801050,23.71,2.66,0.61
2022-04-29,801080,22.56,2.63,0.74
2022-04-29,801040,8.79,1.12,4.06
2022-04-29,801030,14.53,2.29,1.28
2022-04-29,801010,47.4,3.0,1.17
2022-04-29,801180,10.66,0.94,3.81
2022-04-29,801110,14.4,2.6,4.12
2022-04-29,801890,20.97,1.97,1.39
2022-04-29,801790,12.11,1.17,1.99
2022-04-29,801780,5.79,0.58,4.2
2022-04-29,801880,25.53,1.86,1.61
2022-04-29,801760,22.77,1.86,1.53
2022-04-29,801750,37.11,2.92,0.71
2022-04-29,801730,35.2,3.93,0.42
2022-04-29,801710,12.16,1.82,2.32
2022-04-29,801770,27.67,1.7,0.75
2022-05-06,801180,12.1,0.93,4.02
2022-05-06,801170,11.46,1.4,1.46
2022-05-06,801160,25.09,1.56,2.1
2022-05-06,801150,23.14,3.12,0.89
2022-05-06,801110,14.63,2.53,4.03
2022-05-06,801080,22.04,2.59,0.74
2022-05-06,801050,17.99,2.55,0.6
2022-05-06,801040,8.99,1.08,4.19
2022-05-06,801030,13.43,2.31,1.23
2022-05-06,801010,111.13,3.17,1.16
2022-05-06,801120,33.04,6.18,1.41
2022-05-06,801710,12.37,1.81,2.31
2022-05-06,801880,26.97,1.88,1.59
2022-05-06,801790,12.95,1.12,2.06
2022-05-06,801890,22.84,1.97,1.38
2022-05-06,801770,26.48,1.7,0.75
2022-05-06,801760,23.49,1.83,1.56
2022-05-06,801750,37.39,2.82,0.73
2022-05-06,801730,31.17,3.83,0.41
2022-05-06,801780,5.49,0.55,4.32
2022-05-10,801180,12.38,0.96,3.93
2022-05-10,801170,11.6,1.42,1.44
2022-05-10,801160,25.81,1.6,2.04
2022-05-10,801150,23.45,3.16,0.98
2022-05-10,801110,14.52,2.51,4.1
2022-05-10,801080,22.64,2.66,0.72
2022-05-10,801050,18.33,2.6,0.59
2022-05-10,801040,9.1,1.09,4.35
2022-05-10,801030,13.61,2.34,1.22
2022-05-10,801010,113.53,3.24,1.14
2022-05-10,801120,33.05,6.16,1.41
2022-05-10,801890,23.47,2.03,1.35
2022-05-10,801710,12.59,1.85,2.27
2022-05-10,801880,26.91,1.87,1.63
2022-05-10,801790,13.17,1.14,2.02
2022-05-10,801770,27.06,1.73,0.9
2022-05-10,801760,24.07,1.87,1.52
2022-05-10,801750,37.86,2.86,0.74
2022-05-10,801730,32.22,3.96,0.39
2022-05-10,801780,5.45,0.54,4.35
2022-05-11,801180,12.23,0.94,3.96
2022-05-11,801160,25.87,1.6,2.03
2022-05-11,801150,23.72,3.21,0.97
2022-05-11,801120,33.24,6.2,1.4
2022-05-11,801050,18.62,2.64,0.59
2022-05-11,801080,23.34,2.74,0.7
2022-05-11,801040,9.17,1.1,4.2
2022-05-11,801030,13.77,2.36,1.23
2022-05-11,801010,112.36,3.21,1.14
2022-05-11,801110,14.53,2.51,4.13
2022-05-11,801170,11.71,1.43,1.43
2022-05-11,801710,12.54,1.84,2.28
2022-05-11,801890,23.55,2.04,1.36
2022-05-11,801880,27.9,1.94,1.57
2022-05-11,801790,13.23,1.15,2.0
2022-05-11,801770,26.97,1.73,0.86
2022-05-11,801760,24.09,1.88,1.52
2022-05-11,801750,38.12,2.88,0.73
2022-05-11,801730,33.45,4.14,0.38
2022-05-11,801780,5.43,0.54,4.39
2022-05-12,801180,12.04,0.93,4.02
2022-05-12,801170,11.68,1.43,1.43
2022-05-12,801150,23.98,3.24,0.96
2022-05-12,801120,33.41,6.23,1.38
2022-05-12,801050,18.54,2.63,0.6
2022-05-12,801080,23.46,2.75,0.7
2022-05-12,801040,9.14,1.1,4.21
2022-05-12,801030,13.74,2.36,1.27
2022-05-12,801010,111.29,3.18,1.16
2022-05-12,801110,14.49,2.51,4.14
2022-05-12,801160,25.91,1.61,2.03
2022-05-12,801710,12.48,1.83,2.29
2022-05-12,801890,23.65,2.05,1.35
2022-05-12,801880,27.51,1.92,1.58
2022-05-12,801790,13.19,1.14,1.99
2022-05-12,801780,5.39,0.54,4.42
2022-05-12,801760,24.13,1.88,1.51
2022-05-12,801750,38.2,2.88,0.72
2022-05-12,801730,33.36,4.1,0.39
2022-05-12,801770,27.14,1.74,0.85
2022-05-13,801180,12.58,0.97,3.86
2022-05-13,801170,11.85,1.45,1.42
2022-05-13,801160,26.29,1.63,2.0
2022-05-13,801150,24.04,3.25,0.96
2022-05-13,801080,23.46,2.75,0.71
2022-05-13,801120,33.38,6.22,1.4
2022-05-13,801110,14.65,2.54,4.06
2022-05-13,801050,18.64,2.64,0.63
2022-05-13,801040,9.19,1.1,4.18
2022-05-13,801030,13.85,2.38,1.19
2022-05-13,801010,111.0,3.17,1.16
2022-05-13,801710,12.63,1.85,2.26
2022-05-13,801890,23.82,2.06,1.36
2022-05-13,801880,28.85,2.01,1.51
2022-05-13,801780,5.45,0.55,4.39
2022-05-13,801770,27.36,1.75,0.89
2022-05-13,801760,24.18,1.88,1.51
2022-05-13,801750,37.9,2.86,0.71
2022-05-13,801730,33.62,4.13,0.38
2022-05-13,801790,13.31,1.15,1.97
2022-05-16,801180,12.78,0.99,3.79
2022-05-16,801170,11.91,1.45,1.38
2022-05-16,801160,26.12,1.62,2.02
2022-05-16,801150,23.61,3.19,0.98
2022-05-16,801010,114.43,3.27,1.11
2022-05-16,801110,14.58,2.52,4.08
2022-05-16,801080,23.23,2.73,0.7
2022-05-16,801050,18.73,2.66,0.62
2022-05-16,801040,9.27,1.11,3.98
2022-05-16,801030,14.01,2.4,1.25
2022-05-16,801120,32.99,6.15,1.41
2022-05-16,801890,23.8,2.06,1.35
2022-05-16,801710,12.7,1.86,2.24
2022-05-16,801880,28.51,1.99,1.53
2022-05-16,801790,13.18,1.14,1.99
2022-05-16,801770,27.2,1.74,0.9
2022-05-16,801760,24.41,1.9,1.5
2022-05-16,801750,37.82,2.85,0.71
2022-05-16,801730,33.31,4.09,0.4
2022-05-16,801780,5.4,0.54,4.33
2022-05-17,801180,12.63,0.97,3.84
2022-05-17,801170,11.9,1.45,1.44
2022-05-17,801150,23.34,3.16,0.99
2022-05-17,801120,33.16,6.18,1.4
2022-05-17,801050,19.25,2.73,0.61
2022-05-17,801080,23.86,2.8,0.69
2022-05-17,801040,9.31,1.12,3.96
2022-05-17,801030,14.14,2.43,1.28
2022-05-17,801010,113.13,3.23,1.12
2022-05-17,801110,14.72,2.55,4.04
2022-05-17,801160,26.0,1.61,2.05
2022-05-17,801710,12.73,1.87,2.23
2022-05-17,801890,23.99,2.07,1.35
2022-05-17,801880,29.38,2.05,1.48
2022-05-17,801790,13.26,1.15,1.98
2022-05-17,801770,27.39,1.75,0.89
2022-05-17,801760,24.38,1.9,1.5
2022-05-17,801750,37.8,2.85,0.71
2022-05-17,801730,34.4,4.22,0.39
2022-05-17,801780,5.47,0.55,4.28
2022-05-18,801180,12.53,0.97,3.9
2022-05-18,801170,11.76,1.44,1.47
2022-05-18,801160,26.09,1.62,2.06
2022-05-18,801150,23.16,3.13,1.0
2022-05-18,801010,112.88,3.22,1.13
2022-05-18,801110,14.64,2.53,4.06
2022-05-18,801080,24.0,2.82,0.69
2022-05-18,801050,19.2,2.72,0.61
2022-05-18,801040,9.34,1.12,3.95
2022-05-18,801030,14.1,2.42,1.24
2022-05-18,801120,32.98,6.15,1.38
2022-05-18,801890,24.02,2.08,1.35
2022-05-18,801710,12.6,1.85,2.27
2022-05-18,801880,29.65,2.07,1.48
2022-05-18,801790,13.29,1.15,1.96
2022-05-18,801770,27.49,1.76,0.89
2022-05-18,801760,24.34,1.9,1.5
2022-05-18,801750,38.14,2.88,0.69
2022-05-18,801730,34.57,4.24,0.39
2022-05-18,801780,5.43,0.54,4.31
2022-05-19,801180,12.81,0.99,3.82
2022-05-19,801170,11.76,1.43,1.43
2022-05-19,801160,26.51,1.64,2.03
2022-05-19,801150,23.09,3.13,1.07
2022-05-19,801080,24.25,2.85,0.69
2022-05-19,801120,32.69,6.09,1.4
2022-05-19,801110,14.51,2.51,4.08
2022-05-19,801050,19.36,2.74,0.65
2022-05-19,801040,9.35,1.13,3.96
2022-05-19,801030,14.21,2.44,1.24
2022-05-19,801010,111.91,3.19,1.14
2022-05-19,801890,24.26,2.1,1.33
2022-05-19,801880,29.86,2.08,1.59
2022-05-19,801710,12.73,1.87,2.3
2022-05-19,801780,5.4,0.54,4.33
2022-05-19,801770,27.74,1.78,0.88
2022-05-19,801760,24.3,1.9,1.5
2022-05-19,801750,37.93,2.86,0.7
2022-05-19,801730,35.6,4.37,0.38
2022-05-19,801790,13.23,1.15,1.99
2022-05-20,801180,12.65,0.98,3.95
2022-05-20,801170,12.24,1.49,1.37
2022-05-20,801160,26.71,1.66,2.0
2022-05-20,801150,23.54,3.19,0.99
2022-05-20,801050,19.94,2.83,0.64
2022-05-20,801110,14.82,2.56,4.01
2022-05-20,801080,24.45,2.87,0.64
2022-05-20,801040,9.46,1.14,3.94
2022-05-20,801030,14.46,2.48,1.21
2022-05-20,801010,112.77,3.22,1.13
2022-05-20,801120,33.81,6.3,1.34
2022-05-20,801710,12.99,1.9,2.26
2022-05-20,801890,24.62,2.13,1.31
2022-05-20,801880,30.11,2.1,1.57
2022-05-20,801790,13.49,1.17,1.95
2022-05-20,801770,28.05,1.8,0.87
2022-05-20,801760,24.59,1.92,1.59
2022-05-20,801750,38.41,2.9,0.71
2022-05-20,801730,36.1,4.43,0.38
2022-05-20,801780,5.5,0.55,4.26
2022-05-23,801170,12.33,1.5,1.36
2022-05-23,801160,26.57,1.65,1.99
2022-05-23,801150,23.67,3.21,0.97
2022-05-23,801120,33.45,6.24,1.28
2022-05-23,801050,20.42,2.9,0.66
2022-05-23,801080,24.59,2.89,0.6
2022-05-23,801040,9.78,1.18,3.82
2022-05-23,801030,14.73,2.53,1.09
2022-05-23,801010,115.15,3.29,1.04
2022-05-23,801180,12.37,0.96,4.0
2022-05-23,801110,14.47,2.5,4.1
2022-05-23,801890,24.8,2.14,1.29
2022-05-23,801880,30.69,2.14,1.47
2022-05-23,801790,13.5,1.17,1.91
2022-05-23,801780,5.47,0.55,4.28
2022-05-23,801760,24.88,1.95,1.57
2022-05-23,801750,40.46,2.89,0.7
2022-05-23,801730,35.93,4.41,0.37
2022-05-23,801710,12.97,1.9,2.17
2022-05-23,801770,28.26,1.81,0.86
2022-05-24,801180,12.09,0.93,4.1
2022-05-24,801170,11.99,1.46,1.4
2022-05-24,801160,25.92,1.61,2.05
2022-05-24,801150,22.66,3.07,1.03
2022-05-24,801050,19.7,2.79,0.69
2022-05-24,801110,14.13,2.45,4.21
2022-05-24,801080,23.6,2.77,0.64
2022-05-24,801040,9.42,1.14,3.96
2022-05-24,801030,14.17,2.43,1.15
2022-05-24,801010,111.63,3.19,1.08
2022-05-24,801120,32.91,6.13,1.3
2022-05-24,801710,12.53,1.84,2.24
2022-05-24,801880,30.06,2.1,1.5
2022-05-24,801790,13.15,1.14,1.96
2022-05-24,801890,23.91,2.07,1.36
2022-05-24,801770,27.19,1.74,0.9
2022-05-24,801760,23.9,1.87,1.63
2022-05-24,801750,38.29,2.74,0.76
2022-05-24,801730,34.56,4.24,0.38
2022-05-24,801780,5.41,0.54,4.33
2022-05-25,801180,12.18,0.94,4.07
2022-05-25,801170,12.31,1.49,1.37
2022-05-25,801160,26.73,1.66,1.98
2022-05-25,801150,22.87,3.1,1.07
2022-05-25,801110,14.16,2.45,4.2
2022-05-25,801080,23.77,2.79,0.63
2022-05-25,801050,19.89,2.82,0.68
2022-05-25,801040,9.48,1.14,3.94
2022-05-25,801030,14.34,2.46,1.14
2022-05-25,801010,114.33,3.26,1.09
2022-05-25,801120,32.92,6.14,1.3
2022-05-25,801710,12.69,1.86,2.23
2022-05-25,801890,24.35,2.1,1.35
2022-05-25,801880,30.72,2.14,1.52
2022-05-25,801790,13.22,1.15,1.96
2022-05-25,801770,27.6,1.77,0.88
2022-05-25,801760,24.75,1.93,1.57
2022-05-25,801750,39.03,2.79,0.76
2022-05-25,801730,34.7,4.26,0.39
2022-05-25,801780,5.43,0.54,4.31
2022-05-26,801170,12.43,1.52,1.35
2022-05-26,801160,26.95,1.67,1.97
2022-05-26,801150,22.7,3.07,1.09
2022-05-26,801120,32.87,6.12,1.3
2022-05-26,801050,19.93,2.83,0.68
2022-05-26,801080,23.82,2.8,0.68
2022-05-26,801040,9.59,1.16,3.96
2022-05-26,801030,14.41,2.47,1.15
2022-05-26,801010,112.18,3.24,1.08
2022-05-26,801180,12.29,0.95,4.03
2022-05-26,801110,14.18,2.45,4.21
2022-05-26,801890,24.72,2.13,1.33
2022-05-26,801790,13.37,1.16,1.94
2022-05-26,801780,5.42,0.54,4.5
2022-05-26,801880,30.54,2.13,1.55
2022-05-26,801760,25.07,1.96,1.77
2022-05-26,801750,39.24,2.81,1.01
2022-05-26,801730,34.76,4.27,0.4
2022-05-26,801710,12.77,1.87,2.45
2022-05-26,801770,28.18,1.8,0.88
2022-05-27,801180,12.2,0.94,4.06
2022-05-27,801170,12.51,1.52,1.36
2022-05-27,801160,26.86,1.67,2.0
2022-05-27,801150,22.85,3.09,1.09
2022-05-27,801110,14.19,2.46,4.21
2022-05-27,801080,23.73,2.79,0.7
2022-05-27,801050,19.86,2.82,0.69
2022-05-27,801040,9.58,1.15,3.99
2022-05-27,801030,14.46,2.48,1.15
2022-05-27,801010,112.15,3.24,1.08
2022-05-27,801120,32.98,6.14,1.3
2022-05-27,801710,12.7,1.86,2.76
2022-05-27,801880,30.68,2.14,1.54
2022-05-27,801790,13.36,1.16,1.93
2022-05-27,801890,24.72,2.13,1.36
2022-05-27,801770,28.02,1.79,0.89
2022-05-27,801760,24.82,1.94,1.84
2022-05-27,801750,39.25,2.81,1.01
2022-05-27,801730,34.68,4.26,0.4
2022-05-27,801780,5.45,0.54,4.45
2022-05-30,801150,22.95,3.1,1.05
2022-05-30,801180,12.06,0.93,4.1
2022-05-30,801170,13.34,1.51,1.25
2022-05-30,801160,27.11,1.68,1.93
2022-05-30,801030,14.69,2.52,1.14
2022-05-30,801010,112.42,3.24,1.01
2022-05-30,801110,14.33,2.48,4.15
2022-05-30,801080,23.92,2.81,0.96
2022-05-30,801050,20.04,2.84,0.7
2022-05-30,801040,9.6,1.16,3.96
2022-05-30,801710,12.68,1.86,2.66
2022-05-30,801890,24.89,2.15,1.35
2022-05-30,801880,31.7,2.2,1.47
2022-05-30,801120,33.71,6.28,1.31
2022-05-30,801780,5.41,0.54,4.45
2022-05-30,801770,28.25,1.81,0.86
2022-05-30,801760,25.33,1.94,1.85
2022-05-30,801750,39.93,2.86,0.73
2022-05-30,801790,13.35,1.16,1.94
2022-05-30,801730,35.13,4.31,0.46
2022-05-31,801180,12.02,0.93,4.12
2022-05-31,801160,27.47,1.71,1.9
2022-05-31,801150,23.34,3.16,1.07
2022-05-31,801120,34.6,6.44,1.31
2022-05-31,801050,20.12,2.85,0.71
2022-05-31,801080,24.65,2.9,0.94
2022-05-31,801040,9.67,1.17,3.93
2022-05-31,801030,14.79,2.54,1.16
2022-05-31,801010,115.64,3.33,0.98
2022-05-31,801110,14.56,2.52,4.11
2022-05-31,801170,13.45,1.52,1.25
2022-05-31,801710,12.7,1.86,2.77
2022-05-31,801890,25.23,2.17,1.35
2022-05-31,801880,31.56,2.19,1.49
2022-05-31,801790,13.36,1.16,1.87
2022-05-31,801770,28.63,1.83,0.9
2022-05-31,801760,25.83,1.98,1.81
2022-05-31,801750,40.64,2.91,0.72
2022-05-31,801730,35.96,4.41,0.45
2022-05-31,801780,5.44,0.54,4.44
2022-06-01,801180,12.07,0.93,4.1
2022-06-01,801160,27.43,1.71,1.9
2022-06-01,801150,23.19,3.14,1.05
2022-06-01,801120,34.28,6.38,1.51
2022-06-01,801050,19.92,2.82,0.7
2022-06-01,801080,24.57,2.89,0.95
2022-06-01,801040,9.66,1.17,3.9
2022-06-01,801030,14.74,2.53,1.19
2022-06-01,801010,114.43,3.29,1.0
2022-06-01,801110,14.56,2.52,4.09
2022-06-01,801170,13.46,1.52,1.25
2022-06-01,801710,12.93,1.89,2.71
2022-06-01,801890,25.38,2.19,1.34
2022-06-01,801880,32.23,2.23,1.46
2022-06-01,801790,13.32,1.16,1.87
2022-06-01,801780,5.43,0.54,4.45
2022-06-01,801760,25.91,1.99,1.81
2022-06-01,801750,40.75,2.92,0.75
2022-06-01,801730,36.23,4.45,0.46
2022-06-01,801770,28.67,1.83,1.04
2022-06-02,801180,11.91,0.92,4.14
2022-06-02,801170,13.4,1.52,1.24
2022-06-02,801160,27.33,1.7,1.92
2022-06-02,801150,22.91,3.11,1.08
2022-06-02,801080,25.12,2.95,1.02
2022-06-02,801120,34.07,6.35,1.48
2022-06-02,801110,14.38,2.49,5.27
2022-06-02,801050,20.23,2.87,0.68
2022-06-02,801040,9.83,1.19,4.08
2022-06-02,801030,14.74,2.53,1.24
2022-06-02,801010,113.9,3.28,1.0
2022-06-02,801710,12.95,1.9,2.71
2022-06-02,801890,25.83,2.23,1.32
2022-06-02,801880,33.14,2.3,1.44
2022-06-02,801780,5.39,0.54,4.48
2022-06-02,801770,29.15,1.87,1.03
2022-06-02,801760,25.77,1.98,1.85
2022-06-02,801750,41.21,2.95,0.75
2022-06-02,801730,37.28,4.57,0.45
2022-06-02,801790,13.38,1.17,1.87
2022-06-06,801180,11.81,0.91,4.05
2022-06-06,801170,13.36,1.51,1.17
2022-06-06,801150,23.47,3.18,1.03
2022-06-06,801120,34.44,6.41,1.46
2022-06-06,801080,25.78,3.03,0.87
2022-06-06,801050,21.2,3.0,0.65
2022-06-06,801040,10.0,1.21,3.6
2022-06-06,801030,15.19,2.61,1.19
2022-06-06,801010,113.56,3.27,0.62
2022-06-06,801110,14.47,2.5,4.19
2022-06-06,801160,27.6,1.72,1.89
2022-06-06,801710,12.95,1.9,2.57
2022-06-06,801890,26.25,2.26,1.22
2022-06-06,801880,33.77,2.34,1.4
2022-06-06,801790,13.6,1.19,1.84
2022-06-06,801780,5.39,0.54,4.17
2022-06-06,801760,26.14,2.01,1.82
2022-06-06,801750,42.57,3.05,0.69
2022-06-06,801730,37.98,4.66,0.45
2022-06-06,801770,29.48,1.89,0.95
2022-06-07,801180,11.97,0.92,4.0
2022-06-07,801170,13.54,1.53,1.15
2022-06-07,801150,23.94,3.25,1.01
2022-06-07,801080,25.36,2.98,0.89
2022-06-07,801110,14.47,2.5,4.19
2022-06-07,801050,21.19,3.0,0.65
2022-06-07,801040,9.92,1.2,3.63
2022-06-07,801030,15.19,2.61,1.24
2022-06-07,801010,114.65,3.28,0.63
2022-06-07,801120,34.94,6.51,1.45
2022-06-07,801160,27.46,1.71,1.92
2022-06-07,801710,12.94,1.9,2.57
2022-06-07,801890,26.11,2.25,1.23
2022-06-07,801880,33.07,2.29,1.44
2022-06-07,801790,13.6,1.19,1.84
2022-06-07,801770,29.28,1.88,0.96
2022-06-07,801760,26.04,2.01,1.84
2022-06-07,801750,42.44,3.04,0.69
2022-06-07,801730,38.88,4.77,0.45
2022-06-07,801780,5.45,0.54,4.13
2022-06-08,801180,11.86,0.92,4.04
2022-06-08,801170,13.56,1.54,1.15
2022-06-08,801160,27.8,1.73,1.93
2022-06-08,801150,24.1,3.27,0.96
2022-06-08,801080,25.23,2.97,0.9
2022-06-08,801120,35.55,6.62,1.42
2022-06-08,801110,14.39,2.49,4.2
2022-06-08,801050,21.22,3.01,0.68
2022-06-08,801040,10.05,1.21,3.58
2022-06-08,801030,15.3,2.63,1.34
2022-06-08,801010,115.19,3.29,0.63
2022-06-08,801890,26.06,2.24,1.23
2022-06-08,801880,33.73,2.34,1.4
2022-06-08,801710,12.89,1.89,2.67
2022-06-08,801780,5.46,0.55,4.22
2022-06-08,801770,29.23,1.87,1.12
2022-06-08,801760,26.1,2.01,1.84
2022-06-08,801750,42.79,3.07,0.69
2022-06-08,801730,38.93,4.78,0.44
2022-06-08,801790,13.78,1.2,1.79
2022-06-09,801180,11.94,0.92,4.01
2022-06-09,801170,13.28,1.51,1.16
2022-06-09,801160,27.5,1.71,1.95
2022-06-09,801150,23.55,3.19,1.0
2022-06-09,801080,24.45,2.87,0.93
2022-06-09,801110,14.14,2.45,4.27
2022-06-09,801050,21.34,3.02,0.67
2022-06-09,801040,10.01,1.21,3.59
2022-06-09,801030,15.28,2.63,1.35
2022-06-09,801120,34.99,6.52,1.42
2022-06-09,801010,116.34,3.32,0.7
2022-06-09,801710,12.74,1.87,2.81
2022-06-09,801880,32.55,2.25,1.44
2022-06-09,801790,13.79,1.2,1.79
2022-06-09,801890,25.63,2.21,1.27
2022-06-09,801770,28.68,1.84,1.13
2022-06-09,801760,25.88,1.99,1.73
2022-06-09,801750,41.65,2.99,0.69
2022-06-09,801730,38.09,4.67,0.45
2022-06-09,801780,5.53,0.55,4.19
2022-06-10,801180,11.93,0.92,3.83
2022-06-10,801170,13.4,1.53,1.13
2022-06-10,801160,28.05,1.74,1.91
2022-06-10,801150,23.82,3.23,1.01
2022-06-10,801110,14.29,2.47,4.25
2022-06-10,801080,24.93,2.93,0.94
2022-06-10,801050,21.85,3.1,0.85
2022-06-10,801040,10.07,1.21,3.81
2022-06-10,801030,15.64,2.69,1.32
2022-06-10,801010,116.18,3.32,0.55
2022-06-10,801120,35.55,6.62,1.39
2022-06-10,801890,26.0,2.24,1.46
2022-06-10,801710,12.91,1.89,2.83
2022-06-10,801880,34.12,2.36,1.39
2022-06-10,801790,14.07,1.23,1.75
2022-06-10,801770,29.01,1.86,1.14
2022-06-10,801760,26.14,2.02,1.7
2022-06-10,801750,42.15,3.02,0.66
2022-06-10,801730,39.25,4.81,0.45
2022-06-10,801780,5.55,0.56,4.17
2022-06-13,801180,11.65,0.9,3.91
2022-06-13,801170,13.13,1.5,1.2
2022-06-13,801160,27.48,1.71,1.94
2022-06-13,801150,23.58,3.2,0.99
2022-06-13,801050,22.26,3.15,0.82
2022-06-13,801110,14.12,2.44,4.25
2022-06-13,801080,24.75,2.91,0.91
2022-06-13,801040,9.9,1.19,3.98
2022-06-13,801030,15.78,2.71,1.25
2022-06-13,801010,118.36,3.38,0.55
2022-06-13,801120,34.93,6.5,1.24
2022-06-13,801710,12.78,1.87,2.73
2022-06-13,801890,26.37,2.27,1.41
2022-06-13,801880,34.8,2.41,1.32
2022-06-13,801790,13.87,1.21,1.78
2022-06-13,801770,29.26,1.87,1.12
2022-06-13,801760,25.96,2.0,1.61
2022-06-13,801750,42.37,3.04,0.66
2022-06-13,801730,39.51,4.85,0.44
2022-06-13,801780,5.44,0.54,4.27
2022-06-14,801170,13.18,1.5,1.19
2022-06-14,801160,28.02,1.74,1.9
2022-06-14,801150,23.59,3.2,1.01
2022-06-14,801120,35.32,6.58,1.22
2022-06-14,801050,22.09,3.13,0.85
2022-06-14,801080,24.43,2.87,0.92
2022-06-14,801040,9.97,1.2,3.94
2022-06-14,801030,15.95,2.74,1.24
2022-06-14,801010,119.96,3.43,0.55
2022-06-14,801180,11.83,0.91,3.85
2022-06-14,801110,14.27,2.47,4.2
2022-06-14,801890,26.47,2.28,1.41
2022-06-14,801880,35.55,2.46,1.3
2022-06-14,801790,14.43,1.26,1.71
2022-06-14,801780,5.52,0.55,4.2
2022-06-14,801760,25.91,2.0,1.61
2022-06-14,801750,42.27,3.03,0.67
2022-06-14,801730,39.22,4.81,0.44
2022-06-14,801710,12.77,1.87,2.85
2022-06-14,801770,29.0,1.86,1.13
2022-06-15,801180,12.09,0.93,3.76
2022-06-15,801170,13.21,1.51,1.28
2022-06-15,801160,27.77,1.73,1.91
2022-06-15,801150,23.79,3.23,1.0
2022-06-15,801050,21.98,3.12,0.88
2022-06-15,801110,14.66,2.53,4.1
2022-06-15,801080,24.84,2.92,0.91
2022-06-15,801040,9.92,1.2,4.3
2022-06-15,801030,15.72,2.7,1.26
2022-06-15,801010,119.59,3.41,0.56
2022-06-15,801120,35.66,6.64,1.21
2022-06-15,801710,13.0,1.91,2.8
2022-06-15,801880,35.06,2.43,1.33
2022-06-15,801790,15.01,1.31,1.64
2022-06-15,801890,26.29,2.26,1.46
2022-06-15,801770,29.13,1.86,1.12
2022-06-15,801760,26.07,2.01,1.69
2022-06-15,801750,43.0,3.08,0.69
2022-06-15,801730,39.02,4.78,0.45
2022-06-15,801780,5.62,0.56,4.13
2022-06-16,801180,11.99,0.92,3.85
2022-06-16,801170,13.19,1.5,1.31
2022-06-16,801160,27.55,1.71,1.92
2022-06-16,801150,24.18,3.27,1.04
2022-06-16,801110,14.63,2.53,4.19
2022-06-16,801080,25.15,2.95,0.9
2022-06-16,801050,21.99,3.12,0.89
2022-06-16,801040,9.84,1.19,4.53
2022-06-16,801030,15.55,2.67,1.3
2022-06-16,801010,122.05,3.48,0.54
2022-06-16,801120,35.68,6.64,1.24
2022-06-16,801710,12.91,1.89,2.82
2022-06-16,801890,26.37,2.27,1.48
2022-06-16,801880,34.94,2.42,1.33
2022-06-16,801790,14.47,1.26,1.7
2022-06-16,801770,29.47,1.88,1.12
2022-06-16,801760,26.86,2.07,1.65
2022-06-16,801750,42.99,3.08,0.69
2022-06-16,801730,39.48,4.84,0.45
2022-06-16,801780,5.52,0.55,4.85
2022-06-17,801170,13.21,1.51,1.31
2022-06-17,801160,27.78,1.73,1.94
2022-06-17,801150,24.6,3.33,1.04
2022-06-17,801120,36.53,6.8,1.21
2022-06-17,801050,22.58,3.2,0.9
2022-06-17,801080,25.14,2.95,0.91
2022-06-17,801040,9.65,1.16,4.45
2022-06-17,801030,15.89,2.74,1.26
2022-06-17,801010,121.48,3.47,0.55
2022-06-17,801180,11.93,0.92,3.87
2022-06-17,801110,14.94,2.58,4.1
2022-06-17,801890,26.63,2.29,1.21
2022-06-17,801790,14.5,1.26,1.72
2022-06-17,801780,5.51,0.55,4.96
2022-06-17,801880,35.51,2.46,1.31
2022-06-17,801760,26.53,2.04,1.68
2022-06-17,801750,42.89,3.07,0.7
2022-06-17,801730,41.0,5.03,0.44
2022-06-17,801710,13.0,1.91,2.84
2022-06-17,801770,29.81,1.9,1.12
2022-06-20,801180,12.19,0.94,3.77
2022-06-20,801170,13.26,1.51,1.26
2022-06-20,801160,27.98,1.74,1.88
2022-06-20,801150,25.03,3.39,1.03
2022-06-20,801110,15.38,2.66,3.93
2022-06-20,801080,25.45,2.98,0.86
2022-06-20,801050,22.4,3.17,0.89
2022-06-20,801040,9.66,1.16,3.74
2022-06-20,801030,15.76,2.72,1.25
2022-06-20,801010,123.1,3.51,0.53
2022-06-20,801120,36.83,6.86,1.2
2022-06-20,801710,13.41,1.96,1.65
2022-06-20,801880,35.79,2.48,1.32
2022-06-20,801790,14.3,1.25,2.46
2022-06-20,801890,27.12,2.33,1.13
2022-06-20,801770,29.91,1.91,1.11
2022-06-20,801760,26.66,2.05,1.64
2022-06-20,801750,43.48,3.12,0.66
2022-06-20,801730,41.88,5.13,0.41
2022-06-20,801780,5.47,0.55,4.61
2022-06-21,801150,24.85,3.37,1.05
2022-06-21,801180,12.28,0.95,3.77
2022-06-21,801010,122.29,3.49,0.53
2022-06-21,801170,13.17,1.5,1.66
2022-06-21,801160,27.96,1.74,1.91
2022-06-21,801030,15.49,2.67,1.29
2022-06-21,801120,36.7,6.83,1.2
2022-06-21,801110,15.43,2.67,3.93
2022-06-21,801080,25.41,2.98,0.87
2022-06-21,801050,21.71,3.07,0.93
2022-06-21,801040,9.62,1.16,3.94
2022-06-21,801730,41.56,5.09,0.41
2022-06-21,801710,13.31,1.95,2.63
2022-06-21,801890,27.17,2.34,1.13
2022-06-21,801770,29.79,1.9,1.12
2022-06-21,801790,14.38,1.25,2.47
2022-06-21,801780,5.52,0.55,4.56
2022-06-21,801760,26.96,2.08,1.63
2022-06-21,801750,43.72,3.13,0.66
2022-06-21,801880,35.46,2.46,1.33
2022-06-22,801180,12.07,0.93,3.83
2022-06-22,801160,27.56,1.72,1.93
2022-06-22,801150,24.67,3.34,1.04
2022-06-22,801120,36.22,6.74,1.29
2022-06-22,801050,21.62,3.06,0.92
2022-06-22,801080,24.59,2.88,0.91
2022-06-22,801040,9.6,1.15,3.94
2022-06-22,801030,15.29,2.63,1.31
2022-06-22,801010,123.4,3.53,0.53
2022-06-22,801110,15.12,2.61,3.99
2022-06-22,801170,13.0,1.48,1.68
2022-06-22,801710,13.01,1.91,2.69
2022-06-22,801890,26.76,2.3,1.15
2022-06-22,801880,35.3,2.45,1.34
2022-06-22,801790,14.13,1.23,2.67
2022-06-22,801770,29.2,1.87,1.14
2022-06-22,801760,26.15,2.02,1.67
2022-06-22,801750,42.68,3.06,0.68
2022-06-22,801730,41.7,5.11,0.44
2022-06-22,801780,5.45,0.55,4.62
2022-06-23,801180,12.26,0.94,3.78
2022-06-23,801170,13.06,1.49,1.69
2022-06-23,801150,24.67,3.35,1.04
2022-06-23,801120,36.56,6.8,1.31
2022-06-23,801050,22.07,3.13,0.92
2022-06-23,801080,25.2,2.96,0.87
2022-06-23,801040,9.73,1.17,3.71
2022-06-23,801030,15.47,2.67,1.29
2022-06-23,801010,123.65,3.54,0.51
2022-06-23,801110,15.3,2.64,3.96
2022-06-23,801160,27.69,1.72,1.93
2022-06-23,801710,13.2,1.93,2.65
2022-06-23,801890,27.5,2.37,1.11
2022-06-23,801880,37.25,2.59,1.29
2022-06-23,801790,14.56,1.27,2.62
2022-06-23,801780,5.5,0.55,4.58
2022-06-23,801760,26.3,2.03,1.68
2022-06-23,801750,43.71,3.13,0.67
2022-06-23,801730,43.14,5.28,0.47
2022-06-23,801770,29.71,1.9,1.11
2022-06-24,801180,12.15,0.94,3.79
2022-06-24,801170,13.2,1.51,1.68
2022-06-24,801160,27.74,1.73,1.92
2022-06-24,801150,25.16,3.41,1.0
2022-06-24,801080,25.64,3.01,0.86
2022-06-24,801120,37.34,6.95,1.28
2022-06-24,801110,15.76,2.72,3.85
2022-06-24,801050,22.01,3.12,0.91
2022-06-24,801040,9.89,1.19,3.67
2022-06-24,801030,15.73,2.71,1.27
2022-06-24,801010,123.56,3.54,0.52
2022-06-24,801710,13.38,1.96,2.66
2022-06-24,801890,27.78,2.39,1.1
2022-06-24,801880,37.5,2.6,1.29
2022-06-24,801780,5.48,0.55,4.77
2022-06-24,801770,30.17,1.93,1.1
2022-06-24,801760,26.41,2.04,1.67
2022-06-24,801750,44.08,3.16,0.67
2022-06-24,801730,44.33,5.43,0.42
2022-06-24,801790,14.59,1.27,2.61
2022-06-27,801180,12.22,0.94,3.76
2022-06-27,801170,13.38,1.53,1.61
2022-06-27,801160,27.76,1.73,1.85
2022-06-27,801150,25.46,3.45,0.93
2022-06-27,801110,16.02,2.77,3.78
2022-06-27,801080,26.08,3.05,0.84
2022-06-27,801050,22.71,3.22,0.86
2022-06-27,801040,9.87,1.19,3.68
2022-06-27,801030,15.94,2.75,1.25
2022-06-27,801010,126.56,3.63,0.51
2022-06-27,801120,38.07,7.08,0.91
2022-06-27,801890,28.09,2.42,1.07
2022-06-27,801710,13.64,2.0,2.61
2022-06-27,801880,37.69,2.62,1.32
2022-06-27,801790,14.63,1.28,2.59
2022-06-27,801770,30.29,1.94,1.08
2022-06-27,801760,26.72,2.06,1.57
2022-06-27,801750,44.11,3.17,0.67
2022-06-27,801730,44.19,5.41,0.43
2022-06-27,801780,5.54,0.55,4.4
2022-06-28,801170,13.7,1.57,1.58
2022-06-28,801160,28.02,1.75,1.84
2022-06-28,801150,25.46,3.45,0.93
2022-06-28,801120,38.36,7.13,0.92
2022-06-28,801050,23.15,3.29,0.88
2022-06-28,801080,26.95,3.16,0.82
2022-06-28,801040,9.9,1.19,3.67
2022-06-28,801030,16.16,2.78,1.23
2022-06-28,801010,125.91,3.61,0.53
2022-06-28,801180,12.15,0.94,3.8
2022-06-28,801110,16.08,2.78,3.77
2022-06-28,801890,28.77,2.48,1.07
2022-06-28,801790,14.7,1.28,2.59
2022-06-28,801780,5.57,0.56,4.37
2022-06-28,801880,38.33,2.67,1.3
2022-06-28,801760,26.98,2.08,1.56
2022-06-28,801750,44.69,3.21,0.67
2022-06-28,801730,44.74,5.48,0.43
2022-06-28,801710,13.68,2.0,2.6
2022-06-28,801770,30.75,1.97,1.07
2022-06-29,801180,12.57,0.97,3.64
2022-06-29,801170,13.55,1.55,1.67
2022-06-29,801160,27.62,1.72,1.87
2022-06-29,801150,25.33,3.43,0.95
2022-06-29,801110,15.91,2.75,3.8
2022-06-29,801080,26.36,3.09,0.84
2022-06-29,801050,22.25,3.16,0.92
2022-06-29,801040,9.71,1.17,3.73
2022-06-29,801030,15.77,2.72,1.26
2022-06-29,801010,121.4,3.45,0.53
2022-06-29,801120,37.93,7.05,1.14
2022-06-29,801710,13.63,2.0,2.61
2022-06-29,801880,36.08,2.51,1.38
2022-06-29,801790,14.47,1.26,2.64
2022-06-29,801890,27.86,2.4,1.15
2022-06-29,801770,30.31,1.94,1.18
2022-06-29,801760,26.6,2.05,1.49
2022-06-29,801750,44.19,3.17,0.67
2022-06-29,801730,42.82,5.25,0.45
2022-06-29,801780,5.57,0.56,4.62
2022-06-30,801150,25.82,3.51,0.95
2022-06-30,801180,12.73,0.98,3.59
2022-06-30,801170,13.71,1.57,1.65
2022-06-30,801160,27.68,1.73,1.88
2022-06-30,801030,16.0,2.75,1.24
2022-06-30,801010,121.84,3.47,0.53
2022-06-30,801110,16.23,2.8,3.73
2022-06-30,801080,26.88,3.15,0.84
2022-06-30,801050,22.63,3.21,0.89
2022-06-30,801040,9.7,1.17,4.21
2022-06-30,801710,13.98,2.05,2.53
2022-06-30,801890,28.01,2.41,1.15
2022-06-30,801880,35.91,2.5,1.39
2022-06-30,801120,39.06,7.26,1.45
2022-06-30,801780,5.62,0.56,4.04
2022-06-30,801770,30.34,1.94,1.19
2022-06-30,801760,26.94,2.08,1.47
2022-06-30,801750,44.04,3.16,0.67
2022-06-30,801790,14.56,1.27,2.62
2022-06-30,801730,43.69,5.35,0.45
2022-07-01,801180,12.69,0.98,3.62
2022-07-01,801160,28.32,1.76,1.82
2022-07-01,801150,25.76,3.5,0.94
2022-07-01,801120,38.79,7.21,1.46
2022-07-01,801050,22.9,3.26,0.87
2022-07-01,801080,26.89,3.15,0.83
2022-07-01,801040,9.87,1.19,4.05
2022-07-01,801030,16.19,2.79,1.22
2022-07-01,801010,122.99,3.5,0.52
2022-07-01,801110,15.88,2.76,3.74
2022-07-01,801170,13.52,1.54,1.65
2022-07-01,801710,13.97,2.05,2.52
2022-07-01,801890,28.33,2.43,1.12
2022-07-01,801880,36.01,2.5,1.38
2022-07-01,801790,14.41,1.26,2.47
2022-07-01,801770,30.39,1.94,1.04
2022-07-01,801760,26.61,2.05,1.48
2022-07-01,801750,43.76,3.14,0.67
2022-07-01,801730,43.27,5.3,0.45
2022-07-01,801780,5.6,0.56,4.06
2022-07-04,801180,12.61,0.97,3.64
2022-07-04,801170,13.51,1.54,1.6
2022-07-04,801150,26.76,3.64,0.9
2022-07-04,801120,38.65,7.19,1.46
2022-07-04,801050,23.23,3.31,0.87
2022-07-04,801080,26.35,3.09,0.84
2022-07-04,801040,9.97,1.2,4.01
2022-07-04,801030,16.39,2.83,1.2
2022-07-04,801010,131.22,3.73,0.48
2022-07-04,801110,16.08,2.79,3.7
2022-07-04,801160,28.72,1.79,1.77
2022-07-04,801710,14.04,2.06,2.5
2022-07-04,801890,28.53,2.45,1.1
2022-07-04,801880,36.02,2.51,1.26
2022-07-04,801790,14.47,1.26,2.46
2022-07-04,801780,5.57,0.56,4.08
2022-07-04,801760,26.64,2.05,1.45
2022-07-04,801750,44.05,3.16,0.67
2022-07-04,801730,44.0,5.37,0.45
2022-07-04,801770,30.39,1.94,1.03
2022-07-05,801180,12.45,0.96,3.69
2022-07-05,801170,13.54,1.55,1.62
2022-07-05,801160,28.95,1.81,1.76
2022-07-05,801150,26.72,3.63,0.92
2022-07-05,801080,26.02,3.05,0.86
2022-07-05,801120,38.43,7.15,1.47
2022-07-05,801110,15.88,2.76,3.74
2022-07-05,801050,23.44,3.33,0.86
2022-07-05,801040,10.15,1.22,3.94
2022-07-05,801030,16.58,2.86,1.2
2022-07-05,801010,131.47,3.74,0.48
2022-07-05,801710,13.53,1.98,2.6
2022-07-05,801890,28.08,2.41,1.12
2022-07-05,801880,35.53,2.47,1.28
2022-07-05,801780,5.57,0.56,4.07
2022-07-05,801770,30.13,1.93,1.04
2022-07-05,801760,26.36,2.03,1.48
2022-07-05,801750,43.43,3.12,0.68
2022-07-05,801730,44.22,5.4,0.44
2022-07-05,801790,14.36,1.25,2.47
2022-07-06,801150,26.26,3.57,0.95
2022-07-06,801180,12.13,0.93,4.13
2022-07-06,801010,128.25,3.65,0.49
2022-07-06,801170,13.2,1.51,1.61
2022-07-06,801160,28.65,1.79,1.77
2022-07-06,801030,16.12,2.78,1.26
2022-07-06,801120,37.68,7.01,1.5
2022-07-06,801110,15.76,2.74,3.77
2022-07-06,801080,26.17,3.07,0.84
2022-07-06,801050,22.9,3.26,0.88
2022-07-06,801040,10.03,1.21,3.98
2022-07-06,801730,43.91,5.36,0.44
2022-07-06,801710,13.33,1.96,2.72
2022-07-06,801890,27.91,2.4,1.12
2022-07-06,801770,29.73,1.92,1.04
2022-07-06,801790,14.18,1.24,2.51
2022-07-06,801780,5.49,0.55,4.17
2022-07-06,801760,25.87,1.99,1.52
2022-07-06,801750,42.99,3.09,0.69
2022-07-06,801880,35.73,2.49,1.27
2022-07-07,801180,12.12,0.93,4.12
2022-07-07,801170,13.15,1.5,2.01
2022-07-07,801150,25.93,3.52,0.98
2022-07-07,801120,37.43,6.96,1.51
2022-07-07,801050,23.19,3.3,0.89
2022-07-07,801080,26.33,3.09,0.83
2022-07-07,801040,10.13,1.22,3.94
2022-07-07,801030,16.26,2.8,1.29
2022-07-07,801010,130.43,3.71,0.5
2022-07-07,801110,15.8,2.74,3.77
2022-07-07,801160,29.01,1.82,1.7
2022-07-07,801710,13.27,1.95,2.71
2022-07-07,801890,28.28,2.43,1.11
2022-07-07,801790,14.11,1.23,2.58
2022-07-07,801880,37.16,2.58,1.22
2022-07-07,801770,30.09,1.94,1.03
2022-07-07,801760,25.75,1.98,1.34
2022-07-07,801750,43.05,3.09,0.68
2022-07-07,801730,45.4,5.54,0.42
2022-07-07,801780,5.48,0.55,3.72
2022-07-08,801180,12.14,0.93,4.12
2022-07-08,801010,131.17,3.73,0.5
2022-07-08,801170,13.2,1.51,1.95
2022-07-08,801160,29.01,1.82,1.65
2022-07-08,801150,26.12,3.54,0.95
2022-07-08,801030,16.01,2.76,1.27
2022-07-08,801120,37.58,6.99,1.51
2022-07-08,801110,15.78,2.74,3.76
2022-07-08,801080,26.55,3.12,0.83
2022-07-08,801050,22.9,3.26,0.98
2022-07-08,801040,10.0,1.2,3.98
2022-07-08,801730,44.29,5.41,0.43
2022-07-08,801710,13.2,1.94,2.76
2022-07-08,801890,28.3,2.43,1.15
2022-07-08,801770,30.24,1.95,1.05
2022-07-08,801790,14.04,1.23,2.53
2022-07-08,801780,5.47,0.55,4.04
2022-07-08,801760,26.0,2.0,1.33
2022-07-08,801750,43.19,3.1,0.67
2022-07-08,801880,36.32,2.53,1.25
2022-07-11,801180,11.97,0.92,3.79
2022-07-11,801170,13.05,1.49,1.71
2022-07-11,801160,29.25,1.83,1.57
2022-07-11,801150,26.04,3.53,0.94
2022-07-11,801120,36.86,6.86,1.31
2022-07-11,801110,15.89,2.76,3.69
2022-07-11,801080,25.92,3.04,0.82
2022-07-11,801050,22.1,3.15,0.91
2022-07-11,801040,9.85,1.19,3.9
2022-07-11,801030,15.6,2.69,1.3
2022-07-11,801730,43.3,5.28,0.43
2022-07-11,801710,12.95,1.9,2.8
2022-07-11,801750,42.38,3.04,0.66
2022-07-11,801760,25.56,1.96,1.36
2022-07-11,801780,5.46,0.55,3.87
2022-07-11,801790,13.9,1.21,2.58
2022-07-11,801880,35.27,2.45,1.27
2022-07-11,801890,27.96,2.4,1.15
2022-07-11,801010,133.51,3.8,0.33
2022-07-11,801770,29.77,1.92,1.05
2022-07-12,801010,130.03,3.7,0.35
2022-07-12,801030,15.4,2.65,1.32
2022-07-12,801040,9.9,1.19,3.88
2022-07-12,801050,21.63,3.09,0.92
2022-07-12,801080,25.28,2.97,0.84
2022-07-12,801110,16.02,2.78,3.68
2022-07-12,801120,36.62,6.81,1.32
2022-07-12,801150,25.3,3.43,0.96
2022-07-12,801160,29.32,1.83,1.57
2022-07-12,801170,12.99,1.48,1.72
2022-07-12,801180,12.04,0.93,3.76
2022-07-12,801890,27.54,2.37,1.18
2022-07-12,801880,34.48,2.4,1.29
2022-07-12,801790,13.93,1.22,2.58
2022-07-12,801780,5.45,0.54,4.73
2022-07-12,801770,29.4,1.9,1.06
2022-07-12,801750,41.65,2.99,0.67
2022-07-12,801730,42.72,5.21,0.44
2022-07-12,801710,13.02,1.91,2.79
2022-07-12,801760,25.25,1.94,1.37
2022-07-13,801180,12.17,0.94,3.72
2022-07-13,801170,13.19,1.51,1.7
2022-07-13,801160,29.79,1.86,1.54
2022-07-13,801150,25.24,3.42,0.97
2022-07-13,801120,36.78,6.84,1.31
2022-07-13,801050,21.71,3.1,0.91
2022-07-13,801080,25.13,2.95,0.88
2022-07-13,801040,9.87,1.19,3.89
2022-07-13,801030,15.52,2.67,1.31
2022-07-13,801010,130.49,3.71,0.37
2022-07-13,801110,15.84,2.75,3.74
2022-07-13,801710,13.18,1.93,2.76
2022-07-13,801890,27.98,2.4,1.17
2022-07-13,801880,34.72,2.41,1.29
2022-07-13,801790,13.87,1.21,2.67
2022-07-13,801780,5.32,0.53,4.87
2022-07-13,801770,29.93,1.93,1.04
2022-07-13,801760,25.54,1.96,1.36
2022-07-13,801750,41.87,3.0,0.67
2022-07-13,801730,44.15,5.38,0.42
2022-07-14,801180,11.96,0.92,3.56
2022-07-14,801170,13.16,1.5,1.7
2022-07-14,801160,29.33,1.83,1.56
2022-07-14,801150,25.65,3.48,0.94
2022-07-14,801080,25.39,2.98,0.89
2022-07-14,801120,36.57,6.8,1.32
2022-07-14,801110,15.5,2.69,3.8
2022-07-14,801050,21.79,3.11,0.91
2022-07-14,801040,9.78,1.18,3.92
2022-07-14,801030,15.59,2.69,1.29
2022-07-14,801010,129.58,3.69,0.37
2022-07-14,801710,12.94,1.9,2.8
2022-07-14,801890,28.26,2.43,1.16
2022-07-14,801880,35.5,2.47,1.26
2022-07-14,801780,5.2,0.52,4.05
2022-07-14,801770,30.52,1.97,1.02
2022-07-14,801760,25.43,1.95,1.39
2022-07-14,801750,41.99,3.01,0.67
2022-07-14,801730,45.45,5.53,0.41
2022-07-14,801790,13.69,1.19,2.76
2022-07-15,801180,11.37,0.87,3.93
2022-07-15,801170,12.88,1.47,1.78
2022-07-15,801160,28.91,1.81,1.67
2022-07-15,801150,25.03,3.39,0.99
2022-07-15,801080,25.29,2.96,0.89
2022-07-15,801050,21.46,3.07,0.88
2022-07-15,801040,9.52,1.15,4.03
2022-07-15,801030,15.41,2.65,1.42
2022-07-15,801010,126.73,3.6,0.38
2022-07-15,801110,15.32,2.65,3.85
2022-07-15,801120,36.48,6.78,1.33
2022-07-15,801710,12.56,1.84,2.89
2022-07-15,801890,27.77,2.39,1.16
2022-07-15,801880,36.01,2.5,1.48
2022-07-15,801790,13.33,1.16,2.98
2022-07-15,801770,30.25,1.95,1.04
2022-07-15,801760,24.87,1.91,1.49
2022-07-15,801750,40.91,2.93,0.72
2022-07-15,801730,44.82,5.45,0.41
2022-07-15,801780,5.08,0.51,5.68
2022-07-18,801180,11.76,0.9,3.64
2022-07-18,801170,12.47,1.49,1.64
2022-07-18,801150,25.11,3.4,0.97
2022-07-18,801080,25.52,2.99,0.85
2022-07-18,801110,15.51,2.69,3.81
2022-07-18,801050,21.91,3.13,0.83
2022-07-18,801040,9.67,1.17,4.05
2022-07-18,801030,15.75,2.71,1.38
2022-07-18,801010,127.34,3.61,0.38
2022-07-18,801120,36.42,6.77,1.31
2022-07-18,801160,29.72,1.86,0.9
2022-07-18,801710,12.77,1.87,2.83
2022-07-18,801890,28.43,2.44,1.12
2022-07-18,801880,36.85,2.56,1.36
2022-07-18,801790,13.63,1.19,2.83
2022-07-18,801770,30.93,2.0,1.01
2022-07-18,801760,25.5,1.96,1.45
2022-07-18,801750,42.1,3.02,0.68
2022-07-18,801730,45.35,5.51,0.41
2022-07-18,801780,5.15,0.51,5.22
2022-07-19,801180,11.8,0.91,3.66
2022-07-19,801170,12.64,1.52,1.64
2022-07-19,801160,29.46,1.84,0.92
2022-07-19,801150,24.93,3.38,0.99
2022-07-19,801080,25.65,3.0,0.84
2022-07-19,801120,36.5,6.79,1.32
2022-07-19,801110,15.46,2.68,3.82
2022-07-19,801050,22.1,3.15,0.83
2022-07-19,801040,9.69,1.17,4.04
2022-07-19,801030,15.93,2.74,1.37
2022-07-19,801010,127.77,3.63,0.38
2022-07-19,801890,28.51,2.45,1.12
2022-07-19,801880,36.93,2.57,1.36
2022-07-19,801710,12.71,1.86,2.86
2022-07-19,801780,5.17,0.52,5.19
2022-07-19,801770,31.39,2.03,0.99
2022-07-19,801760,26.04,2.0,1.42
2022-07-19,801750,43.21,3.1,0.66
2022-07-19,801730,44.24,5.38,0.43
2022-07-19,801790,13.7,1.19,2.82
2022-07-20,801180,11.8,0.91,3.66
2022-07-20,801170,12.72,1.52,1.66
2022-07-20,801160,29.48,1.84,0.93
2022-07-20,801150,25.26,3.42,0.95
2022-07-20,801080,25.84,3.03,0.84
2022-07-20,801110,15.51,2.69,3.81
2022-07-20,801050,22.35,3.18,0.82
2022-07-20,801040,9.82,1.18,3.98
2022-07-20,801030,16.07,2.76,1.36
2022-07-20,801120,36.78,6.85,1.32
2022-07-20,801010,126.69,3.59,0.38
2022-07-20,801710,12.78,1.87,2.84
2022-07-20,801880,36.82,2.56,1.36
2022-07-20,801790,13.7,1.2,2.82
2022-07-20,801890,28.99,2.49,1.1
2022-07-20,801770,31.71,2.05,0.99
2022-07-20,801760,26.21,2.01,1.39
2022-07-20,801750,43.52,3.13,0.65
2022-07-20,801730,44.48,5.41,0.43
2022-07-20,801780,5.19,0.52,5.17
2022-07-21,801180,11.67,0.9,3.59
2022-07-21,801170,12.65,1.52,1.66
2022-07-21,801160,28.87,1.8,1.66
2022-07-21,801150,25.2,3.42,0.95
2022-07-21,801110,15.38,2.66,3.84
2022-07-21,801080,26.09,3.06,0.84
2022-07-21,801050,21.91,3.12,0.83
2022-07-21,801040,9.75,1.17,4.33
2022-07-21,801030,15.76,2.71,1.38
2022-07-21,801010,126.52,3.59,0.37
2022-07-21,801120,36.37,6.77,1.33
2022-07-21,801770,31.39,2.03,1.0
2022-07-21,801710,12.6,1.84,2.88
2022-07-21,801890,28.91,2.48,1.08
2022-07-21,801880,36.63,2.55,1.37
2022-07-21,801790,13.54,1.18,2.84
2022-07-21,801760,26.4,2.03,1.38
2022-07-21,801750,43.36,3.11,0.65
2022-07-21,801730,43.92,5.34,0.43
2022-07-21,801780,5.1,0.51,5.48
2022-07-22,801180,11.64,0.9,3.6
2022-07-22,801170,12.75,1.53,1.65
2022-07-22,801160,28.96,1.81,1.62
2022-07-22,801150,24.87,3.37,0.97
2022-07-22,801050,21.86,3.11,0.83
2022-07-22,801110,15.39,2.67,3.84
2022-07-22,801080,25.8,3.02,0.84
2022-07-22,801040,9.69,1.17,4.35
2022-07-22,801030,15.65,2.69,1.4
2022-07-22,801010,124.91,3.54,0.38
2022-07-22,801120,36.32,6.76,1.34
2022-07-22,801710,12.4,1.81,2.93
2022-07-22,801890,28.9,2.48,1.08
2022-07-22,801880,37.16,2.58,1.35
2022-07-22,801790,13.6,1.19,2.82
2022-07-22,801770,31.38,2.02,1.0
2022-07-22,801760,26.05,2.0,1.41
2022-07-22,801750,42.95,3.09,0.66
2022-07-22,801730,44.13,5.36,0.43
2022-07-22,801780,5.12,0.51,5.13
2022-07-25,801170,12.7,1.52,1.66
2022-07-25,801160,28.45,1.78,1.57
2022-07-25,801150,24.92,3.38,0.97
2022-07-25,801120,36.54,6.8,1.33
2022-07-25,801050,21.73,3.09,0.87
2022-07-25,801080,25.37,2.97,0.85
2022-07-25,801040,9.52,1.15,4.43
2022-07-25,801030,15.5,2.67,1.41
2022-07-25,801010,123.63,3.51,0.38
2022-07-25,801180,11.77,0.91,3.48
2022-07-25,801110,15.52,2.69,3.81
2022-07-25,801890,28.49,2.45,1.09
2022-07-25,801880,36.3,2.52,1.38
2022-07-25,801790,13.47,1.17,2.8
2022-07-25,801780,5.14,0.51,5.05
2022-07-25,801760,25.78,1.98,1.41
2022-07-25,801750,42.68,3.07,0.66
2022-07-25,801730,42.95,5.22,0.44
2022-07-25,801710,12.37,1.81,2.94
2022-07-25,801770,30.78,1.99,1.0
2022-07-26,801180,12.21,0.94,3.36
2022-07-26,801170,12.8,1.53,1.65
2022-07-26,801160,28.61,1.78,1.56
2022-07-26,801150,24.83,3.36,0.97
2022-07-26,801050,22.11,3.15,0.86
2022-07-26,801110,15.74,2.73,3.75
2022-07-26,801080,25.55,2.99,0.85
2022-07-26,801040,9.63,1.16,4.38
2022-07-26,801030,15.72,2.7,1.39
2022-07-26,801010,124.42,3.53,0.38
2022-07-26,801120,36.81,6.85,1.36
2022-07-26,801710,12.56,1.84,2.89
2022-07-26,801880,36.77,2.55,1.36
2022-07-26,801790,13.55,1.18,2.78
2022-07-26,801890,28.8,2.47,1.07
2022-07-26,801770,31.1,2.01,0.99
2022-07-26,801760,26.21,2.01,1.39
2022-07-26,801750,43.37,3.12,0.65
2022-07-26,801730,43.43,5.28,0.44
2022-07-26,801780,5.19,0.52,5.0
2022-07-27,801180,12.15,0.93,3.38
2022-07-27,801170,12.75,1.53,1.66
2022-07-27,801160,28.68,1.79,1.55
2022-07-27,801150,24.63,3.33,0.98
2022-07-27,801110,15.71,2.72,3.76
2022-07-27,801080,25.55,2.99,0.85
2022-07-27,801050,22.17,3.15,0.85
2022-07-27,801040,9.64,1.16,4.37
2022-07-27,801030,15.73,2.7,1.39
2022-07-27,801010,124.7,3.54,0.38
2022-07-27,801120,36.28,6.76,1.35
2022-07-27,801710,12.45,1.82,2.92
2022-07-27,801890,29.55,2.54,1.06
2022-07-27,801880,37.36,2.59,1.34
2022-07-27,801790,13.48,1.18,2.8
2022-07-27,801770,31.24,2.01,0.99
2022-07-27,801760,26.09,2.0,1.4
2022-07-27,801750,43.55,3.13,0.65
2022-07-27,801730,44.09,5.36,0.43
2022-07-27,801780,5.16,0.52,5.03
2022-07-28,801170,12.65,1.52,1.76
2022-07-28,801160,28.67,1.79,1.67
2022-07-28,801150,24.47,3.31,0.99
2022-07-28,801120,36.12,6.73,1.36
2022-07-28,801050,22.21,3.16,0.85
2022-07-28,801080,26.15,3.06,0.81
2022-07-28,801040,9.62,1.16,4.38
2022-07-28,801030,15.77,2.71,1.38
2022-07-28,801010,124.23,3.52,0.38
2022-07-28,801180,12.18,0.94,3.37
2022-07-28,801110,15.73,2.73,3.76
2022-07-28,801890,29.93,2.57,1.05
2022-07-28,801790,13.54,1.18,2.91
2022-07-28,801780,5.14,0.51,5.11
2022-07-28,801880,37.6,2.61,1.34
2022-07-28,801760,26.06,2.0,1.41
2022-07-28,801750,43.9,3.15,0.64
2022-07-28,801730,43.64,5.3,0.44
2022-07-28,801710,12.56,1.84,2.89
2022-07-28,801770,31.11,2.01,0.99
2022-07-29,801180,11.98,0.92,3.25
2022-07-29,801170,12.47,1.5,1.86
2022-07-29,801160,28.78,1.8,1.67
2022-07-29,801150,23.92,3.24,1.01
2022-07-29,801110,15.64,2.71,3.76
2022-07-29,801080,25.96,3.04,0.81
2022-07-29,801050,22.16,3.15,0.85
2022-07-29,801040,9.64,1.16,4.37
2022-07-29,801030,15.7,2.7,1.39
2022-07-29,801010,126.64,3.59,0.37
2022-07-29,801120,35.32,6.58,1.4
2022-07-29,801710,12.45,1.82,2.92
2022-07-29,801880,38.01,2.64,1.33
2022-07-29,801790,13.38,1.17,3.0
2022-07-29,801890,29.81,2.56,1.05
2022-07-29,801770,31.03,2.0,1.0
2022-07-29,801760,25.77,1.98,1.43
2022-07-29,801750,43.61,3.13,0.65
2022-07-29,801730,43.6,5.3,0.44
2022-07-29,801780,5.1,0.51,5.16
2022-08-01,801180,11.34,0.88,3.41
2022-08-01,801170,12.25,1.48,1.87
2022-08-01,801160,28.3,1.79,1.65
2022-08-01,801150,23.99,3.25,1.01
2022-08-01,801120,36.25,6.7,1.37
2022-08-01,801080,26.82,3.11,0.79
2022-08-01,801050,22.61,3.35,0.78
2022-08-01,801040,8.94,1.07,4.75
2022-08-01,801030,15.59,2.67,1.45
2022-08-01,801010,125.38,3.57,0.37
2022-08-01,801110,15.58,2.7,3.78
2022-08-01,801710,12.01,1.77,2.98
2022-08-01,801890,29.44,2.57,1.05
2022-08-01,801880,39.03,2.68,1.1
2022-08-01,801790,13.3,1.16,2.85
2022-08-01,801780,5.04,0.5,5.11
2022-08-01,801770,31.74,2.02,0.94
2022-08-01,801760,25.83,1.97,1.44
2022-08-01,801750,43.36,3.16,0.63
2022-08-01,801730,44.99,5.31,0.42
2022-08-02,801180,10.99,0.85,3.52
2022-08-02,801170,11.95,1.44,1.92
2022-08-02,801160,27.24,1.72,1.75
2022-08-02,801150,23.29,3.15,1.04
2022-08-02,801080,26.32,3.05,0.81
2022-08-02,801110,15.18,2.63,3.88
2022-08-02,801050,21.79,3.22,0.81
2022-08-02,801040,8.63,1.03,4.92
2022-08-02,801030,15.01,2.57,1.51
2022-08-02,801120,35.74,6.6,1.39
2022-08-02,801010,123.68,3.52,0.38
2022-08-02,801710,11.58,1.71,3.09
2022-08-02,801890,28.62,2.5,1.09
2022-08-02,801880,37.93,2.6,1.14
2022-08-02,801790,12.93,1.12,2.94
2022-08-02,801770,30.93,1.97,0.97
2022-08-02,801760,24.71,1.88,1.5
2022-08-02,801750,41.51,3.03,0.66
2022-08-02,801730,43.76,5.17,0.44
2022-08-02,801780,4.97,0.5,5.19
2022-08-03,801180,10.76,0.83,3.59
2022-08-03,801170,11.86,1.43,1.94
2022-08-03,801160,26.95,1.7,1.77
2022-08-03,801150,23.31,3.15,1.02
2022-08-03,801080,26.5,3.07,0.8
2022-08-03,801120,35.67,6.69,1.39
2022-08-03,801110,14.85,2.57,3.97
2022-08-03,801050,21.52,3.18,0.82
2022-08-03,801040,8.52,1.02,4.98
2022-08-03,801030,14.92,2.56,1.51
2022-08-03,801010,121.17,3.45,0.39
2022-08-03,801710,11.41,1.68,3.14
2022-08-03,801890,28.21,2.46,1.1
2022-08-03,801880,37.12,2.55,1.16
2022-08-03,801780,4.91,0.49,5.25
2022-08-03,801770,30.97,1.97,0.96
2022-08-03,801760,24.4,1.86,1.74
2022-08-03,801750,41.86,3.05,0.66
2022-08-03,801730,42.53,5.03,0.45
2022-08-03,801790,12.83,1.12,2.96
2022-08-04,801180,10.83,0.84,3.57
2022-08-04,801170,11.91,1.44,1.93
2022-08-04,801160,27.5,1.74,1.74
2022-08-04,801150,23.81,3.22,1.0
2022-08-04,801110,14.88,2.58,3.97
2022-08-04,801080,26.88,3.12,0.79
2022-08-04,801050,21.71,3.21,0.81
2022-08-04,801040,8.54,1.02,4.97
2022-08-04,801030,15.1,2.59,1.49
2022-08-04,801120,36.3,6.8,1.37
2022-08-04,801010,122.5,3.48,0.38
2022-08-04,801710,11.5,1.69,3.11
2022-08-04,801890,28.35,2.48,1.09
2022-08-04,801880,37.54,2.65,1.05
2022-08-04,801790,12.95,1.13,2.95
2022-08-04,801770,31.32,2.0,0.95
2022-08-04,801760,24.82,1.89,1.72
2022-08-04,801750,42.39,3.09,0.65
2022-08-04,801730,42.58,5.03,0.45
2022-08-04,801780,4.96,0.5,5.19
2022-08-05,801180,10.99,0.85,3.51
2022-08-05,801170,12.0,1.45,1.93
2022-08-05,801150,24.27,3.28,0.99
2022-08-05,801080,27.93,3.24,0.83
2022-08-05,801110,14.82,2.57,5.07
2022-08-05,801050,22.19,3.28,0.79
2022-08-05,801040,8.66,1.04,4.9
2022-08-05,801030,15.27,2.62,1.48
2022-08-05,801010,125.46,3.53,0.38
2022-08-05,801120,36.6,6.86,1.36
2022-08-05,801160,27.58,1.74,1.73
2022-08-05,801710,11.66,1.72,3.06
2022-08-05,801890,28.36,2.47,1.09
2022-08-05,801880,37.36,2.65,1.05
2022-08-05,801790,13.2,1.15,3.07
2022-08-05,801770,32.21,2.05,0.97
2022-08-05,801760,25.42,1.93,1.69
2022-08-05,801750,44.02,3.21,0.62
2022-08-05,801730,42.81,5.06,0.45
2022-08-05,801780,5.01,0.5,5.13
2022-08-08,801180,11.02,0.85,3.5
2022-08-08,801170,11.99,1.45,1.94
2022-08-08,801160,27.95,1.77,1.7
2022-08-08,801150,24.22,3.27,0.98
2022-08-08,801080,28.08,3.26,0.82
2022-08-08,801120,36.39,6.82,1.36
2022-08-08,801110,14.89,2.58,5.04
2022-08-08,801050,22.46,3.32,0.78
2022-08-08,801040,8.73,1.05,4.86
2022-08-08,801030,15.47,2.65,1.46
2022-08-08,801010,125.2,3.52,0.38
2022-08-08,801890,28.74,2.51,1.07
2022-08-08,801880,37.96,2.69,1.03
2022-08-08,801710,11.86,1.75,3.01
2022-08-08,801780,4.98,0.5,5.15
2022-08-08,801770,32.47,2.07,0.96
2022-08-08,801760,25.42,1.93,1.77
2022-08-08,801750,44.38,3.24,0.63
2022-08-08,801730,43.14,5.1,0.44
2022-08-08,801790,13.16,1.14,2.99
2022-08-09,801180,10.96,0.85,3.52
2022-08-09,801170,12.07,1.46,1.92
2022-08-09,801160,27.94,1.77,1.7
2022-08-09,801150,24.08,3.25,0.98
2022-08-09,801080,28.23,3.27,0.82
2022-08-09,801120,36.46,6.89,1.33
2022-08-09,801110,14.92,2.59,5.03
2022-08-09,801050,22.62,3.34,0.78
2022-08-09,801040,8.76,1.05,4.84
2022-08-09,801030,15.64,2.68,1.44
2022-08-09,801010,122.81,3.46,0.39
2022-08-09,801710,11.8,1.74,3.03
2022-08-09,801890,28.92,2.52,1.07
2022-08-09,801880,37.72,2.67,1.04
2022-08-09,801780,4.96,0.5,5.18
2022-08-09,801770,32.92,2.08,0.98
2022-08-09,801760,25.38,1.93,1.77
2022-08-09,801750,44.13,3.22,0.63
2022-08-09,801730,44.0,5.2,0.44
2022-08-09,801790,13.1,1.14,3.0
2022-08-10,801180,10.88,0.84,3.54
2022-08-10,801170,11.31,1.47,2.09
2022-08-10,801160,27.88,1.76,1.71
2022-08-10,801150,23.77,3.21,0.99
2022-08-10,801110,14.89,2.58,5.04
2022-08-10,801080,28.12,3.27,0.83
2022-08-10,801050,22.54,3.33,0.78
2022-08-10,801040,8.71,1.04,4.87
2022-08-10,801030,15.71,2.69,1.43
2022-08-10,801120,35.87,6.78,1.35
2022-08-10,801010,122.03,3.44,0.39
2022-08-10,801710,11.75,1.73,3.04
2022-08-10,801890,29.19,2.54,1.06
2022-08-10,801880,37.35,2.65,1.05
2022-08-10,801790,13.03,1.13,3.08
2022-08-10,801770,32.88,2.08,0.98
2022-08-10,801760,25.16,1.91,1.79
2022-08-10,801750,43.68,3.19,0.64
2022-08-10,801730,43.73,5.17,0.43
2022-08-10,801780,4.93,0.49,5.21
2022-08-11,801180,11.04,0.85,3.49
2022-08-11,801160,28.24,1.78,1.69
2022-08-11,801150,24.37,3.29,0.97
2022-08-11,801120,36.52,6.89,1.32
2022-08-11,801050,22.57,3.33,0.78
2022-08-11,801080,29.01,3.37,0.8
2022-08-11,801040,8.78,1.05,4.83
2022-08-11,801030,15.96,2.72,1.41
2022-08-11,801010,123.27,3.47,0.39
2022-08-11,801110,15.13,2.62,4.96
2022-08-11,801170,11.53,1.5,2.02
2022-08-11,801710,11.92,1.76,2.99
2022-08-11,801890,29.46,2.56,1.05
2022-08-11,801880,37.58,2.66,1.04
2022-08-11,801790,13.62,1.18,2.94
2022-08-11,801770,33.31,2.11,0.97
2022-08-11,801760,25.9,1.97,1.75
2022-08-11,801750,44.27,3.23,0.63
2022-08-11,801730,44.19,5.22,0.43
2022-08-11,801780,5.02,0.5,5.11
2022-08-12,801180,11.14,0.86,3.46
2022-08-12,801170,11.68,1.52,2.0
2022-08-12,801150,24.46,3.3,0.98
2022-08-12,801080,28.48,3.3,0.82
2022-08-12,801110,15.08,2.61,4.98
2022-08-12,801050,22.58,3.33,0.78
2022-08-12,801040,8.76,1.05,4.84
2022-08-12,801030,16.01,2.73,1.4
2022-08-12,801010,122.96,3.46,0.39
2022-08-12,801120,36.87,6.96,1.31
2022-08-12,801160,28.53,1.8,1.67
2022-08-12,801710,12.01,1.77,2.97
2022-08-12,801890,29.26,2.54,1.18
2022-08-12,801880,37.16,2.63,1.06
2022-08-12,801790,13.64,1.19,2.96
2022-08-12,801770,32.87,2.08,0.98
2022-08-12,801760,26.08,1.98,1.74
2022-08-12,801750,44.08,3.22,0.63
2022-08-12,801730,43.39,5.12,0.44
2022-08-12,801780,5.03,0.5,5.1
2022-08-15,801180,11.09,0.86,3.46
2022-08-15,801170,11.65,1.51,2.0
2022-08-15,801150,24.23,3.27,0.98
2022-08-15,801080,28.53,3.31,0.81
2022-08-15,801110,15.16,2.63,4.95
2022-08-15,801050,22.92,3.38,0.76
2022-08-15,801040,8.81,1.06,4.81
2022-08-15,801030,16.19,2.76,1.4
2022-08-15,801010,123.15,3.47,0.39
2022-08-15,801120,36.54,6.9,1.32
2022-08-15,801160,28.89,1.82,1.65
2022-08-15,801710,12.01,1.77,2.97
2022-08-15,801890,29.56,2.57,1.05
2022-08-15,801880,37.43,2.65,1.05
2022-08-15,801790,13.52,1.17,2.98
2022-08-15,801770,33.08,2.09,0.96
2022-08-15,801760,25.93,1.98,1.75
2022-08-15,801750,43.44,3.18,0.64
2022-08-15,801730,44.84,5.29,0.44
2022-08-15,801780,4.97,0.5,5.16
2022-08-16,801180,11.26,0.87,3.41
2022-08-16,801170,11.74,1.53,1.98
2022-08-16,801160,29.1,1.84,1.66
2022-08-16,801150,24.04,3.24,1.0
2022-08-16,801080,28.44,3.3,0.82
2022-08-16,801120,36.44,6.87,1.32
2022-08-16,801110,15.15,2.63,4.96
2022-08-16,801050,22.7,3.35,0.77
2022-08-16,801040,8.89,1.07,4.77
2022-08-16,801030,16.24,2.77,1.39
2022-08-16,801010,125.72,3.55,0.38
2022-08-16,801890,29.93,2.6,1.04
2022-08-16,801880,37.9,2.68,1.04
2022-08-16,801710,12.14,1.79,2.94
2022-08-16,801780,4.97,0.5,5.16
2022-08-16,801770,33.05,2.09,0.96
2022-08-16,801760,25.88,1.98,1.75
2022-08-16,801750,43.22,3.16,0.64
2022-08-16,801730,45.48,5.36,0.43
2022-08-16,801790,13.5,1.17,2.99
2022-08-17,801180,11.47,0.89,2.68
2022-08-17,801170,11.83,1.54,1.97
2022-08-17,801150,24.19,3.26,0.99
2022-08-17,801080,28.78,3.33,0.81
2022-08-17,801110,15.29,2.65,4.91
2022-08-17,801050,22.5,3.32,0.79
2022-08-17,801040,8.85,1.06,4.79
2022-08-17,801030,16.04,2.73,1.41
2022-08-17,801010,126.28,3.56,0.38
2022-08-17,801120,36.61,6.92,1.32
2022-08-17,801160,29.31,1.85,1.64
2022-08-17,801710,12.06,1.78,2.96
2022-08-17,801880,38.34,2.71,1.03
2022-08-17,801790,13.71,1.19,2.94
2022-08-17,801890,29.91,2.6,1.04
2022-08-17,801770,33.24,2.11,0.96
2022-08-17,801760,26.25,2.0,1.73
2022-08-17,801750,43.42,3.18,0.64
2022-08-17,801730,46.1,5.44,0.43
2022-08-17,801780,5.02,0.5,5.1
2022-08-18,801150,23.84,3.21,1.01
2022-08-18,801180,11.35,0.88,2.71
2022-08-18,801170,11.77,1.53,1.98
2022-08-18,801160,29.07,1.83,1.67
2022-08-18,801120,36.05,6.82,1.34
2022-08-18,801110,15.27,2.65,4.92
2022-08-18,801080,29.17,3.38,0.8
2022-08-18,801050,22.42,3.3,0.79
2022-08-18,801040,8.75,1.05,4.85
2022-08-18,801030,15.97,2.72,1.41
2022-08-18,801010,124.05,3.5,0.38
2022-08-18,801890,30.07,2.61,1.08
2022-08-18,801880,37.96,2.61,1.13
2022-08-18,801710,11.9,1.76,3.0
2022-08-18,801780,4.96,0.5,5.17
2022-08-18,801770,33.7,2.14,0.94
2022-08-18,801760,25.85,1.97,1.75
2022-08-18,801750,42.91,3.14,0.65
2022-08-18,801730,46.49,5.47,0.41
2022-08-18,801790,13.58,1.18,2.99
2022-08-19,801180,11.5,0.89,2.69
2022-08-19,801170,11.77,1.53,2.05
2022-08-19,801160,29.85,1.88,1.55
2022-08-19,801150,23.66,3.19,1.02
2022-08-19,801080,28.46,3.28,0.82
2022-08-19,801120,35.95,6.8,1.34
2022-08-19,801110,15.17,2.63,4.95
2022-08-19,801050,21.91,3.22,0.82
2022-08-19,801040,8.7,1.05,4.9
2022-08-19,801030,15.68,2.67,1.49
2022-08-19,801010,127.85,3.59,0.37
2022-08-19,801710,11.87,1.75,3.0
2022-08-19,801890,29.33,2.55,1.11
2022-08-19,801880,36.99,2.54,1.16
2022-08-19,801780,4.99,0.5,5.14
2022-08-19,801770,33.17,2.1,0.96
2022-08-19,801760,25.98,1.98,1.7
2022-08-19,801750,42.53,3.11,0.66
2022-08-19,801730,45.19,5.32,0.42
2022-08-19,801790,13.55,1.18,3.01
2022-08-22,801180,11.55,0.89,2.67
2022-08-22,801170,11.95,1.55,2.02
2022-08-22,801160,29.79,1.88,1.55
2022-08-22,801150,23.78,3.21,1.01
2022-08-22,801080,28.64,3.3,0.81
2022-08-22,801050,22.73,3.32,0.79
2022-08-22,801040,8.84,1.06,4.82
2022-08-22,801030,16.05,2.73,1.46
2022-08-22,801010,129.57,3.64,0.37
2022-08-22,801110,15.21,2.63,4.94
2022-08-22,801120,36.02,6.83,1.28
2022-08-22,801710,11.88,1.75,3.0
2022-08-22,801890,29.37,2.55,1.1
2022-08-22,801880,37.45,2.56,1.15
2022-08-22,801790,13.51,1.17,2.72
2022-08-22,801770,33.26,2.1,0.87
2022-08-22,801760,26.42,2.01,1.67
2022-08-22,801750,42.89,3.13,0.66
2022-08-22,801730,45.54,5.34,0.42
2022-08-22,801780,4.98,0.5,5.1
2022-08-23,801180,11.45,0.89,2.87
2022-08-23,801160,30.14,1.9,1.53
2022-08-23,801150,23.54,3.18,1.03
2022-08-23,801120,35.55,6.74,1.3
2022-08-23,801050,22.59,3.28,0.8
2022-08-23,801080,28.6,3.29,0.81
2022-08-23,801040,8.76,1.06,4.86
2022-08-23,801030,16.18,2.74,1.45
2022-08-23,801010,130.76,3.67,0.36
2022-08-23,801110,15.1,2.61,5.19
2022-08-23,801170,11.93,1.55,2.02
2022-08-23,801710,11.58,1.71,3.07
2022-08-23,801890,29.62,2.57,1.09
2022-08-23,801880,37.56,2.58,1.15
2022-08-23,801790,13.53,1.18,2.71
2022-08-23,801770,32.14,2.03,0.86
2022-08-23,801760,26.2,2.0,1.69
2022-08-23,801750,43.0,3.14,0.66
2022-08-23,801730,46.08,5.4,0.41
2022-08-23,801780,4.94,0.49,5.15
2022-08-24,801180,11.24,0.87,2.92
2022-08-24,801160,29.56,1.86,1.55
2022-08-24,801150,23.18,3.13,1.04
2022-08-24,801120,35.26,6.69,1.31
2022-08-24,801050,21.9,3.18,0.83
2022-08-24,801080,27.25,3.14,0.86
2022-08-24,801040,8.56,1.03,4.98
2022-08-24,801030,15.66,2.66,1.5
2022-08-24,801010,130.02,3.66,0.37
2022-08-24,801110,14.79,2.56,3.38
2022-08-24,801170,11.77,1.53,2.05
2022-08-24,801710,11.3,1.67,3.15
2022-08-24,801890,28.41,2.47,1.14
2022-08-24,801880,35.97,2.47,1.2
2022-08-24,801790,13.46,1.16,2.73
2022-08-24,801780,4.92,0.49,5.16
2022-08-24,801760,25.77,1.96,1.72
2022-08-24,801750,41.43,3.02,0.68
2022-08-24,801730,44.19,5.0,0.43
2022-08-24,801770,31.18,1.97,0.88
2022-08-25,801180,11.29,0.87,3.83
2022-08-25,801170,12.03,1.56,2.0
2022-08-25,801160,29.89,1.88,1.53
2022-08-25,801150,23.33,3.15,1.04
2022-08-25,801080,27.09,3.12,0.87
2022-08-25,801120,35.93,6.82,1.28
2022-08-25,801110,14.89,2.58,3.36
2022-08-25,801050,21.78,3.16,0.83
2022-08-25,801040,8.61,1.04,4.94
2022-08-25,801030,15.63,2.64,1.5
2022-08-25,801010,131.23,3.69,0.36
2022-08-25,801710,11.43,1.69,3.11
2022-08-25,801890,28.14,2.44,1.15
2022-08-25,801880,35.89,2.46,1.2
2022-08-25,801780,4.99,0.5,5.09
2022-08-25,801770,31.06,1.96,0.89
2022-08-25,801760,26.02,1.98,1.75
2022-08-25,801750,41.18,3.0,0.68
2022-08-25,801730,43.36,4.88,0.44
2022-08-25,801790,13.76,1.19,2.66
2022-08-26,801180,11.2,0.87,2.68
2022-08-26,801170,11.92,1.54,2.04
2022-08-26,801150,23.36,3.15,1.04
2022-08-26,801120,36.28,6.96,1.36
2022-08-26,801080,26.8,3.08,0.88
2022-08-26,801050,21.97,3.2,0.82
2022-08-26,801040,8.54,1.03,4.98
2022-08-26,801030,15.64,2.64,1.5
2022-08-26,801010,131.81,3.71,0.36
2022-08-26,801110,14.77,2.56,3.38
2022-08-26,801160,29.74,1.86,1.54
2022-08-26,801710,11.35,1.7,3.1
2022-08-26,801890,27.94,2.42,1.16
2022-08-26,801880,36.1,2.48,1.26
2022-08-26,801790,13.63,1.18,2.89
2022-08-26,801780,5.0,0.5,5.08
2022-08-26,801760,26.0,1.97,1.76
2022-08-26,801750,41.04,3.0,0.69
2022-08-26,801730,42.76,4.77,0.45
2022-08-26,801770,31.01,1.96,0.89
2022-08-29,801180,11.08,0.86,2.71
2022-08-29,801170,11.88,1.54,2.03
2022-08-29,801150,23.27,3.13,1.04
2022-08-29,801080,26.73,3.08,0.89
2022-08-29,801110,14.89,2.58,3.36
2022-08-29,801050,21.84,3.18,0.83
2022-08-29,801040,8.6,1.04,4.95
2022-08-29,801030,15.71,2.64,1.49
2022-08-29,801010,131.66,3.69,0.36
2022-08-29,801120,35.91,6.92,1.37
2022-08-29,801160,30.03,1.87,1.51
2022-08-29,801710,11.3,1.69,3.11
2022-08-29,801890,28.85,2.48,1.15
2022-08-29,801880,36.03,2.47,1.19
2022-08-29,801790,13.57,1.17,2.9
2022-08-29,801770,31.04,1.96,0.88
2022-08-29,801760,26.0,1.98,1.76
2022-08-29,801750,41.01,3.0,0.69
2022-08-29,801730,43.03,4.8,0.45
2022-08-29,801780,4.94,0.49,5.14
2022-08-30,801180,11.22,0.88,2.67
2022-08-30,801170,11.95,1.55,2.07
2022-08-30,801160,29.49,1.83,1.54
2022-08-30,801150,23.29,3.13,1.04
2022-08-30,801080,26.62,3.09,0.89
2022-08-30,801120,35.76,6.9,1.38
2022-08-30,801110,14.95,2.58,3.34
2022-08-30,801050,21.69,3.15,0.83
2022-08-30,801040,8.58,1.04,4.96
2022-08-30,801030,15.49,2.6,1.51
2022-08-30,801010,131.61,3.68,0.36
2022-08-30,801890,28.48,2.46,1.17
2022-08-30,801880,35.7,2.45,1.2
2022-08-30,801710,11.22,1.68,3.14
2022-08-30,801780,4.97,0.5,5.11
2022-08-30,801770,31.49,1.98,0.87
2022-08-30,801760,26.32,2.0,1.74
2022-08-30,801750,41.21,3.02,0.68
2022-08-30,801730,42.36,4.71,0.45
2022-08-30,801790,13.57,1.17,2.9
2022-08-31,801180,11.24,0.89,2.67
2022-08-31,801170,11.85,1.48,2.09
2022-08-31,801160,28.13,1.78,1.53
2022-08-31,801150,23.41,3.14,1.03
2022-08-31,801080,26.04,3.02,0.91
2022-08-31,801110,14.96,2.61,3.34
2022-08-31,801050,20.94,2.99,0.86
2022-08-31,801040,8.43,1.02,5.05
2022-08-31,801030,15.08,2.52,1.55
2022-08-31,801120,36.48,7.12,1.35
2022-08-31,801010,128.72,3.66,0.37
2022-08-31,801710,11.24,1.69,3.13
2022-08-31,801880,34.16,2.35,1.26
2022-08-31,801790,13.71,1.17,2.87
2022-08-31,801890,27.64,2.39,1.2
2022-08-31,801770,30.51,1.92,0.9
2022-08-31,801760,26.25,1.98,1.74
2022-08-31,801750,40.65,2.97,0.69
2022-08-31,801730,40.35,4.48,0.48
2022-08-31,801780,5.05,0.5,5.03
2022-09-01,801180,12.61,0.9,2.64
2022-09-01,801170,11.37,1.47,2.12
2022-09-01,801160,26.9,1.77,1.54
2022-09-01,801150,23.02,3.14,1.03
2022-09-01,801010,127.02,3.67,0.37
2022-09-01,801110,14.6,2.66,3.28
2022-09-01,801080,28.26,2.98,0.92
2022-09-01,801050,17.0,2.96,0.87
2022-09-01,801040,11.85,1.02,5.08
2022-09-01,801030,14.36,2.51,1.56
2022-09-01,801120,35.16,6.98,1.38
2022-09-01,801890,29.44,2.36,1.22
2022-09-01,801710,12.31,1.69,3.13
2022-09-01,801880,36.53,2.34,1.27
2022-09-01,801790,13.52,1.16,2.9
2022-09-01,801770,27.6,1.93,0.9
2022-09-01,801760,28.94,1.94,1.78
2022-09-01,801750,43.33,2.97,0.69
2022-09-01,801730,35.38,4.45,0.48
2022-09-01,801780,4.93,0.5,5.05
2022-09-02,801180,12.54,0.9,2.65
2022-09-02,801160,27.14,1.78,1.53
2022-09-02,801150,22.95,3.13,1.04
2022-09-02,801120,34.77,6.9,1.39
2022-09-02,801050,16.89,2.94,0.88
2022-09-02,801080,28.83,3.04,0.91
2022-09-02,801040,11.8,1.01,5.11
2022-09-02,801030,14.41,2.52,1.56
2022-09-02,801010,127.88,3.7,0.37
2022-09-02,801110,14.5,2.64,3.31
2022-09-02,801170,11.42,1.47,2.11
2022-09-02,801710,12.23,1.68,3.14
2022-09-02,801890,29.71,2.38,1.2
2022-09-02,801880,36.82,2.35,1.26
2022-09-02,801790,13.56,1.16,2.89
2022-09-02,801770,28.22,1.97,0.88
2022-09-02,801760,29.56,1.99,1.74
2022-09-02,801750,43.86,3.0,0.69
2022-09-02,801730,35.16,4.42,0.49
2022-09-02,801780,4.92,0.5,5.06
2022-09-05,801180,12.75,0.91,2.61
2022-09-05,801170,11.55,1.49,2.08
2022-09-05,801150,22.69,3.1,1.05
2022-09-05,801120,34.04,6.76,1.42
2022-09-05,801050,16.97,2.95,0.87
2022-09-05,801080,28.71,3.03,0.91
2022-09-05,801040,11.97,1.03,5.03
2022-09-05,801030,14.53,2.54,1.54
2022-09-05,801010,127.84,3.7,0.37
2022-09-05,801110,14.53,2.64,3.3
2022-09-05,801160,27.66,1.82,1.5
2022-09-05,801710,12.2,1.68,3.15
2022-09-05,801890,29.88,2.4,1.2
2022-09-05,801880,36.39,2.33,1.27
2022-09-05,801790,13.65,1.17,2.87
2022-09-05,801780,4.94,0.5,5.04
2022-09-05,801760,28.98,1.95,1.78
2022-09-05,801750,43.44,2.97,0.69
2022-09-05,801730,35.49,4.46,0.48
2022-09-05,801770,28.29,1.97,0.88
2022-09-06,801180,13.09,0.94,2.54
2022-09-06,801170,11.7,1.51,2.06
2022-09-06,801160,28.18,1.85,1.47
2022-09-06,801150,22.76,3.11,1.05
2022-09-06,801080,29.01,3.06,0.9
2022-09-06,801120,34.24,6.8,1.41
2022-09-06,801110,14.67,2.67,3.27
2022-09-06,801050,17.5,3.05,0.85
2022-09-06,801040,12.11,1.04,4.97
2022-09-06,801030,14.99,2.62,1.49
2022-09-06,801010,127.84,3.7,0.37
2022-09-06,801710,12.32,1.7,3.12
2022-09-06,801890,30.35,2.44,1.18
2022-09-06,801880,37.26,2.38,1.24
2022-09-06,801780,4.92,0.5,5.06
2022-09-06,801770,28.68,2.0,1.0
2022-09-06,801760,29.1,1.95,1.77
2022-09-06,801750,43.7,2.99,0.69
2022-09-06,801730,36.4,4.57,0.47
2022-09-06,801790,13.77,1.18,2.84
2022-09-07,801180,13.07,0.93,2.54
2022-09-07,801170,11.67,1.5,2.06
2022-09-07,801160,28.59,1.86,1.45
2022-09-07,801150,22.64,3.09,1.05
2022-09-07,801110,14.71,2.68,3.26
2022-09-07,801080,29.35,3.1,0.89
2022-09-07,801010,126.56,3.66,0.37
2022-09-07,801050,17.74,3.09,0.83
2022-09-07,801040,12.1,1.04,4.98
2022-09-07,801030,14.97,2.62,1.5
2022-09-07,801120,33.8,6.7,1.43
2022-09-07,801890,30.62,2.46,1.17
2022-09-07,801710,12.19,1.68,3.15
2022-09-07,801880,37.77,2.42,1.22
2022-09-07,801790,13.68,1.17,2.86
2022-09-07,801770,28.78,2.01,1.0
2022-09-07,801760,28.56,1.92,1.8
2022-09-07,801750,43.73,2.99,0.69
2022-09-07,801730,36.88,4.63,0.46
2022-09-07,801780,4.89,0.5,5.09
2022-09-08,801180,13.07,0.93,2.54
2022-09-08,801170,11.8,1.52,2.04
2022-09-08,801150,22.48,3.07,1.06
2022-09-08,801120,33.8,6.7,1.43
2022-09-08,801050,17.61,3.07,0.84
2022-09-08,801080,28.92,3.05,0.9
2022-09-08,801040,12.21,1.05,4.93
2022-09-08,801030,14.81,2.59,1.51
2022-09-08,801010,124.14,3.59,0.38
2022-09-08,801110,14.64,2.66,3.28
2022-09-08,801160,28.51,1.86,1.45
2022-09-08,801710,12.11,1.67,3.17
2022-09-08,801890,30.38,2.44,1.18
2022-09-08,801880,37.58,2.41,1.23
2022-09-08,801790,13.66,1.17,2.87
2022-09-08,801770,28.48,1.99,1.16
2022-09-08,801760,28.32,1.9,1.82
2022-09-08,801750,43.16,2.95,0.7
2022-09-08,801730,36.26,4.56,0.47
2022-09-08,801780,4.91,0.5,5.07
2022-09-09,801180,13.61,0.96,2.48
2022-09-09,801170,11.9,1.53,2.02
2022-09-09,801160,28.48,1.86,1.46
2022-09-09,801150,22.92,3.13,1.04
2022-09-09,801010,123.38,3.57,0.38
2022-09-09,801110,15.0,2.73,3.2
2022-09-09,801080,28.88,3.05,0.9
2022-09-09,801050,17.96,3.13,0.82
2022-09-09,801040,12.2,1.05,4.93
2022-09-09,801030,14.9,2.61,1.5
2022-09-09,801120,34.29,6.8,1.41
2022-09-09,801890,30.33,2.43,1.18
2022-09-09,801710,12.55,1.73,3.06
2022-09-09,801880,37.47,2.4,1.23
2022-09-09,801790,13.91,1.19,2.82
2022-09-09,801770,28.33,1.98,1.17
2022-09-09,801760,28.44,1.91,1.81
2022-09-09,801750,43.59,2.98,0.69
2022-09-09,801730,36.08,4.54,0.47
2022-09-09,801780,5.0,0.51,4.98
2022-09-13,801180,13.33,0.94,2.53
2022-09-13,801170,12.12,1.54,2.01
2022-09-13,801160,27.98,1.82,1.48
2022-09-13,801150,22.65,3.09,1.05
2022-09-13,801080,28.92,3.05,0.9
2022-09-13,801120,34.76,6.87,1.39
2022-09-13,801110,15.16,2.76,3.16
2022-09-13,801050,18.11,3.15,0.84
2022-09-13,801040,12.13,1.04,4.96
2022-09-13,801030,14.81,2.59,1.51
2022-09-13,801010,126.45,3.66,0.37
2022-09-13,801890,30.39,2.44,1.18
2022-09-13,801880,37.78,2.43,1.22
2022-09-13,801710,12.56,1.73,3.06
2022-09-13,801780,5.04,0.51,4.93
2022-09-13,801770,28.27,1.98,1.17
2022-09-13,801760,28.51,1.92,1.8
2022-09-13,801750,43.82,3.0,0.69
2022-09-13,801730,36.09,4.53,0.47
2022-09-13,801790,13.93,1.2,2.81
2022-09-14,801170,12.11,1.54,2.01
2022-09-14,801160,27.62,1.8,1.5
2022-09-14,801150,22.53,3.07,1.05
2022-09-14,801120,34.51,6.82,1.4
2022-09-14,801050,17.87,3.11,0.85
2022-09-14,801080,28.65,3.02,0.91
2022-09-14,801040,12.03,1.03,5.0
2022-09-14,801030,14.54,2.54,1.54
2022-09-14,801010,124.61,3.61,0.37
2022-09-14,801180,13.28,0.94,2.54
2022-09-14,801110,15.02,2.73,3.19
2022-09-14,801890,30.07,2.41,1.19
2022-09-14,801790,13.76,1.18,2.85
2022-09-14,801780,5.0,0.51,4.98
2022-09-14,801880,37.07,2.39,1.24
2022-09-14,801760,28.23,1.9,1.82
2022-09-14,801750,43.53,2.98,0.69
2022-09-14,801730,35.25,4.43,0.49
2022-09-14,801710,12.51,1.72,3.07
2022-09-14,801770,27.9,1.95,1.18
2022-09-15,801180,13.61,0.96,2.48
2022-09-15,801170,11.98,1.53,2.03
2022-09-15,801160,27.03,1.76,1.53
2022-09-15,801150,22.3,3.04,1.06
2022-09-15,801110,14.89,2.71,3.22
2022-09-15,801080,27.79,2.93,0.94
2022-09-15,801050,17.29,3.01,0.88
2022-09-15,801040,11.93,1.02,5.04
2022-09-15,801030,14.11,2.47,1.58
2022-09-15,801010,121.95,3.53,0.38
2022-09-15,801120,34.68,6.85,1.42
2022-09-15,801710,12.57,1.73,3.06
2022-09-15,801890,29.23,2.35,1.22
2022-09-15,801880,35.76,2.3,1.29
2022-09-15,801790,13.76,1.18,2.85
2022-09-15,801770,27.14,1.9,1.22
2022-09-15,801760,27.9,1.87,1.84
2022-09-15,801750,42.8,2.93,0.7
2022-09-15,801730,33.26,4.18,0.51
2022-09-15,801780,5.06,0.52,4.92
2022-09-16,801180,13.1,0.93,2.57
2022-09-16,801170,11.6,1.48,2.1
2022-09-16,801160,26.27,1.71,1.58
2022-09-16,801150,21.61,2.95,1.1
2022-09-16,801050,16.66,2.9,0.91
2022-09-16,801110,14.57,2.65,3.29
2022-09-16,801080,27.32,2.88,0.96
2022-09-16,801040,11.6,1.0,5.18
2022-09-16,801030,13.8,2.41,1.62
2022-09-16,801010,119.85,3.47,0.39
2022-09-16,801120,34.01,6.72,1.45
2022-09-16,801710,12.08,1.66,3.19
2022-09-16,801890,28.54,2.29,1.25
2022-09-16,801880,35.06,2.26,1.31
2022-09-16,801790,13.09,1.12,2.99
2022-09-16,801770,26.77,1.87,1.23
2022-09-16,801760,27.28,1.83,1.89
2022-09-16,801750,42.59,2.91,0.71
2022-09-16,801730,32.75,4.11,0.52
2022-09-16,801780,4.96,0.51,5.02
2022-09-19,801170,11.66,1.49,2.09
2022-09-19,801160,26.01,1.69,1.6
2022-09-19,801150,21.39,2.92,1.11
2022-09-19,801120,34.29,6.77,1.43
2022-09-19,801050,16.66,2.9,0.91
2022-09-19,801080,26.92,2.84,0.97
2022-09-19,801040,11.43,0.98,5.26
2022-09-19,801030,13.76,2.41,1.61
2022-09-19,801010,120.71,3.5,0.39
2022-09-19,801180,13.12,0.93,2.57
2022-09-19,801110,14.55,2.65,3.3
2022-09-19,801890,28.28,2.27,1.26
2022-09-19,801880,35.15,2.26,1.31
2022-09-19,801790,12.97,1.11,3.02
2022-09-19,801780,4.97,0.51,5.0
2022-09-19,801760,26.8,1.8,1.92
2022-09-19,801750,41.57,2.84,0.72
2022-09-19,801730,32.68,4.1,0.52
2022-09-19,801710,11.86,1.63,3.25
2022-09-19,801770,26.43,1.85,1.25
2022-09-20,801180,12.89,0.91,2.62
2022-09-20,801170,11.67,1.49,2.09
2022-09-20,801160,26.28,1.72,1.57
2022-09-20,801150,21.44,2.93,1.1
2022-09-20,801050,17.2,2.99,0.88
2022-09-20,801110,14.53,2.64,3.3
2022-09-20,801080,26.97,2.84,0.97
2022-09-20,801040,11.46,0.98,5.25
2022-09-20,801030,13.96,2.44,1.6
2022-09-20,801010,119.95,3.47,0.39
2022-09-20,801120,34.6,6.83,1.42
2022-09-20,801710,11.83,1.63,3.25
2022-09-20,801890,28.73,2.31,1.24
2022-09-20,801880,35.78,2.3,1.29
2022-09-20,801790,12.92,1.11,3.03
2022-09-20,801770,26.62,1.86,1.24
2022-09-20,801760,26.98,1.81,1.91
2022-09-20,801750,41.69,2.85,0.72
2022-09-20,801730,33.44,4.2,0.51
2022-09-20,801780,4.93,0.5,5.05
2022-09-21,801180,13.07,0.92,2.58
2022-09-21,801170,11.81,1.51,2.06
2022-09-21,801160,26.65,1.74,1.55
2022-09-21,801150,21.09,2.88,1.13
2022-09-21,801050,17.33,3.02,0.87
2022-09-21,801110,14.39,2.62,3.33
2022-09-21,801080,26.73,2.82,0.98
2022-09-21,801040,11.61,1.0,5.18
2022-09-21,801030,13.94,2.44,1.6
2022-09-21,801010,118.08,3.42,0.4
2022-09-21,801120,34.16,6.75,1.44
2022-09-21,801710,11.71,1.61,3.28
2022-09-21,801880,35.64,2.29,1.29
2022-09-21,801790,12.92,1.11,3.04
2022-09-21,801890,28.75,2.31,1.24
2022-09-21,801770,26.54,1.85,1.24
2022-09-21,801760,27.16,1.83,1.9
2022-09-21,801750,41.95,2.86,0.72
2022-09-21,801730,33.24,4.17,0.51
2022-09-21,801780,4.94,0.5,5.03
2022-09-22,801180,12.86,0.91,2.62
2022-09-22,801170,11.64,1.49,2.09
2022-09-22,801160,26.59,1.74,1.55
2022-09-22,801150,20.75,2.83,1.15
2022-09-22,801010,117.5,3.4,0.4
2022-09-22,801110,14.1,2.57,3.42
2022-09-22,801080,26.54,2.8,0.98
2022-09-22,801050,17.26,3.01,0.88
2022-09-22,801040,11.62,1.0,5.18
2022-09-22,801030,13.95,2.44,1.6
2022-09-22,801120,33.62,6.64,1.46
2022-09-22,801710,11.54,1.59,3.33
2022-09-22,801890,29.12,2.32,1.25
2022-09-22,801880,35.33,2.27,1.31
2022-09-22,801780,4.93,0.5,5.05
2022-09-22,801770,26.46,1.85,1.25
2022-09-22,801760,26.69,1.79,1.93
2022-09-22,801750,41.92,2.86,0.72
2022-09-22,801730,33.29,4.18,0.51
2022-09-22,801790,12.84,1.1,3.05
2022-09-23,801180,12.77,0.9,2.64
2022-09-23,801170,11.58,1.48,2.11
2022-09-23,801160,26.21,1.71,1.58
2022-09-23,801150,20.54,2.8,1.16
2022-09-23,801110,13.95,2.54,3.46
2022-09-23,801080,25.91,2.73,1.0
2022-09-23,801050,16.91,2.95,0.9
2022-09-23,801040,11.5,0.99,5.23
2022-09-23,801030,13.72,2.4,1.62
2022-09-23,801010,115.81,3.35,0.4
2022-09-23,801120,33.75,6.67,1.46
2022-09-23,801710,11.41,1.57,3.37
2022-09-23,801890,28.56,2.28,1.28
2022-09-23,801880,34.61,2.23,1.33
2022-09-23,801790,12.89,1.11,3.06
2022-09-23,801770,26.19,1.83,1.27
2022-09-23,801760,26.13,1.76,1.97
2022-09-23,801750,41.01,2.8,0.74
2022-09-23,801730,32.98,4.14,0.52
2022-09-23,801780,4.95,0.51,5.03
2022-09-26,801180,12.62,0.89,2.67
2022-09-26,801170,11.42,1.45,2.14
2022-09-26,801160,25.7,1.68,1.61
2022-09-26,801150,20.31,2.77,1.17
2022-09-26,801050,16.49,2.87,0.92
2022-09-26,801110,14.07,2.56,3.43
2022-09-26,801080,25.76,2.72,1.01
2022-09-26,801040,11.13,0.96,5.4
2022-09-26,801030,13.44,2.35,1.64
2022-09-26,801010,112.36,3.25,0.41
2022-09-26,801120,34.23,6.76,1.43
2022-09-26,801710,11.33,1.56,3.4
2022-09-26,801890,28.31,2.26,1.28
2022-09-26,801880,34.72,2.23,1.33
2022-09-26,801790,12.63,1.09,3.12
2022-09-26,801770,25.91,1.81,1.28
2022-09-26,801760,25.69,1.73,2.09
2022-09-26,801750,40.15,2.74,0.75
2022-09-26,801730,33.39,4.19,0.52
2022-09-26,801780,4.87,0.5,5.11
2022-09-27,801170,11.75,1.49,2.08
2022-09-27,801160,25.83,1.69,1.6
2022-09-27,801150,21.31,2.91,1.12
2022-09-27,801120,35.29,6.97,1.39
2022-09-27,801050,16.5,2.87,0.92
2022-09-27,801080,26.29,2.77,0.99
2022-09-27,801040,11.23,0.96,5.39
2022-09-27,801030,13.6,2.38,1.62
2022-09-27,801010,115.25,3.33,0.4
2022-09-27,801180,12.71,0.9,2.65
2022-09-27,801110,14.27,2.6,3.39
2022-09-27,801890,28.86,2.3,1.26
2022-09-27,801880,35.0,2.25,1.32
2022-09-27,801790,12.73,1.09,3.11
2022-09-27,801780,4.89,0.5,5.09
2022-09-27,801760,26.5,1.78,2.03
2022-09-27,801750,41.14,2.81,0.73
2022-09-27,801730,33.66,4.23,0.51
2022-09-27,801710,11.56,1.59,3.33
2022-09-27,801770,26.57,1.86,1.25
2022-09-28,801180,12.47,0.88,2.7
2022-09-28,801170,11.58,1.47,2.1
2022-09-28,801160,25.28,1.65,1.63
2022-09-28,801150,21.11,2.88,1.13
2022-09-28,801050,15.63,2.73,0.97
2022-09-28,801110,14.09,2.56,3.43
2022-09-28,801080,25.25,2.67,1.02
2022-09-28,801040,10.88,0.93,5.56
2022-09-28,801030,13.14,2.3,1.68
2022-09-28,801010,113.88,3.29,0.41
2022-09-28,801120,35.13,6.93,1.4
2022-09-28,801710,11.25,1.55,3.42
2022-09-28,801880,33.77,2.17,1.36
2022-09-28,801790,12.52,1.08,3.13
2022-09-28,801890,27.91,2.23,1.34
2022-09-28,801770,25.78,1.8,1.29
2022-09-28,801760,25.89,1.74,2.07
2022-09-28,801750,40.14,2.74,0.75
2022-09-28,801730,32.42,4.07,0.56
2022-09-28,801780,4.89,0.5,5.09
2022-09-29,801180,12.18,0.86,2.77
2022-09-29,801170,11.39,1.45,2.14
2022-09-29,801160,25.19,1.64,1.64
2022-09-29,801150,21.43,2.93,1.12
2022-09-29,801110,13.94,2.53,3.47
2022-09-29,801080,25.16,2.66,1.02
2022-09-29,801050,15.83,2.76,0.96
2022-09-29,801040,10.84,0.93,5.58
2022-09-29,801030,13.26,2.32,1.68
2022-09-29,801010,113.9,3.29,0.41
2022-09-29,801120,35.0,6.91,1.4
2022-09-29,801710,11.17,1.54,3.45
2022-09-29,801890,27.94,2.23,1.33
2022-09-29,801880,33.72,2.17,1.36
2022-09-29,801790,12.36,1.06,3.18
2022-09-29,801770,25.62,1.79,1.29
2022-09-29,801760,25.43,1.71,2.11
2022-09-29,801750,40.15,2.74,0.75
2022-09-29,801730,32.81,4.12,0.55
2022-09-29,801780,4.83,0.49,5.15
2022-09-30,801170,11.31,1.44,2.15
2022-09-30,801160,25.19,1.64,1.63
2022-09-30,801150,21.48,2.93,1.11
2022-09-30,801120,34.85,6.88,1.41
2022-09-30,801050,15.68,2.74,0.97
2022-09-30,801080,24.64,2.6,1.05
2022-09-30,801040,10.85,0.93,5.58
2022-09-30,801030,13.16,2.31,1.71
2022-09-30,801010,113.65,3.29,0.41
2022-09-30,801180,12.43,0.88,2.71
2022-09-30,801110,13.67,2.49,3.53
2022-09-30,801890,27.44,2.19,1.35
2022-09-30,801790,12.37,1.06,3.17
2022-09-30,801780,4.87,0.5,5.11
2022-09-30,801880,32.78,2.11,1.4
2022-09-30,801760,25.41,1.71,2.11
2022-09-30,801750,39.87,2.72,0.76
2022-09-30,801730,31.73,3.98,0.57
2022-09-30,801710,11.16,1.53,3.45
2022-09-30,801770,25.31,1.77,1.31
2022-10-10,801180,12.44,0.88,2.71
2022-10-10,801170,11.16,1.42,2.18
2022-10-10,801160,25.26,1.65,1.63
2022-10-10,801150,21.05,2.87,1.13
2022-10-10,801110,13.46,2.45,3.59
2022-10-10,801080,23.58,2.49,1.09
2022-10-10,801050,15.35,2.68,0.99
2022-10-10,801040,10.8,0.93,5.58
2022-10-10,801030,12.89,2.26,1.75
2022-10-10,801010,117.38,3.4,0.4
2022-10-10,801120,33.23,6.56,1.48
2022-10-10,801710,10.95,1.51,3.52
2022-10-10,801880,31.9,2.05,1.43
2022-10-10,801790,12.26,1.05,3.2
2022-10-10,801890,26.94,2.15,1.37
2022-10-10,801770,24.9,1.74,1.33
2022-10-10,801760,24.87,1.67,2.15
2022-10-10,801750,38.89,2.65,0.78
2022-10-10,801730,31.04,3.89,0.58
2022-10-10,801780,4.8,0.49,5.19
2022-10-11,801180,12.18,0.86,2.77
2022-10-11,801170,11.16,1.42,2.18
2022-10-11,801160,25.9,1.69,1.59
2022-10-11,801150,20.85,2.85,1.14
2022-10-11,801010,117.85,3.41,0.39
2022-10-11,801110,13.45,2.45,3.59
2022-10-11,801080,23.49,2.48,1.1
2022-10-11,801050,15.59,2.72,0.97
2022-10-11,801040,10.86,0.93,5.56
2022-10-11,801030,13.14,2.3,1.71
2022-10-11,801120,33.23,6.55,1.48
2022-10-11,801710,10.92,1.5,3.52
2022-10-11,801890,27.24,2.17,1.35
2022-10-11,801880,32.4,2.08,1.41
2022-10-11,801790,12.3,1.06,3.19
2022-10-11,801770,25.25,1.76,1.31
2022-10-11,801760,24.84,1.67,2.16
2022-10-11,801750,39.05,2.66,0.78
2022-10-11,801730,31.85,3.99,0.56
2022-10-11,801780,4.78,0.49,5.21
2022-10-12,801170,11.21,1.43,2.17
2022-10-12,801160,26.15,1.71,1.58
2022-10-12,801150,21.04,2.87,1.13
2022-10-12,801120,33.01,6.51,1.49
2022-10-12,801050,15.89,2.77,0.95
2022-10-12,801080,24.53,2.59,1.05
2022-10-12,801040,11.0,0.94,5.48
2022-10-12,801030,13.38,2.35,1.68
2022-10-12,801010,120.16,3.48,0.39
2022-10-12,801180,12.41,0.88,2.72
2022-10-12,801110,13.61,2.48,3.55
2022-10-12,801890,28.34,2.26,1.31
2022-10-12,801790,12.59,1.08,3.12
2022-10-12,801780,4.8,0.49,5.18
2022-10-12,801880,33.59,2.16,1.36
2022-10-12,801760,25.39,1.71,2.11
2022-10-12,801750,40.6,2.77,0.75
2022-10-12,801730,33.23,4.17,0.54
2022-10-12,801710,11.08,1.52,3.47
2022-10-12,801770,26.16,1.83,1.27
2022-10-13,801180,12.19,0.86,2.77
2022-10-13,801170,11.24,1.43,2.17
2022-10-13,801160,26.4,1.72,1.56
2022-10-13,801150,21.57,2.95,1.1
2022-10-13,801110,13.39,2.44,3.61
2022-10-13,801080,24.62,2.57,1.05
2022-10-13,801050,15.73,2.74,0.96
2022-10-13,801040,10.91,0.93,5.95
2022-10-13,801030,13.35,2.34,1.71
2022-10-13,801010,121.92,3.53,0.38
2022-10-13,801120,32.52,6.41,1.51
2022-10-13,801710,11.01,1.51,3.5
2022-10-13,801890,28.42,2.27,1.3
2022-10-13,801880,33.52,2.16,1.36
2022-10-13,801790,12.52,1.08,3.14
2022-10-13,801770,26.45,1.85,1.25
2022-10-13,801760,25.47,1.71,2.1
2022-10-13,801750,41.67,2.84,0.73
2022-10-13,801730,33.09,4.15,0.54
2022-10-13,801780,4.72,0.48,5.26
2022-10-14,801180,12.21,0.86,2.76
2022-10-14,801170,11.5,1.47,2.12
2022-10-14,801160,26.61,1.74,1.55
2022-10-14,801150,23.12,3.16,1.03
2022-10-14,801050,16.12,2.81,0.94
2022-10-14,801110,13.61,2.48,3.55
2022-10-14,801080,25.22,2.64,1.02
2022-10-14,801040,11.12,0.95,5.71
2022-10-14,801030,13.64,2.39,1.68
2022-10-14,801010,121.76,3.52,0.38
2022-10-14,801120,33.22,6.55,1.48
2022-10-14,801710,11.3,1.56,3.41
2022-10-14,801890,29.03,2.31,1.27
2022-10-14,801880,34.21,2.2,1.33
2022-10-14,801790,12.68,1.09,3.1
2022-10-14,801770,26.59,1.86,1.25
2022-10-14,801760,26.0,1.75,2.06
2022-10-14,801750,42.63,2.9,0.71
2022-10-14,801730,34.06,4.27,0.53
2022-10-14,801780,4.77,0.49,5.21
2022-10-17,801170,11.74,1.5,2.08
2022-10-17,801160,26.47,1.73,1.56
2022-10-17,801150,23.35,3.19,1.02
2022-10-17,801120,32.95,6.39,1.49
2022-10-17,801050,16.12,2.81,0.94
2022-10-17,801080,25.78,2.7,1.0
2022-10-17,801040,11.26,0.96,4.87
2022-10-17,801030,13.73,2.4,1.66
2022-10-17,801010,122.51,3.54,0.38
2022-10-17,801180,12.21,0.86,2.76
2022-10-17,801110,13.56,2.47,3.56
2022-10-17,801890,29.8,2.37,1.24
2022-10-17,801880,34.11,2.19,1.33
2022-10-17,801790,12.75,1.1,3.08
2022-10-17,801780,4.77,0.49,5.21
2022-10-17,801760,26.29,1.77,2.04
2022-10-17,801750,43.62,2.97,0.69
2022-10-17,801730,33.75,4.21,0.53
2022-10-17,801710,11.29,1.55,3.41
2022-10-17,801770,26.9,1.88,1.23
2022-10-18,801180,12.09,0.85,2.79
2022-10-18,801170,11.77,1.5,2.07
2022-10-18,801160,26.43,1.72,1.56
2022-10-18,801150,23.8,3.25,1.0
2022-10-18,801050,16.06,2.8,0.94
2022-10-18,801110,13.57,2.47,3.56
2022-10-18,801080,25.7,2.69,1.0
2022-10-18,801040,11.23,0.96,4.88
2022-10-18,801030,13.74,2.4,1.66
2022-10-18,801010,122.53,3.54,0.38
2022-10-18,801120,32.77,6.36,1.5
2022-10-18,801710,11.24,1.55,3.42
2022-10-18,801890,29.88,2.37,1.24
2022-10-18,801880,34.41,2.21,1.32
2022-10-18,801790,12.67,1.09,3.1
2022-10-18,801770,27.21,1.9,1.22
2022-10-18,801760,26.21,1.76,2.04
2022-10-18,801750,43.34,2.95,0.7
2022-10-18,801730,34.05,4.25,0.53
2022-10-18,801780,4.76,0.49,5.22
2022-10-19,801180,12.02,0.85,2.8
2022-10-19,801170,11.87,1.51,2.06
2022-10-19,801160,26.08,1.7,1.58
2022-10-19,801150,23.37,3.19,1.02
2022-10-19,801050,15.91,2.77,0.96
2022-10-19,801110,13.09,2.38,3.69
2022-10-19,801080,25.52,2.66,1.01
2022-10-19,801040,11.14,0.95,4.92
2022-10-19,801030,13.53,2.36,1.69
2022-10-19,801010,118.53,3.42,0.39
2022-10-19,801120,31.77,6.17,1.54
2022-10-19,801710,11.06,1.52,3.48
2022-10-19,801880,34.07,2.19,1.33
2022-10-19,801790,12.53,1.08,3.13
2022-10-19,801890,29.68,2.36,1.25
2022-10-19,801770,26.98,1.88,1.23
2022-10-19,801760,25.82,1.74,2.07
2022-10-19,801750,43.1,2.94,0.7
2022-10-19,801730,33.93,4.24,0.53
2022-10-19,801780,4.7,0.48,5.28
2022-10-20,801180,11.92,0.84,2.83
2022-10-20,801170,11.73,1.49,2.08
2022-10-20,801160,25.84,1.69,1.59
2022-10-20,801150,23.41,3.2,1.02
2022-10-20,801010,117.5,3.39,0.4
2022-10-20,801110,12.86,2.34,3.76
2022-10-20,801080,26.03,2.72,0.99
2022-10-20,801050,15.69,2.73,0.97
2022-10-20,801040,11.08,0.95,4.95
2022-10-20,801030,13.45,2.35,1.7
2022-10-20,801120,31.69,6.15,1.54
2022-10-20,801710,10.9,1.5,3.53
2022-10-20,801890,29.42,2.33,1.26
2022-10-20,801880,33.51,2.15,1.36
2022-10-20,801780,4.69,0.48,5.3
2022-10-20,801770,26.85,1.87,1.24
2022-10-20,801760,25.94,1.74,2.06
2022-10-20,801750,43.39,2.96,0.7
2022-10-20,801730,32.98,4.11,0.54
2022-10-20,801790,12.48,1.07,3.64
2022-10-21,801180,11.95,0.84,2.82
2022-10-21,801170,11.78,1.5,2.07
2022-10-21,801160,26.1,1.7,1.58
2022-10-21,801150,23.43,3.2,1.01
2022-10-21,801110,12.8,2.33,3.78
2022-10-21,801080,25.71,2.68,1.0
2022-10-21,801050,15.53,2.7,0.98
2022-10-21,801040,11.12,0.95,4.93
2022-10-21,801030,13.39,2.34,1.7
2022-10-21,801010,117.46,3.38,0.4
2022-10-21,801120,31.27,6.07,1.56
2022-10-21,801710,10.86,1.49,3.54
2022-10-21,801890,29.69,2.35,1.25
2022-10-21,801880,33.42,2.13,1.4
2022-10-21,801790,12.43,1.07,3.63
2022-10-21,801770,27.11,1.9,1.22
2022-10-21,801760,25.58,1.72,2.09
2022-10-21,801750,43.56,2.97,0.69
2022-10-21,801730,33.15,4.13,0.54
2022-10-21,801780,4.67,0.48,5.32
2022-10-24,801180,11.54,0.82,2.92
2022-10-24,801170,11.37,1.45,2.15
2022-10-24,801160,25.66,1.67,1.6
2022-10-24,801150,22.71,3.09,1.05
2022-10-24,801050,15.53,2.67,0.98
2022-10-24,801110,12.45,2.26,3.88
2022-10-24,801080,25.54,2.67,1.01
2022-10-24,801040,11.06,0.95,4.96
2022-10-24,801030,13.23,2.31,1.72
2022-10-24,801010,114.49,3.29,0.41
2022-10-24,801120,29.44,5.71,1.66
2022-10-24,801710,10.49,1.44,3.66
2022-10-24,801890,29.6,2.34,1.25
2022-10-24,801880,32.93,2.1,1.33
2022-10-24,801790,12.09,1.04,3.73
2022-10-24,801770,26.8,1.87,1.22
2022-10-24,801760,24.78,1.66,1.69
2022-10-24,801750,43.4,2.96,0.7
2022-10-24,801730,32.59,4.03,0.55
2022-10-24,801780,4.53,0.46,5.48
2022-10-25,801170,11.43,1.45,2.14
2022-10-25,801160,25.75,1.68,1.6
2022-10-25,801150,22.2,3.02,1.07
2022-10-25,801120,29.35,5.69,1.67
2022-10-25,801050,15.57,2.66,0.98
2022-10-25,801080,25.37,2.65,1.01
2022-10-25,801040,11.08,0.95,4.95
2022-10-25,801030,13.1,2.28,1.74
2022-10-25,801010,113.08,3.18,0.41
2022-10-25,801180,11.42,0.81,2.95
2022-10-25,801110,12.42,2.25,3.89
2022-10-25,801890,29.98,2.37,1.23
2022-10-25,801880,33.64,2.14,1.3
2022-10-25,801790,11.92,1.03,3.78
2022-10-25,801780,4.53,0.46,5.49
2022-10-25,801760,24.55,1.65,1.71
2022-10-25,801750,42.77,2.9,0.71
2022-10-25,801730,33.03,4.08,0.54
2022-10-25,801710,10.66,1.46,3.6
2022-10-25,801770,26.69,1.87,1.22
2022-10-26,801180,11.28,0.8,2.99
2022-10-26,801170,11.54,1.47,2.11
2022-10-26,801160,25.91,1.68,1.61
2022-10-26,801150,23.3,3.15,1.02
2022-10-26,801050,15.72,2.68,0.97
2022-10-26,801110,12.52,2.27,3.86
2022-10-26,801080,26.0,2.71,0.99
2022-10-26,801040,11.1,0.94,4.94
2022-10-26,801030,13.27,2.31,1.71
2022-10-26,801010,110.39,3.02,0.42
2022-10-26,801120,29.32,5.68,1.67
2022-10-26,801710,10.77,1.47,3.57
2022-10-26,801880,33.73,2.15,1.3
2022-10-26,801790,11.99,1.03,3.27
2022-10-26,801890,30.38,2.39,1.22
2022-10-26,801770,27.08,1.9,1.2
2022-10-26,801760,25.09,1.68,1.67
2022-10-26,801750,44.81,3.03,0.67
2022-10-26,801730,33.38,4.09,0.53
2022-10-26,801780,4.49,0.46,5.55
2022-10-27,801180,11.38,0.81,2.96
2022-10-27,801170,11.52,1.47,2.11
2022-10-27,801160,25.29,1.63,1.65
2022-10-27,801150,23.27,3.14,1.02
2022-10-27,801110,12.52,2.27,3.86
2022-10-27,801080,25.88,2.67,0.99
2022-10-27,801050,15.79,2.68,0.96
2022-10-27,801040,11.06,0.94,4.96
2022-10-27,801030,13.2,2.28,1.72
2022-10-27,801010,110.65,3.03,0.42
2022-10-27,801120,28.24,5.45,1.73
2022-10-27,801710,10.75,1.47,3.57
2022-10-27,801890,30.05,2.35,1.23
2022-10-27,801880,33.56,2.13,1.31
2022-10-27,801790,12.04,1.04,3.26
2022-10-27,801770,26.76,1.86,1.21
2022-10-27,801760,25.39,1.71,1.64
2022-10-27,801750,45.65,3.08,0.66
2022-10-27,801730,32.79,3.98,0.54
2022-10-27,801780,4.48,0.46,5.56
2022-10-28,801170,11.24,1.42,2.17
2022-10-28,801160,24.48,1.57,1.7
2022-10-28,801150,22.72,3.03,1.06
2022-10-28,801120,27.51,5.22,1.78
2022-10-28,801050,15.2,2.5,1.0
2022-10-28,801080,25.07,2.57,1.02
2022-10-28,801040,10.63,0.91,5.16
2022-10-28,801030,12.65,2.17,1.79
2022-10-28,801010,105.73,2.89,0.44
2022-10-28,801180,10.98,0.78,3.07
2022-10-28,801110,12.14,2.19,3.98
2022-10-28,801890,29.0,2.26,1.27
2022-10-28,801790,11.74,1.01,3.34
2022-10-28,801780,4.45,0.45,5.6
2022-10-28,801880,32.06,2.03,1.37
2022-10-28,801760,24.4,1.64,1.71
2022-10-28,801750,44.4,3.0,0.68
2022-10-28,801730,31.41,3.76,0.57
2022-10-28,801710,10.29,1.4,3.73
2022-10-28,801770,26.15,1.82,1.24
2022-10-31,801180,10.61,0.75,3.18
2022-10-31,801170,10.96,1.34,2.22
2022-10-31,801160,24.3,1.54,1.71
2022-10-31,801150,22.73,3.01,1.06
2022-10-31,801110,11.91,2.08,4.05
2022-10-31,801080,25.52,2.62,1.01
2022-10-31,801050,15.13,2.45,1.01
2022-10-31,801040,10.59,0.91,5.18
2022-10-31,801030,12.52,2.13,1.8
2022-10-31,801010,106.6,2.87,0.44
2022-10-31,801120,27.12,5.12,1.8
2022-10-31,801710,10.07,1.36,3.81
2022-10-31,801880,32.34,2.04,1.35
2022-10-31,801790,11.75,1.0,3.35
2022-10-31,801890,28.98,2.24,1.27
2022-10-31,801770,26.67,1.84,1.22
2022-10-31,801760,24.68,1.65,1.69
2022-10-31,801750,46.22,3.11,0.65
2022-10-31,801730,31.3,3.69,0.57
2022-10-31,801780,4.4,0.44,5.67
2022-11-01,801180,11.31,0.76,3.14
2022-11-01,801170,11.03,1.38,2.16
2022-11-01,801160,23.96,1.57,1.68
2022-11-01,801150,23.16,3.09,1.02
2022-11-01,801110,11.96,2.15,3.93
2022-11-01,801080,29.44,2.67,0.98
2022-11-01,801050,14.42,2.55,0.97
2022-11-01,801040,15.6,0.93,5.08
2022-11-01,801030,13.78,2.19,1.74
2022-11-01,801010,94.43,2.97,0.42
2022-11-01,801120,28.44,5.48,1.68
2022-11-01,801710,12.48,1.42,3.65
2022-11-01,801890,30.16,2.32,1.23
2022-11-01,801880,31.57,2.12,1.3
2022-11-01,801790,13.36,1.03,3.24
2022-11-01,801770,25.18,1.84,1.22
2022-11-01,801760,27.8,1.7,1.64
2022-11-01,801750,50.2,3.15,0.64
2022-11-01,801730,28.54,3.84,0.55
2022-11-01,801780,4.35,0.44,5.56
2022-11-02,801180,11.49,0.77,3.09
2022-11-02,801160,24.06,1.58,1.68
2022-11-02,801150,23.46,3.13,1.01
2022-11-02,801120,28.97,5.58,1.65
2022-11-02,801050,14.61,2.58,0.95
2022-11-02,801080,29.79,2.7,0.97
2022-11-02,801040,15.67,0.93,5.06
2022-11-02,801030,13.92,2.22,1.72
2022-11-02,801010,94.92,2.98,0.42
2022-11-02,801110,12.18,2.19,3.86
2022-11-02,801170,11.25,1.41,2.12
2022-11-02,801710,12.64,1.44,3.61
2022-11-02,801890,30.63,2.35,1.21
2022-11-02,801880,32.63,2.19,1.26
2022-11-02,801790,13.38,1.03,3.24
2022-11-02,801770,25.54,1.87,1.2
2022-11-02,801760,28.6,1.75,1.6
2022-11-02,801750,50.61,3.17,0.64
2022-11-02,801730,28.91,3.89,0.54
2022-11-02,801780,4.35,0.44,5.57
2022-11-03,801180,11.38,0.77,3.12
2022-11-03,801170,11.17,1.4,2.13
2022-11-03,801150,23.33,3.12,1.02
2022-11-03,801120,28.57,5.5,1.67
2022-11-03,801050,14.61,2.58,0.95
2022-11-03,801080,30.22,2.74,0.95
2022-11-03,801040,15.67,0.93,5.06
2022-11-03,801030,14.06,2.24,1.7
2022-11-03,801010,94.82,2.98,0.42
2022-11-03,801110,12.14,2.18,3.88
2022-11-03,801160,23.98,1.57,1.68
2022-11-03,801710,12.6,1.43,3.6
2022-11-03,801890,30.79,2.36,1.21
2022-11-03,801880,32.7,2.19,1.26
2022-11-03,801790,13.28,1.02,3.26
2022-11-03,801780,4.31,0.44,5.62
2022-11-03,801760,28.21,1.72,1.62
2022-11-03,801750,49.58,3.11,0.65
2022-11-03,801730,28.92,3.89,0.54
2022-11-03,801770,25.35,1.86,1.21
2022-11-04,801180,11.65,0.78,3.05
2022-11-04,801170,11.49,1.44,2.07
2022-11-04,801160,24.49,1.6,1.65
2022-11-04,801150,23.75,3.17,1.0
2022-11-04,801080,30.7,2.78,0.94
2022-11-04,801120,29.96,5.77,1.6
2022-11-04,801110,12.51,2.25,3.76
2022-11-04,801050,15.24,2.69,0.92
2022-11-04,801040,16.11,0.96,4.92
2022-11-04,801030,14.44,2.3,1.66
2022-11-04,801010,96.06,3.02,0.41
2022-11-04,801710,12.97,1.48,3.5
2022-11-04,801890,31.28,2.4,1.19
2022-11-04,801880,33.98,2.28,1.21
2022-11-04,801780,4.4,0.45,5.53
2022-11-04,801770,25.69,1.88,1.19
2022-11-04,801760,28.86,1.76,1.58
2022-11-04,801750,50.28,3.15,0.64
2022-11-04,801730,30.18,4.06,0.52
2022-11-04,801790,13.7,1.05,3.16
2022-11-07,801180,11.78,0.79,3.01
2022-11-07,801170,11.49,1.44,2.07
2022-11-07,801160,24.58,1.61,1.64
2022-11-07,801150,23.73,3.17,1.0
2022-11-07,801010,97.26,3.05,0.41
2022-11-07,801110,12.58,2.26,3.74
2022-11-07,801080,30.72,2.78,0.94
2022-11-07,801050,15.58,2.75,0.9
2022-11-07,801040,16.38,0.97,4.84
2022-11-07,801030,14.59,2.32,1.64
2022-11-07,801120,30.0,5.78,1.59
2022-11-07,801890,31.18,2.39,1.19
2022-11-07,801710,13.07,1.49,3.47
2022-11-07,801880,33.92,2.27,1.21
2022-11-07,801790,13.74,1.06,3.15
2022-11-07,801770,25.53,1.87,1.2
2022-11-07,801760,29.52,1.8,1.55
2022-11-07,801750,50.21,3.15,0.64
2022-11-07,801730,30.27,4.08,0.51
2022-11-07,801780,4.39,0.45,5.53
2022-11-08,801180,11.82,0.8,3.0
2022-11-08,801170,11.4,1.43,2.09
2022-11-08,801150,23.58,3.15,1.0
2022-11-08,801120,29.54,5.69,1.62
2022-11-08,801050,15.66,2.76,0.89
2022-11-08,801080,30.4,2.75,0.95
2022-11-08,801040,16.42,0.98,4.83
2022-11-08,801030,14.55,2.32,1.64
2022-11-08,801010,96.42,3.03,0.41
2022-11-08,801110,12.54,2.25,3.75
2022-11-08,801160,24.52,1.61,1.65
2022-11-08,801710,13.09,1.49,3.47
2022-11-08,801890,31.09,2.39,1.19
2022-11-08,801880,33.65,2.26,1.22
2022-11-08,801790,13.7,1.05,3.16
2022-11-08,801770,25.61,1.88,1.2
2022-11-08,801760,29.48,1.8,1.55
2022-11-08,801750,50.75,3.18,0.64
2022-11-08,801730,30.07,4.05,0.51
2022-11-08,801780,4.39,0.45,5.53
2022-11-09,801180,12.02,0.81,2.95
2022-11-09,801170,11.37,1.42,2.09
2022-11-09,801160,24.56,1.61,1.64
2022-11-09,801150,23.79,3.18,0.99
2022-11-09,801010,95.39,3.0,0.42
2022-11-09,801110,12.53,2.25,3.75
2022-11-09,801080,30.17,2.73,0.96
2022-11-09,801050,15.67,2.77,0.89
2022-11-09,801040,16.51,0.98,4.8
2022-11-09,801030,14.56,2.32,1.64
2022-11-09,801120,29.12,5.61,1.64
2022-11-09,801890,31.12,2.39,1.19
2022-11-09,801710,13.16,1.5,3.45
2022-11-09,801880,33.43,2.24,1.23
2022-11-09,801790,13.61,1.05,3.19
2022-11-09,801770,25.29,1.85,1.36
2022-11-09,801760,29.26,1.79,1.56
2022-11-09,801750,50.12,3.14,0.64
2022-11-09,801730,29.53,3.98,0.52
2022-11-09,801780,4.39,0.45,5.53
2022-11-10,801180,12.03,0.81,2.95
2022-11-10,801170,11.41,1.41,2.14
2022-11-10,801160,24.4,1.6,1.65
2022-11-10,801150,23.69,3.16,1.0
2022-11-10,801080,29.4,2.66,0.99
2022-11-10,801120,29.45,5.67,1.62
2022-11-10,801110,12.44,2.23,3.78
2022-11-10,801050,15.32,2.7,0.91
2022-11-10,801040,16.6,0.99,4.77
2022-11-10,801030,14.35,2.28,1.67
2022-11-10,801010,96.18,3.02,0.41
2022-11-10,801890,30.68,2.35,1.21
2022-11-10,801880,32.96,2.21,1.25
2022-11-10,801710,13.04,1.48,3.48
2022-11-10,801780,4.4,0.45,5.52
2022-11-10,801770,25.12,1.84,1.37
2022-11-10,801760,30.08,1.84,1.48
2022-11-10,801750,50.33,3.16,0.64
2022-11-10,801730,28.86,3.89,0.54
2022-11-10,801790,13.69,1.05,3.17
2022-11-11,801180,12.86,0.87,2.76
2022-11-11,801170,11.55,1.43,2.12
2022-11-11,801160,24.61,1.61,1.64
2022-11-11,801150,23.64,3.16,1.0
2022-11-11,801050,15.68,2.77,0.89
2022-11-11,801110,12.91,2.32,3.64
2022-11-11,801080,29.72,2.69,0.97
2022-11-11,801040,16.72,0.99,4.74
2022-11-11,801030,14.56,2.32,1.64
2022-11-11,801010,96.83,3.04,0.41
2022-11-11,801120,30.28,5.83,1.58
2022-11-11,801710,13.65,1.55,3.33
2022-11-11,801890,31.18,2.39,1.19
2022-11-11,801880,33.28,2.23,1.23
2022-11-11,801790,14.12,1.09,3.07
2022-11-11,801770,25.37,1.86,1.35
2022-11-11,801760,30.19,1.84,1.48
2022-11-11,801750,50.32,3.16,0.64
2022-11-11,801730,29.22,3.94,0.53
2022-11-11,801780,4.56,0.46,5.33
2022-11-14,801170,11.35,1.4,2.15
2022-11-14,801160,24.33,1.59,1.64
2022-11-14,801150,24.45,3.27,0.97
2022-11-14,801120,30.18,5.82,1.59
2022-11-14,801050,15.35,2.71,0.91
2022-11-14,801080,29.73,2.69,0.98
2022-11-14,801040,16.58,0.99,4.77
2022-11-14,801030,14.46,2.3,1.65
2022-11-14,801010,96.81,3.04,0.41
2022-11-14,801180,13.13,0.88,2.71
2022-11-14,801110,13.11,2.35,3.59
2022-11-14,801890,30.8,2.36,1.2
2022-11-14,801880,32.72,2.2,1.26
2022-11-14,801790,14.3,1.1,3.03
2022-11-14,801780,4.66,0.48,5.22
2022-11-14,801760,30.38,1.86,1.47
2022-11-14,801750,50.95,3.2,0.63
2022-11-14,801730,28.38,3.82,0.55
2022-11-14,801710,13.91,1.58,3.26
2022-11-14,801770,25.25,1.85,1.36
2022-11-15,801180,13.25,0.89,2.68
2022-11-15,801170,11.46,1.42,2.13
2022-11-15,801160,24.77,1.62,1.61
2022-11-15,801150,24.62,3.29,0.96
2022-11-15,801050,15.54,2.74,0.9
2022-11-15,801110,13.33,2.39,3.53
2022-11-15,801080,31.38,2.84,0.92
2022-11-15,801040,16.74,1.0,4.73
2022-11-15,801030,14.76,2.35,1.62
2022-11-15,801010,97.15,3.05,0.41
2022-11-15,801120,30.96,5.97,1.55
2022-11-15,801710,14.21,1.62,3.19
2022-11-15,801880,33.42,2.24,1.23
2022-11-15,801790,14.73,1.13,2.94
2022-11-15,801890,31.61,2.43,1.17
2022-11-15,801770,25.71,1.89,1.33
2022-11-15,801760,30.68,1.87,1.46
2022-11-15,801750,51.92,3.26,0.62
2022-11-15,801730,29.07,3.92,0.53
2022-11-15,801780,4.67,0.48,5.21
2022-11-16,801180,12.99,0.87,2.74
2022-11-16,801170,11.54,1.42,2.13
2022-11-16,801160,24.89,1.63,1.6
2022-11-16,801150,24.55,3.28,0.96
2022-11-16,801110,13.21,2.37,3.56
2022-11-16,801080,31.04,2.81,0.93
2022-11-16,801050,15.38,2.71,0.91
2022-11-16,801040,16.67,0.99,4.75
2022-11-16,801030,14.65,2.33,1.63
2022-11-16,801010,96.68,3.04,0.41
2022-11-16,801120,31.05,5.98,1.54
2022-11-16,801710,14.01,1.6,3.24
2022-11-16,801890,31.37,2.41,1.18
2022-11-16,801880,33.03,2.22,1.24
2022-11-16,801790,14.52,1.12,2.98
2022-11-16,801770,25.71,1.89,1.33
2022-11-16,801760,31.08,1.9,1.44
2022-11-16,801750,51.67,3.24,0.62
2022-11-16,801730,28.48,3.84,0.54
2022-11-16,801780,4.64,0.47,5.25
2022-11-17,801170,11.57,1.43,2.12
2022-11-17,801160,24.83,1.62,1.61
2022-11-17,801150,24.76,3.31,0.95
2022-11-17,801120,30.82,5.94,1.56
2022-11-17,801050,15.12,2.67,0.92
2022-11-17,801080,31.4,2.84,0.92
2022-11-17,801040,16.64,0.99,4.76
2022-11-17,801030,14.58,2.32,1.64
2022-11-17,801010,97.33,3.06,0.41
2022-11-17,801180,13.02,0.88,2.73
2022-11-17,801110,13.14,2.36,3.58
2022-11-17,801890,31.3,2.4,1.18
2022-11-17,801790,14.62,1.13,2.96
2022-11-17,801780,4.6,0.47,5.29
2022-11-17,801880,32.54,2.18,1.26
2022-11-17,801760,31.75,1.94,1.41
2022-11-17,801750,53.03,3.33,0.61
2022-11-17,801730,28.07,3.78,0.55
2022-11-17,801710,14.0,1.59,3.24
2022-11-17,801770,25.85,1.9,1.32
2022-11-18,801180,12.9,0.87,2.75
2022-11-18,801170,11.38,1.4,2.17
2022-11-18,801160,24.82,1.62,1.61
2022-11-18,801150,25.11,3.35,0.94
2022-11-18,801110,13.13,2.36,3.6
2022-11-18,801080,30.78,2.79,0.95
2022-11-18,801050,14.85,2.62,0.94
2022-11-18,801040,16.58,0.99,4.77
2022-11-18,801030,14.45,2.3,1.67
2022-11-18,801010,95.85,3.01,0.41
2022-11-18,801120,30.84,5.94,1.55
2022-11-18,801710,13.89,1.58,3.27
2022-11-18,801880,32.08,2.16,1.28
2022-11-18,801790,14.44,1.11,3.0
2022-11-18,801890,31.24,2.4,1.19
2022-11-18,801770,25.8,1.89,1.22
2022-11-18,801760,31.74,1.94,1.41
2022-11-18,801750,52.29,3.28,0.62
2022-11-18,801730,28.23,3.81,0.55
2022-11-18,801780,4.58,0.47,5.32
2022-11-21,801180,12.82,0.86,2.77
2022-11-21,801170,11.29,1.39,2.19
2022-11-21,801160,24.9,1.63,1.61
2022-11-21,801150,25.09,3.35,0.94
2022-11-21,801010,95.67,3.01,0.41
2022-11-21,801110,12.93,2.32,3.66
2022-11-21,801080,30.76,2.78,0.95
2022-11-21,801050,14.9,2.63,0.93
2022-11-21,801040,16.58,0.99,4.77
2022-11-21,801030,14.54,2.32,1.64
2022-11-21,801120,30.09,5.79,1.59
2022-11-21,801710,13.87,1.58,3.27
2022-11-21,801890,31.62,2.43,1.17
2022-11-21,801880,32.37,2.18,1.27
2022-11-21,801790,14.19,1.09,3.04
2022-11-21,801770,25.67,1.88,1.22
2022-11-21,801760,30.81,1.88,1.45
2022-11-21,801750,52.16,3.27,0.62
2022-11-21,801730,28.5,3.84,0.54
2022-11-21,801780,4.56,0.47,5.33
2022-11-22,801180,12.74,0.86,2.79
2022-11-22,801170,11.38,1.4,2.17
2022-11-22,801160,24.95,1.63,1.6
2022-11-22,801150,24.34,3.25,0.97
2022-11-22,801050,14.77,2.6,0.94
2022-11-22,801110,12.86,2.31,3.67
2022-11-22,801080,30.49,2.76,0.95
2022-11-22,801040,16.66,0.99,4.75
2022-11-22,801030,14.42,2.3,1.65
2022-11-22,801010,94.56,2.97,0.42
2022-11-22,801120,30.18,5.81,1.59
2022-11-22,801710,13.86,1.58,3.27
2022-11-22,801890,31.25,2.4,1.19
2022-11-22,801880,32.39,2.19,1.29
2022-11-22,801790,14.33,1.1,3.02
2022-11-22,801770,25.87,1.9,1.21
2022-11-22,801760,30.56,1.87,1.46
2022-11-22,801750,51.31,3.22,0.63
2022-11-22,801730,27.8,3.75,0.56
2022-11-22,801780,4.65,0.47,5.24
2022-11-23,801180,12.72,0.85,2.79
2022-11-23,801170,11.38,1.4,2.17
2022-11-23,801160,25.28,1.65,1.58
2022-11-23,801150,23.78,3.17,0.99
2022-11-23,801050,14.84,2.62,0.94
2022-11-23,801110,12.9,2.32,3.66
2022-11-23,801080,30.22,2.74,0.96
2022-11-23,801040,16.78,1.0,4.72
2022-11-23,801030,14.44,2.3,1.65
2022-11-23,801010,94.0,2.95,0.42
2022-11-23,801120,30.08,5.79,1.59
2022-11-23,801710,13.88,1.58,3.27
2022-11-23,801890,31.24,2.4,1.18
2022-11-23,801880,32.37,2.19,1.29
2022-11-23,801790,14.31,1.1,3.02
2022-11-23,801770,25.57,1.88,1.23
2022-11-23,801760,30.34,1.85,1.47
2022-11-23,801750,50.66,3.18,0.64
2022-11-23,801730,28.41,3.83,0.55
2022-11-23,801780,4.66,0.48,5.22
2022-11-24,801170,11.29,1.39,2.19
2022-11-24,801160,25.32,1.66,1.58
2022-11-24,801150,24.1,3.22,0.98
2022-11-24,801120,29.75,5.73,1.61
2022-11-24,801050,14.92,2.63,0.93
2022-11-24,801080,30.0,2.72,0.97
2022-11-24,801040,16.84,1.0,4.7
2022-11-24,801030,14.66,2.33,1.63
2022-11-24,801010,94.33,2.95,0.42
2022-11-24,801180,12.95,0.87,2.74
2022-11-24,801110,12.88,2.31,3.67
2022-11-24,801890,31.23,2.4,1.18
2022-11-24,801790,14.25,1.1,3.03
2022-11-24,801780,4.65,0.47,5.23
2022-11-24,801880,32.31,2.18,1.18
2022-11-24,801760,30.02,1.83,1.49
2022-11-24,801750,50.03,3.14,0.64
2022-11-24,801730,28.42,3.83,0.55
2022-11-24,801710,13.91,1.58,3.26
2022-11-24,801770,25.38,1.86,1.24
2022-11-25,801180,13.56,0.91,2.62
2022-11-25,801170,11.39,1.4,2.17
2022-11-25,801160,25.47,1.67,1.57
2022-11-25,801150,23.91,3.19,0.99
2022-11-25,801110,12.96,2.33,3.65
2022-11-25,801080,29.68,2.69,0.98
2022-11-25,801050,14.81,2.61,0.94
2022-11-25,801040,16.94,1.01,4.67
2022-11-25,801030,14.5,2.31,1.64
2022-11-25,801010,94.92,2.97,0.42
2022-11-25,801120,29.73,5.73,1.61
2022-11-25,801710,14.19,1.62,3.2
2022-11-25,801890,30.84,2.37,1.2
2022-11-25,801880,31.84,2.15,1.2
2022-11-25,801790,14.46,1.11,2.99
2022-11-25,801770,25.25,1.85,1.24
2022-11-25,801760,30.09,1.84,1.49
2022-11-25,801750,49.41,3.1,0.65
2022-11-25,801730,27.74,3.74,0.56
2022-11-25,801780,4.76,0.49,5.11
2022-11-28,801180,13.5,0.91,2.63
2022-11-28,801170,11.42,1.41,2.12
2022-11-28,801160,25.58,1.67,1.56
2022-11-28,801150,23.69,3.16,0.99
2022-11-28,801050,14.6,2.58,0.95
2022-11-28,801110,12.88,2.31,3.67
2022-11-28,801080,29.36,2.66,0.99
2022-11-28,801040,16.72,1.0,4.35
2022-11-28,801030,14.41,2.29,1.65
2022-11-28,801010,94.58,2.96,0.5
2022-11-28,801120,29.72,5.72,1.61
2022-11-28,801710,14.07,1.6,3.23
2022-11-28,801890,30.59,2.35,1.21
2022-11-28,801880,31.68,2.14,1.2
2022-11-28,801790,14.2,1.09,3.04
2022-11-28,801770,24.95,1.83,1.26
2022-11-28,801760,30.08,1.84,1.49
2022-11-28,801750,48.87,3.07,0.66
2022-11-28,801730,27.65,3.72,0.56
2022-11-28,801780,4.68,0.48,5.18
2022-11-29,801170,11.68,1.44,2.08
2022-11-29,801160,25.45,1.67,1.57
2022-11-29,801150,24.32,3.25,0.97
2022-11-29,801120,31.05,5.98,1.54
2022-11-29,801050,14.83,2.62,0.94
2022-11-29,801080,29.83,2.7,0.98
2022-11-29,801040,17.02,1.02,4.27
2022-11-29,801030,14.65,2.33,1.62
2022-11-29,801010,95.6,2.99,0.49
2022-11-29,801180,14.58,0.98,2.44
2022-11-29,801110,13.21,2.37,3.58
2022-11-29,801890,31.1,2.39,1.19
2022-11-29,801880,32.1,2.17,1.19
2022-11-29,801790,14.9,1.15,2.9
2022-11-29,801780,4.9,0.5,4.94
2022-11-29,801760,30.94,1.89,1.44
2022-11-29,801750,49.86,3.13,0.65
2022-11-29,801730,27.73,3.74,0.56
2022-11-29,801710,14.66,1.67,3.1
2022-11-29,801770,25.2,1.85,1.24
2022-11-30,801180,14.34,0.96,2.48
2022-11-30,801170,11.69,1.44,2.07
2022-11-30,801160,25.55,1.67,1.56
2022-11-30,801150,24.16,3.23,0.97
2022-11-30,801050,14.92,2.63,0.93
2022-11-30,801110,13.18,2.37,3.58
2022-11-30,801080,29.78,2.69,0.98
2022-11-30,801040,17.27,1.03,4.43
2022-11-30,801030,14.65,2.33,1.63
2022-11-30,801010,96.56,3.02,0.49
2022-11-30,801120,31.0,5.97,1.55
2022-11-30,801710,14.4,1.64,3.15
2022-11-30,801880,33.3,2.25,1.14
2022-11-30,801790,14.88,1.15,2.9
2022-11-30,801890,31.15,2.39,1.19
2022-11-30,801770,25.45,1.87,1.23
2022-11-30,801760,30.97,1.89,1.44
2022-11-30,801750,49.71,3.12,0.65
2022-11-30,801730,27.92,3.76,0.56
2022-11-30,801780,4.88,0.5,4.97
2022-12-01,801180,14.31,0.96,2.48
2022-12-01,801170,11.71,1.44,2.07
2022-12-01,801160,25.48,1.67,1.57
2022-12-01,801150,24.22,3.23,0.98
2022-12-01,801110,13.3,2.39,3.55
2022-12-01,801080,30.1,2.72,0.97
2022-12-01,801050,15.14,2.67,0.92
2022-12-01,801040,17.36,1.04,4.41
2022-12-01,801030,14.79,2.35,1.61
2022-12-01,801010,97.78,3.06,0.48
2022-12-01,801120,32.03,6.16,1.5
2022-12-01,801710,14.45,1.65,3.14
2022-12-01,801890,31.29,2.4,1.19
2022-12-01,801880,33.51,2.26,1.14
2022-12-01,801790,14.93,1.15,2.9
2022-12-01,801770,25.93,1.9,1.21
2022-12-01,801760,31.46,1.92,1.42
2022-12-01,801750,51.05,3.2,0.63
2022-12-01,801730,28.31,3.82,0.55
2022-12-01,801780,4.85,0.49,4.99
2022-12-02,801180,14.03,0.94,2.53
2022-12-02,801170,11.61,1.43,2.09
2022-12-02,801160,25.49,1.67,1.57
2022-12-02,801150,24.17,3.23,0.98
2022-12-02,801050,14.91,2.64,0.93
2022-12-02,801110,13.23,2.37,3.57
2022-12-02,801080,29.93,2.71,0.97
2022-12-02,801040,17.25,1.03,4.44
2022-12-02,801030,14.84,2.36,1.6
2022-12-02,801010,99.07,3.1,0.48
2022-12-02,801120,32.09,6.17,1.49
2022-12-02,801710,14.39,1.64,3.15
2022-12-02,801890,31.39,2.41,1.18
2022-12-02,801880,33.05,2.23,1.15
2022-12-02,801790,14.86,1.14,2.91
2022-12-02,801770,26.12,1.92,1.2
2022-12-02,801760,31.61,1.93,1.41
2022-12-02,801750,51.14,3.21,0.63
2022-12-02,801730,28.49,3.84,0.55
2022-12-02,801780,4.81,0.49,5.03
2022-12-05,801170,11.95,1.47,2.03
2022-12-05,801160,25.71,1.68,1.56
2022-12-05,801150,24.27,3.24,0.98
2022-12-05,801120,32.7,6.29,1.46
2022-12-05,801050,15.16,2.68,0.92
2022-12-05,801080,30.01,2.72,0.97
2022-12-05,801040,17.74,1.06,4.32
2022-12-05,801030,14.93,2.37,1.59
2022-12-05,801010,99.74,3.12,0.47
2022-12-05,801180,14.17,0.95,2.51
2022-12-05,801110,13.53,2.43,3.49
2022-12-05,801890,31.69,2.43,1.17
2022-12-05,801880,33.21,2.24,1.15
2022-12-05,801790,15.51,1.19,2.79
2022-12-05,801780,4.95,0.5,4.88
2022-12-05,801760,32.17,1.97,1.39
2022-12-05,801750,51.96,3.26,0.62
2022-12-05,801730,28.08,3.79,0.55
2022-12-05,801710,14.88,1.69,3.05
2022-12-05,801770,26.8,1.97,1.17
2022-12-06,801180,14.08,0.95,2.52
2022-12-06,801170,12.07,1.49,2.01
2022-12-06,801160,25.34,1.66,1.58
2022-12-06,801150,23.96,3.2,0.99
2022-12-06,801050,15.17,2.68,0.92
2022-12-06,801110,13.54,2.43,3.51
2022-12-06,801080,30.44,2.75,0.96
2022-12-06,801040,17.68,1.06,4.33
2022-12-06,801030,15.06,2.39,1.58
2022-12-06,801010,100.38,3.14,0.47
2022-12-06,801120,33.46,6.44,1.43
2022-12-06,801710,14.75,1.68,3.08
2022-12-06,801880,33.43,2.26,1.14
2022-12-06,801790,15.48,1.19,2.79
2022-12-06,801890,31.54,2.42,1.18
2022-12-06,801770,26.43,1.94,1.19
2022-12-06,801760,31.93,1.94,1.4
2022-12-06,801750,51.76,3.25,0.62
2022-12-06,801730,28.33,3.82,0.55
2022-12-06,801780,4.94,0.5,4.89
2022-12-07,801180,13.82,0.93,2.57
2022-12-07,801170,12.23,1.5,1.98
2022-12-07,801160,25.08,1.64,1.59
2022-12-07,801150,24.33,3.25,0.97
2022-12-07,801110,13.66,2.45,3.48
2022-12-07,801080,30.18,2.73,0.96
2022-12-07,801050,15.13,2.67,0.92
2022-12-07,801040,17.47,1.04,4.38
2022-12-07,801030,14.97,2.38,1.59
2022-12-07,801010,101.31,3.16,0.47
2022-12-07,801120,33.52,6.45,1.43
2022-12-07,801710,14.55,1.66,3.12
2022-12-07,801890,31.32,2.4,1.18
2022-12-07,801880,33.54,2.26,1.14
2022-12-07,801790,15.31,1.18,2.82
2022-12-07,801770,26.22,1.93,1.19
2022-12-07,801760,32.11,1.95,1.39
2022-12-07,801750,51.45,3.23,0.63
2022-12-07,801730,28.65,3.86,0.54
2022-12-07,801780,4.89,0.5,4.94
2022-12-08,801170,12.25,1.51,1.97
2022-12-08,801160,24.97,1.63,1.6
2022-12-08,801150,24.35,3.25,0.97
2022-12-08,801120,33.52,6.45,1.43
2022-12-08,801050,15.07,2.66,0.92
2022-12-08,801080,29.78,2.69,0.98
2022-12-08,801040,17.44,1.04,4.39
2022-12-08,801030,15.01,2.39,1.58
2022-12-08,801010,98.69,3.08,0.48
2022-12-08,801180,14.08,0.95,2.52
2022-12-08,801110,13.71,2.46,3.47
2022-12-08,801890,31.15,2.39,1.19
2022-12-08,801790,15.32,1.18,2.82
2022-12-08,801780,4.93,0.5,4.9
2022-12-08,801880,33.4,2.26,1.14
2022-12-08,801760,32.1,1.95,1.39
2022-12-08,801750,50.64,3.18,0.64
2022-12-08,801730,28.76,3.88,0.54
2022-12-08,801710,14.57,1.66,3.12
2022-12-08,801770,25.92,1.91,1.2
2022-12-09,801180,14.42,0.97,2.46
2022-12-09,801170,12.12,1.49,1.99
2022-12-09,801160,24.79,1.62,1.61
2022-12-09,801150,24.49,3.27,0.97
2022-12-09,801110,14.13,2.53,3.37
2022-12-09,801080,29.95,2.71,0.97
2022-12-09,801050,15.33,2.71,0.91
2022-12-09,801040,17.61,1.05,4.32
2022-12-09,801030,15.12,2.4,1.57
2022-12-09,801010,98.46,3.07,0.48
2022-12-09,801120,34.4,6.62,1.39
2022-12-09,801710,15.03,1.71,3.02
2022-12-09,801880,33.29,2.25,1.14
2022-12-09,801790,15.43,1.19,2.8
2022-12-09,801890,31.15,2.39,1.19
2022-12-09,801770,25.66,1.89,1.22
2022-12-09,801760,31.89,1.93,1.4
2022-12-09,801750,50.4,3.17,0.64
2022-12-09,801730,28.66,3.86,0.54
2022-12-09,801780,4.99,0.51,4.84
2022-12-12,801180,13.9,0.93,2.56
2022-12-12,801170,12.07,1.48,2.0
2022-12-12,801160,24.41,1.6,1.64
2022-12-12,801150,24.94,3.33,0.95
2022-12-12,801010,97.67,3.05,0.47
2022-12-12,801120,34.12,6.56,1.4
2022-12-12,801110,13.99,2.51,3.4
2022-12-12,801080,30.39,2.75,0.96
2022-12-12,801050,14.95,2.64,0.93
2022-12-12,801040,17.16,1.03,4.43
2022-12-12,801030,14.86,2.37,1.6
2022-12-12,801770,25.9,1.91,1.21
2022-12-12,801710,14.68,1.67,3.09
2022-12-12,801890,31.04,2.38,1.19
2022-12-12,801880,32.7,2.21,1.16
2022-12-12,801780,4.88,0.5,4.94
2022-12-12,801760,31.4,1.9,1.42
2022-12-12,801750,51.13,3.21,0.63
2022-12-12,801730,28.27,3.81,0.55
2022-12-12,801790,15.03,1.16,2.87
2022-12-13,801180,14.02,0.94,2.54
2022-12-13,801170,12.25,1.51,1.97
2022-12-13,801160,24.5,1.6,1.63
2022-12-13,801150,24.8,3.31,0.96
2022-12-13,801050,15.01,2.65,0.93
2022-12-13,801110,13.93,2.5,3.41
2022-12-13,801080,29.85,2.7,0.98
2022-12-13,801040,17.35,1.04,4.38
2022-12-13,801030,14.79,2.35,1.61
2022-12-13,801010,100.13,3.13,0.46
2022-12-13,801120,34.42,6.62,1.39
2022-12-13,801710,14.77,1.68,3.07
2022-12-13,801890,30.64,2.35,1.21
2022-12-13,801880,32.45,2.2,1.16
2022-12-13,801790,15.09,1.16,2.86
2022-12-13,801770,25.45,1.88,1.23
2022-12-13,801760,31.63,1.92,1.41
2022-12-13,801750,49.91,3.13,0.64
2022-12-13,801730,27.7,3.73,0.56
2022-12-13,801780,4.92,0.5,4.9
2022-12-14,801170,12.17,1.5,2.97
2022-12-14,801160,24.45,1.6,1.64
2022-12-14,801150,24.35,3.25,0.97
2022-12-14,801120,35.14,6.76,1.36
2022-12-14,801050,15.01,2.65,0.93
2022-12-14,801080,29.81,2.7,0.98
2022-12-14,801040,17.17,1.03,4.44
2022-12-14,801030,14.78,2.35,1.61
2022-12-14,801010,100.29,3.13,0.46
2022-12-14,801180,13.86,0.93,2.56
2022-12-14,801110,14.01,2.51,3.39
2022-12-14,801890,30.63,2.35,1.21
2022-12-14,801880,32.29,2.19,1.17
2022-12-14,801790,15.17,1.17,2.84
2022-12-14,801780,4.95,0.5,4.88
2022-12-14,801760,31.95,1.94,1.39
2022-12-14,801750,50.11,3.15,0.64
2022-12-14,801730,27.47,3.7,0.57
2022-12-14,801710,14.66,1.67,3.1
2022-12-14,801770,25.27,1.86,1.23
2022-12-15,801180,13.89,0.93,2.56
2022-12-15,801170,12.04,1.48,3.0
2022-12-15,801160,24.43,1.6,1.64
2022-12-15,801150,24.28,3.24,0.98
2022-12-15,801050,15.0,2.64,0.93
2022-12-15,801110,13.87,2.49,3.43
2022-12-15,801080,30.32,2.74,0.96
2022-12-15,801040,17.07,1.02,4.47
2022-12-15,801030,14.81,2.36,1.61
2022-12-15,801010,99.26,3.1,0.46
2022-12-15,801120,34.87,6.71,1.37
2022-12-15,801710,14.46,1.65,3.14
2022-12-15,801880,33.05,2.24,1.14
2022-12-15,801790,15.03,1.16,2.87
2022-12-15,801890,30.81,2.36,1.2
2022-12-15,801770,25.44,1.88,1.23
2022-12-15,801760,31.66,1.92,1.4
2022-12-15,801750,50.62,3.18,0.63
2022-12-15,801730,28.13,3.79,0.55
2022-12-15,801780,4.89,0.5,4.94
2022-12-16,801180,14.07,0.94,2.53
2022-12-16,801170,12.12,1.49,2.98
2022-12-16,801160,24.49,1.6,1.64
2022-12-16,801150,24.6,3.28,0.96
2022-12-16,801110,13.86,2.48,3.43
2022-12-16,801080,29.84,2.7,0.98
2022-12-16,801050,14.71,2.59,0.95
2022-12-16,801040,17.24,1.04,4.42
2022-12-16,801030,14.67,2.33,1.63
2022-12-16,801010,99.21,3.1,0.46
2022-12-16,801120,35.0,6.73,1.37
2022-12-16,801710,14.68,1.67,3.09
2022-12-16,801890,30.43,2.33,1.22
2022-12-16,801880,32.5,2.2,1.16
2022-12-16,801790,15.09,1.16,2.86
2022-12-16,801770,25.04,1.85,1.25
2022-12-16,801760,31.32,1.9,1.42
2022-12-16,801750,49.64,3.12,0.65
2022-12-16,801730,27.6,3.72,0.57
2022-12-16,801780,4.95,0.5,4.88
2022-12-19,801170,11.86,1.46,3.05
2022-12-19,801160,23.93,1.57,1.67
2022-12-19,801150,23.64,3.15,1.0
2022-12-19,801120,34.62,6.66,1.38
2022-12-19,801050,14.6,2.57,0.96
2022-12-19,801080,29.11,2.63,1.0
2022-12-19,801040,16.76,1.01,4.55
2022-12-19,801030,14.43,2.3,1.65
2022-12-19,801010,96.74,3.02,0.47
2022-12-19,801180,14.0,0.94,2.54
2022-12-19,801110,13.71,2.46,3.47
2022-12-19,801890,29.97,2.3,1.24
2022-12-19,801790,14.67,1.13,2.94
2022-12-19,801780,4.86,0.5,4.96
2022-12-19,801880,32.25,2.18,1.17
2022-12-19,801760,30.76,1.87,1.44
2022-12-19,801750,48.84,3.07,0.66
2022-12-19,801730,27.5,3.71,0.57
2022-12-19,801710,14.39,1.64,3.15
2022-12-19,801770,24.45,1.8,1.28
2022-12-20,801180,13.52,0.91,2.63
2022-12-20,801170,11.7,1.44,3.09
2022-12-20,801160,24.0,1.57,1.67
2022-12-20,801150,23.21,3.1,1.02
2022-12-20,801110,13.43,2.41,3.54
2022-12-20,801080,29.15,2.64,1.0
2022-12-20,801050,14.4,2.54,0.97
2022-12-20,801040,16.72,1.0,4.56
2022-12-20,801030,14.33,2.28,1.66
2022-12-20,801010,94.74,2.96,0.48
2022-12-20,801120,33.42,6.43,1.43
2022-12-20,801710,14.11,1.61,3.21
2022-12-20,801880,32.07,2.17,1.17
2022-12-20,801790,14.56,1.12,2.96
2022-12-20,801890,29.84,2.29,1.24
2022-12-20,801770,24.45,1.8,1.28
2022-12-20,801760,30.27,1.84,1.46
2022-12-20,801750,47.84,3.0,0.67
2022-12-20,801730,27.33,3.68,0.57
2022-12-20,801780,4.79,0.49,5.04
2022-12-21,801180,13.44,0.9,2.64
2022-12-21,801170,11.75,1.44,3.08
2022-12-21,801160,23.8,1.56,1.69
2022-12-21,801150,23.22,3.1,1.02
2022-12-21,801010,95.94,3.0,0.48
2022-12-21,801110,13.39,2.41,3.55
2022-12-21,801080,28.79,2.61,1.01
2022-12-21,801050,14.32,2.53,0.97
2022-12-21,801040,16.64,1.0,4.58
2022-12-21,801030,14.34,2.28,1.66
2022-12-21,801120,33.86,6.51,1.41
2022-12-21,801710,14.2,1.62,3.19
2022-12-21,801890,29.57,2.26,1.25
2022-12-21,801880,31.59,2.14,1.19
2022-12-21,801790,14.58,1.12,2.95
2022-12-21,801770,24.24,1.79,1.29
2022-12-21,801760,30.43,1.85,1.46
2022-12-21,801750,47.46,2.98,0.68
2022-12-21,801730,26.94,3.63,0.58
2022-12-21,801780,4.82,0.49,5.01
2022-12-22,801180,13.41,0.9,2.66
2022-12-22,801170,11.72,1.44,3.09
2022-12-22,801160,23.45,1.53,1.71
2022-12-22,801150,23.12,3.08,1.02
2022-12-22,801050,14.04,2.47,0.99
2022-12-22,801110,13.5,2.42,3.52
2022-12-22,801080,28.58,2.59,1.02
2022-12-22,801040,16.39,0.98,4.65
2022-12-22,801030,14.02,2.23,1.7
2022-12-22,801010,97.09,3.04,0.47
2022-12-22,801120,34.43,6.62,1.39
2022-12-22,801710,14.17,1.61,3.2
2022-12-22,801890,29.17,2.23,1.27
2022-12-22,801880,31.39,2.13,1.2
2022-12-22,801790,14.6,1.12,2.94
2022-12-22,801770,23.89,1.76,1.31
2022-12-22,801760,30.62,1.86,1.45
2022-12-22,801750,47.43,2.98,0.68
2022-12-22,801730,26.18,3.54,0.59
2022-12-22,801780,4.84,0.49,4.99
2022-12-23,801180,13.42,0.9,2.66
2022-12-23,801170,11.65,1.43,3.11
2022-12-23,801160,23.48,1.54,1.71
2022-12-23,801150,23.36,3.11,1.01
2022-12-23,801050,13.99,2.46,0.98
2022-12-23,801110,13.43,2.4,3.54
2022-12-23,801080,28.15,2.56,1.04
2022-12-23,801040,16.36,0.98,4.66
2022-12-23,801030,13.85,2.2,1.73
2022-12-23,801010,96.02,3.02,0.48
2022-12-23,801120,34.63,6.66,1.38
2022-12-23,801710,14.06,1.6,3.23
2022-12-23,801890,29.02,2.22,1.28
2022-12-23,801880,30.76,2.09,1.23
2022-12-23,801790,14.6,1.12,2.94
2022-12-23,801770,24.1,1.78,1.29
2022-12-23,801760,31.19,1.89,1.42
2022-12-23,801750,48.17,3.03,0.67
2022-12-23,801730,25.93,3.5,0.6
2022-12-23,801780,4.82,0.49,5.01
2022-12-26,801170,11.68,1.43,3.1
2022-12-26,801160,23.82,1.56,1.68
2022-12-26,801150,23.31,3.11,1.02
2022-12-26,801120,34.2,6.58,1.4
2022-12-26,801050,14.16,2.49,0.97
2022-12-26,801080,28.87,2.63,1.01
2022-12-26,801040,16.39,0.99,4.65
2022-12-26,801030,14.13,2.25,1.69
2022-12-26,801010,96.82,3.04,0.47
2022-12-26,801180,13.2,0.89,2.71
2022-12-26,801110,13.38,2.4,3.55
2022-12-26,801880,31.64,2.14,1.19
2022-12-26,801890,29.74,2.28,1.25
2022-12-26,801790,14.49,1.11,3.03
2022-12-26,801780,4.79,0.49,5.04
2022-12-26,801760,31.25,1.9,1.42
2022-12-26,801750,48.7,3.06,0.66
2022-12-26,801730,27.05,3.65,0.57
2022-12-26,801710,14.02,1.6,3.23
2022-12-26,801770,24.44,1.8,1.28
2022-12-27,801180,13.3,0.89,2.69
2022-12-27,801170,11.84,1.45,3.06
2022-12-27,801160,23.93,1.57,1.68
2022-12-27,801150,23.22,3.09,1.02
2022-12-27,801010,99.16,3.12,0.46
2022-12-27,801120,34.5,6.63,1.81
2022-12-27,801110,13.61,2.44,3.49
2022-12-27,801080,29.26,2.65,1.0
2022-12-27,801050,14.43,2.54,0.95
2022-12-27,801040,16.6,1.0,4.59
2022-12-27,801030,14.27,2.27,1.69
2022-12-27,801770,24.68,1.82,1.27
2022-12-27,801710,14.15,1.61,3.21
2022-12-27,801890,29.9,2.29,1.24
2022-12-27,801880,31.67,2.15,1.19
2022-12-27,801780,4.88,0.5,4.95
2022-12-27,801760,31.26,1.9,1.42
2022-12-27,801750,48.02,3.07,0.65
2022-12-27,801730,27.36,3.69,0.57
2022-12-27,801790,14.72,1.13,2.98
2022-12-28,801170,11.65,1.43,3.11
2022-12-28,801160,24.39,1.59,1.65
2022-12-28,801150,23.29,3.1,1.02
2022-12-28,801120,34.39,6.61,1.81
2022-12-28,801050,14.33,2.52,0.96
2022-12-28,801080,28.85,2.61,1.01
2022-12-28,801040,16.6,1.0,4.59
2022-12-28,801030,14.11,2.24,1.71
2022-12-28,801010,97.44,3.06,0.47
2022-12-28,801180,13.33,0.89,2.68
2022-12-28,801110,13.43,2.41,3.54
2022-12-28,801880,30.79,2.09,1.22
2022-12-28,801890,29.53,2.26,1.25
2022-12-28,801790,14.72,1.13,2.98
2022-12-28,801780,4.93,0.5,4.9
2022-12-28,801760,31.29,1.9,1.42
2022-12-28,801750,47.32,3.02,0.66
2022-12-28,801730,27.11,3.66,0.57
2022-12-28,801710,14.0,1.59,3.24
2022-12-28,801770,24.31,1.79,1.28
2022-12-29,801180,12.99,0.87,2.75
2022-12-29,801170,11.49,1.41,3.15
2022-12-29,801160,24.22,1.58,1.66
2022-12-29,801150,23.49,3.15,1.0
2022-12-29,801010,96.68,3.04,0.47
2022-12-29,801120,34.1,6.56,1.83
2022-12-29,801110,13.33,2.39,3.57
2022-12-29,801080,28.75,2.6,1.02
2022-12-29,801050,14.18,2.49,0.97
2022-12-29,801040,16.43,0.99,4.64
2022-12-29,801030,14.08,2.24,1.71
2022-12-29,801770,24.24,1.79,1.29
2022-12-29,801710,13.79,1.57,3.29
2022-12-29,801880,30.74,2.08,1.23
2022-12-29,801890,29.5,2.26,1.25
2022-12-29,801780,4.9,0.5,4.93
2022-12-29,801760,31.04,1.88,1.52
2022-12-29,801750,47.8,3.06,0.65
2022-12-29,801730,27.0,3.64,0.57
2022-12-29,801790,14.67,1.13,2.99
2022-12-30,801180,13.05,0.88,2.74
2022-12-30,801170,11.66,1.43,3.1
2022-12-30,801160,24.49,1.6,1.64
2022-12-30,801150,23.41,3.14,1.0
2022-12-30,801030,14.09,2.24,1.71
2022-12-30,801120,34.36,6.61,1.81
2022-12-30,801110,13.34,2.39,3.56
2022-12-30,801080,28.66,2.59,1.02
2022-12-30,801050,14.12,2.48,0.97
2022-12-30,801040,16.39,0.99,4.65
2022-12-30,801770,24.38,1.8,1.28
2022-12-30,801710,13.92,1.58,3.26
2022-12-30,801730,26.92,3.63,0.58
2022-12-30,801750,48.3,3.09,0.65
2022-12-30,801760,31.79,1.93,1.48
2022-12-30,801780,4.93,0.5,4.9
2022-12-30,801790,14.83,1.14,2.96
2022-12-30,801880,30.96,2.1,1.22
2022-12-30,801890,29.6,2.27,1.25
2022-12-30,801010,98.16,3.09,0.47
