date,industry_code,pe_ttm,pb,dividend_yield
2023-01-03,801010,97.28,3.06,0.47
2023-01-03,801030,14.29,2.27,1.69
2023-01-03,801040,16.58,1.0,4.6
2023-01-03,801050,14.49,2.55,0.95
2023-01-03,801080,29.22,2.64,1.0
2023-01-03,801110,13.39,2.4,3.55
2023-01-03,801120,33.95,6.53,1.84
2023-01-03,801150,23.69,3.18,0.99
2023-01-03,801160,24.94,1.63,1.61
2023-01-03,801170,11.69,1.43,3.09
2023-01-03,801180,13.2,0.88,2.71
2023-01-03,801890,30.16,2.31,1.23
2023-01-03,801880,31.39,2.13,1.2
2023-01-03,801790,14.79,1.14,2.97
2023-01-03,801780,4.95,0.5,4.88
2023-01-03,801760,32.67,1.98,1.44
2023-01-03,801750,50.57,3.23,0.62
2023-01-03,801730,27.27,3.68,0.57
2023-01-03,801710,14.03,1.6,3.23
2023-01-03,801770,25.48,1.88,1.23
2023-01-04,801180,13.7,0.92,2.61
2023-01-04,801160,24.88,1.63,1.61
2023-01-04,801150,23.75,3.19,0.98
2023-01-04,801120,33.96,6.53,1.84
2023-01-04,801050,14.27,2.51,0.96
2023-01-04,801080,28.86,2.61,1.01
2023-01-04,801040,16.57,1.0,4.6
2023-01-04,801030,14.27,2.27,1.69
2023-01-04,801010,97.5,3.06,0.47
2023-01-04,801110,13.69,2.45,3.47
2023-01-04,801170,11.7,1.43,3.09
2023-01-04,801710,14.37,1.64,3.16
2023-01-04,801890,30.14,2.31,1.23
2023-01-04,801880,31.21,2.12,1.21
2023-01-04,801790,14.97,1.15,2.93
2023-01-04,801770,25.65,1.89,1.22
2023-01-04,801760,33.05,2.0,1.43
2023-01-04,801750,50.96,3.26,0.61
2023-01-04,801730,26.77,3.61,0.58
2023-01-04,801780,5.05,0.51,4.78
2023-01-05,801180,13.72,0.92,2.6
2023-01-05,801160,25.0,1.63,1.61
2023-01-05,801150,24.17,3.25,0.97
2023-01-05,801120,35.34,6.8,1.76
2023-01-05,801050,14.45,2.54,0.95
2023-01-05,801080,29.25,2.65,1.0
2023-01-05,801040,16.63,1.0,4.58
2023-01-05,801030,14.37,2.29,1.68
2023-01-05,801010,97.56,3.07,0.47
2023-01-05,801110,14.0,2.51,3.4
2023-01-05,801170,11.84,1.45,3.06
2023-01-05,801710,14.54,1.66,3.12
2023-01-05,801890,30.35,2.32,1.22
2023-01-05,801880,31.81,2.16,1.18
2023-01-05,801790,15.2,1.17,2.89
2023-01-05,801780,5.05,0.51,4.78
2023-01-05,801760,33.34,2.02,1.41
2023-01-05,801750,51.24,3.28,0.61
2023-01-05,801730,27.57,3.72,0.56
2023-01-05,801770,25.75,1.9,1.21
2023-01-06,801180,13.56,0.91,2.63
2023-01-06,801170,11.68,1.43,3.1
2023-01-06,801160,25.19,1.65,1.59
2023-01-06,801150,23.96,3.22,0.98
2023-01-06,801080,29.27,2.65,1.0
2023-01-06,801120,35.28,6.79,1.77
2023-01-06,801110,13.94,2.49,3.42
2023-01-06,801050,14.65,2.57,0.94
2023-01-06,801040,16.74,1.01,4.55
2023-01-06,801030,14.56,2.32,1.66
2023-01-06,801010,96.96,3.05,0.47
2023-01-06,801710,14.63,1.67,3.1
2023-01-06,801890,30.45,2.33,1.21
2023-01-06,801880,32.18,2.18,1.17
2023-01-06,801780,5.04,0.51,4.79
2023-01-06,801770,25.32,1.88,1.21
2023-01-06,801760,32.54,1.97,1.45
2023-01-06,801750,50.8,3.25,0.61
2023-01-06,801730,28.43,3.84,0.54
2023-01-06,801790,15.23,1.17,2.88
2023-01-09,801180,13.42,0.9,2.66
2023-01-09,801170,11.73,1.43,3.08
2023-01-09,801150,24.11,3.24,0.97
2023-01-09,801120,36.01,6.92,1.73
2023-01-09,801080,29.52,2.67,0.99
2023-01-09,801050,15.07,2.65,0.91
2023-01-09,801040,16.79,1.01,4.54
2023-01-09,801030,14.65,2.33,1.65
2023-01-09,801010,98.53,3.1,0.46
2023-01-09,801110,13.95,2.49,3.42
2023-01-09,801160,24.97,1.63,1.61
2023-01-09,801710,14.64,1.67,3.1
2023-01-09,801890,30.66,2.35,1.21
2023-01-09,801880,32.38,2.2,1.16
2023-01-09,801790,15.51,1.19,2.83
2023-01-09,801780,5.05,0.51,4.78
2023-01-09,801760,32.93,1.99,1.43
2023-01-09,801750,50.88,3.25,0.61
2023-01-09,801730,28.59,3.86,0.54
2023-01-09,801770,25.33,1.88,1.21
2023-01-10,801180,13.38,0.9,2.67
2023-01-10,801170,11.63,1.42,3.11
2023-01-10,801150,24.34,3.28,0.96
2023-01-10,801080,29.77,2.7,0.98
2023-01-10,801110,13.98,2.5,3.41
2023-01-10,801050,15.1,2.65,0.91
2023-01-10,801040,16.62,1.0,4.58
2023-01-10,801030,14.55,2.31,1.66
2023-01-10,801010,98.28,3.09,0.46
2023-01-10,801120,36.21,6.96,1.72
2023-01-10,801160,24.84,1.62,1.61
2023-01-10,801710,14.65,1.67,3.1
2023-01-10,801890,30.66,2.35,1.21
2023-01-10,801880,32.89,2.23,1.15
2023-01-10,801790,15.32,1.18,2.86
2023-01-10,801770,25.29,1.88,1.21
2023-01-10,801760,33.23,2.01,1.42
2023-01-10,801750,50.97,3.26,0.61
2023-01-10,801730,28.87,3.9,0.53
2023-01-10,801780,4.99,0.51,4.83
2023-01-11,801180,13.5,0.91,2.65
2023-01-11,801170,11.57,1.42,3.13
2023-01-11,801160,24.75,1.62,1.62
2023-01-11,801150,24.23,3.26,0.97
2023-01-11,801080,29.53,2.67,0.99
2023-01-11,801120,35.98,6.92,1.73
2023-01-11,801110,14.09,2.52,3.38
2023-01-11,801050,15.04,2.65,0.91
2023-01-11,801040,16.66,1.0,4.57
2023-01-11,801030,14.47,2.3,1.67
2023-01-11,801010,98.05,3.08,0.47
2023-01-11,801890,30.39,2.33,1.22
2023-01-11,801880,32.55,2.21,1.16
2023-01-11,801710,14.69,1.67,3.09
2023-01-11,801780,5.04,0.51,4.79
2023-01-11,801770,25.26,1.87,1.21
2023-01-11,801760,32.41,1.97,1.68
2023-01-11,801750,50.01,3.2,0.62
2023-01-11,801730,28.54,3.86,0.54
2023-01-11,801790,15.39,1.18,2.85
2023-01-12,801180,13.26,0.89,2.69
2023-01-12,801170,11.57,1.42,3.13
2023-01-12,801160,24.72,1.62,1.62
2023-01-12,801150,24.13,3.25,0.97
2023-01-12,801080,29.62,2.68,0.98
2023-01-12,801110,14.05,2.51,3.39
2023-01-12,801050,15.09,2.66,0.9
2023-01-12,801040,16.63,1.0,4.58
2023-01-12,801030,14.49,2.3,1.67
2023-01-12,801120,35.72,6.87,1.74
2023-01-12,801010,97.45,3.06,0.47
2023-01-12,801710,14.59,1.66,3.11
2023-01-12,801880,32.85,2.23,1.15
2023-01-12,801790,15.52,1.19,2.83
2023-01-12,801890,30.57,2.34,1.21
2023-01-12,801770,25.54,1.89,1.2
2023-01-12,801760,32.49,1.97,1.67
2023-01-12,801750,50.32,3.22,0.62
2023-01-12,801730,28.84,3.9,0.53
2023-01-12,801780,5.04,0.51,4.78
2023-01-13,801180,13.34,0.89,2.67
2023-01-13,801170,11.75,1.44,3.08
2023-01-13,801160,24.73,1.62,1.62
2023-01-13,801150,24.66,3.32,0.95
2023-01-13,801110,14.32,2.56,3.33
2023-01-13,801080,29.55,2.68,0.99
2023-01-13,801050,15.13,2.66,0.9
2023-01-13,801040,16.68,1.0,4.57
2023-01-13,801030,14.55,2.31,1.66
2023-01-13,801010,99.69,3.14,0.46
2023-01-13,801120,36.72,7.06,1.7
2023-01-13,801890,30.72,2.35,1.2
2023-01-13,801710,14.95,1.7,3.04
2023-01-13,801880,32.88,2.23,1.14
2023-01-13,801790,15.88,1.22,2.76
2023-01-13,801770,25.45,1.89,1.2
2023-01-13,801760,32.93,2.0,1.65
2023-01-13,801750,50.32,3.22,0.62
2023-01-13,801730,28.81,3.89,0.53
2023-01-13,801780,5.1,0.52,4.73
2023-01-16,801180,13.39,0.9,2.66
2023-01-16,801170,11.85,1.45,3.05
2023-01-16,801160,24.82,1.62,1.62
2023-01-16,801150,25.24,3.4,0.93
2023-01-16,801050,15.28,2.69,0.89
2023-01-16,801110,14.67,2.63,3.25
2023-01-16,801080,30.22,2.74,0.96
2023-01-16,801040,16.81,1.01,4.53
2023-01-16,801030,14.7,2.34,1.64
2023-01-16,801010,101.59,3.2,0.45
2023-01-16,801120,37.42,7.2,1.67
2023-01-16,801710,15.08,1.72,3.01
2023-01-16,801890,30.85,2.36,1.2
2023-01-16,801880,32.91,2.23,1.14
2023-01-16,801790,16.19,1.25,2.71
2023-01-16,801770,25.5,1.89,1.2
2023-01-16,801760,32.88,1.99,1.65
2023-01-16,801750,51.59,3.3,0.6
2023-01-16,801730,29.08,3.93,0.53
2023-01-16,801780,5.11,0.52,4.72
2023-01-17,801170,11.86,1.45,3.05
2023-01-17,801160,24.67,1.61,1.63
2023-01-17,801150,24.99,3.37,0.94
2023-01-17,801120,37.08,7.13,1.68
2023-01-17,801050,15.23,2.68,0.9
2023-01-17,801080,30.73,2.78,0.95
2023-01-17,801040,16.76,1.01,4.54
2023-01-17,801030,14.75,2.35,1.63
2023-01-17,801010,100.84,3.18,0.45
2023-01-17,801180,13.36,0.9,2.67
2023-01-17,801110,14.72,2.63,3.24
2023-01-17,801890,31.08,2.38,1.19
2023-01-17,801880,32.84,2.22,1.15
2023-01-17,801790,16.24,1.25,2.7
2023-01-17,801780,5.11,0.52,4.72
2023-01-17,801760,32.48,1.97,1.67
2023-01-17,801750,51.31,3.28,0.61
2023-01-17,801730,29.21,3.95,0.53
2023-01-17,801710,15.07,1.72,3.01
2023-01-17,801770,25.38,1.88,1.2
2023-01-18,801180,13.27,0.89,2.69
2023-01-18,801170,11.89,1.45,3.04
2023-01-18,801160,24.74,1.62,1.62
2023-01-18,801150,24.84,3.35,0.94
2023-01-18,801050,15.4,2.71,0.89
2023-01-18,801110,14.62,2.62,3.26
2023-01-18,801080,30.7,2.78,0.95
2023-01-18,801040,16.82,1.01,4.53
2023-01-18,801030,14.78,2.35,1.63
2023-01-18,801010,100.1,3.15,0.46
2023-01-18,801120,36.72,7.06,1.7
2023-01-18,801710,14.95,1.7,3.04
2023-01-18,801880,32.84,2.22,1.15
2023-01-18,801790,16.22,1.25,2.71
2023-01-18,801890,31.06,2.38,1.19
2023-01-18,801770,25.65,1.9,1.19
2023-01-18,801760,32.9,1.99,1.65
2023-01-18,801750,52.38,3.35,0.59
2023-01-18,801730,29.32,3.96,0.52
2023-01-18,801780,5.11,0.52,4.72
2023-01-19,801180,13.33,0.89,2.67
2023-01-19,801170,11.92,1.46,3.04
2023-01-19,801160,24.65,1.61,1.63
2023-01-19,801150,25.28,3.4,0.93
2023-01-19,801110,14.58,2.61,3.27
2023-01-19,801080,31.26,2.83,0.93
2023-01-19,801050,15.49,2.73,0.88
2023-01-19,801040,16.96,1.02,4.49
2023-01-19,801030,14.88,2.37,1.62
2023-01-19,801010,99.83,3.15,0.46
2023-01-19,801120,36.56,7.03,1.7
2023-01-19,801710,14.97,1.7,3.03
2023-01-19,801890,31.25,2.4,1.18
2023-01-19,801880,32.9,2.23,1.14
2023-01-19,801790,16.47,1.27,2.66
2023-01-19,801770,25.61,1.9,1.19
2023-01-19,801760,33.18,2.01,1.64
2023-01-19,801750,53.82,3.44,0.58
2023-01-19,801730,29.21,3.94,0.53
2023-01-19,801780,5.11,0.52,4.72
2023-01-20,801170,11.88,1.46,3.05
2023-01-20,801160,25.07,1.64,1.6
2023-01-20,801150,25.28,3.41,0.93
2023-01-20,801120,36.42,7.0,1.71
2023-01-20,801050,15.96,2.81,0.86
2023-01-20,801080,31.3,2.83,0.93
2023-01-20,801040,17.29,1.04,4.43
2023-01-20,801030,15.02,2.39,1.6
2023-01-20,801010,100.4,3.16,0.45
2023-01-20,801180,13.43,0.9,2.66
2023-01-20,801110,14.56,2.61,3.27
2023-01-20,801890,31.69,2.43,1.16
2023-01-20,801790,16.45,1.26,2.67
2023-01-20,801780,5.14,0.52,4.67
2023-01-20,801880,33.13,2.24,1.13
2023-01-20,801760,33.4,2.02,1.63
2023-01-20,801750,54.33,3.47,0.57
2023-01-20,801730,29.7,4.01,0.52
2023-01-20,801710,15.11,1.72,3.0
2023-01-20,801770,26.29,1.95,1.16
2023-01-30,801180,13.32,0.89,2.68
2023-01-30,801170,11.76,1.44,3.08
2023-01-30,801160,24.99,1.63,1.61
2023-01-30,801150,25.11,3.38,0.93
2023-01-30,801110,14.55,2.6,3.28
2023-01-30,801080,31.78,2.88,0.92
2023-01-30,801050,16.11,2.84,0.85
2023-01-30,801040,17.48,1.05,4.35
2023-01-30,801030,15.15,2.41,1.59
2023-01-30,801010,100.63,3.17,0.45
2023-01-30,801120,37.04,7.12,1.68
2023-01-30,801710,15.06,1.72,3.01
2023-01-30,801880,34.26,2.32,1.1
2023-01-30,801790,16.31,1.25,2.69
2023-01-30,801890,32.17,2.47,1.14
2023-01-30,801770,26.33,1.95,1.16
2023-01-30,801760,33.39,2.02,1.63
2023-01-30,801750,55.46,3.54,0.56
2023-01-30,801730,30.26,4.09,0.51
2023-01-30,801780,5.16,0.52,4.65
2023-01-31,801180,13.53,0.91,2.64
2023-01-31,801160,25.06,1.64,1.6
2023-01-31,801150,24.73,3.33,0.95
2023-01-31,801120,36.13,6.95,1.72
2023-01-31,801080,31.38,2.84,0.93
2023-01-31,801050,16.22,2.86,0.84
2023-01-31,801040,17.57,1.06,4.33
2023-01-31,801030,15.23,2.43,1.57
2023-01-31,801010,101.47,3.2,0.45
2023-01-31,801110,14.46,2.59,3.3
2023-01-31,801170,11.88,1.46,3.04
2023-01-31,801710,15.17,1.73,2.99
2023-01-31,801890,32.44,2.49,1.13
2023-01-31,801880,34.49,2.33,1.09
2023-01-31,801790,16.16,1.24,2.72
2023-01-31,801780,5.11,0.52,4.7
2023-01-31,801760,33.46,2.03,1.63
2023-01-31,801750,54.53,3.48,0.57
2023-01-31,801730,30.36,4.1,0.5
2023-01-31,801770,26.34,1.95,1.16
2023-02-01,801180,13.48,0.9,2.65
2023-02-01,801170,11.93,1.46,3.03
2023-02-01,801160,25.26,1.65,1.59
2023-02-01,801150,24.99,3.36,0.94
2023-02-01,801080,31.93,2.89,0.91
2023-02-01,801110,14.57,2.61,3.27
2023-02-01,801050,16.7,2.94,0.82
2023-02-01,801040,17.87,1.08,4.26
2023-02-01,801030,15.45,2.47,1.54
2023-02-01,801120,36.28,6.98,1.72
2023-02-01,801010,103.02,3.25,0.44
2023-02-01,801710,15.18,1.73,2.99
2023-02-01,801890,32.77,2.51,1.12
2023-02-01,801880,35.5,2.4,1.06
2023-02-01,801790,16.53,1.27,2.65
2023-02-01,801770,26.78,1.99,1.14
2023-02-01,801760,34.03,2.06,1.6
2023-02-01,801750,55.99,3.58,0.56
2023-02-01,801730,30.66,4.14,0.5
2023-02-01,801780,5.08,0.52,4.71
2023-02-02,801180,13.51,0.91,2.64
2023-02-02,801170,11.93,1.46,3.02
2023-02-02,801160,25.27,1.65,1.59
2023-02-02,801150,25.19,3.39,0.93
2023-02-02,801080,32.07,2.91,0.91
2023-02-02,801120,36.54,7.03,1.71
2023-02-02,801110,14.43,2.58,3.3
2023-02-02,801050,16.57,2.92,0.82
2023-02-02,801040,17.77,1.07,4.28
2023-02-02,801030,15.57,2.48,1.53
2023-02-02,801010,103.58,3.26,0.44
2023-02-02,801710,15.27,1.74,2.97
2023-02-02,801890,32.77,2.51,1.12
2023-02-02,801880,35.45,2.4,1.06
2023-02-02,801780,5.05,0.51,4.74
2023-02-02,801770,26.73,1.98,1.14
2023-02-02,801760,34.28,2.08,1.59
2023-02-02,801750,55.97,3.58,0.56
2023-02-02,801730,30.36,4.1,0.5
2023-02-02,801790,16.22,1.25,2.7
2023-02-03,801180,13.32,0.89,2.68
2023-02-03,801170,11.85,1.45,3.04
2023-02-03,801160,25.13,1.64,1.6
2023-02-03,801150,24.99,3.36,0.93
2023-02-03,801110,14.31,2.56,3.33
2023-02-03,801080,32.2,2.92,0.9
2023-02-03,801050,16.36,2.89,0.83
2023-02-03,801040,17.59,1.06,4.33
2023-02-03,801030,15.5,2.48,1.54
2023-02-03,801120,36.18,6.96,1.72
2023-02-03,801010,102.86,3.24,0.44
2023-02-03,801710,15.08,1.72,3.01
2023-02-03,801890,32.65,2.5,1.13
2023-02-03,801880,35.02,2.37,1.07
2023-02-03,801790,16.07,1.24,2.73
2023-02-03,801770,26.84,1.99,1.14
2023-02-03,801760,34.68,2.1,1.57
2023-02-03,801750,56.95,3.64,0.55
2023-02-03,801730,29.85,4.03,0.51
2023-02-03,801780,5.0,0.51,4.79
2023-02-06,801180,13.1,0.88,2.72
2023-02-06,801170,11.82,1.45,3.05
2023-02-06,801150,24.69,3.32,0.95
2023-02-06,801080,31.89,2.89,0.91
2023-02-06,801110,13.99,2.5,3.41
2023-02-06,801050,16.07,2.84,0.85
2023-02-06,801040,17.45,1.05,4.36
2023-02-06,801030,15.34,2.45,1.56
2023-02-06,801010,103.15,3.25,0.44
2023-02-06,801120,35.56,6.84,1.75
2023-02-06,801160,25.18,1.64,1.59
2023-02-06,801710,14.8,1.69,3.06
2023-02-06,801890,32.6,2.5,1.13
2023-02-06,801880,34.69,2.35,1.08
2023-02-06,801790,15.76,1.21,2.78
2023-02-06,801770,26.75,1.99,1.14
2023-02-06,801760,34.91,2.12,1.56
2023-02-06,801750,57.37,3.67,0.54
2023-02-06,801730,29.66,4.01,0.52
2023-02-06,801780,4.95,0.5,4.84
2023-02-07,801180,13.29,0.89,2.69
2023-02-07,801170,11.86,1.45,3.04
2023-02-07,801160,25.43,1.66,1.58
2023-02-07,801150,24.58,3.31,0.95
2023-02-07,801080,31.91,2.89,0.91
2023-02-07,801120,35.52,6.83,1.75
2023-02-07,801110,14.23,2.55,3.35
2023-02-07,801050,16.22,2.86,0.84
2023-02-07,801040,17.57,1.06,4.33
2023-02-07,801030,15.42,2.46,1.55
2023-02-07,801010,102.55,3.23,0.45
2023-02-07,801890,32.94,2.53,1.12
2023-02-07,801880,34.97,2.37,1.08
2023-02-07,801710,14.91,1.7,3.04
2023-02-07,801780,4.97,0.51,4.82
2023-02-07,801770,26.97,2.0,1.13
2023-02-07,801760,35.45,2.15,1.53
2023-02-07,801750,57.3,3.67,0.54
2023-02-07,801730,29.62,4.0,0.52
2023-02-07,801790,15.83,1.22,2.77
2023-02-08,801180,13.29,0.89,2.68
2023-02-08,801170,11.87,1.46,3.03
2023-02-08,801160,25.36,1.65,1.58
2023-02-08,801150,24.64,3.32,0.95
2023-02-08,801080,31.58,2.86,0.92
2023-02-08,801120,35.28,6.78,1.77
2023-02-08,801110,14.15,2.53,3.37
2023-02-08,801050,16.15,2.85,0.84
2023-02-08,801040,17.45,1.05,4.36
2023-02-08,801030,15.41,2.46,1.55
2023-02-08,801010,101.43,3.2,0.45
2023-02-08,801710,14.77,1.68,3.07
2023-02-08,801890,32.75,2.51,1.12
2023-02-08,801880,34.78,2.35,1.08
2023-02-08,801780,4.96,0.5,4.83
2023-02-08,801770,26.54,1.97,1.15
2023-02-08,801760,34.73,2.1,1.57
2023-02-08,801750,56.7,3.63,0.55
2023-02-08,801730,29.62,4.0,0.52
2023-02-08,801790,15.75,1.21,2.79
2023-02-09,801180,13.4,0.9,2.66
2023-02-09,801170,11.95,1.47,3.01
2023-02-09,801160,25.45,1.66,1.58
2023-02-09,801150,24.87,3.35,0.94
2023-02-09,801110,14.28,2.55,3.34
2023-02-09,801080,32.6,2.95,0.89
2023-02-09,801050,16.21,2.86,0.84
2023-02-09,801040,17.68,1.07,4.3
2023-02-09,801030,15.59,2.49,1.53
2023-02-09,801120,36.1,6.94,1.73
2023-02-09,801010,101.92,3.21,0.45
2023-02-09,801710,14.94,1.7,3.04
2023-02-09,801890,33.27,2.55,1.1
2023-02-09,801880,35.08,2.37,1.07
2023-02-09,801790,16.02,1.23,2.74
2023-02-09,801770,27.35,2.03,1.11
2023-02-09,801760,35.38,2.14,1.54
2023-02-09,801750,57.93,3.71,0.54
2023-02-09,801730,29.93,4.04,0.51
2023-02-09,801780,4.98,0.51,4.81
2023-02-10,801180,13.47,0.9,2.65
2023-02-10,801160,25.65,1.67,1.56
2023-02-10,801150,24.85,3.35,0.94
2023-02-10,801120,36.16,6.95,1.72
2023-02-10,801050,15.91,2.81,0.85
2023-02-10,801080,32.45,2.94,0.9
2023-02-10,801040,17.57,1.06,4.33
2023-02-10,801030,15.58,2.49,1.54
2023-02-10,801010,102.21,3.22,0.45
2023-02-10,801110,14.27,2.55,3.34
2023-02-10,801170,11.95,1.47,3.01
2023-02-10,801710,14.96,1.7,3.03
2023-02-10,801890,33.17,2.54,1.11
2023-02-10,801880,34.63,2.34,1.09
2023-02-10,801790,15.92,1.22,2.76
2023-02-10,801770,27.48,2.04,1.11
2023-02-10,801760,35.41,2.15,1.53
2023-02-10,801750,57.24,3.66,0.54
2023-02-10,801730,29.52,3.99,0.52
2023-02-10,801780,4.97,0.51,4.82
2023-02-13,801180,13.47,0.9,2.65
2023-02-13,801170,12.04,1.47,2.99
2023-02-13,801150,25.05,3.37,0.93
2023-02-13,801080,32.6,2.95,0.89
2023-02-13,801110,14.45,2.58,3.3
2023-02-13,801050,15.97,2.82,0.85
2023-02-13,801040,17.77,1.07,4.28
2023-02-13,801030,15.73,2.51,1.52
2023-02-13,801010,102.02,3.22,0.45
2023-02-13,801120,37.25,7.16,1.67
2023-02-13,801160,25.76,1.68,1.56
2023-02-13,801710,15.4,1.75,2.95
2023-02-13,801890,33.98,2.61,1.08
2023-02-13,801880,34.97,2.37,1.07
2023-02-13,801790,16.0,1.23,2.74
2023-02-13,801770,27.72,2.06,1.1
2023-02-13,801760,35.81,2.18,1.51
2023-02-13,801750,57.82,3.7,0.54
2023-02-13,801730,29.78,4.03,0.51
2023-02-13,801780,4.93,0.5,4.86
2023-02-14,801180,13.49,0.91,2.64
2023-02-14,801170,12.14,1.48,2.97
2023-02-14,801150,25.17,3.39,0.92
2023-02-14,801080,32.58,2.95,0.89
2023-02-14,801110,14.46,2.59,3.3
2023-02-14,801050,16.1,2.84,0.84
2023-02-14,801040,17.96,1.08,4.24
2023-02-14,801030,15.86,2.53,1.51
2023-02-14,801010,101.51,3.2,0.45
2023-02-14,801120,37.09,7.13,1.68
2023-02-14,801160,25.88,1.69,1.56
2023-02-14,801710,15.45,1.76,2.94
2023-02-14,801890,33.96,2.61,1.08
2023-02-14,801880,34.89,2.36,1.08
2023-02-14,801790,16.05,1.23,2.73
2023-02-14,801770,27.55,2.05,1.11
2023-02-14,801760,35.5,2.16,1.52
2023-02-14,801750,57.56,3.68,0.54
2023-02-14,801730,29.77,4.03,0.51
2023-02-14,801780,4.95,0.5,4.84
2023-02-15,801180,13.27,0.89,2.69
2023-02-15,801170,11.97,1.46,3.01
2023-02-15,801160,25.7,1.7,1.52
2023-02-15,801150,24.9,3.35,0.93
2023-02-15,801080,33.11,3.0,0.88
2023-02-15,801120,37.02,7.11,1.68
2023-02-15,801110,14.3,2.56,3.34
2023-02-15,801050,15.95,2.81,0.85
2023-02-15,801040,17.8,1.07,4.27
2023-02-15,801030,15.75,2.51,1.52
2023-02-15,801010,100.42,3.17,0.45
2023-02-15,801890,33.96,2.61,1.08
2023-02-15,801880,34.84,2.36,1.08
2023-02-15,801710,15.28,1.74,2.97
2023-02-15,801780,4.91,0.5,4.88
2023-02-15,801770,28.26,2.1,1.08
2023-02-15,801760,36.15,2.2,1.5
2023-02-15,801750,59.13,3.78,0.53
2023-02-15,801730,29.67,4.01,0.52
2023-02-15,801790,15.86,1.22,2.77
2023-02-16,801180,13.12,0.88,2.72
2023-02-16,801170,11.83,1.45,3.04
2023-02-16,801150,24.71,3.33,0.94
2023-02-16,801080,32.29,2.93,0.9
2023-02-16,801110,14.15,2.53,3.37
2023-02-16,801050,15.52,2.74,0.88
2023-02-16,801040,17.59,1.06,4.32
2023-02-16,801030,15.42,2.46,1.55
2023-02-16,801010,99.2,3.13,0.46
2023-02-16,801120,37.15,7.14,1.68
2023-02-16,801160,25.28,1.67,1.55
2023-02-16,801710,15.06,1.72,3.01
2023-02-16,801880,34.26,2.32,1.1
2023-02-16,801790,15.77,1.21,2.78
2023-02-16,801890,33.16,2.54,1.11
2023-02-16,801770,28.12,2.09,1.09
2023-02-16,801760,35.97,2.19,1.5
2023-02-16,801750,58.32,3.73,0.53
2023-02-16,801730,29.04,3.93,0.53
2023-02-16,801780,4.9,0.5,4.89
2023-02-17,801150,24.82,3.34,0.94
2023-02-17,801180,13.05,0.88,2.73
2023-02-17,801170,11.77,1.44,3.06
2023-02-17,801160,25.18,1.67,1.55
2023-02-17,801120,36.75,7.06,1.69
2023-02-17,801110,14.1,2.52,3.38
2023-02-17,801080,31.39,2.85,0.93
2023-02-17,801050,15.49,2.73,0.88
2023-02-17,801040,17.61,1.06,4.32
2023-02-17,801030,15.48,2.47,1.55
2023-02-17,801010,99.33,3.13,0.46
2023-02-17,801890,32.9,2.52,1.11
2023-02-17,801880,33.97,2.3,1.1
2023-02-17,801710,15.0,1.71,3.03
2023-02-17,801780,4.86,0.49,4.93
2023-02-17,801770,27.12,2.01,1.13
2023-02-17,801760,35.26,2.14,1.53
2023-02-17,801750,56.1,3.59,0.56
2023-02-17,801730,28.34,3.83,0.54
2023-02-17,801790,15.55,1.2,2.82
2023-02-20,801180,13.27,0.89,2.69
2023-02-20,801170,11.92,1.46,3.02
2023-02-20,801160,25.43,1.68,1.54
2023-02-20,801150,25.06,3.38,0.93
2023-02-20,801080,31.79,2.89,0.92
2023-02-20,801120,37.51,7.21,1.66
2023-02-20,801110,14.66,2.62,3.25
2023-02-20,801050,15.79,2.78,0.86
2023-02-20,801040,18.04,1.09,4.21
2023-02-20,801030,15.66,2.5,1.53
2023-02-20,801010,100.46,3.17,0.45
2023-02-20,801710,15.65,1.78,2.9
2023-02-20,801890,33.71,2.59,1.09
2023-02-20,801880,34.42,2.33,1.09
2023-02-20,801780,4.99,0.51,4.8
2023-02-20,801770,28.06,2.08,1.09
2023-02-20,801760,36.42,2.22,1.48
2023-02-20,801750,57.9,3.7,0.54
2023-02-20,801730,28.58,3.86,0.54
2023-02-20,801790,16.11,1.24,2.72
2023-02-21,801180,13.37,0.9,2.67
2023-02-21,801160,25.58,1.69,1.53
2023-02-21,801150,25.02,3.37,0.93
2023-02-21,801010,101.39,3.2,0.45
2023-02-21,801110,14.8,2.64,3.22
2023-02-21,801080,31.9,2.89,0.92
2023-02-21,801050,16.06,2.83,0.85
2023-02-21,801040,18.48,1.11,4.12
2023-02-21,801030,15.92,2.52,1.51
2023-02-21,801120,37.22,7.15,1.67
2023-02-21,801170,11.94,1.46,3.01
2023-02-21,801710,15.7,1.79,2.89
2023-02-21,801890,33.82,2.6,1.08
2023-02-21,801880,34.91,2.36,1.08
2023-02-21,801790,16.15,1.24,2.72
2023-02-21,801770,28.31,2.1,1.08
2023-02-21,801760,35.94,2.19,1.5
2023-02-21,801750,57.81,3.7,0.54
2023-02-21,801730,28.76,3.89,0.53
2023-02-21,801780,5.0,0.51,4.79
2023-02-22,801180,13.29,0.89,2.68
2023-02-22,801160,25.46,1.68,1.53
2023-02-22,801150,24.93,3.36,0.93
2023-02-22,801120,36.97,7.1,1.68
2023-02-22,801050,15.91,2.8,0.85
2023-02-22,801080,31.75,2.88,0.92
2023-02-22,801040,18.46,1.11,4.12
2023-02-22,801030,15.78,2.5,1.52
2023-02-22,801010,102.26,3.22,0.45
2023-02-22,801110,14.71,2.63,3.24
2023-02-22,801170,11.9,1.45,3.02
2023-02-22,801710,15.52,1.77,2.93
2023-02-22,801890,33.83,2.6,1.08
2023-02-22,801880,34.83,2.35,1.08
2023-02-22,801790,15.98,1.23,2.75
2023-02-22,801770,28.13,2.09,1.09
2023-02-22,801760,35.56,2.16,1.52
2023-02-22,801750,58.04,3.72,0.54
2023-02-22,801730,28.57,3.86,0.54
2023-02-22,801780,4.96,0.5,4.83
2023-02-23,801180,13.33,0.89,2.68
2023-02-23,801160,25.43,1.68,1.53
2023-02-23,801150,24.77,3.34,0.94
2023-02-23,801120,36.65,7.04,1.7
2023-02-23,801050,15.96,2.81,0.85
2023-02-23,801080,31.76,2.88,0.92
2023-02-23,801040,18.4,1.11,4.13
2023-02-23,801030,15.74,2.5,1.52
2023-02-23,801010,102.18,3.22,0.45
2023-02-23,801110,14.84,2.65,3.21
2023-02-23,801170,11.86,1.45,3.03
2023-02-23,801710,15.5,1.77,2.93
2023-02-23,801890,33.82,2.6,1.08
2023-02-23,801880,35.0,2.36,1.07
2023-02-23,801790,16.03,1.23,2.74
2023-02-23,801780,4.97,0.51,4.83
2023-02-23,801760,34.95,2.13,1.55
2023-02-23,801750,56.65,3.63,0.55
2023-02-23,801730,28.89,3.91,0.53
2023-02-23,801770,27.75,2.06,1.1
2023-02-24,801180,13.19,0.88,2.7
2023-02-24,801170,11.82,1.44,3.04
2023-02-24,801160,25.35,1.68,1.54
2023-02-24,801150,24.6,3.31,0.95
2023-02-24,801080,31.58,2.86,0.93
2023-02-24,801120,36.11,6.94,1.72
2023-02-24,801110,14.67,2.62,3.25
2023-02-24,801050,15.76,2.77,0.86
2023-02-24,801040,18.43,1.11,4.13
2023-02-24,801030,15.68,2.49,1.53
2023-02-24,801010,101.9,3.21,0.45
2023-02-24,801710,15.32,1.75,2.97
2023-02-24,801890,33.64,2.58,1.09
2023-02-24,801880,34.54,2.33,1.09
2023-02-24,801780,4.92,0.5,4.87
2023-02-24,801770,27.92,2.07,1.09
2023-02-24,801760,34.93,2.12,1.55
2023-02-24,801750,57.18,3.66,0.54
2023-02-24,801730,28.51,3.86,0.54
2023-02-24,801790,15.8,1.21,2.78
2023-02-27,801180,13.17,0.88,2.71
2023-02-27,801170,11.81,1.44,3.05
2023-02-27,801150,24.36,3.28,0.95
2023-02-27,801120,36.48,7.01,1.71
2023-02-27,801080,31.09,2.82,0.94
2023-02-27,801050,15.63,2.75,0.87
2023-02-27,801040,18.29,1.1,4.16
2023-02-27,801030,15.76,2.5,1.53
2023-02-27,801010,101.16,3.2,0.45
2023-02-27,801110,14.5,2.59,3.8
2023-02-27,801160,25.3,1.67,1.54
2023-02-27,801710,15.11,1.72,3.01
2023-02-27,801890,33.39,2.56,1.09
2023-02-27,801880,34.17,2.31,1.1
2023-02-27,801790,15.64,1.2,2.8
2023-02-27,801780,4.9,0.5,4.89
2023-02-27,801760,34.31,2.09,1.58
2023-02-27,801750,56.41,3.61,0.55
2023-02-27,801730,28.46,3.85,0.54
2023-02-27,801770,27.95,2.08,1.09
2023-02-28,801180,13.27,0.89,2.69
2023-02-28,801170,11.87,1.45,3.03
2023-02-28,801150,24.77,3.34,0.94
2023-02-28,801080,31.44,2.84,0.93
2023-02-28,801110,14.51,2.59,3.8
2023-02-28,801050,15.65,2.75,0.87
2023-02-28,801040,18.36,1.11,4.14
2023-02-28,801030,15.82,2.51,1.52
2023-02-28,801010,101.57,3.21,0.45
2023-02-28,801120,36.52,7.02,1.71
2023-02-28,801160,25.52,1.69,1.53
2023-02-28,801710,15.19,1.73,2.99
2023-02-28,801890,33.61,2.58,1.09
2023-02-28,801880,34.31,2.32,1.09
2023-02-28,801790,15.79,1.21,2.77
2023-02-28,801770,28.58,2.12,1.07
2023-02-28,801760,34.76,2.11,1.56
2023-02-28,801750,57.84,3.69,0.54
2023-02-28,801730,28.58,3.87,0.53
2023-02-28,801780,4.92,0.5,4.87
2023-03-01,801180,13.37,0.9,2.67
2023-03-01,801170,11.99,1.47,3.0
2023-03-01,801160,25.66,1.7,1.52
2023-03-01,801150,24.79,3.34,0.94
2023-03-01,801080,31.84,2.88,0.92
2023-03-01,801120,36.91,7.09,1.69
2023-03-01,801110,14.77,2.64,3.74
2023-03-01,801050,15.86,2.79,0.86
2023-03-01,801040,18.44,1.11,4.12
2023-03-01,801030,15.86,2.51,1.52
2023-03-01,801010,101.7,3.22,0.45
2023-03-01,801890,33.82,2.61,1.08
2023-03-01,801880,34.56,2.33,1.08
2023-03-01,801710,15.49,1.77,2.93
2023-03-01,801780,4.98,0.51,4.82
2023-03-01,801770,29.68,2.2,1.03
2023-03-01,801760,35.99,2.19,1.5
2023-03-01,801750,60.13,3.84,0.52
2023-03-01,801730,28.54,3.86,0.53
2023-03-01,801790,16.09,1.24,2.72
2023-03-02,801180,13.22,0.89,2.7
2023-03-02,801170,12.05,1.47,2.98
2023-03-02,801160,25.65,1.7,1.52
2023-03-02,801150,24.52,3.31,0.95
2023-03-02,801080,31.63,2.86,0.93
2023-03-02,801110,14.71,2.63,3.75
2023-03-02,801050,15.66,2.76,0.87
2023-03-02,801040,18.52,1.12,4.11
2023-03-02,801030,15.86,2.51,1.52
2023-03-02,801120,36.79,7.07,1.69
2023-03-02,801010,101.02,3.2,0.45
2023-03-02,801710,15.62,1.78,2.91
2023-03-02,801880,34.14,2.31,1.1
2023-03-02,801790,16.07,1.24,2.72
2023-03-02,801890,33.85,2.61,1.07
2023-03-02,801770,29.98,2.23,1.02
2023-03-02,801760,36.67,2.23,1.48
2023-03-02,801750,60.46,3.86,0.52
2023-03-02,801730,28.06,3.8,0.54
2023-03-02,801780,4.99,0.51,4.8
2023-03-03,801180,13.29,0.89,2.68
2023-03-03,801170,12.13,1.48,2.97
2023-03-03,801160,25.88,1.71,1.5
2023-03-03,801150,24.52,3.31,0.95
2023-03-03,801110,14.76,2.64,3.74
2023-03-03,801080,31.92,2.88,0.92
2023-03-03,801050,15.62,2.75,0.87
2023-03-03,801040,18.62,1.12,4.08
2023-03-03,801030,15.8,2.5,1.53
2023-03-03,801010,101.04,3.2,0.45
2023-03-03,801120,36.58,7.03,1.7
2023-03-03,801890,33.8,2.61,1.08
2023-03-03,801710,15.61,1.78,2.91
2023-03-03,801880,34.1,2.3,1.1
2023-03-03,801790,16.17,1.24,2.71
2023-03-03,801770,29.79,2.21,1.03
2023-03-03,801760,36.51,2.22,1.48
2023-03-03,801750,59.8,3.81,0.52
2023-03-03,801730,28.09,3.79,0.54
2023-03-03,801780,5.03,0.51,4.76
2023-03-06,801180,13.08,0.88,2.73
2023-03-06,801170,12.09,1.48,2.97
2023-03-06,801160,25.98,1.72,1.5
2023-03-06,801150,24.63,3.32,0.95
2023-03-06,801050,15.63,2.75,0.87
2023-03-06,801110,14.6,2.61,3.78
2023-03-06,801080,31.89,2.88,0.92
2023-03-06,801040,18.43,1.11,4.12
2023-03-06,801030,15.74,2.49,1.53
2023-03-06,801010,101.58,3.22,0.45
2023-03-06,801120,36.48,7.01,1.71
2023-03-06,801710,15.38,1.75,2.95
2023-03-06,801890,33.71,2.6,1.08
2023-03-06,801880,34.06,2.3,1.1
2023-03-06,801790,15.86,1.22,2.76
2023-03-06,801770,30.0,2.23,1.02
2023-03-06,801760,36.24,2.2,1.49
2023-03-06,801750,59.58,3.8,0.52
2023-03-06,801730,28.6,3.86,0.53
2023-03-06,801780,4.95,0.5,4.84
2023-03-07,801170,11.94,1.46,3.01
2023-03-07,801160,25.76,1.71,1.51
2023-03-07,801150,24.22,3.27,0.96
2023-03-07,801120,35.83,6.88,1.74
2023-03-07,801050,15.39,2.71,0.88
2023-03-07,801080,30.97,2.8,0.94
2023-03-07,801040,18.24,1.1,4.16
2023-03-07,801030,15.47,2.44,1.56
2023-03-07,801010,99.32,3.14,0.46
2023-03-07,801180,12.83,0.86,2.78
2023-03-07,801110,14.32,2.56,3.85
2023-03-07,801890,33.0,2.54,1.1
2023-03-07,801880,33.47,2.26,1.12
2023-03-07,801790,15.58,1.2,2.81
2023-03-07,801780,4.95,0.5,4.84
2023-03-07,801760,35.51,2.16,1.52
2023-03-07,801750,58.01,3.7,0.54
2023-03-07,801730,28.18,3.81,0.54
2023-03-07,801710,15.14,1.73,3.0
2023-03-07,801770,28.88,2.14,1.06
2023-03-08,801180,12.88,0.86,2.77
2023-03-08,801170,12.0,1.47,3.0
2023-03-08,801160,25.65,1.7,1.52
2023-03-08,801150,24.14,3.25,0.97
2023-03-08,801050,15.26,2.69,0.88
2023-03-08,801110,14.27,2.55,3.86
2023-03-08,801080,31.34,2.83,0.93
2023-03-08,801040,18.33,1.11,4.14
2023-03-08,801030,15.48,2.44,1.56
2023-03-08,801010,99.04,3.13,0.46
2023-03-08,801120,35.56,6.83,1.75
2023-03-08,801710,15.01,1.71,3.02
2023-03-08,801880,33.37,2.25,1.12
2023-03-08,801790,15.52,1.19,2.82
2023-03-08,801890,33.18,2.55,1.1
2023-03-08,801770,29.59,2.2,1.03
2023-03-08,801760,36.0,2.19,1.5
2023-03-08,801750,58.99,3.76,0.53
2023-03-08,801730,28.01,3.78,0.55
2023-03-08,801780,4.92,0.5,4.87
2023-03-09,801180,12.87,0.86,2.77
2023-03-09,801170,12.02,1.47,2.99
2023-03-09,801160,25.5,1.69,1.53
2023-03-09,801150,24.19,3.26,0.96
2023-03-09,801110,14.27,2.55,3.86
2023-03-09,801080,31.53,2.85,0.93
2023-03-09,801050,15.23,2.69,0.89
2023-03-09,801040,18.29,1.1,4.15
2023-03-09,801030,15.45,2.44,1.56
2023-03-09,801010,98.19,3.11,0.46
2023-03-09,801120,35.34,6.79,1.76
2023-03-09,801710,14.85,1.69,3.06
2023-03-09,801890,33.17,2.55,1.1
2023-03-09,801880,33.32,2.24,1.13
2023-03-09,801790,15.4,1.18,2.84
2023-03-09,801770,30.04,2.23,1.02
2023-03-09,801760,35.97,2.19,1.5
2023-03-09,801750,59.15,3.77,0.53
2023-03-09,801730,27.88,3.77,0.55
2023-03-09,801780,4.88,0.5,4.9
2023-03-10,801170,11.83,1.45,3.04
2023-03-10,801160,25.24,1.67,1.54
2023-03-10,801150,24.12,3.25,0.97
2023-03-10,801120,34.9,6.7,1.78
2023-03-10,801050,14.99,2.64,0.9
2023-03-10,801080,31.18,2.82,0.94
2023-03-10,801040,17.89,1.08,4.23
2023-03-10,801030,15.19,2.4,1.59
2023-03-10,801010,97.23,3.08,0.47
2023-03-10,801180,12.64,0.85,2.82
2023-03-10,801110,13.92,2.49,3.96
2023-03-10,801890,32.68,2.51,1.11
2023-03-10,801790,15.19,1.17,2.88
2023-03-10,801780,4.81,0.49,4.97
2023-03-10,801880,32.14,2.16,1.17
2023-03-10,801760,35.46,2.16,1.53
2023-03-10,801750,58.79,3.75,0.53
2023-03-10,801730,27.06,3.7,0.55
2023-03-10,801710,14.47,1.65,3.14
2023-03-10,801770,29.41,2.18,1.04
2023-03-13,801180,12.56,0.84,2.84
2023-03-13,801170,12.07,1.48,2.98
2023-03-13,801160,25.34,1.68,1.54
2023-03-13,801150,24.14,3.26,0.97
2023-03-13,801110,14.17,2.53,3.89
2023-03-13,801080,31.26,2.82,0.93
2023-03-13,801050,15.11,2.67,0.89
2023-03-13,801040,17.98,1.09,4.2
2023-03-13,801030,15.16,2.39,1.59
2023-03-13,801010,98.13,3.11,0.46
2023-03-13,801120,35.43,6.8,1.76
2023-03-13,801710,14.6,1.66,3.11
2023-03-13,801880,31.82,2.14,1.18
2023-03-13,801790,15.32,1.18,2.86
2023-03-13,801890,32.8,2.52,1.11
2023-03-13,801770,30.25,2.25,1.01
2023-03-13,801760,36.17,2.2,1.49
2023-03-13,801750,61.05,3.9,0.51
2023-03-13,801730,26.81,3.67,0.56
2023-03-13,801780,4.82,0.49,4.96
2023-03-14,801180,12.46,0.84,2.86
2023-03-14,801160,25.33,1.68,1.54
2023-03-14,801150,23.96,3.23,0.97
2023-03-14,801010,100.14,3.17,0.45
2023-03-14,801110,13.96,2.5,3.95
2023-03-14,801080,31.4,2.84,0.93
2023-03-14,801050,15.06,2.66,0.9
2023-03-14,801040,17.82,1.08,4.24
2023-03-14,801030,14.95,2.36,1.61
2023-03-14,801120,35.18,6.76,1.77
2023-03-14,801170,11.92,1.46,3.02
2023-03-14,801710,14.33,1.63,3.17
2023-03-14,801890,32.28,2.48,1.13
2023-03-14,801880,31.58,2.13,1.19
2023-03-14,801790,15.08,1.16,2.9
2023-03-14,801770,30.02,2.24,1.01
2023-03-14,801760,35.83,2.18,1.51
2023-03-14,801750,60.45,3.86,0.52
2023-03-14,801730,26.26,3.6,0.57
2023-03-14,801780,4.79,0.49,5.0
2023-03-15,801180,12.57,0.85,2.82
2023-03-15,801160,25.58,1.7,1.52
2023-03-15,801150,24.12,3.26,0.97
2023-03-15,801120,34.81,6.68,1.79
2023-03-15,801050,15.04,2.65,0.9
2023-03-15,801080,31.69,2.85,0.92
2023-03-15,801040,18.15,1.1,4.16
2023-03-15,801030,15.05,2.37,1.6
2023-03-15,801010,100.42,3.18,0.45
2023-03-15,801110,14.01,2.51,3.93
2023-03-15,801170,12.05,1.48,2.99
2023-03-15,801710,14.62,1.67,3.11
2023-03-15,801890,32.51,2.5,1.12
2023-03-15,801880,31.68,2.14,1.19
2023-03-15,801790,15.3,1.17,2.88
2023-03-15,801770,29.85,2.23,1.02
2023-03-15,801760,35.78,2.17,1.51
2023-03-15,801750,59.7,3.81,0.52
2023-03-15,801730,26.34,3.62,0.56
2023-03-15,801780,4.83,0.49,4.95
2023-03-16,801180,12.45,0.84,2.85
2023-03-16,801170,11.84,1.45,3.04
2023-03-16,801150,24.01,3.24,0.97
2023-03-16,801120,34.76,6.68,1.79
2023-03-16,801050,14.56,2.57,0.93
2023-03-16,801080,31.29,2.81,0.94
2023-03-16,801040,17.69,1.07,4.27
2023-03-16,801030,14.73,2.33,1.63
2023-03-16,801010,98.09,3.1,0.46
2023-03-16,801110,13.86,2.48,3.98
2023-03-16,801160,25.36,1.69,1.53
2023-03-16,801710,14.27,1.63,3.18
2023-03-16,801890,31.93,2.46,1.14
2023-03-16,801880,31.21,2.1,1.21
2023-03-16,801790,15.89,1.15,2.91
2023-03-16,801780,4.84,0.49,4.94
2023-03-16,801760,35.79,2.18,1.51
2023-03-16,801750,59.0,3.76,0.53
2023-03-16,801730,25.52,3.5,0.58
2023-03-16,801770,29.39,2.19,1.04
2023-03-17,801180,12.55,0.85,2.83
2023-03-17,801170,11.89,1.46,3.03
2023-03-17,801160,25.4,1.69,1.53
2023-03-17,801150,23.63,3.19,0.99
2023-03-17,801080,31.69,2.85,0.93
2023-03-17,801120,34.37,6.6,1.81
2023-03-17,801110,13.89,2.48,3.97
2023-03-17,801050,14.67,2.59,0.91
2023-03-17,801040,17.94,1.08,4.23
2023-03-17,801030,14.77,2.34,1.62
2023-03-17,801010,97.95,3.09,0.46
2023-03-17,801710,14.38,1.64,3.16
2023-03-17,801890,32.02,2.46,1.14
2023-03-17,801880,31.13,2.11,1.2
2023-03-17,801780,4.83,0.49,4.95
2023-03-17,801770,30.55,2.28,1.0
2023-03-17,801760,37.54,2.28,1.44
2023-03-17,801750,61.52,3.92,0.51
2023-03-17,801730,25.29,3.48,0.59
2023-03-17,801790,16.19,1.17,2.86
2023-03-20,801180,12.5,0.84,2.84
2023-03-20,801170,11.74,1.44,3.06
2023-03-20,801160,25.1,1.67,1.54
2023-03-20,801150,23.27,3.14,1.0
2023-03-20,801110,13.85,2.48,3.98
2023-03-20,801080,32.21,2.88,0.92
2023-03-20,801050,14.91,2.62,0.89
2023-03-20,801040,18.03,1.06,4.3
2023-03-20,801030,14.72,2.33,1.63
2023-03-20,801010,96.45,3.04,0.47
2023-03-20,801120,34.01,6.52,1.83
2023-03-20,801890,31.93,2.45,1.14
2023-03-20,801710,14.47,1.64,3.14
2023-03-20,801880,31.15,2.11,1.2
2023-03-20,801790,16.06,1.16,2.89
2023-03-20,801770,29.88,2.23,1.02
2023-03-20,801760,38.39,2.33,1.41
2023-03-20,801750,59.66,3.87,0.51
2023-03-20,801730,25.56,3.51,0.58
2023-03-20,801780,4.82,0.49,4.97
2023-03-21,801170,11.88,1.45,3.03
2023-03-21,801160,25.11,1.67,1.54
2023-03-21,801150,23.83,3.21,0.98
2023-03-21,801120,35.2,6.7,1.79
2023-03-21,801050,14.97,2.65,0.88
2023-03-21,801080,32.36,2.89,0.92
2023-03-21,801040,17.79,1.05,4.32
2023-03-21,801030,15.17,2.35,1.61
2023-03-21,801010,97.56,3.06,0.47
2023-03-21,801180,12.83,0.84,2.84
2023-03-21,801110,14.18,2.53,3.89
2023-03-21,801890,32.33,2.48,1.13
2023-03-21,801790,16.17,1.17,2.87
2023-03-21,801780,4.81,0.49,4.98
2023-03-21,801880,31.79,2.15,1.18
2023-03-21,801760,39.32,2.39,1.37
2023-03-21,801750,60.35,3.91,0.5
2023-03-21,801730,25.99,3.57,0.57
2023-03-21,801710,14.78,1.65,3.12
2023-03-21,801770,30.18,2.25,1.01
2023-03-22,801180,12.96,0.85,2.81
2023-03-22,801170,11.89,1.45,3.03
2023-03-22,801160,25.48,1.68,1.57
2023-03-22,801150,23.89,3.22,0.97
2023-03-22,801110,14.1,2.52,3.91
2023-03-22,801080,32.81,2.93,0.9
2023-03-22,801050,14.87,2.65,0.89
2023-03-22,801040,17.69,1.05,4.33
2023-03-22,801030,15.12,2.34,1.61
2023-03-22,801010,96.79,3.06,0.47
2023-03-22,801120,35.08,6.69,1.79
2023-03-22,801710,14.96,1.65,3.12
2023-03-22,801880,31.87,2.16,1.17
2023-03-22,801790,16.14,1.16,2.87
2023-03-22,801890,32.48,2.49,1.12
2023-03-22,801770,31.24,2.33,0.98
2023-03-22,801760,40.36,2.45,1.34
2023-03-22,801750,61.57,4.01,0.49
2023-03-22,801730,26.06,3.58,0.57
2023-03-22,801780,4.85,0.49,4.93
2023-03-23,801180,12.91,0.84,2.83
2023-03-23,801170,11.87,1.45,3.03
2023-03-23,801160,25.45,1.68,1.57
2023-03-23,801150,23.92,3.21,0.98
2023-03-23,801110,14.06,2.51,3.92
2023-03-23,801080,33.72,3.01,0.88
2023-03-23,801050,15.0,2.68,0.88
2023-03-23,801040,17.59,1.04,4.36
2023-03-23,801030,15.13,2.34,1.61
2023-03-23,801120,35.34,6.73,1.78
2023-03-23,801010,96.8,3.06,0.47
2023-03-23,801710,14.99,1.65,3.11
2023-03-23,801880,31.73,2.15,1.18
2023-03-23,801790,16.36,1.18,2.84
2023-03-23,801890,32.51,2.49,1.12
2023-03-23,801770,31.81,2.38,0.96
2023-03-23,801760,40.31,2.45,1.34
2023-03-23,801750,63.21,4.12,0.48
2023-03-23,801730,25.8,3.56,0.57
2023-03-23,801780,4.89,0.5,4.9
2023-03-24,801180,12.95,0.85,2.82
2023-03-24,801170,11.76,1.43,3.06
2023-03-24,801160,25.24,1.67,1.56
2023-03-24,801150,23.67,3.18,0.99
2023-03-24,801010,96.7,3.07,0.47
2023-03-24,801110,14.15,2.53,3.9
2023-03-24,801080,33.91,3.03,0.87
2023-03-24,801050,14.94,2.67,0.88
2023-03-24,801040,17.81,1.04,4.38
2023-03-24,801030,15.09,2.33,1.61
2023-03-24,801120,35.37,6.74,1.78
2023-03-24,801890,32.54,2.49,1.12
2023-03-24,801710,14.9,1.64,3.13
2023-03-24,801880,31.69,2.15,1.18
2023-03-24,801790,16.31,1.18,2.84
2023-03-24,801770,31.6,2.35,0.96
2023-03-24,801760,41.72,2.54,1.3
2023-03-24,801750,64.37,4.19,0.47
2023-03-24,801730,25.94,3.58,0.57
2023-03-24,801780,4.83,0.49,4.95
2023-03-27,801170,11.75,1.43,3.07
2023-03-27,801160,24.59,1.65,1.58
2023-03-27,801150,23.84,3.21,0.97
2023-03-27,801120,35.1,6.69,1.79
2023-03-27,801050,14.93,2.64,0.88
2023-03-27,801080,33.57,3.0,0.88
2023-03-27,801040,17.51,1.02,4.44
2023-03-27,801030,15.04,2.32,1.62
2023-03-27,801010,97.75,3.09,0.46
2023-03-27,801180,12.71,0.83,2.86
2023-03-27,801110,14.17,2.53,3.88
2023-03-27,801890,32.63,2.5,1.12
2023-03-27,801790,16.37,1.17,2.84
2023-03-27,801780,4.76,0.49,5.0
2023-03-27,801880,31.69,2.15,1.18
2023-03-27,801760,42.11,2.56,1.28
2023-03-27,801750,64.86,4.25,0.46
2023-03-27,801730,26.2,3.62,0.56
2023-03-27,801710,14.66,1.61,3.18
2023-03-27,801770,31.64,2.36,0.96
2023-03-28,801180,12.59,0.82,2.9
2023-03-28,801170,11.67,1.42,3.08
2023-03-28,801160,24.5,1.65,1.58
2023-03-28,801150,23.96,3.22,0.97
2023-03-28,801110,14.22,2.52,3.91
2023-03-28,801080,32.83,2.92,0.91
2023-03-28,801050,14.51,2.59,0.9
2023-03-28,801040,17.6,1.02,4.46
2023-03-28,801030,15.05,2.31,1.62
2023-03-28,801010,98.45,3.12,0.46
2023-03-28,801120,35.57,6.78,1.77
2023-03-28,801710,16.21,1.6,3.19
2023-03-28,801880,31.76,2.16,1.17
2023-03-28,801790,16.25,1.17,2.86
2023-03-28,801890,32.31,2.48,1.13
2023-03-28,801770,31.26,2.33,0.97
2023-03-28,801760,41.36,2.51,1.31
2023-03-28,801750,63.69,4.17,0.47
2023-03-28,801730,25.86,3.57,0.57
2023-03-28,801780,4.77,0.49,4.98
2023-03-29,801180,12.57,0.82,2.9
2023-03-29,801170,11.73,1.42,3.07
2023-03-29,801160,24.52,1.65,1.58
2023-03-29,801150,23.84,3.19,0.98
2023-03-29,801110,14.26,2.53,3.9
2023-03-29,801080,33.38,2.96,0.9
2023-03-29,801050,14.36,2.57,0.9
2023-03-29,801040,17.68,1.01,4.49
2023-03-29,801030,15.13,2.29,1.63
2023-03-29,801010,96.24,3.07,0.47
2023-03-29,801120,35.74,6.81,1.76
2023-03-29,801710,16.54,1.58,3.22
2023-03-29,801890,31.84,2.48,1.13
2023-03-29,801880,30.41,2.16,1.17
2023-03-29,801790,16.15,1.16,2.88
2023-03-29,801770,31.33,2.33,0.97
2023-03-29,801760,41.2,2.5,1.31
2023-03-29,801750,63.56,4.16,0.47
2023-03-29,801730,25.88,3.58,0.57
2023-03-29,801780,4.75,0.49,5.0
2023-03-30,801180,12.6,0.82,2.9
2023-03-30,801170,11.86,1.44,3.04
2023-03-30,801160,24.6,1.66,1.57
2023-03-30,801150,23.85,3.19,0.97
2023-03-30,801050,14.23,2.57,0.93
2023-03-30,801110,14.73,2.62,3.77
2023-03-30,801080,33.66,2.97,0.89
2023-03-30,801040,17.99,1.02,4.48
2023-03-30,801030,15.32,2.3,1.62
2023-03-30,801010,97.58,3.09,0.46
2023-03-30,801120,36.12,6.88,1.74
2023-03-30,801710,16.97,1.62,3.17
2023-03-30,801890,31.74,2.47,1.12
2023-03-30,801880,30.63,2.17,1.16
2023-03-30,801790,16.25,1.16,2.87
2023-03-30,801770,30.36,2.26,1.0
2023-03-30,801760,40.38,2.47,1.33
2023-03-30,801750,62.16,4.08,0.51
2023-03-30,801730,26.09,3.6,0.56
2023-03-30,801780,4.78,0.49,4.96
2023-03-31,801180,13.97,0.83,2.9
2023-03-31,801170,12.38,1.46,3.04
2023-03-31,801160,24.38,1.65,1.56
2023-03-31,801150,23.95,3.2,0.97
2023-03-31,801050,13.81,2.57,0.92
2023-03-31,801110,14.5,2.58,3.82
2023-03-31,801080,34.24,2.95,0.89
2023-03-31,801040,17.88,1.03,4.45
2023-03-31,801030,15.55,2.31,1.61
2023-03-31,801010,98.03,3.14,0.45
2023-03-31,801120,35.58,6.95,1.73
2023-03-31,801710,16.94,1.61,3.18
2023-03-31,801890,31.6,2.48,1.12
2023-03-31,801880,30.79,2.18,1.15
2023-03-31,801790,16.45,1.16,2.85
2023-03-31,801770,31.12,2.31,0.98
2023-03-31,801760,42.54,2.6,1.26
2023-03-31,801750,65.15,4.23,0.47
2023-03-31,801730,26.21,3.61,0.56
2023-03-31,801780,4.75,0.48,4.98
2023-04-03,801180,15.25,0.85,2.84
2023-04-03,801170,12.4,1.46,3.03
2023-04-03,801160,24.31,1.65,1.57
2023-04-03,801150,23.69,3.17,0.98
2023-04-03,801050,13.95,2.58,0.92
2023-04-03,801110,14.59,2.59,3.8
2023-04-03,801080,35.22,3.03,0.86
2023-04-03,801040,17.88,1.03,4.45
2023-04-03,801030,15.57,2.31,1.6
2023-04-03,801010,99.01,3.17,0.45
2023-04-03,801120,35.36,6.91,1.75
2023-04-03,801710,17.23,1.64,3.14
2023-04-03,801890,31.42,2.5,1.1
2023-04-03,801880,30.59,2.17,1.16
2023-04-03,801790,16.99,1.19,2.76
2023-04-03,801770,31.88,2.39,0.95
2023-04-03,801760,44.42,2.72,1.21
2023-04-03,801750,67.43,4.41,0.45
2023-04-03,801730,26.21,3.61,0.56
2023-04-03,801780,4.76,0.48,4.97
2023-04-04,801180,15.12,0.84,2.86
2023-04-04,801170,12.49,1.47,3.02
2023-04-04,801160,24.31,1.65,1.57
2023-04-04,801150,23.87,3.2,0.97
2023-04-04,801080,36.95,3.04,0.86
2023-04-04,801110,14.46,2.57,3.83
2023-04-04,801050,13.87,2.56,0.92
2023-04-04,801040,17.94,1.04,4.43
2023-04-04,801030,15.35,2.28,1.63
2023-04-04,801120,35.62,6.94,1.73
2023-04-04,801010,101.16,3.23,0.44
2023-04-04,801710,17.08,1.63,3.16
2023-04-04,801890,31.32,2.49,1.11
2023-04-04,801880,30.42,2.14,1.18
2023-04-04,801770,32.24,2.42,0.94
2023-04-04,801780,4.78,0.49,4.95
2023-04-04,801790,17.04,1.2,2.75
2023-04-04,801730,25.61,3.52,0.57
2023-04-04,801760,44.03,2.69,1.22
2023-04-04,801750,68.07,4.44,0.45
2023-04-06,801010,100.63,3.22,0.44
2023-04-06,801030,15.3,2.27,1.63
2023-04-06,801040,17.89,1.03,4.44
2023-04-06,801050,14.03,2.59,0.94
2023-04-06,801080,38.18,3.14,0.83
2023-04-06,801110,14.42,2.56,3.84
2023-04-06,801120,35.04,6.82,1.76
2023-04-06,801150,24.01,3.22,0.97
2023-04-06,801160,24.2,1.64,1.57
2023-04-06,801170,12.49,1.46,3.02
2023-04-06,801180,15.06,0.84,2.88
2023-04-06,801710,17.11,1.63,3.16
2023-04-06,801890,31.42,2.5,1.11
2023-04-06,801880,30.2,2.12,1.19
2023-04-06,801790,16.86,1.18,2.78
2023-04-06,801770,32.59,2.44,0.93
2023-04-06,801760,42.6,2.6,1.26
2023-04-06,801750,66.73,4.36,0.46
2023-04-06,801730,25.66,3.53,0.57
2023-04-06,801780,4.76,0.49,4.97
2023-04-07,801180,15.61,0.87,2.78
2023-04-07,801170,12.61,1.48,2.99
2023-04-07,801160,24.29,1.65,1.57
2023-04-07,801150,24.5,3.28,0.95
2023-04-07,801120,34.9,6.79,1.77
2023-04-07,801050,13.96,2.58,0.94
2023-04-07,801080,38.17,3.14,0.83
2023-04-07,801040,17.93,1.04,4.43
2023-04-07,801030,15.39,2.29,1.62
2023-04-07,801010,99.94,3.19,0.44
2023-04-07,801110,14.56,2.59,3.8
2023-04-07,801710,17.31,1.65,3.12
2023-04-07,801890,31.53,2.5,1.1
2023-04-07,801880,30.29,2.13,1.18
2023-04-07,801790,17.05,1.2,2.75
2023-04-07,801780,4.78,0.49,4.96
2023-04-07,801760,43.62,2.7,1.22
2023-04-07,801750,68.26,4.45,0.45
2023-04-07,801730,25.73,3.54,0.57
2023-04-07,801770,33.34,2.5,0.91
2023-04-10,801180,15.5,0.86,2.8
2023-04-10,801170,12.57,1.47,3.0
2023-04-10,801160,24.61,1.67,1.54
2023-04-10,801150,24.48,3.28,0.95
2023-04-10,801080,38.0,3.07,0.85
2023-04-10,801120,34.47,6.71,1.79
2023-04-10,801110,14.52,2.58,3.29
2023-04-10,801050,14.05,2.59,0.94
2023-04-10,801040,17.84,1.03,4.45
2023-04-10,801030,15.39,2.27,1.62
2023-04-10,801010,99.07,3.16,0.45
2023-04-10,801710,17.29,1.64,3.14
2023-04-10,801890,31.58,2.5,1.1
2023-04-10,801880,30.1,2.11,1.19
2023-04-10,801780,4.77,0.49,4.95
2023-04-10,801770,32.62,2.44,0.93
2023-04-10,801760,41.91,2.59,1.27
2023-04-10,801750,64.64,4.21,0.47
2023-04-10,801730,26.16,3.6,0.56
2023-04-10,801790,16.96,1.19,2.76
2023-04-11,801180,15.64,0.87,2.76
2023-04-11,801170,12.44,1.46,3.02
2023-04-11,801160,24.55,1.67,1.55
2023-04-11,801150,24.39,3.28,0.95
2023-04-11,801120,33.89,6.6,1.82
2023-04-11,801080,38.08,3.07,0.85
2023-04-11,801050,14.36,2.65,0.91
2023-04-11,801040,17.86,1.04,4.41
2023-04-11,801030,15.32,2.26,1.63
2023-04-11,801010,99.39,3.16,0.45
2023-04-11,801110,14.66,2.63,3.23
2023-04-11,801710,17.35,1.64,3.13
2023-04-11,801890,31.44,2.5,1.1
2023-04-11,801880,29.88,2.11,1.19
2023-04-11,801790,17.02,1.2,2.75
2023-04-11,801780,4.76,0.49,4.96
2023-04-11,801760,42.59,2.71,1.21
2023-04-11,801750,65.02,4.25,0.47
2023-04-11,801730,25.89,3.58,0.56
2023-04-11,801770,32.42,2.43,0.93
2023-04-12,801180,15.64,0.87,2.76
2023-04-12,801170,12.5,1.47,3.01
2023-04-12,801150,24.26,3.26,0.95
2023-04-12,801080,38.72,3.12,0.83
2023-04-12,801110,14.66,2.62,3.23
2023-04-12,801050,14.47,2.66,0.91
2023-04-12,801040,18.12,1.05,4.35
2023-04-12,801030,15.26,2.25,1.63
2023-04-12,801010,98.21,3.12,0.45
2023-04-12,801120,33.08,6.44,1.87
2023-04-12,801160,24.55,1.67,1.55
2023-04-12,801710,17.34,1.64,3.14
2023-04-12,801890,31.54,2.52,1.09
2023-04-12,801880,29.6,2.09,1.2
2023-04-12,801790,17.08,1.2,2.74
2023-04-12,801770,33.49,2.51,0.9
2023-04-12,801760,44.51,2.85,1.15
2023-04-12,801750,67.11,4.38,0.46
2023-04-12,801730,25.48,3.52,0.57
2023-04-12,801780,4.78,0.49,4.94
2023-04-13,801180,15.58,0.87,2.77
2023-04-13,801170,12.53,1.47,3.0
2023-04-13,801160,24.51,1.67,1.55
2023-04-13,801150,24.77,3.31,0.94
2023-04-13,801080,37.42,3.02,0.86
2023-04-13,801120,33.42,6.51,1.85
2023-04-13,801110,14.38,2.57,3.29
2023-04-13,801050,14.32,2.63,0.92
2023-04-13,801040,17.99,1.05,4.38
2023-04-13,801030,15.15,2.24,1.69
2023-04-13,801010,97.69,3.11,0.45
2023-04-13,801890,31.06,2.48,1.11
2023-04-13,801880,29.32,2.07,1.21
2023-04-13,801710,17.68,1.62,3.18
2023-04-13,801780,4.82,0.49,4.9
2023-04-13,801770,32.25,2.42,0.94
2023-04-13,801760,44.19,2.83,1.16
2023-04-13,801750,65.28,4.25,0.46
2023-04-13,801730,25.29,3.5,0.57
2023-04-13,801790,16.9,1.19,2.76
2023-04-14,801180,15.55,0.86,2.78
2023-04-14,801170,12.53,1.47,3.0
2023-04-14,801160,24.8,1.69,1.53
2023-04-14,801150,24.7,3.3,0.94
2023-04-14,801080,38.18,3.08,0.85
2023-04-14,801110,14.35,2.57,3.3
2023-04-14,801050,14.77,2.71,0.89
2023-04-14,801040,18.18,1.06,4.14
2023-04-14,801030,15.24,2.25,1.67
2023-04-14,801120,33.07,6.44,1.84
2023-04-14,801010,97.05,3.09,0.45
2023-04-14,801710,17.73,1.62,3.17
2023-04-14,801880,29.62,2.09,1.2
2023-04-14,801790,16.94,1.19,2.76
2023-04-14,801890,31.24,2.5,1.1
2023-04-14,801770,32.54,2.44,0.93
2023-04-14,801760,43.22,2.77,1.18
2023-04-14,801750,65.12,4.25,0.46
2023-04-14,801730,25.57,3.54,0.56
2023-04-14,801780,4.84,0.49,4.88
2023-04-17,801180,15.47,0.86,2.78
2023-04-17,801170,12.76,1.5,2.95
2023-04-17,801160,24.43,1.7,1.52
2023-04-17,801150,25.03,3.31,0.94
2023-04-17,801110,14.77,2.64,3.21
2023-04-17,801080,37.98,3.05,0.85
2023-04-17,801050,14.86,2.72,0.89
2023-04-17,801040,18.6,1.07,4.11
2023-04-17,801030,15.4,2.28,1.64
2023-04-17,801010,96.75,3.11,0.45
2023-04-17,801120,33.62,6.54,1.81
2023-04-17,801790,17.5,1.23,2.67
2023-04-17,801710,18.2,1.64,3.12
2023-04-17,801890,31.4,2.5,1.1
2023-04-17,801880,29.87,2.12,1.18
2023-04-17,801770,32.23,2.41,0.94
2023-04-17,801760,41.51,2.67,1.23
2023-04-17,801750,68.42,4.17,0.47
2023-04-17,801730,25.74,3.57,0.56
2023-04-17,801780,4.93,0.5,4.79
2023-04-18,801180,15.37,0.86,2.8
2023-04-18,801170,12.79,1.5,2.95
2023-04-18,801160,24.34,1.69,1.53
2023-04-18,801150,24.79,3.27,0.95
2023-04-18,801050,14.81,2.72,0.89
2023-04-18,801110,14.95,2.68,3.16
2023-04-18,801080,38.96,3.02,0.86
2023-04-18,801040,19.19,1.06,4.14
2023-04-18,801030,15.4,2.27,1.64
2023-04-18,801010,96.55,3.1,0.45
2023-04-18,801120,33.76,6.58,1.81
2023-04-18,801710,18.45,1.64,3.12
2023-04-18,801890,31.15,2.49,1.1
2023-04-18,801880,29.65,2.11,1.18
2023-04-18,801790,17.58,1.23,2.7
2023-04-18,801770,33.13,2.5,0.91
2023-04-18,801760,41.54,2.67,1.23
2023-04-18,801750,68.36,4.18,0.47
2023-04-18,801730,25.88,3.56,0.55
2023-04-18,801780,4.98,0.51,4.75
2023-04-19,801170,12.69,1.49,2.97
2023-04-19,801160,24.22,1.68,1.53
2023-04-19,801150,24.38,3.23,0.95
2023-04-19,801120,33.59,6.54,1.82
2023-04-19,801050,14.78,2.71,0.91
2023-04-19,801080,38.7,3.0,0.87
2023-04-19,801040,19.15,1.06,4.15
2023-04-19,801030,15.3,2.25,1.66
2023-04-19,801010,96.59,3.1,0.45
2023-04-19,801180,15.05,0.84,2.86
2023-04-19,801110,14.81,2.65,3.19
2023-04-19,801890,30.99,2.47,1.11
2023-04-19,801880,29.37,2.09,1.2
2023-04-19,801790,17.37,1.22,2.73
2023-04-19,801780,4.97,0.51,4.75
2023-04-19,801760,41.66,2.7,1.22
2023-04-19,801750,68.81,4.19,0.47
2023-04-19,801730,25.65,3.52,0.56
2023-04-19,801710,18.06,1.61,3.19
2023-04-19,801770,33.01,2.48,0.91
2023-04-20,801180,14.95,0.84,2.87
2023-04-20,801170,12.65,1.48,2.99
2023-04-20,801160,24.02,1.68,1.54
2023-04-20,801150,24.06,3.19,0.97
2023-04-20,801050,14.5,2.66,0.93
2023-04-20,801110,15.06,2.7,3.13
2023-04-20,801080,39.31,3.05,0.86
2023-04-20,801040,18.99,1.04,4.38
2023-04-20,801030,15.06,2.22,1.7
2023-04-20,801010,97.15,3.07,0.45
2023-04-20,801120,33.21,6.46,1.84
2023-04-20,801710,18.01,1.59,3.23
2023-04-20,801880,28.95,2.06,1.22
2023-04-20,801790,17.45,1.22,2.72
2023-04-20,801890,30.89,2.46,1.11
2023-04-20,801770,33.86,2.55,0.89
2023-04-20,801760,43.66,2.84,1.16
2023-04-20,801750,70.38,4.27,0.46
2023-04-20,801730,25.11,3.45,0.57
2023-04-20,801780,4.96,0.51,4.77
2023-04-21,801180,14.68,0.82,2.92
2023-04-21,801170,12.37,1.52,3.03
2023-04-21,801160,23.67,1.65,1.56
2023-04-21,801150,23.86,3.15,0.98
2023-04-21,801110,14.8,2.65,3.19
2023-04-21,801080,37.28,2.89,0.9
2023-04-21,801050,14.2,2.59,1.03
2023-04-21,801040,18.95,1.02,4.55
2023-04-21,801030,14.86,2.15,1.75
2023-04-21,801010,94.81,3.04,0.46
2023-04-21,801120,32.96,6.41,1.86
2023-04-21,801710,17.62,1.56,3.29
2023-04-21,801890,30.33,2.41,1.13
2023-04-21,801880,28.37,2.01,1.24
2023-04-21,801790,16.79,1.18,2.79
2023-04-21,801770,32.62,2.43,0.92
2023-04-21,801760,41.55,2.7,1.22
2023-04-21,801750,67.49,4.03,0.49
2023-04-21,801730,24.91,3.37,0.57
2023-04-21,801780,4.9,0.5,4.83
2023-04-24,801170,12.24,1.5,3.06
2023-04-24,801160,23.69,1.65,1.56
2023-04-24,801150,23.85,3.14,0.98
2023-04-24,801120,32.44,6.3,1.88
2023-04-24,801050,13.96,2.53,1.05
2023-04-24,801080,36.25,2.82,0.91
2023-04-24,801040,18.95,1.01,4.64
2023-04-24,801030,14.68,2.13,1.75
2023-04-24,801010,91.14,2.99,0.47
2023-04-24,801180,14.47,0.81,2.94
2023-04-24,801110,14.71,2.63,3.2
2023-04-24,801890,29.87,2.38,1.15
2023-04-24,801790,16.63,1.16,2.82
2023-04-24,801780,4.85,0.5,4.87
2023-04-24,801880,28.55,2.03,1.23
2023-04-24,801760,43.65,2.8,1.17
2023-04-24,801750,68.07,4.02,0.49
2023-04-24,801730,24.43,3.31,0.58
2023-04-24,801710,17.34,1.53,3.35
2023-04-24,801770,33.12,2.46,0.9
2023-04-25,801180,14.27,0.8,2.97
2023-04-25,801170,12.29,1.49,3.07
2023-04-25,801160,23.62,1.65,1.59
2023-04-25,801150,23.64,3.05,1.0
2023-04-25,801110,14.69,2.62,3.21
2023-04-25,801080,35.22,2.74,0.93
2023-04-25,801050,13.52,2.44,1.08
2023-04-25,801040,18.59,0.98,4.73
2023-04-25,801030,14.29,2.08,1.82
2023-04-25,801010,84.84,2.98,0.47
2023-04-25,801120,32.81,6.37,1.85
2023-04-25,801710,17.0,1.5,3.42
2023-04-25,801880,27.63,1.97,1.26
2023-04-25,801790,16.64,1.16,2.81
2023-04-25,801890,29.32,2.32,1.17
2023-04-25,801770,32.09,2.39,0.94
2023-04-25,801760,45.25,2.87,1.15
2023-04-25,801750,67.85,3.97,0.49
2023-04-25,801730,22.94,3.14,0.61
2023-04-25,801780,4.93,0.5,4.79
2023-04-26,801180,14.22,0.8,2.98
2023-04-26,801160,23.91,1.66,1.55
2023-04-26,801150,23.68,3.05,0.99
2023-04-26,801010,54.66,2.98,0.46
2023-04-26,801110,14.51,2.6,3.22
2023-04-26,801080,34.9,2.71,0.96
2023-04-26,801050,13.67,2.46,1.07
2023-04-26,801040,18.74,0.99,4.69
2023-04-26,801030,14.5,2.09,1.8
2023-04-26,801120,32.89,6.19,1.85
2023-04-26,801710,17.21,1.51,3.4
2023-04-26,801890,29.56,2.32,1.16
2023-04-26,801880,28.22,2.01,1.25
2023-04-26,801170,12.34,1.49,3.06
2023-04-26,801780,4.89,0.5,4.83
2023-04-26,801770,30.21,2.29,0.96
2023-04-26,801760,44.99,2.85,1.15
2023-04-26,801750,66.29,3.81,0.51
2023-04-26,801790,16.63,1.15,2.83
2023-04-26,801730,23.98,3.28,0.69
2023-04-27,801180,14.23,0.8,2.97
2023-04-27,801160,24.04,1.67,1.54
2023-04-27,801150,24.28,3.11,0.97
2023-04-27,801120,32.99,6.21,1.89
2023-04-27,801050,13.54,2.44,1.07
2023-04-27,801080,34.79,2.69,0.97
2023-04-27,801040,19.41,0.99,4.67
2023-04-27,801030,14.54,2.09,1.77
2023-04-27,801010,54.62,2.96,0.47
2023-04-27,801110,14.56,2.6,3.22
2023-04-27,801170,12.56,1.49,3.04
2023-04-27,801710,17.32,1.51,3.38
2023-04-27,801890,29.41,2.31,1.16
2023-04-27,801880,28.48,2.03,1.23
2023-04-27,801790,17.15,1.17,2.74
2023-04-27,801770,29.69,2.25,0.98
2023-04-27,801760,43.39,2.73,1.21
2023-04-27,801750,65.22,3.75,0.53
2023-04-27,801730,23.95,3.24,0.69
2023-04-27,801780,4.87,0.5,4.84
2023-04-28,801180,14.36,0.81,3.03
2023-04-28,801170,12.71,1.51,3.0
2023-04-28,801150,24.44,3.09,0.98
2023-04-28,801120,33.1,6.14,1.87
2023-04-28,801050,13.65,2.42,1.06
2023-04-28,801080,35.92,2.71,0.95
2023-04-28,801040,19.49,1.0,4.6
2023-04-28,801030,14.82,2.07,1.76
2023-04-28,801010,36.94,2.9,0.46
2023-04-28,801110,14.63,2.59,3.22
2023-04-28,801160,25.08,1.65,1.54
2023-04-28,801710,17.47,1.5,3.38
2023-04-28,801890,30.02,2.34,1.15
2023-04-28,801880,29.26,2.01,1.23
2023-04-28,801790,17.7,1.19,2.68
2023-04-28,801780,4.93,0.5,4.79
2023-04-28,801760,46.9,2.96,1.12
2023-04-28,801750,69.41,3.88,0.51
2023-04-28,801730,23.47,3.19,0.69
2023-04-28,801770,30.78,2.34,0.95
2023-05-04,801180,14.86,0.84,3.04
2023-05-04,801170,13.74,1.49,3.0
2023-05-04,801160,24.4,1.67,1.51
2023-05-04,801150,29.33,3.13,0.96
2023-05-04,801080,41.97,2.67,0.95
2023-05-04,801120,31.0,5.89,1.8
2023-05-04,801110,14.12,2.43,3.28
2023-05-04,801050,14.39,2.4,1.05
2023-05-04,801040,23.76,1.01,4.58
2023-05-04,801030,17.12,2.05,1.49
2023-05-04,801010,30.59,2.9,0.46
2023-05-04,801710,19.64,1.5,3.29
2023-05-04,801890,30.21,2.35,1.11
2023-05-04,801880,28.06,2.02,1.22
2023-05-04,801780,5.01,0.5,4.67
2023-05-04,801770,30.51,2.29,0.96
2023-05-04,801760,52.47,3.2,1.05
2023-05-04,801750,68.97,3.83,0.51
2023-05-04,801730,21.82,3.15,0.7
2023-05-04,801790,15.57,1.21,2.62
2023-05-05,801180,15.28,0.87,2.95
2023-05-05,801170,13.7,1.49,3.01
2023-05-05,801160,24.25,1.66,1.55
2023-05-05,801150,28.83,3.07,0.97
2023-05-05,801110,13.82,2.38,3.35
2023-05-05,801080,41.54,2.65,0.97
2023-05-05,801050,14.12,2.36,1.12
2023-05-05,801040,23.58,1.0,4.61
2023-05-05,801030,16.93,2.02,1.52
2023-05-05,801010,30.26,2.87,0.47
2023-05-05,801120,31.15,5.92,1.79
2023-05-05,801890,29.79,2.32,1.12
2023-05-05,801710,19.64,1.5,3.29
2023-05-05,801880,27.73,2.0,1.23
2023-05-05,801790,15.71,1.22,2.59
2023-05-05,801770,30.0,2.26,0.98
2023-05-05,801760,51.31,3.13,1.08
2023-05-05,801750,68.93,3.82,0.51
2023-05-05,801730,21.51,3.1,0.72
2023-05-05,801780,5.07,0.51,4.62
2023-05-08,801170,13.73,1.49,2.95
2023-05-08,801160,24.86,1.69,1.52
2023-05-08,801150,28.73,3.06,0.95
2023-05-08,801120,30.79,5.85,1.81
2023-05-08,801050,14.32,2.39,1.11
2023-05-08,801080,41.6,2.65,0.96
2023-05-08,801040,24.06,1.02,4.74
2023-05-08,801030,16.99,2.03,1.52
2023-05-08,801010,30.08,2.85,0.49
2023-05-08,801180,15.3,0.87,2.95
2023-05-08,801110,13.69,2.36,3.37
2023-05-08,801890,30.0,2.33,1.14
2023-05-08,801790,16.05,1.25,2.54
2023-05-08,801780,5.28,0.53,4.42
2023-05-08,801880,27.93,2.02,1.22
2023-05-08,801760,51.21,3.13,1.08
2023-05-08,801750,70.47,3.91,0.5
2023-05-08,801730,21.74,3.14,0.71
2023-05-08,801710,19.63,1.5,3.29
2023-05-08,801770,30.57,2.3,0.96
2023-05-09,801180,15.31,0.87,2.95
2023-05-09,801170,13.65,1.48,2.97
2023-05-09,801160,24.73,1.68,1.54
2023-05-09,801150,28.3,3.02,0.98
2023-05-09,801110,13.61,2.34,3.4
2023-05-09,801080,41.49,2.64,0.97
2023-05-09,801050,14.07,2.35,1.13
2023-05-09,801040,24.15,1.02,4.72
2023-05-09,801030,16.87,2.02,1.53
2023-05-09,801010,30.1,2.86,0.5
2023-05-09,801120,30.78,5.85,1.81
2023-05-09,801710,19.51,1.49,3.3
2023-05-09,801880,27.52,1.99,1.25
2023-05-09,801790,16.04,1.25,2.54
2023-05-09,801890,29.44,2.29,1.16
2023-05-09,801770,29.92,2.25,0.98
2023-05-09,801760,49.72,3.04,1.11
2023-05-09,801750,69.83,3.87,0.5
2023-05-09,801730,21.33,3.08,0.73
2023-05-09,801780,5.23,0.52,4.47
2023-05-10,801180,15.13,0.86,3.01
2023-05-10,801170,13.47,1.47,3.01
2023-05-10,801160,24.58,1.67,1.54
2023-05-10,801150,28.35,3.02,0.89
2023-05-10,801110,13.73,2.36,3.37
2023-05-10,801080,41.27,2.63,0.98
2023-05-10,801050,14.17,2.36,1.12
2023-05-10,801040,24.01,1.02,4.75
2023-05-10,801030,16.97,2.03,1.57
2023-05-10,801120,30.66,5.83,1.82
2023-05-10,801010,29.91,2.84,0.51
2023-05-10,801710,19.51,1.49,3.3
2023-05-10,801890,29.52,2.3,1.13
2023-05-10,801880,28.52,2.06,1.2
2023-05-10,801790,15.63,1.22,2.61
2023-05-10,801770,29.61,2.23,0.99
2023-05-10,801760,49.29,3.01,1.12
2023-05-10,801750,69.55,3.85,0.52
2023-05-10,801730,21.85,3.15,0.72
2023-05-10,801780,5.07,0.51,4.61
2023-05-11,801180,15.18,0.86,3.0
2023-05-11,801170,13.46,1.46,3.01
2023-05-11,801160,24.89,1.69,1.53
2023-05-11,801150,28.15,3.0,0.9
2023-05-11,801050,14.06,2.34,1.13
2023-05-11,801110,13.67,2.35,3.35
2023-05-11,801080,41.48,2.64,0.97
2023-05-11,801040,23.99,1.02,4.52
2023-05-11,801030,17.0,2.03,1.57
2023-05-11,801010,30.0,2.85,0.5
2023-05-11,801120,30.51,5.8,1.83
2023-05-11,801890,29.45,2.29,1.16
2023-05-11,801710,19.47,1.49,3.3
2023-05-11,801880,28.57,2.06,1.18
2023-05-11,801790,15.61,1.22,2.61
2023-05-11,801770,29.36,2.21,0.88
2023-05-11,801760,50.5,3.08,1.09
2023-05-11,801750,68.49,3.79,0.51
2023-05-11,801730,22.13,3.19,0.71
2023-05-11,801780,5.05,0.5,4.62
2023-05-12,801180,15.02,0.85,3.12
2023-05-12,801170,13.39,1.45,3.08
2023-05-12,801150,28.12,3.0,0.9
2023-05-12,801120,30.24,5.75,1.84
2023-05-12,801050,13.62,2.27,1.15
2023-05-12,801080,40.9,2.61,0.98
2023-05-12,801040,23.64,1.0,4.59
2023-05-12,801030,16.75,2.0,1.61
2023-05-12,801010,29.87,2.83,0.51
2023-05-12,801110,13.73,2.36,3.3
2023-05-12,801160,25.08,1.71,1.51
2023-05-12,801710,19.13,1.46,3.37
2023-05-12,801890,29.02,2.26,1.17
2023-05-12,801790,15.39,1.2,2.65
2023-05-12,801880,28.17,2.03,1.21
2023-05-12,801770,28.92,2.18,0.89
2023-05-12,801760,48.19,2.94,1.2
2023-05-12,801750,67.76,3.75,0.52
2023-05-12,801730,21.79,3.14,0.72
2023-05-12,801780,5.0,0.5,4.64
2023-05-15,801180,14.98,0.85,3.12
2023-05-15,801170,13.47,1.46,3.06
2023-05-15,801160,25.12,1.71,1.51
2023-05-15,801150,28.44,3.03,0.9
2023-05-15,801010,29.75,2.82,0.51
2023-05-15,801110,13.86,2.38,3.25
2023-05-15,801080,41.42,2.64,0.96
2023-05-15,801050,14.09,2.35,1.09
2023-05-15,801040,23.71,1.0,4.61
2023-05-15,801030,17.01,2.03,1.53
2023-05-15,801120,30.51,5.8,1.82
2023-05-15,801890,29.46,2.29,1.14
2023-05-15,801710,19.21,1.46,3.36
2023-05-15,801880,28.57,2.06,1.17
2023-05-15,801790,15.8,1.23,2.58
2023-05-15,801770,29.11,2.2,0.9
2023-05-15,801760,47.29,2.89,1.22
2023-05-15,801750,67.73,3.75,0.53
2023-05-15,801730,22.42,3.23,0.7
2023-05-15,801780,5.06,0.5,4.58
2023-05-16,801180,14.79,0.84,3.16
2023-05-16,801170,13.29,1.44,3.11
2023-05-16,801160,25.07,1.71,1.51
2023-05-16,801150,28.66,3.05,0.9
2023-05-16,801080,41.63,2.65,0.97
2023-05-16,801120,30.25,5.75,1.83
2023-05-16,801110,13.66,2.35,3.3
2023-05-16,801050,13.99,2.33,1.1
2023-05-16,801040,23.46,0.99,4.7
2023-05-16,801030,16.92,2.02,1.55
2023-05-16,801010,29.63,2.81,0.51
2023-05-16,801890,29.38,2.29,1.16
2023-05-16,801880,28.28,2.04,1.21
2023-05-16,801710,18.94,1.45,3.41
2023-05-16,801780,5.05,0.5,4.58
2023-05-16,801770,28.6,2.16,1.1
2023-05-16,801760,45.29,2.76,1.28
2023-05-16,801750,65.54,3.63,0.55
2023-05-16,801730,22.49,3.24,0.74
2023-05-16,801790,15.64,1.22,2.6
2023-05-17,801180,14.72,0.84,3.21
2023-05-17,801170,13.25,1.44,3.12
2023-05-17,801160,25.12,1.71,1.51
2023-05-17,801150,28.55,3.04,0.9
2023-05-17,801050,13.89,2.32,1.11
2023-05-17,801110,13.69,2.35,3.3
2023-05-17,801080,42.07,2.68,0.96
2023-05-17,801040,23.5,0.99,4.71
2023-05-17,801030,16.94,2.02,1.46
2023-05-17,801010,29.64,2.81,0.53
2023-05-17,801120,30.02,5.7,1.85
2023-05-17,801710,18.91,1.44,3.41
2023-05-17,801890,29.85,2.32,1.15
2023-05-17,801880,28.21,2.04,1.21
2023-05-17,801790,15.47,1.2,2.63
2023-05-17,801770,28.7,2.17,1.09
2023-05-17,801760,45.41,2.77,1.27
2023-05-17,801750,66.12,3.67,0.54
2023-05-17,801730,22.58,3.26,0.72
2023-05-17,801780,5.01,0.5,4.62
2023-05-18,801180,14.62,0.83,3.24
2023-05-18,801170,13.24,1.44,3.08
2023-05-18,801160,25.06,1.71,1.49
2023-05-18,801150,28.39,3.02,0.91
2023-05-18,801050,13.87,2.31,1.38
2023-05-18,801110,13.79,2.37,3.28
2023-05-18,801080,42.25,2.69,0.95
2023-05-18,801040,23.39,0.99,4.73
2023-05-18,801030,16.83,2.01,1.44
2023-05-18,801010,29.03,2.75,0.54
2023-05-18,801120,29.72,5.66,1.86
2023-05-18,801710,18.78,1.43,3.44
2023-05-18,801890,30.23,2.35,1.14
2023-05-18,801880,28.1,2.03,1.36
2023-05-18,801790,15.45,1.2,2.63
2023-05-18,801770,30.02,2.27,1.04
2023-05-18,801760,47.51,2.86,1.24
2023-05-18,801750,68.0,3.77,0.53
2023-05-18,801730,22.21,3.2,0.73
2023-05-18,801780,5.05,0.5,4.58
2023-05-19,801180,14.42,0.82,3.24
2023-05-19,801170,13.21,1.43,3.08
2023-05-19,801160,24.81,1.69,1.5
2023-05-19,801150,28.75,3.06,0.96
2023-05-19,801050,13.73,2.29,1.42
2023-05-19,801110,13.98,2.4,3.24
2023-05-19,801080,43.05,2.74,0.94
2023-05-19,801040,23.31,0.99,4.75
2023-05-19,801030,16.83,2.01,1.53
2023-05-19,801010,29.14,2.76,0.53
2023-05-19,801120,30.07,5.72,1.83
2023-05-19,801710,18.77,1.43,3.46
2023-05-19,801890,30.16,2.35,1.15
2023-05-19,801880,27.97,2.02,1.49
2023-05-19,801790,15.23,1.18,2.67
2023-05-19,801770,29.81,2.25,1.06
2023-05-19,801760,46.36,2.79,1.27
2023-05-19,801750,67.68,3.76,0.68
2023-05-19,801730,22.14,3.19,0.74
2023-05-19,801780,4.98,0.5,4.76
2023-05-22,801180,14.34,0.81,3.14
2023-05-22,801170,13.32,1.45,3.07
2023-05-22,801010,29.36,2.78,0.52
2023-05-22,801150,28.87,3.07,0.91
2023-05-22,801110,14.19,2.44,3.18
2023-05-22,801120,30.85,5.87,1.79
2023-05-22,801080,42.77,2.72,0.93
2023-05-22,801050,13.74,2.3,1.36
2023-05-22,801040,23.37,0.99,4.71
2023-05-22,801030,16.98,2.03,1.55
2023-05-22,801160,25.39,1.73,1.46
2023-05-22,801710,18.77,1.43,3.38
2023-05-22,801890,30.33,2.36,1.13
2023-05-22,801880,28.37,2.05,1.35
2023-05-22,801780,4.99,0.5,4.75
2023-05-22,801790,15.23,1.18,2.65
2023-05-22,801730,22.25,3.2,0.72
2023-05-22,801760,45.67,2.74,1.21
2023-05-22,801770,29.47,2.23,1.07
2023-05-22,801750,67.12,3.73,0.66
2023-05-23,801180,14.2,0.81,3.17
2023-05-23,801170,13.09,1.42,3.13
2023-05-23,801160,24.97,1.7,1.49
2023-05-23,801120,30.45,5.79,1.82
2023-05-23,801110,14.03,2.41,3.26
2023-05-23,801080,42.2,2.69,0.95
2023-05-23,801050,13.54,2.26,1.38
2023-05-23,801040,23.04,0.98,4.78
2023-05-23,801030,16.9,2.02,1.57
2023-05-23,801010,29.09,2.75,0.54
2023-05-23,801150,28.97,3.08,0.91
2023-05-23,801710,18.68,1.43,3.43
2023-05-23,801890,30.03,2.34,1.15
2023-05-23,801880,28.21,2.04,1.36
2023-05-23,801790,14.9,1.16,2.72
2023-05-23,801770,28.9,2.18,1.1
2023-05-23,801760,44.72,2.69,1.24
2023-05-23,801750,66.21,3.68,0.67
2023-05-23,801730,21.98,3.16,0.73
2023-05-23,801780,4.91,0.49,4.84
2023-05-24,801180,13.84,0.79,3.26
2023-05-24,801170,12.86,1.4,3.18
2023-05-24,801160,24.79,1.68,1.5
2023-05-24,801120,30.04,5.72,1.85
2023-05-24,801050,13.47,2.25,1.36
2023-05-24,801080,42.28,2.69,0.95
2023-05-24,801040,22.78,0.96,4.83
2023-05-24,801030,16.86,2.02,1.57
2023-05-24,801010,28.87,2.73,0.52
2023-05-24,801110,13.71,2.36,3.34
2023-05-24,801150,28.57,3.04,0.93
2023-05-24,801710,18.48,1.41,3.47
2023-05-24,801890,30.05,2.34,1.14
2023-05-24,801880,28.05,2.02,1.37
2023-05-24,801790,14.6,1.14,2.78
2023-05-24,801780,4.8,0.48,4.94
2023-05-24,801760,45.12,2.71,1.23
2023-05-24,801750,65.75,3.65,0.68
2023-05-24,801730,22.1,3.18,0.72
2023-05-24,801770,28.94,2.19,1.09
2023-05-25,801180,13.81,0.78,3.28
2023-05-25,801170,12.84,1.39,3.19
2023-05-25,801160,25.11,1.71,1.47
2023-05-25,801150,28.36,3.02,0.93
2023-05-25,801080,42.56,2.71,0.92
2023-05-25,801120,29.79,5.67,1.86
2023-05-25,801110,13.79,2.37,3.33
2023-05-25,801050,13.31,2.22,1.38
2023-05-25,801040,22.7,0.96,4.85
2023-05-25,801030,16.68,2.0,1.6
2023-05-25,801010,28.47,2.69,0.57
2023-05-25,801710,18.3,1.4,3.83
2023-05-25,801890,30.12,2.34,1.12
2023-05-25,801880,27.82,2.01,1.38
2023-05-25,801780,4.78,0.48,4.96
2023-05-25,801770,29.42,2.22,1.07
2023-05-25,801760,44.08,2.65,1.25
2023-05-25,801750,65.43,3.64,0.69
2023-05-25,801730,22.26,3.2,0.73
2023-05-25,801790,14.61,1.14,2.78
2023-05-26,801180,13.92,0.79,3.24
2023-05-26,801170,12.87,1.4,3.19
2023-05-26,801160,25.13,1.71,1.48
2023-05-26,801150,28.76,3.06,0.89
2023-05-26,801120,29.73,5.66,1.87
2023-05-26,801080,42.99,2.74,0.94
2023-05-26,801050,13.3,2.22,1.39
2023-05-26,801040,22.86,0.97,4.82
2023-05-26,801030,16.62,1.99,1.79
2023-05-26,801010,28.41,2.69,0.57
2023-05-26,801110,13.81,2.38,3.38
2023-05-26,801710,18.38,1.4,3.8
2023-05-26,801890,30.09,2.34,1.13
2023-05-26,801880,28.05,2.02,1.33
2023-05-26,801790,14.65,1.14,2.77
2023-05-26,801780,4.82,0.48,4.92
2023-05-26,801760,44.97,2.7,1.23
2023-05-26,801750,66.88,3.72,0.67
2023-05-26,801730,21.85,3.14,0.73
2023-05-26,801770,29.85,2.25,1.06
2023-05-29,801180,13.77,0.78,3.28
2023-05-29,801170,12.87,1.4,3.17
2023-05-29,801150,28.74,3.06,0.95
2023-05-29,801080,43.16,2.75,0.87
2023-05-29,801110,13.65,2.35,3.39
2023-05-29,801050,13.26,2.21,1.38
2023-05-29,801040,22.82,0.97,4.75
2023-05-29,801030,16.44,1.97,1.83
2023-05-29,801010,28.13,2.66,0.55
2023-05-29,801120,29.56,5.63,1.91
2023-05-29,801160,25.64,1.74,1.42
2023-05-29,801710,18.15,1.39,3.05
2023-05-29,801890,29.9,2.33,1.15
2023-05-29,801880,27.65,1.99,1.32
2023-05-29,801790,14.54,1.13,2.78
2023-05-29,801770,30.26,2.29,1.03
2023-05-29,801760,45.7,2.75,1.0
2023-05-29,801750,66.6,3.7,0.49
2023-05-29,801730,21.38,3.08,0.73
2023-05-29,801780,4.84,0.48,4.73
2023-05-30,801180,13.95,0.79,3.24
2023-05-30,801170,12.83,1.4,3.18
2023-05-30,801160,25.58,1.74,1.42
2023-05-30,801150,28.53,3.03,0.96
2023-05-30,801080,43.43,2.76,0.89
2023-05-30,801120,29.23,5.57,1.94
2023-05-30,801110,13.49,2.32,3.49
2023-05-30,801050,13.24,2.21,1.39
2023-05-30,801040,22.68,0.96,4.78
2023-05-30,801030,16.35,1.96,1.9
2023-05-30,801010,28.03,2.65,0.56
2023-05-30,801890,30.09,2.34,1.19
2023-05-30,801880,27.94,2.02,1.33
2023-05-30,801710,18.18,1.39,3.08
2023-05-30,801780,4.81,0.48,4.75
2023-05-30,801770,31.09,2.35,1.0
2023-05-30,801760,47.57,2.86,0.98
2023-05-30,801750,68.45,3.81,0.48
2023-05-30,801730,21.5,3.1,0.74
2023-05-30,801790,14.56,1.13,2.79
2023-05-31,801180,13.82,0.79,3.27
2023-05-31,801170,12.82,1.39,3.23
2023-05-31,801160,25.28,1.72,1.44
2023-05-31,801150,28.27,3.01,0.98
2023-05-31,801080,43.67,2.78,0.64
2023-05-31,801110,13.33,2.29,3.53
2023-05-31,801050,13.19,2.2,1.39
2023-05-31,801040,22.51,0.95,4.76
2023-05-31,801030,16.22,1.94,1.93
2023-05-31,801120,28.65,5.46,1.93
2023-05-31,801010,27.66,2.62,0.56
2023-05-31,801710,17.96,1.37,3.25
2023-05-31,801880,27.84,2.01,1.33
2023-05-31,801790,14.41,1.12,2.81
2023-05-31,801890,29.89,2.33,1.26
2023-05-31,801770,31.34,2.37,1.0
2023-05-31,801760,48.19,2.9,0.99
2023-05-31,801750,69.46,3.86,0.47
2023-05-31,801730,21.15,3.04,0.93
2023-05-31,801780,4.78,0.48,4.84
2023-06-01,801180,13.74,0.78,3.28
2023-06-01,801170,12.66,1.38,3.28
2023-06-01,801160,24.99,1.7,1.47
2023-06-01,801150,28.13,2.99,0.96
2023-06-01,801010,27.82,2.63,0.56
2023-06-01,801110,13.07,2.25,5.21
2023-06-01,801080,43.79,2.79,0.65
2023-06-01,801050,13.29,2.22,1.38
2023-06-01,801040,22.6,0.96,4.76
2023-06-01,801030,16.28,1.95,1.9
2023-06-01,801120,28.82,5.49,1.93
2023-06-01,801790,14.48,1.13,2.79
2023-06-01,801710,17.8,1.36,3.16
2023-06-01,801880,27.83,2.01,1.31
2023-06-01,801890,29.92,2.33,1.26
2023-06-01,801770,31.67,2.39,0.96
2023-06-01,801780,4.76,0.47,4.86
2023-06-01,801760,49.45,2.97,0.96
2023-06-01,801750,70.96,3.95,0.46
2023-06-01,801730,21.13,3.04,0.94
2023-06-02,801180,14.28,0.81,3.16
2023-06-02,801160,25.02,1.7,1.47
2023-06-02,801150,28.16,2.99,0.96
2023-06-02,801120,29.41,5.6,1.68
2023-06-02,801050,13.75,2.3,1.37
2023-06-02,801080,43.97,2.75,0.65
2023-06-02,801040,22.86,0.97,4.7
2023-06-02,801030,16.68,2.0,1.86
2023-06-02,801010,28.01,2.65,0.55
2023-06-02,801110,13.64,2.35,4.98
2023-06-02,801170,12.8,1.39,3.25
2023-06-02,801710,18.56,1.42,2.92
2023-06-02,801890,29.94,2.33,1.26
2023-06-02,801880,28.3,2.04,1.3
2023-06-02,801790,14.67,1.14,2.76
2023-06-02,801770,31.76,2.4,0.92
2023-06-02,801760,49.36,2.97,1.03
2023-06-02,801750,71.07,3.95,0.45
2023-06-02,801730,21.47,3.09,0.93
2023-06-02,801780,4.82,0.48,4.8
2023-06-05,801180,14.2,0.81,3.16
2023-06-05,801170,12.84,1.39,3.24
2023-06-05,801150,28.24,3.0,0.92
2023-06-05,801120,29.0,5.52,1.71
2023-06-05,801050,13.61,2.27,1.39
2023-06-05,801080,44.16,2.77,0.55
2023-06-05,801040,22.83,0.97,4.39
2023-06-05,801030,16.66,1.99,1.81
2023-06-05,801010,27.76,2.63,0.56
2023-06-05,801110,13.85,2.38,3.86
2023-06-05,801160,25.08,1.7,1.46
2023-06-05,801710,18.49,1.41,2.93
2023-06-05,801890,29.9,2.33,1.26
2023-06-05,801880,28.39,2.05,1.27
2023-06-05,801790,14.57,1.13,2.77
2023-06-05,801780,4.85,0.48,4.79
2023-06-05,801760,50.57,3.04,0.99
2023-06-05,801750,71.4,3.97,0.45
2023-06-05,801730,21.08,3.03,0.93
2023-06-05,801770,32.13,2.42,0.9
2023-06-06,801180,14.24,0.81,3.15
2023-06-06,801170,12.82,1.38,3.32
2023-06-06,801160,24.5,1.67,1.5
2023-06-06,801150,27.64,2.94,0.97
2023-06-06,801080,42.69,2.67,0.57
2023-06-06,801120,28.96,5.52,1.72
2023-06-06,801110,13.76,2.37,3.89
2023-06-06,801050,13.44,2.24,1.42
2023-06-06,801040,22.46,0.95,4.46
2023-06-06,801030,16.42,1.97,1.85
2023-06-06,801010,27.43,2.59,0.56
2023-06-06,801710,18.52,1.42,2.95
2023-06-06,801890,29.25,2.28,1.3
2023-06-06,801880,27.98,2.02,1.29
2023-06-06,801780,4.85,0.48,4.8
2023-06-06,801770,31.51,2.38,0.93
2023-06-06,801760,49.55,2.98,1.01
2023-06-06,801750,69.59,3.86,0.48
2023-06-06,801730,20.84,3.0,0.94
2023-06-06,801790,14.47,1.12,2.79
2023-06-07,801180,14.41,0.82,3.11
2023-06-07,801170,12.93,1.39,3.3
2023-06-07,801160,24.43,1.66,1.51
2023-06-07,801150,27.42,2.92,1.0
2023-06-07,801110,13.85,2.38,3.86
2023-06-07,801080,43.06,2.7,0.69
2023-06-07,801010,27.49,2.6,0.59
2023-06-07,801050,13.34,2.23,1.44
2023-06-07,801040,22.41,0.95,4.45
2023-06-07,801030,16.27,1.95,1.93
2023-06-07,801120,28.68,5.46,1.74
2023-06-07,801890,29.26,2.28,1.3
2023-06-07,801710,18.45,1.41,3.02
2023-06-07,801880,27.64,2.0,1.3
2023-06-07,801790,14.52,1.13,2.78
2023-06-07,801770,31.77,2.4,1.06
2023-06-07,801760,50.25,3.02,1.0
2023-06-07,801750,70.54,3.91,0.47
2023-06-07,801730,20.37,2.93,0.94
2023-06-07,801780,4.89,0.49,4.78
2023-06-08,801180,14.69,0.83,3.06
2023-06-08,801170,13.06,1.41,3.28
2023-06-08,801150,27.17,2.89,1.06
2023-06-08,801120,28.9,5.51,1.73
2023-06-08,801050,13.4,2.24,1.44
2023-06-08,801080,42.45,2.66,0.7
2023-06-08,801040,22.54,0.95,4.43
2023-06-08,801030,16.32,1.95,1.87
2023-06-08,801010,28.14,2.66,0.62
2023-06-08,801110,14.1,2.43,3.8
2023-06-08,801160,24.61,1.68,1.49
2023-06-08,801710,18.8,1.44,2.97
2023-06-08,801890,29.14,2.27,1.31
2023-06-08,801880,27.52,1.99,1.33
2023-06-08,801790,14.69,1.14,2.75
2023-06-08,801770,31.56,2.38,1.08
2023-06-08,801760,49.06,2.95,1.02
2023-06-08,801750,69.98,3.88,0.48
2023-06-08,801730,20.31,2.92,0.94
2023-06-08,801780,4.98,0.5,4.74
2023-06-09,801180,14.45,0.82,3.59
2023-06-09,801170,13.09,1.41,3.27
2023-06-09,801160,24.98,1.7,1.44
2023-06-09,801150,27.4,2.91,1.06
2023-06-09,801010,28.13,2.66,0.62
2023-06-09,801110,13.98,2.4,3.9
2023-06-09,801080,43.06,2.7,0.69
2023-06-09,801050,13.54,2.26,1.4
2023-06-09,801040,22.53,0.95,4.4
2023-06-09,801030,16.24,1.94,1.8
2023-06-09,801120,28.85,5.5,1.74
2023-06-09,801890,29.22,2.28,1.36
2023-06-09,801710,18.65,1.43,3.03
2023-06-09,801880,28.04,2.03,1.32
2023-06-09,801790,14.63,1.14,2.76
2023-06-09,801770,32.68,2.47,1.01
2023-06-09,801760,50.73,3.05,1.0
2023-06-09,801750,70.78,3.93,0.52
2023-06-09,801730,20.53,2.95,0.93
2023-06-09,801780,4.95,0.49,4.66
2023-06-12,801180,14.44,0.82,
2023-06-12,801170,13.11,1.41,
2023-06-12,801010,28.24,2.67,
2023-06-12,801150,27.25,2.9,
2023-06-12,801110,14.38,2.47,
2023-06-12,801120,29.57,5.63,
2023-06-12,801080,43.57,2.73,
2023-06-12,801050,13.51,2.26,
2023-06-12,801040,22.47,0.95,
2023-06-12,801030,16.38,1.96,
2023-06-12,801160,24.58,1.67,
2023-06-12,801710,18.83,1.44,
2023-06-12,801890,29.66,2.31,
2023-06-12,801880,28.89,2.09,
2023-06-12,801780,4.89,0.49,
2023-06-12,801770,32.83,2.48,
2023-06-12,801760,50.62,3.04,
2023-06-12,801750,71.1,3.95,
2023-06-12,801790,14.55,1.13,
2023-06-12,801730,20.63,2.97,
2023-06-13,801180,14.47,0.82,3.59
2023-06-13,801160,24.48,1.67,1.49
2023-06-13,801150,27.1,2.89,1.11
2023-06-13,801120,29.64,5.65,1.97
2023-06-13,801050,13.5,2.25,1.21
2023-06-13,801080,44.48,2.77,0.66
2023-06-13,801040,22.47,0.95,4.03
2023-06-13,801030,16.37,1.96,1.8
2023-06-13,801010,28.22,2.66,0.66
2023-06-13,801110,14.3,2.46,3.8
2023-06-13,801170,13.08,1.41,3.27
2023-06-13,801710,18.76,1.43,2.84
2023-06-13,801890,29.8,2.32,1.17
2023-06-13,801880,29.16,2.1,1.21
2023-06-13,801790,14.62,1.14,2.77
2023-06-13,801770,33.05,2.49,0.99
2023-06-13,801760,51.92,3.12,0.97
2023-06-13,801750,73.44,4.08,0.49
2023-06-13,801730,20.63,2.97,0.91
2023-06-13,801780,4.9,0.49,4.67
2023-06-14,801180,14.35,0.81,3.62
2023-06-14,801160,24.22,1.65,1.51
2023-06-14,801150,27.15,2.89,1.19
2023-06-14,801120,30.21,5.76,1.92
2023-06-14,801050,13.53,2.26,1.21
2023-06-14,801080,44.49,2.77,0.65
2023-06-14,801040,22.42,0.95,4.12
2023-06-14,801030,16.42,1.96,1.79
2023-06-14,801010,28.22,2.66,0.65
2023-06-14,801110,14.39,2.47,3.8
2023-06-14,801170,13.09,1.41,3.21
2023-06-14,801710,18.78,1.44,2.83
2023-06-14,801890,30.03,2.34,1.19
2023-06-14,801880,29.26,2.11,1.2
2023-06-14,801790,14.51,1.13,3.5
2023-06-14,801780,4.83,0.48,4.86
2023-06-14,801760,52.53,3.16,0.96
2023-06-14,801750,73.87,4.1,0.48
2023-06-14,801730,20.42,2.94,0.94
2023-06-14,801770,33.64,2.54,0.98
2023-06-15,801180,14.49,0.82,3.61
2023-06-15,801170,13.08,1.41,3.28
2023-06-15,801160,24.44,1.66,1.55
2023-06-15,801150,27.51,2.93,1.21
2023-06-15,801080,44.31,2.76,0.68
2023-06-15,801120,30.69,5.85,1.93
2023-06-15,801110,14.67,2.52,3.74
2023-06-15,801050,13.65,2.28,1.4
2023-06-15,801040,22.52,0.95,4.1
2023-06-15,801030,16.64,1.99,1.78
2023-06-15,801010,28.28,2.67,0.64
2023-06-15,801710,19.03,1.45,2.66
2023-06-15,801890,30.74,2.4,1.2
2023-06-15,801880,29.75,2.15,1.19
2023-06-15,801780,4.85,0.48,4.83
2023-06-15,801770,33.91,2.56,0.99
2023-06-15,801760,52.26,3.14,1.04
2023-06-15,801750,72.97,4.05,0.49
2023-06-15,801730,21.57,3.11,0.9
2023-06-15,801790,14.66,1.14,3.47
2023-06-16,801180,14.49,0.82,3.61
2023-06-16,801170,13.18,1.42,3.17
2023-06-16,801150,27.56,2.94,1.25
2023-06-16,801120,31.01,5.91,1.94
2023-06-16,801080,44.94,2.8,0.7
2023-06-16,801050,13.75,2.3,1.4
2023-06-16,801040,22.67,0.96,3.56
2023-06-16,801030,16.63,1.99,1.83
2023-06-16,801010,28.66,2.7,0.66
2023-06-16,801110,14.72,2.53,3.75
2023-06-16,801160,24.33,1.66,1.59
2023-06-16,801710,19.15,1.46,2.65
2023-06-16,801890,31.14,2.43,1.17
2023-06-16,801880,29.73,2.14,1.21
2023-06-16,801790,14.73,1.14,3.45
2023-06-16,801780,4.84,0.48,4.86
2023-06-16,801760,53.07,3.19,0.98
2023-06-16,801750,75.23,4.18,0.46
2023-06-16,801730,21.8,3.14,0.91
2023-06-16,801770,35.01,2.64,0.95
2023-06-19,801180,14.22,0.81,3.61
2023-06-19,801170,13.05,1.4,3.18
2023-06-19,801150,27.37,2.92,1.17
2023-06-19,801080,46.11,2.85,0.67
2023-06-19,801110,14.48,2.49,3.73
2023-06-19,801050,13.51,2.26,1.38
2023-06-19,801040,22.36,0.95,3.29
2023-06-19,801030,16.53,1.98,1.81
2023-06-19,801010,28.57,2.69,0.67
2023-06-19,801120,30.3,5.77,1.95
2023-06-19,801160,24.39,1.66,1.59
2023-06-19,801710,18.79,1.44,2.66
2023-06-19,801890,31.31,2.44,1.12
2023-06-19,801880,29.88,2.16,1.2
2023-06-19,801790,14.53,1.13,3.49
2023-06-19,801770,36.04,2.72,0.91
2023-06-19,801760,53.55,3.22,0.96
2023-06-19,801750,77.37,4.29,0.44
2023-06-19,801730,21.66,3.12,0.98
2023-06-19,801780,4.75,0.47,4.96
2023-06-20,801180,13.96,0.79,3.68
2023-06-20,801170,12.88,1.38,3.29
2023-06-20,801160,24.27,1.65,1.61
2023-06-20,801150,27.2,2.9,1.19
2023-06-20,801080,46.14,2.85,0.69
2023-06-20,801120,30.02,5.72,1.98
2023-06-20,801110,14.69,2.53,3.68
2023-06-20,801050,13.45,2.24,1.39
2023-06-20,801040,22.17,0.94,3.32
2023-06-20,801030,16.42,1.96,1.89
2023-06-20,801010,28.45,2.68,0.69
2023-06-20,801890,31.56,2.46,1.14
2023-06-20,801880,30.0,2.16,1.2
2023-06-20,801710,18.2,1.39,3.61
2023-06-20,801780,4.72,0.47,5.0
2023-06-20,801770,36.41,2.75,0.91
2023-06-20,801760,53.86,3.24,0.96
2023-06-20,801750,78.52,4.36,0.44
2023-06-20,801730,21.72,3.13,0.98
2023-06-20,801790,14.42,1.12,3.55
2023-06-21,801180,13.81,0.78,3.73
2023-06-21,801170,12.81,1.38,3.34
2023-06-21,801160,24.32,1.66,1.61
2023-06-21,801150,26.67,2.84,1.21
2023-06-21,801080,44.76,2.76,0.73
2023-06-21,801110,14.64,2.52,3.7
2023-06-21,801050,13.21,2.2,1.42
2023-06-21,801040,21.99,0.93,3.35
2023-06-21,801030,16.24,1.94,1.93
2023-06-21,801120,29.73,5.66,2.09
2023-06-21,801010,28.13,2.65,0.71
2023-06-21,801710,17.98,1.37,3.68
2023-06-21,801880,29.94,2.16,1.14
2023-06-21,801790,14.18,1.1,2.94
2023-06-21,801890,31.15,2.43,1.19
2023-06-21,801770,35.03,2.64,0.94
2023-06-21,801760,49.9,3.0,1.05
2023-06-21,801750,75.19,4.17,0.46
2023-06-21,801730,21.43,3.09,1.04
2023-06-21,801780,4.71,0.47,5.21
2023-06-26,801180,13.57,0.77,3.71
2023-06-26,801170,12.55,1.35,2.9
2023-06-26,801160,24.84,1.69,1.55
2023-06-26,801150,26.42,2.82,1.19
2023-06-26,801110,14.5,2.49,3.71
2023-06-26,801080,43.9,2.71,0.73
2023-06-26,801010,27.9,2.63,0.7
2023-06-26,801050,13.09,2.18,1.39
2023-06-26,801040,21.78,0.92,2.88
2023-06-26,801030,16.12,1.93,1.93
2023-06-26,801120,29.12,5.55,2.07
2023-06-26,801890,30.72,2.4,1.17
2023-06-26,801710,17.75,1.36,2.36
2023-06-26,801880,29.66,2.16,1.1
2023-06-26,801790,13.59,1.06,2.79
2023-06-26,801770,33.83,2.55,0.97
2023-06-26,801760,47.09,2.83,1.08
2023-06-26,801750,70.92,3.94,0.49
2023-06-26,801730,21.42,3.09,0.93
2023-06-26,801780,4.63,0.46,5.28
2023-06-27,801180,14.1,0.8,3.6
2023-06-27,801160,24.85,1.69,1.55
2023-06-27,801150,26.63,2.84,1.18
2023-06-27,801120,29.23,5.57,2.35
2023-06-27,801050,13.31,2.22,1.37
2023-06-27,801080,43.94,2.72,0.72
2023-06-27,801040,22.99,0.94,2.87
2023-06-27,801030,16.43,1.97,1.89
2023-06-27,801010,28.19,2.65,0.69
2023-06-27,801110,14.83,2.55,3.63
2023-06-27,801170,12.76,1.38,2.87
2023-06-27,801710,18.39,1.4,2.28
2023-06-27,801890,31.18,2.43,1.15
2023-06-27,801880,29.81,2.17,1.1
2023-06-27,801790,13.76,1.08,2.75
2023-06-27,801770,34.36,2.59,0.96
2023-06-27,801760,47.72,2.87,1.07
2023-06-27,801750,71.29,3.96,0.49
2023-06-27,801730,21.57,3.11,0.94
2023-06-27,801780,4.68,0.47,5.24
2023-06-28,801180,14.03,0.8,3.63
2023-06-28,801170,12.76,1.38,3.71
2023-06-28,801150,26.57,2.83,1.2
2023-06-28,801120,29.39,5.6,2.34
2023-06-28,801050,13.25,2.21,1.39
2023-06-28,801080,43.3,2.68,0.72
2023-06-28,801040,23.02,0.94,2.95
2023-06-28,801030,16.42,1.96,1.91
2023-06-28,801010,28.2,2.64,0.7
2023-06-28,801110,14.88,2.56,3.62
2023-06-28,801160,25.25,1.72,1.58
2023-06-28,801710,18.3,1.4,2.29
2023-06-28,801890,31.24,2.44,1.16
2023-06-28,801880,29.96,2.19,1.04
2023-06-28,801790,13.78,1.08,2.78
2023-06-28,801780,4.67,0.47,5.48
2023-06-28,801760,47.04,2.83,1.1
2023-06-28,801750,69.15,3.84,0.51
2023-06-28,801730,21.72,3.13,0.92
2023-06-28,801770,33.42,2.52,0.98
2023-06-29,801180,13.79,0.78,3.7
2023-06-29,801170,12.57,1.35,3.79
2023-06-29,801160,25.0,1.7,1.6
2023-06-29,801150,26.68,2.84,1.21
2023-06-29,801080,43.88,2.72,0.71
2023-06-29,801120,29.0,5.52,2.34
2023-06-29,801110,14.85,2.56,3.62
2023-06-29,801050,13.15,2.2,1.4
2023-06-29,801040,22.92,0.93,2.96
2023-06-29,801030,16.36,1.96,1.92
2023-06-29,801010,28.37,2.66,0.69
2023-06-29,801710,18.09,1.38,2.32
2023-06-29,801890,31.76,2.48,1.15
2023-06-29,801880,30.15,2.19,1.04
2023-06-29,801780,4.64,0.46,5.6
2023-06-29,801770,34.28,2.59,0.96
2023-06-29,801760,47.86,2.87,1.08
2023-06-29,801750,69.5,3.87,0.51
2023-06-29,801730,21.73,3.13,0.93
2023-06-29,801790,13.71,1.07,3.04
2023-06-30,801180,13.88,0.79,3.65
2023-06-30,801170,12.76,1.36,3.63
2023-06-30,801160,24.91,1.7,1.62
2023-06-30,801150,26.92,2.87,1.2
2023-06-30,801110,14.83,2.55,3.64
2023-06-30,801080,44.76,2.77,0.7
2023-06-30,801010,28.65,2.69,0.68
2023-06-30,801050,13.28,2.22,1.68
2023-06-30,801040,23.13,0.94,3.04
2023-06-30,801030,16.66,1.99,1.9
2023-06-30,801120,28.8,5.48,2.67
2023-06-30,801890,32.06,2.5,1.09
2023-06-30,801710,18.15,1.39,2.31
2023-06-30,801880,30.4,2.21,1.05
2023-06-30,801790,13.86,1.08,3.0
2023-06-30,801770,34.77,2.62,0.89
2023-06-30,801760,47.55,2.86,1.14
2023-06-30,801750,69.69,3.88,0.51
2023-06-30,801730,22.11,3.19,0.91
2023-06-30,801780,4.68,0.47,5.26
2023-07-03,801180,13.99,0.8,3.6
2023-07-03,801170,13.06,1.39,3.55
2023-07-03,801150,26.9,2.87,1.2
2023-07-03,801120,29.47,5.61,2.2
2023-07-03,801050,13.53,2.26,1.65
2023-07-03,801080,44.92,2.78,0.69
2023-07-03,801040,23.49,0.96,2.37
2023-07-03,801030,16.75,2.0,1.88
2023-07-03,801010,28.76,2.7,0.76
2023-07-03,801110,14.9,2.56,3.61
2023-07-03,801160,25.13,1.71,1.6
2023-07-03,801710,18.39,1.4,2.28
2023-07-03,801890,31.99,2.5,1.08
2023-07-03,801880,30.87,2.24,1.03
2023-07-03,801790,14.2,1.11,2.93
2023-07-03,801770,34.74,2.62,0.88
2023-07-03,801760,45.77,2.75,1.5
2023-07-03,801750,69.62,3.87,0.51
2023-07-03,801730,22.26,3.21,0.89
2023-07-03,801780,4.76,0.47,5.16
2023-07-04,801180,13.82,0.79,3.66
2023-07-04,801170,13.06,1.39,3.55
2023-07-04,801160,24.94,1.7,1.64
2023-07-04,801150,26.95,2.87,1.22
2023-07-04,801010,28.75,2.7,0.76
2023-07-04,801110,14.87,2.56,3.63
2023-07-04,801080,45.7,2.83,0.68
2023-07-04,801050,13.53,2.26,1.65
2023-07-04,801040,23.54,0.96,2.36
2023-07-04,801030,16.75,2.0,1.89
2023-07-04,801120,29.55,5.63,2.2
2023-07-04,801890,32.2,2.51,1.08
2023-07-04,801710,18.29,1.4,2.29
2023-07-04,801880,31.68,2.3,1.01
2023-07-04,801790,14.17,1.11,2.94
2023-07-04,801770,34.85,2.63,0.88
2023-07-04,801760,45.93,2.76,1.5
2023-07-04,801750,70.46,3.92,0.5
2023-07-04,801730,22.19,3.2,0.89
2023-07-04,801780,4.71,0.47,5.17
2023-07-05,801730,21.94,3.16,0.9
2023-07-05,801750,69.17,3.85,0.52
2023-07-05,801760,45.37,2.72,1.53
2023-07-05,801770,34.08,2.57,0.9
2023-07-05,801890,31.82,2.48,1.07
2023-07-05,801790,14.05,1.1,2.96
2023-07-05,801880,31.28,2.27,1.02
2023-07-05,801710,18.06,1.38,2.32
2023-07-05,801780,4.69,0.47,5.24
2023-07-05,801010,28.32,2.66,0.77
2023-07-05,801030,16.73,2.0,1.89
2023-07-05,801040,23.82,0.97,2.34
2023-07-05,801050,13.8,2.31,1.6
2023-07-05,801080,45.32,2.81,0.7
2023-07-05,801110,14.81,2.55,3.64
2023-07-05,801150,26.8,2.86,1.23
2023-07-05,801160,24.79,1.69,1.63
2023-07-05,801170,13.05,1.39,3.56
2023-07-05,801180,13.83,0.79,3.69
2023-07-05,801120,29.12,5.55,2.23
2023-07-06,801170,12.95,1.38,3.81
2023-07-06,801160,24.8,1.69,1.73
2023-07-06,801150,26.44,2.83,1.23
2023-07-06,801120,28.9,5.5,2.25
2023-07-06,801050,13.31,2.26,1.71
2023-07-06,801080,45.7,2.83,0.69
2023-07-06,801040,23.55,0.96,2.37
2023-07-06,801030,16.95,1.99,1.79
2023-07-06,801010,28.48,2.67,0.76
2023-07-06,801180,14.22,0.81,3.49
2023-07-06,801110,14.45,2.48,3.77
2023-07-06,801890,31.72,2.45,1.06
2023-07-06,801790,14.03,1.1,2.96
2023-07-06,801780,4.66,0.46,5.52
2023-07-06,801880,31.32,2.28,1.01
2023-07-06,801760,46.82,2.76,1.56
2023-07-06,801750,68.98,3.9,0.52
2023-07-06,801730,21.93,3.17,0.92
2023-07-06,801710,17.95,1.37,2.39
2023-07-06,801770,34.98,2.58,0.86
2023-07-07,801180,14.18,0.81,2.85
2023-07-07,801170,13.05,1.39,3.8
2023-07-07,801160,24.98,1.7,1.77
2023-07-07,801150,26.42,2.83,1.25
2023-07-07,801110,14.33,2.45,3.8
2023-07-07,801080,45.1,2.79,0.71
2023-07-07,801050,13.27,2.26,1.79
2023-07-07,801040,23.56,0.96,2.5
2023-07-07,801030,16.87,1.98,1.84
2023-07-07,801010,28.89,2.71,0.81
2023-07-07,801120,28.76,5.48,2.26
2023-07-07,801710,17.81,1.36,2.38
2023-07-07,801890,31.48,2.43,1.08
2023-07-07,801880,31.06,2.26,1.02
2023-07-07,801790,14.1,1.1,2.95
2023-07-07,801770,34.66,2.55,0.95
2023-07-07,801760,46.42,2.73,1.57
2023-07-07,801750,67.69,3.83,0.54
2023-07-07,801730,21.62,3.13,0.97
2023-07-07,801780,4.65,0.46,5.49
2023-07-10,801180,14.15,0.81,2.79
2023-07-10,801170,13.11,1.4,3.3
2023-07-10,801160,25.17,1.71,1.69
2023-07-10,801150,26.52,2.84,1.23
2023-07-10,801050,13.37,2.27,1.66
2023-07-10,801110,14.2,2.43,3.82
2023-07-10,801080,44.87,2.78,0.71
2023-07-10,801040,23.55,0.96,2.5
2023-07-10,801030,17.04,2.0,1.78
2023-07-10,801010,28.91,2.71,0.79
2023-07-10,801120,28.91,5.5,2.24
2023-07-10,801710,17.95,1.37,2.3
2023-07-10,801890,31.32,2.42,0.96
2023-07-10,801880,30.83,2.25,1.02
2023-07-10,801790,14.06,1.1,2.88
2023-07-10,801770,34.25,2.52,0.95
2023-07-10,801760,47.19,2.78,1.52
2023-07-10,801750,67.48,3.81,0.54
2023-07-10,801730,22.12,3.2,0.93
2023-07-10,801780,4.65,0.46,5.16
2023-07-11,801170,13.11,1.4,3.3
2023-07-11,801160,25.04,1.7,1.75
2023-07-11,801150,26.69,2.86,1.23
2023-07-11,801120,28.97,5.51,2.23
2023-07-11,801050,13.47,2.29,1.65
2023-07-11,801080,45.87,2.84,0.7
2023-07-11,801040,23.66,0.96,2.49
2023-07-11,801030,17.17,2.02,1.77
2023-07-11,801010,28.9,2.71,0.79
2023-07-11,801180,14.15,0.81,2.81
2023-07-11,801110,14.33,2.45,3.79
2023-07-11,801890,31.75,2.45,0.96
2023-07-11,801880,31.81,2.32,0.99
2023-07-11,801790,14.14,1.11,2.89
2023-07-11,801780,4.69,0.47,5.13
2023-07-11,801760,46.8,2.75,1.54
2023-07-11,801750,68.12,3.85,0.53
2023-07-11,801730,22.13,3.2,0.94
2023-07-11,801710,18.07,1.38,2.29
2023-07-11,801770,34.72,2.56,0.95
2023-07-12,801180,13.87,0.79,2.83
2023-07-12,801170,12.93,1.38,3.34
2023-07-12,801160,25.06,1.7,1.75
2023-07-12,801150,26.44,2.83,1.24
2023-07-12,801050,13.43,2.28,1.73
2023-07-12,801110,14.3,2.45,3.79
2023-07-12,801080,44.92,2.78,0.72
2023-07-12,801040,23.49,0.95,2.5
2023-07-12,801030,17.22,2.02,1.76
2023-07-12,801010,28.92,2.71,0.83
2023-07-12,801120,28.97,5.51,2.23
2023-07-12,801710,17.8,1.35,2.33
2023-07-12,801890,31.31,2.42,0.98
2023-07-12,801880,31.58,2.3,1.07
2023-07-12,801790,14.05,1.1,2.83
2023-07-12,801770,33.37,2.46,0.98
2023-07-12,801760,45.64,2.69,1.56
2023-07-12,801750,66.07,3.73,0.55
2023-07-12,801730,22.2,3.21,0.94
2023-07-12,801780,4.68,0.47,5.62
2023-07-13,801180,13.94,0.8,2.82
2023-07-13,801170,13.29,1.41,3.54
2023-07-13,801160,25.15,1.71,1.75
2023-07-13,801150,26.81,2.87,1.23
2023-07-13,801050,13.69,2.33,1.7
2023-07-13,801110,14.39,2.46,3.76
2023-07-13,801080,46.22,2.86,0.7
2023-07-13,801040,23.65,0.96,2.49
2023-07-13,801030,17.34,2.04,1.79
2023-07-13,801010,29.04,2.73,1.1
2023-07-13,801120,29.71,5.65,2.19
2023-07-13,801710,17.96,1.37,2.31
2023-07-13,801880,31.34,2.29,1.11
2023-07-13,801790,14.35,1.12,2.82
2023-07-13,801890,31.49,2.43,0.96
2023-07-13,801770,34.33,2.53,0.96
2023-07-13,801760,47.11,2.77,1.51
2023-07-13,801750,67.75,3.77,0.55
2023-07-13,801730,22.37,3.24,0.95
2023-07-13,801780,4.7,0.47,5.72
2023-07-14,801180,13.9,0.8,2.9
2023-07-14,801170,13.28,1.41,3.56
2023-07-14,801160,24.91,1.69,1.97
2023-07-14,801150,26.67,2.86,1.23
2023-07-14,801010,28.95,2.72,1.09
2023-07-14,801110,14.27,2.44,3.8
2023-07-14,801080,46.64,2.89,0.67
2023-07-14,801050,13.61,2.31,1.76
2023-07-14,801040,23.59,0.96,2.57
2023-07-14,801030,17.34,2.04,1.8
2023-07-14,801120,29.64,5.64,2.22
2023-07-14,801710,17.94,1.37,2.33
2023-07-14,801890,31.67,2.45,0.95
2023-07-14,801880,30.98,2.26,1.21
2023-07-14,801780,4.7,0.47,5.87
2023-07-14,801770,35.43,2.61,0.93
2023-07-14,801760,47.78,2.81,1.49
2023-07-14,801750,69.16,3.85,0.52
2023-07-14,801730,22.02,3.19,0.96
2023-07-14,801790,14.34,1.12,2.75
2023-07-17,801180,13.86,0.8,2.58
2023-07-17,801170,13.25,1.41,3.51
2023-07-17,801160,24.86,1.69,1.85
2023-07-17,801150,26.54,2.84,1.22
2023-07-17,801110,14.22,2.43,3.82
2023-07-17,801080,46.45,2.88,0.66
2023-07-17,801050,13.44,2.28,1.78
2023-07-17,801040,23.36,0.95,2.59
2023-07-17,801030,17.26,2.03,1.69
2023-07-17,801010,29.21,2.74,1.08
2023-07-17,801120,29.26,5.57,2.24
2023-07-17,801710,17.85,1.36,2.32
2023-07-17,801890,31.69,2.45,0.93
2023-07-17,801880,30.86,2.25,0.96
2023-07-17,801790,14.22,1.11,2.59
2023-07-17,801770,35.7,2.63,0.92
2023-07-17,801760,46.86,2.76,1.45
2023-07-17,801750,69.18,3.85,0.49
2023-07-17,801730,21.91,3.17,0.97
2023-07-17,801780,4.64,0.46,5.26
2023-07-18,801180,13.95,0.8,2.56
2023-07-18,801170,13.46,1.42,3.5
2023-07-18,801160,24.68,1.68,1.86
2023-07-18,801150,26.46,2.83,1.22
2023-07-18,801050,13.47,2.29,1.79
2023-07-18,801110,14.23,2.44,3.82
2023-07-18,801080,46.44,2.88,0.66
2023-07-18,801040,23.38,0.95,2.6
2023-07-18,801030,17.51,2.05,1.68
2023-07-18,801010,29.28,2.75,1.08
2023-07-18,801120,29.12,5.54,2.25
2023-07-18,801710,17.94,1.37,2.31
2023-07-18,801890,31.7,2.45,0.94
2023-07-18,801880,31.27,2.28,0.95
2023-07-18,801790,14.2,1.11,2.59
2023-07-18,801770,34.98,2.58,0.93
2023-07-18,801760,46.1,2.71,1.48
2023-07-18,801750,68.05,3.79,0.5
2023-07-18,801730,21.81,3.16,1.1
2023-07-18,801780,4.6,0.46,5.62
2023-07-19,801170,13.48,1.42,3.52
2023-07-19,801160,24.63,1.68,1.92
2023-07-19,801150,26.37,2.82,1.23
2023-07-19,801120,29.07,5.53,2.25
2023-07-19,801050,13.51,2.29,1.78
2023-07-19,801080,45.98,2.85,0.67
2023-07-19,801040,23.44,0.95,2.52
2023-07-19,801030,17.47,2.04,1.68
2023-07-19,801010,29.35,2.76,1.07
2023-07-19,801180,14.14,0.81,2.52
2023-07-19,801110,14.4,2.47,3.76
2023-07-19,801890,31.5,2.43,0.94
2023-07-19,801880,31.15,2.27,1.03
2023-07-19,801790,14.27,1.12,2.58
2023-07-19,801780,4.62,0.46,5.77
2023-07-19,801760,46.64,2.74,1.43
2023-07-19,801750,68.01,3.79,0.5
2023-07-19,801730,21.52,3.11,1.11
2023-07-19,801710,18.24,1.39,2.27
2023-07-19,801770,34.74,2.56,0.94
2023-07-20,801180,14.2,0.82,2.58
2023-07-20,801170,13.39,1.41,3.53
2023-07-20,801160,24.39,1.66,1.93
2023-07-20,801150,26.23,2.81,1.24
2023-07-20,801050,13.52,2.3,1.78
2023-07-20,801110,14.26,2.44,3.8
2023-07-20,801080,44.81,2.77,0.68
2023-07-20,801040,23.43,0.95,2.52
2023-07-20,801030,17.49,2.04,1.72
2023-07-20,801010,29.21,2.74,1.08
2023-07-20,801120,29.08,5.54,2.24
2023-07-20,801710,18.37,1.4,2.25
2023-07-20,801880,30.6,2.23,1.05
2023-07-20,801790,14.15,1.11,2.61
2023-07-20,801890,31.13,2.41,0.95
2023-07-20,801770,33.36,2.46,0.98
2023-07-20,801760,45.61,2.68,1.46
2023-07-20,801750,66.09,3.68,0.51
2023-07-20,801730,21.39,3.09,1.1
2023-07-20,801780,4.63,0.46,5.82
2023-07-21,801180,14.43,0.83,2.55
2023-07-21,801170,13.41,1.42,3.49
2023-07-21,801160,24.22,1.65,2.71
2023-07-21,801150,26.46,2.83,1.23
2023-07-21,801110,14.15,2.42,3.83
2023-07-21,801080,44.55,2.76,0.68
2023-07-21,801050,13.4,2.28,1.83
2023-07-21,801040,23.46,0.95,2.52
2023-07-21,801030,17.49,2.04,1.72
2023-07-21,801010,29.59,2.78,1.07
2023-07-21,801120,29.69,5.65,2.19
2023-07-21,801710,18.4,1.4,2.25
2023-07-21,801890,30.83,2.38,1.04
2023-07-21,801880,30.37,2.21,1.06
2023-07-21,801790,14.13,1.1,2.61
2023-07-21,801770,33.27,2.45,0.98
2023-07-21,801760,45.49,2.67,1.47
2023-07-21,801750,65.58,3.65,0.51
2023-07-21,801730,21.2,3.07,1.11
2023-07-21,801780,4.62,0.46,6.02
2023-07-24,801170,13.41,1.42,3.47
2023-07-24,801160,24.26,1.65,2.01
2023-07-24,801150,26.66,2.85,1.2
2023-07-24,801120,29.49,5.61,2.2
2023-07-24,801050,13.2,2.24,1.86
2023-07-24,801080,44.54,2.76,0.68
2023-07-24,801040,23.37,0.95,2.11
2023-07-24,801030,17.3,2.02,1.73
2023-07-24,801010,29.17,2.74,1.08
2023-07-24,801180,14.34,0.82,2.56
2023-07-24,801110,14.06,2.41,3.85
2023-07-24,801890,30.8,2.38,1.04
2023-07-24,801790,14.08,1.1,2.62
2023-07-24,801780,4.6,0.46,5.72
2023-07-24,801880,30.22,2.2,1.07
2023-07-24,801760,45.48,2.67,1.46
2023-07-24,801750,66.13,3.69,0.51
2023-07-24,801730,21.01,3.04,1.12
2023-07-24,801710,18.12,1.38,2.28
2023-07-24,801770,33.6,2.48,0.97
2023-07-25,801180,15.22,0.87,2.42
2023-07-25,801170,13.63,1.44,3.42
2023-07-25,801160,24.17,1.65,2.02
2023-07-25,801150,26.81,2.87,1.19
2023-07-25,801110,14.62,2.5,3.71
2023-07-25,801080,45.19,2.8,0.67
2023-07-25,801050,13.59,2.31,1.8
2023-07-25,801040,24.0,0.97,2.05
2023-07-25,801030,17.56,2.05,1.71
2023-07-25,801010,29.07,2.73,1.08
2023-07-25,801120,30.6,5.82,2.11
2023-07-25,801710,19.04,1.45,2.17
2023-07-25,801880,31.22,2.28,1.03
2023-07-25,801790,14.86,1.16,2.5
2023-07-25,801890,31.36,2.42,1.02
2023-07-25,801770,33.87,2.5,0.96
2023-07-25,801760,46.24,2.71,1.44
2023-07-25,801750,67.58,3.77,0.5
2023-07-25,801730,21.4,3.1,1.1
2023-07-25,801780,4.73,0.47,5.56
2023-07-26,801170,13.6,1.44,3.45
2023-07-26,801160,24.13,1.64,2.02
2023-07-26,801150,26.99,2.89,1.18
2023-07-26,801120,30.58,5.82,2.11
2023-07-26,801180,15.49,0.89,2.38
2023-07-26,801080,44.6,2.76,0.68
2023-07-26,801050,13.61,2.31,1.77
2023-07-26,801040,24.41,0.99,2.02
2023-07-26,801030,17.67,2.06,1.7
2023-07-26,801010,29.21,2.74,1.08
2023-07-26,801110,14.5,2.48,3.74
2023-07-26,801890,30.99,2.39,1.04
2023-07-26,801880,30.61,2.23,1.06
2023-07-26,801790,14.86,1.16,2.51
2023-07-26,801780,4.73,0.47,5.64
2023-07-26,801760,44.93,2.64,1.49
2023-07-26,801750,66.17,3.69,0.51
2023-07-26,801730,21.38,3.13,1.1
2023-07-26,801710,19.21,1.46,2.15
2023-07-26,801770,33.15,2.44,0.98
2023-07-27,801180,15.37,0.88,2.39
2023-07-27,801170,13.61,1.44,3.44
2023-07-27,801160,23.98,1.63,2.09
2023-07-27,801150,26.94,2.89,1.19
2023-07-27,801050,13.49,2.29,1.78
2023-07-27,801110,14.4,2.47,3.76
2023-07-27,801080,43.94,2.72,0.69
2023-07-27,801040,24.78,1.01,1.99
2023-07-27,801030,17.51,2.05,1.66
2023-07-27,801010,29.32,2.76,1.08
2023-07-27,801120,30.76,5.85,2.1
2023-07-27,801710,19.12,1.46,2.16
2023-07-27,801890,30.78,2.38,1.04
2023-07-27,801880,30.83,2.25,1.06
2023-07-27,801790,14.79,1.16,2.52
2023-07-27,801770,32.78,2.42,0.99
2023-07-27,801760,44.37,2.6,1.52
2023-07-27,801750,65.55,3.65,0.51
2023-07-27,801730,21.29,3.11,1.1
2023-07-27,801780,4.77,0.48,5.59
2023-07-28,801180,15.86,0.91,2.33
2023-07-28,801170,13.82,1.46,3.46
2023-07-28,801160,24.14,1.64,2.07
2023-07-28,801150,27.21,2.91,1.19
2023-07-28,801050,13.58,2.3,1.77
2023-07-28,801110,14.65,2.51,3.69
2023-07-28,801080,44.18,2.74,0.77
2023-07-28,801040,25.17,1.02,1.96
2023-07-28,801030,17.66,2.06,1.65
2023-07-28,801010,29.52,2.78,1.07
2023-07-28,801120,31.48,5.99,2.05
2023-07-28,801710,19.64,1.5,2.11
2023-07-28,801890,31.03,2.4,1.03
2023-07-28,801880,31.45,2.29,1.1
2023-07-28,801790,15.75,1.23,2.44
2023-07-28,801770,33.09,2.44,0.98
2023-07-28,801760,44.11,2.59,1.52
2023-07-28,801750,66.85,3.73,0.51
2023-07-28,801730,21.46,3.14,1.11
2023-07-28,801780,4.91,0.49,5.43
2023-07-31,801180,16.17,0.93,2.28
2023-07-31,801170,13.93,1.47,3.23
2023-07-31,801160,24.31,1.65,1.92
2023-07-31,801150,26.75,2.87,1.2
2023-07-31,801080,44.52,2.76,0.76
2023-07-31,801110,14.7,2.52,3.68
2023-07-31,801050,13.75,2.34,1.75
2023-07-31,801040,25.26,1.02,1.95
2023-07-31,801030,17.77,2.07,1.64
2023-07-31,801120,31.47,5.99,2.04
2023-07-31,801010,30.27,2.85,1.04
2023-07-31,801710,20.02,1.53,2.07
2023-07-31,801880,32.08,2.34,1.07
2023-07-31,801790,15.87,1.24,2.26
2023-07-31,801890,31.36,2.42,1.02
2023-07-31,801770,32.94,2.43,0.99
2023-07-31,801760,45.37,2.67,1.55
2023-07-31,801750,67.16,3.75,0.5
2023-07-31,801730,21.77,3.18,1.08
2023-07-31,801780,4.95,0.49,5.33
2023-08-01,801150,26.62,2.85,1.21
2023-08-01,801180,16.07,0.92,2.3
2023-08-01,801170,13.96,1.47,3.24
2023-08-01,801160,24.79,1.67,1.88
2023-08-01,801120,31.3,5.95,2.05
2023-08-01,801110,14.56,2.49,3.71
2023-08-01,801080,44.8,2.77,0.75
2023-08-01,801050,13.85,2.36,1.74
2023-08-01,801040,25.76,1.05,1.92
2023-08-01,801030,17.73,2.07,1.64
2023-08-01,801010,29.91,2.81,1.05
2023-08-01,801890,31.18,2.41,1.03
2023-08-01,801880,31.82,2.32,1.07
2023-08-01,801710,19.81,1.51,2.09
2023-08-01,801780,4.92,0.49,5.36
2023-08-01,801770,33.38,2.46,0.98
2023-08-01,801760,45.21,2.66,1.55
2023-08-01,801750,67.22,3.75,0.49
2023-08-01,801730,21.59,3.16,1.09
2023-08-01,801790,15.74,1.23,2.28
2023-08-02,801170,13.81,1.46,3.26
2023-08-02,801160,24.6,1.66,1.89
2023-08-02,801150,26.25,2.81,1.23
2023-08-02,801120,31.14,5.93,2.06
2023-08-02,801050,13.76,2.34,1.75
2023-08-02,801080,44.85,2.78,0.75
2023-08-02,801040,25.56,1.04,1.93
2023-08-02,801030,17.63,2.06,1.65
2023-08-02,801010,29.46,2.77,1.07
2023-08-02,801180,16.21,0.93,2.28
2023-08-02,801110,14.57,2.49,3.71
2023-08-02,801890,31.35,2.42,1.02
2023-08-02,801790,15.86,1.24,2.33
2023-08-02,801780,4.83,0.48,5.46
2023-08-02,801880,31.91,2.33,1.07
2023-08-02,801760,44.93,2.64,1.56
2023-08-02,801750,67.36,3.76,0.49
2023-08-02,801730,21.54,3.15,1.09
2023-08-02,801710,19.88,1.51,2.08
2023-08-02,801770,33.37,2.46,0.98
2023-08-03,801180,16.48,0.95,2.24
2023-08-03,801170,13.82,1.46,3.26
2023-08-03,801160,24.69,1.67,1.85
2023-08-03,801150,26.71,2.86,1.2
2023-08-03,801110,14.53,2.49,3.72
2023-08-03,801080,44.78,2.77,0.75
2023-08-03,801050,13.66,2.33,1.76
2023-08-03,801040,25.56,1.04,1.93
2023-08-03,801030,17.62,2.05,1.65
2023-08-03,801010,29.68,2.79,1.06
2023-08-03,801120,31.32,6.06,2.06
2023-08-03,801710,19.92,1.52,2.08
2023-08-03,801880,31.64,2.31,1.08
2023-08-03,801790,16.34,1.28,2.26
2023-08-03,801890,31.26,2.42,1.03
2023-08-03,801770,33.04,2.44,0.99
2023-08-03,801760,44.69,2.63,1.57
2023-08-03,801750,67.35,3.76,0.49
2023-08-03,801730,21.78,3.18,1.08
2023-08-03,801780,4.89,0.49,5.36
2023-08-04,801180,16.36,0.94,2.3
2023-08-04,801170,13.74,1.45,3.27
2023-08-04,801160,24.57,1.66,1.91
2023-08-04,801150,26.49,2.84,1.21
2023-08-04,801010,29.52,2.78,1.07
2023-08-04,801110,14.56,2.49,3.71
2023-08-04,801050,13.73,2.34,1.75
2023-08-04,801040,25.38,1.03,1.94
2023-08-04,801030,17.57,2.05,1.65
2023-08-04,801120,31.38,6.07,2.05
2023-08-04,801080,44.91,2.78,0.75
2023-08-04,801710,19.83,1.51,2.09
2023-08-04,801880,31.75,2.31,1.07
2023-08-04,801790,16.44,1.29,2.25
2023-08-04,801890,31.29,2.42,1.03
2023-08-04,801770,34.2,2.52,0.98
2023-08-04,801760,45.68,2.68,1.37
2023-08-04,801750,69.31,3.87,0.48
2023-08-04,801730,21.99,3.21,1.07
2023-08-04,801780,4.91,0.49,5.34
2023-08-07,801180,15.8,0.91,2.36
2023-08-07,801170,13.63,1.44,3.29
2023-08-07,801160,24.66,1.66,1.9
2023-08-07,801150,25.73,2.76,1.25
2023-08-07,801110,14.5,2.48,2.71
2023-08-07,801080,44.93,2.78,0.68
2023-08-07,801050,13.75,2.34,1.75
2023-08-07,801040,25.03,1.02,1.97
2023-08-07,801030,17.45,2.03,1.66
2023-08-07,801010,29.75,2.8,1.05
2023-08-07,801120,31.08,6.01,2.07
2023-08-07,801710,19.53,1.49,2.12
2023-08-07,801890,31.19,2.41,1.03
2023-08-07,801880,31.71,2.31,1.08
2023-08-07,801790,16.38,1.29,2.1
2023-08-07,801770,33.68,2.48,0.97
2023-08-07,801760,46.51,2.73,1.34
2023-08-07,801750,69.47,3.88,0.47
2023-08-07,801730,21.9,3.2,1.07
2023-08-07,801780,4.86,0.48,5.4
2023-08-08,801170,13.6,1.44,3.29
2023-08-08,801160,24.63,1.66,1.91
2023-08-08,801150,25.96,2.78,1.23
2023-08-08,801120,31.12,6.01,2.07
2023-08-08,801050,13.8,2.35,1.74
2023-08-08,801080,44.62,2.76,0.68
2023-08-08,801040,24.81,1.01,1.99
2023-08-08,801030,17.53,2.04,1.66
2023-08-08,801010,29.63,2.79,1.06
2023-08-08,801180,15.58,0.89,2.39
2023-08-08,801110,14.39,2.46,2.73
2023-08-08,801890,30.95,2.39,1.04
2023-08-08,801790,16.27,1.28,2.11
2023-08-08,801780,4.84,0.48,5.42
2023-08-08,801880,31.53,2.3,1.08
2023-08-08,801760,46.47,2.73,1.34
2023-08-08,801750,68.7,3.83,0.48
2023-08-08,801730,21.77,3.18,1.08
2023-08-08,801710,19.41,1.48,2.13
2023-08-08,801770,33.4,2.46,0.97
2023-08-09,801180,15.62,0.9,2.39
2023-08-09,801170,13.54,1.43,3.31
2023-08-09,801160,24.38,1.64,1.93
2023-08-09,801150,26.28,2.82,1.23
2023-08-09,801110,14.3,2.45,3.26
2023-08-09,801080,43.88,2.72,0.69
2023-08-09,801050,13.67,2.33,1.76
2023-08-09,801040,24.75,1.0,1.99
2023-08-09,801030,17.47,2.04,1.66
2023-08-09,801010,29.31,2.76,1.07
2023-08-09,801120,31.13,6.02,2.07
2023-08-09,801710,19.37,1.48,2.14
2023-08-09,801880,31.26,2.28,1.09
2023-08-09,801790,16.21,1.27,2.07
2023-08-09,801890,30.49,2.36,1.05
2023-08-09,801770,32.58,2.4,1.0
2023-08-09,801760,44.98,2.64,1.33
2023-08-09,801750,68.08,3.8,0.48
2023-08-09,801730,21.67,3.17,1.08
2023-08-09,801780,4.85,0.48,5.41
2023-08-10,801180,15.68,0.9,2.38
2023-08-10,801170,13.81,1.46,3.24
2023-08-10,801160,24.52,1.65,2.0
2023-08-10,801150,26.24,2.81,1.26
2023-08-10,801010,29.51,2.77,1.06
2023-08-10,801110,14.17,2.43,3.29
2023-08-10,801080,43.89,2.72,0.69
2023-08-10,801040,24.75,1.01,1.99
2023-08-10,801030,17.52,2.04,1.66
2023-08-10,801120,30.99,5.99,2.08
2023-08-10,801050,13.64,2.32,1.76
2023-08-10,801710,19.31,1.47,2.14
2023-08-10,801890,30.55,2.36,1.05
2023-08-10,801880,31.06,2.26,1.1
2023-08-10,801790,16.42,1.29,2.08
2023-08-10,801770,32.5,2.39,1.0
2023-08-10,801760,45.06,2.66,1.32
2023-08-10,801750,68.1,3.8,0.48
2023-08-10,801730,21.76,3.18,1.07
2023-08-10,801780,4.85,0.48,5.41
2023-08-11,801180,15.62,0.9,2.4
2023-08-11,801170,13.55,1.43,3.35
2023-08-11,801160,24.03,1.62,2.04
2023-08-11,801150,26.03,2.79,1.26
2023-08-11,801050,13.35,2.27,1.8
2023-08-11,801110,13.86,2.37,3.42
2023-08-11,801080,42.88,2.66,0.7
2023-08-11,801040,24.3,0.99,2.03
2023-08-11,801030,17.22,2.01,1.69
2023-08-11,801010,28.77,2.7,1.09
2023-08-11,801120,30.33,5.86,2.13
2023-08-11,801710,18.85,1.44,2.19
2023-08-11,801880,30.53,2.22,1.12
2023-08-11,801790,15.75,1.24,2.27
2023-08-11,801890,29.87,2.31,1.2
2023-08-11,801770,32.03,2.35,1.01
2023-08-11,801760,44.32,2.62,1.34
2023-08-11,801750,66.27,3.7,0.49
2023-08-11,801730,21.28,3.11,1.1
2023-08-11,801780,4.75,0.47,5.52
2023-08-14,801180,15.43,0.88,2.43
2023-08-14,801170,13.53,1.43,3.35
2023-08-14,801160,24.14,1.63,2.03
2023-08-14,801150,26.16,2.8,1.25
2023-08-14,801010,28.56,2.68,1.1
2023-08-14,801110,13.86,2.37,3.44
2023-08-14,801080,42.76,2.65,0.7
2023-08-14,801050,13.24,2.25,1.82
2023-08-14,801040,24.37,0.99,2.02
2023-08-14,801030,17.18,2.0,1.69
2023-08-14,801120,29.92,5.78,2.16
2023-08-14,801710,18.93,1.44,2.19
2023-08-14,801890,29.92,2.31,1.08
2023-08-14,801880,30.02,2.19,1.13
2023-08-14,801780,4.69,0.47,5.59
2023-08-14,801770,32.53,2.39,1.0
2023-08-14,801760,45.58,2.69,1.3
2023-08-14,801750,67.44,3.76,0.48
2023-08-14,801730,21.04,3.08,1.11
2023-08-14,801790,15.56,1.22,2.29
2023-08-15,801180,15.35,0.88,2.44
2023-08-15,801170,13.51,1.43,3.36
2023-08-15,801160,24.23,1.63,2.02
2023-08-15,801150,26.17,2.8,1.25
2023-08-15,801010,28.44,2.67,1.1
2023-08-15,801110,13.8,2.36,3.46
2023-08-15,801080,42.22,2.62,0.71
2023-08-15,801050,13.12,2.23,1.83
2023-08-15,801040,24.29,0.99,2.03
2023-08-15,801030,17.08,1.99,1.7
2023-08-15,801120,29.86,5.77,2.17
2023-08-15,801710,18.89,1.44,2.19
2023-08-15,801890,29.73,2.3,1.09
2023-08-15,801880,29.79,2.17,1.14
2023-08-15,801780,4.74,0.47,5.53
2023-08-15,801770,32.25,2.37,1.01
2023-08-15,801760,44.47,2.63,1.33
2023-08-15,801750,66.6,3.72,0.49
2023-08-15,801730,20.72,3.03,1.13
2023-08-15,801790,15.77,1.24,2.26
2023-08-16,801180,15.65,0.9,2.41
2023-08-16,801170,13.42,1.42,3.38
2023-08-16,801160,24.06,1.62,2.06
2023-08-16,801150,26.06,2.79,1.25
2023-08-16,801110,13.76,2.36,3.47
2023-08-16,801080,41.46,2.57,0.73
2023-08-16,801050,12.99,2.21,1.85
2023-08-16,801040,24.29,0.99,2.03
2023-08-16,801030,16.93,1.97,1.7
2023-08-16,801010,28.29,2.66,1.11
2023-08-16,801120,29.87,5.78,2.17
2023-08-16,801710,18.99,1.45,2.18
2023-08-16,801890,29.39,2.27,1.1
2023-08-16,801880,29.39,2.14,1.15
2023-08-16,801790,15.77,1.24,2.26
2023-08-16,801770,31.51,2.31,1.03
2023-08-16,801760,43.55,2.57,1.36
2023-08-16,801750,64.8,3.61,0.5
2023-08-16,801730,20.53,3.0,1.12
2023-08-16,801780,4.73,0.47,5.54
2023-08-17,801170,13.5,1.43,3.36
2023-08-17,801160,24.13,1.63,2.03
2023-08-17,801150,26.1,2.8,1.24
2023-08-17,801120,30.22,5.85,2.14
2023-08-17,801050,13.07,2.23,1.84
2023-08-17,801080,41.74,2.59,0.72
2023-08-17,801040,24.37,0.99,2.02
2023-08-17,801030,17.0,1.98,1.7
2023-08-17,801010,28.49,2.68,1.1
2023-08-17,801180,15.61,0.9,2.42
2023-08-17,801110,13.91,2.38,3.43
2023-08-17,801890,30.09,2.32,1.07
2023-08-17,801790,15.71,1.23,2.27
2023-08-17,801780,4.69,0.47,5.59
2023-08-17,801880,29.94,2.18,1.13
2023-08-17,801760,44.05,2.6,1.34
2023-08-17,801750,65.2,3.64,0.5
2023-08-17,801730,20.67,3.02,1.11
2023-08-17,801710,19.0,1.45,2.18
2023-08-17,801770,31.87,2.34,1.02
2023-08-18,801180,15.31,0.88,2.46
2023-08-18,801170,13.46,1.42,3.37
2023-08-18,801160,24.0,1.62,2.05
2023-08-18,801150,25.44,2.73,1.28
2023-08-18,801110,13.65,2.34,3.49
2023-08-18,801080,40.89,2.53,0.74
2023-08-18,801050,12.81,2.18,1.88
2023-08-18,801040,24.18,0.98,2.04
2023-08-18,801030,16.8,1.96,1.71
2023-08-18,801010,27.97,2.66,1.12
2023-08-18,801120,29.64,5.74,2.18
2023-08-18,801710,18.86,1.44,2.19
2023-08-18,801890,29.64,2.29,1.11
2023-08-18,801880,29.47,2.15,1.15
2023-08-18,801790,15.52,1.22,2.31
2023-08-18,801770,30.78,2.27,1.04
2023-08-18,801760,42.54,2.51,1.39
2023-08-18,801750,63.38,3.54,0.51
2023-08-18,801730,20.48,2.99,1.13
2023-08-18,801780,4.72,0.47,5.56
2023-08-21,801180,15.01,0.86,2.49
2023-08-21,801170,13.14,1.39,3.38
2023-08-21,801160,23.81,1.6,2.06
2023-08-21,801150,25.22,2.7,1.29
2023-08-21,801050,12.68,2.16,1.8
2023-08-21,801110,13.5,2.31,3.53
2023-08-21,801080,40.48,2.51,0.74
2023-08-21,801040,23.92,0.97,2.02
2023-08-21,801030,16.64,1.94,1.73
2023-08-21,801010,27.56,2.62,1.13
2023-08-21,801120,29.48,5.72,2.19
2023-08-21,801710,18.77,1.43,2.2
2023-08-21,801890,29.27,2.26,1.06
2023-08-21,801880,29.08,2.12,1.16
2023-08-21,801790,15.05,1.18,2.35
2023-08-21,801770,30.99,2.27,1.03
2023-08-21,801760,42.36,2.5,1.39
2023-08-21,801750,63.34,3.55,0.51
2023-08-21,801730,20.07,2.93,1.15
2023-08-21,801780,4.64,0.46,5.66
2023-08-22,801170,13.1,1.38,3.39
2023-08-22,801160,23.77,1.6,2.07
2023-08-22,801150,25.04,2.68,1.3
2023-08-22,801120,29.42,5.7,2.2
2023-08-22,801050,12.82,2.18,1.78
2023-08-22,801080,41.16,2.55,0.73
2023-08-22,801040,23.96,0.97,2.02
2023-08-22,801030,16.62,1.94,1.73
2023-08-22,801010,27.53,2.62,1.14
2023-08-22,801180,15.09,0.87,2.48
2023-08-22,801110,13.55,2.32,3.52
2023-08-22,801890,29.47,2.27,1.06
2023-08-22,801880,29.27,2.13,1.15
2023-08-22,801790,15.25,1.2,2.35
2023-08-22,801780,4.69,0.47,5.59
2023-08-22,801760,43.62,2.57,1.35
2023-08-22,801750,65.34,3.66,0.49
2023-08-22,801730,19.9,2.92,1.16
2023-08-22,801710,18.85,1.45,2.19
2023-08-22,801770,32.18,2.36,0.99
2023-08-23,801180,14.81,0.85,2.53
2023-08-23,801170,12.95,1.37,3.43
2023-08-23,801160,23.47,1.58,2.09
2023-08-23,801150,24.63,2.64,1.32
2023-08-23,801050,12.53,2.13,1.83
2023-08-23,801110,13.37,2.29,3.57
2023-08-23,801080,40.1,2.48,0.75
2023-08-23,801040,23.66,0.96,2.04
2023-08-23,801030,16.42,1.91,1.75
2023-08-23,801010,27.39,2.61,1.14
2023-08-23,801120,29.03,5.63,2.23
2023-08-23,801710,18.49,1.42,2.24
2023-08-23,801890,28.98,2.23,1.08
2023-08-23,801880,28.78,2.09,1.17
2023-08-23,801790,14.95,1.17,2.4
2023-08-23,801770,31.29,2.3,1.02
2023-08-23,801760,42.96,2.53,1.37
2023-08-23,801750,63.5,3.56,0.5
2023-08-23,801730,19.39,2.85,1.19
2023-08-23,801780,4.68,0.47,5.61
2023-08-24,801180,14.67,0.84,2.35
2023-08-24,801170,12.88,1.36,3.45
2023-08-24,801160,23.26,1.56,2.11
2023-08-24,801150,24.99,2.68,1.29
2023-08-24,801050,12.74,2.17,1.85
2023-08-24,801110,13.57,2.33,3.29
2023-08-24,801080,40.52,2.51,0.74
2023-08-24,801040,23.42,0.95,2.07
2023-08-24,801030,16.53,1.92,1.74
2023-08-24,801010,27.91,2.66,1.12
2023-08-24,801120,29.67,5.75,2.18
2023-08-24,801710,18.33,1.41,2.26
2023-08-24,801880,29.04,2.11,1.16
2023-08-24,801790,15.06,1.18,2.38
2023-08-24,801890,28.76,2.21,1.09
2023-08-24,801770,31.22,2.29,1.02
2023-08-24,801760,43.88,2.59,1.33
2023-08-24,801750,63.22,3.54,0.5
2023-08-24,801730,19.59,2.86,1.18
2023-08-24,801780,4.66,0.46,5.63
2023-08-25,801180,14.79,0.85,3.04
2023-08-25,801170,12.8,1.35,3.48
2023-08-25,801160,23.38,1.57,2.11
2023-08-25,801150,24.8,2.66,1.3
2023-08-25,801010,27.97,2.66,1.12
2023-08-25,801110,13.46,2.31,3.6
2023-08-25,801080,39.37,2.44,0.76
2023-08-25,801050,12.54,2.13,1.88
2023-08-25,801040,23.51,0.95,2.06
2023-08-25,801030,16.41,1.9,1.75
2023-08-25,801120,29.56,5.74,2.2
2023-08-25,801710,18.34,1.4,2.26
2023-08-25,801890,28.25,2.17,1.12
2023-08-25,801880,28.56,2.08,1.25
2023-08-25,801780,4.7,0.47,5.59
2023-08-25,801770,29.94,2.19,1.07
2023-08-25,801760,42.35,2.49,1.41
2023-08-25,801750,60.65,3.4,0.53
2023-08-25,801730,19.39,2.82,1.2
2023-08-25,801790,15.13,1.19,2.62
2023-08-28,801180,15.43,0.89,1.94
2023-08-28,801170,12.93,1.36,3.43
2023-08-28,801160,23.41,1.57,2.1
2023-08-28,801150,24.98,2.67,1.29
2023-08-28,801110,13.64,2.34,3.55
2023-08-28,801080,39.73,2.46,0.74
2023-08-28,801050,12.58,2.12,1.87
2023-08-28,801040,23.93,0.97,2.02
2023-08-28,801030,16.55,1.92,1.74
2023-08-28,801010,28.01,2.69,1.12
2023-08-28,801120,29.46,5.8,2.24
2023-08-28,801710,18.77,1.43,2.2
2023-08-28,801890,28.52,2.19,1.1
2023-08-28,801880,28.83,2.1,1.16
2023-08-28,801790,15.49,1.22,2.33
2023-08-28,801770,30.39,2.22,1.05
2023-08-28,801760,43.08,2.54,1.36
2023-08-28,801750,61.08,3.42,0.52
2023-08-28,801730,19.58,2.84,1.18
2023-08-28,801780,4.77,0.47,5.5
2023-08-29,801180,15.86,0.91,1.92
2023-08-29,801170,13.07,1.37,3.39
2023-08-29,801160,23.5,1.57,2.1
2023-08-29,801150,25.51,2.73,1.27
2023-08-29,801050,12.77,2.16,1.84
2023-08-29,801110,13.8,2.37,3.51
2023-08-29,801080,41.18,2.55,0.72
2023-08-29,801040,23.92,0.97,2.02
2023-08-29,801030,16.82,1.96,1.71
2023-08-29,801010,28.24,2.71,1.11
2023-08-29,801120,29.83,5.97,2.21
2023-08-29,801710,18.98,1.45,2.18
2023-08-29,801890,29.43,2.26,1.07
2023-08-29,801880,29.98,2.18,1.12
2023-08-29,801790,15.45,1.21,2.34
2023-08-29,801770,31.27,2.28,1.02
2023-08-29,801760,44.67,2.63,1.31
2023-08-29,801750,63.43,3.53,0.5
2023-08-29,801730,20.15,2.91,1.15
2023-08-29,801780,4.71,0.47,5.58
2023-08-30,801170,12.94,1.36,3.42
2023-08-30,801160,23.36,1.56,2.1
2023-08-30,801150,25.5,2.73,1.27
2023-08-30,801120,29.81,5.97,2.21
2023-08-30,801050,12.82,2.17,1.84
2023-08-30,801080,42.07,2.6,0.69
2023-08-30,801040,22.98,0.96,2.01
2023-08-30,801030,16.84,1.95,1.71
2023-08-30,801010,27.96,2.68,1.12
2023-08-30,801180,15.82,0.91,1.93
2023-08-30,801110,13.93,2.4,3.48
2023-08-30,801890,29.53,2.27,1.05
2023-08-30,801880,30.13,2.18,1.11
2023-08-30,801790,15.12,1.19,2.39
2023-08-30,801780,4.65,0.46,5.64
2023-08-30,801760,45.53,2.67,1.28
2023-08-30,801750,64.87,3.61,0.49
2023-08-30,801730,20.14,2.9,1.15
2023-08-30,801710,19.02,1.45,2.18
2023-08-30,801770,31.63,2.31,1.01
2023-08-31,801180,15.04,0.87,2.03
2023-08-31,801170,12.83,1.35,3.39
2023-08-31,801160,23.4,1.56,2.1
2023-08-31,801150,25.5,2.73,1.27
2023-08-31,801050,12.7,2.15,1.85
2023-08-31,801110,13.91,2.41,3.48
2023-08-31,801080,42.33,2.62,0.69
2023-08-31,801040,22.81,0.95,2.02
2023-08-31,801030,16.79,1.96,1.72
2023-08-31,801010,27.81,2.71,1.12
2023-08-31,801120,29.65,5.97,2.22
2023-08-31,801710,18.72,1.43,2.21
2023-08-31,801880,29.88,2.16,1.12
2023-08-31,801790,14.96,1.17,2.42
2023-08-31,801890,29.46,2.26,1.05
2023-08-31,801770,31.57,2.31,1.14
2023-08-31,801760,44.82,2.63,1.31
2023-08-31,801750,64.46,3.57,0.49
2023-08-31,801730,19.97,2.87,1.16
2023-08-31,801780,4.64,0.46,5.66
2023-09-01,801180,14.92,0.87,2.02
2023-09-01,801170,14.56,1.36,3.37
2023-09-01,801160,22.55,1.55,2.11
2023-09-01,801150,26.24,2.72,1.27
2023-09-01,801110,13.57,2.46,3.41
2023-09-01,801080,46.78,2.61,0.69
2023-09-01,801050,14.91,2.2,1.82
2023-09-01,801040,25.13,0.98,1.98
2023-09-01,801030,21.47,1.97,1.7
2023-09-01,801010,32.94,2.73,1.12
2023-09-01,801120,29.12,6.04,2.19
2023-09-01,801710,20.87,1.45,2.17
2023-09-01,801890,28.65,2.27,1.04
2023-09-01,801880,27.32,2.18,1.11
2023-09-01,801790,16.22,1.18,2.39
2023-09-01,801770,29.86,2.28,1.29
2023-09-01,801760,42.83,2.61,1.32
2023-09-01,801750,65.32,3.54,0.5
2023-09-01,801730,19.37,2.86,1.16
2023-09-01,801780,4.62,0.46,5.6
2023-09-04,801170,14.77,1.38,3.32
2023-09-04,801160,22.68,1.56,2.1
2023-09-04,801150,26.38,2.73,1.27
2023-09-04,801120,29.73,6.16,2.15
2023-09-04,801050,15.38,2.26,1.76
2023-09-04,801080,47.55,2.65,0.68
2023-09-04,801040,25.95,1.01,1.92
2023-09-04,801030,21.94,2.02,1.67
2023-09-04,801010,33.16,2.75,1.11
2023-09-04,801180,14.98,0.87,2.01
2023-09-04,801110,13.69,2.48,3.38
2023-09-04,801890,29.23,2.32,1.02
2023-09-04,801790,16.46,1.2,2.36
2023-09-04,801780,4.71,0.47,5.49
2023-09-04,801880,27.71,2.21,1.1
2023-09-04,801760,43.02,2.62,1.31
2023-09-04,801750,66.35,3.6,0.49
2023-09-04,801730,19.53,2.89,1.15
2023-09-04,801710,21.43,1.49,2.11
2023-09-04,801770,30.33,2.32,1.27
2023-09-05,801180,14.63,0.85,2.06
2023-09-05,801170,14.67,1.37,3.34
2023-09-05,801160,22.84,1.57,2.08
2023-09-05,801150,26.3,2.72,1.27
2023-09-05,801110,13.64,2.47,3.4
2023-09-05,801080,47.55,2.65,0.68
2023-09-05,801050,15.32,2.25,1.77
2023-09-05,801040,25.72,1.0,1.93
2023-09-05,801030,21.86,2.01,1.67
2023-09-05,801010,32.92,2.73,1.12
2023-09-05,801120,29.48,6.11,2.17
2023-09-05,801710,21.2,1.48,2.14
2023-09-05,801880,27.46,2.19,1.11
2023-09-05,801790,16.21,1.18,2.39
2023-09-05,801890,29.18,2.32,1.03
2023-09-05,801770,29.9,2.28,1.29
2023-09-05,801760,42.2,2.57,1.34
2023-09-05,801750,65.44,3.55,0.5
2023-09-05,801730,19.58,2.89,1.14
2023-09-05,801780,4.66,0.47,5.56
2023-09-06,801180,14.98,0.87,2.01
2023-09-06,801170,14.5,1.36,3.38
2023-09-06,801160,22.7,1.56,2.09
2023-09-06,801150,26.01,2.69,1.28
2023-09-06,801110,13.55,2.45,3.42
2023-09-06,801080,48.06,2.73,0.68
2023-09-06,801050,15.27,2.25,1.77
2023-09-06,801040,25.44,0.99,1.95
2023-09-06,801030,21.96,2.02,1.66
2023-09-06,801010,32.74,2.72,1.12
2023-09-06,801120,29.46,6.11,2.17
2023-09-06,801710,21.04,1.47,2.15
2023-09-06,801890,29.28,2.32,1.02
2023-09-06,801880,27.6,2.2,1.1
2023-09-06,801790,16.24,1.18,2.39
2023-09-06,801770,30.12,2.3,1.28
2023-09-06,801760,41.55,2.53,1.36
2023-09-06,801750,65.51,3.55,0.5
2023-09-06,801730,19.49,2.88,1.16
2023-09-06,801780,4.67,0.47,5.54
2023-09-07,801170,14.29,1.34,3.41
2023-09-07,801160,22.45,1.54,2.12
2023-09-07,801150,25.59,2.65,1.3
2023-09-07,801120,29.06,6.03,2.2
2023-09-07,801050,15.02,2.21,1.8
2023-09-07,801080,46.77,2.66,0.69
2023-09-07,801040,25.06,0.97,1.98
2023-09-07,801030,21.64,1.99,1.69
2023-09-07,801010,32.36,2.69,1.14
2023-09-07,801180,14.85,0.87,2.03
2023-09-07,801110,13.4,2.43,3.46
2023-09-07,801890,28.76,2.28,1.04
2023-09-07,801790,16.12,1.17,2.4
2023-09-07,801780,4.66,0.47,5.51
2023-09-07,801880,27.12,2.16,1.12
2023-09-07,801760,41.04,2.5,1.38
2023-09-07,801750,64.6,3.5,0.5
2023-09-07,801730,18.96,2.8,1.19
2023-09-07,801710,20.83,1.45,2.18
2023-09-07,801770,29.56,2.26,1.21
2023-09-11,801180,14.67,0.85,2.05
2023-09-11,801170,14.41,1.35,3.38
2023-09-11,801160,22.76,1.57,2.08
2023-09-11,801150,26.32,2.73,1.27
2023-09-11,801110,13.39,2.42,3.45
2023-09-11,801080,47.27,2.69,0.69
2023-09-11,801050,15.12,2.23,1.79
2023-09-11,801040,24.93,0.97,1.99
2023-09-11,801030,21.75,2.0,1.68
2023-09-11,801010,32.53,2.7,1.13
2023-09-11,801120,29.06,6.03,2.23
2023-09-11,801710,20.6,1.44,2.2
2023-09-11,801890,29.07,2.31,1.03
2023-09-11,801880,27.63,2.2,1.1
2023-09-11,801790,16.34,1.19,2.37
2023-09-11,801770,30.32,2.32,1.06
2023-09-11,801760,40.92,2.49,1.38
2023-09-11,801750,65.51,3.55,0.5
2023-09-11,801730,18.88,2.78,1.19
2023-09-11,801780,4.66,0.47,5.52
2023-09-12,801180,14.61,0.85,2.06
2023-09-12,801170,14.49,1.35,3.38
2023-09-12,801160,22.86,1.57,2.08
2023-09-12,801150,26.42,2.74,1.26
2023-09-12,801050,15.07,2.22,1.8
2023-09-12,801110,13.54,2.45,3.41
2023-09-12,801080,47.21,2.68,0.69
2023-09-12,801040,24.92,0.97,1.99
2023-09-12,801030,21.8,2.0,1.68
2023-09-12,801010,32.96,2.74,1.11
2023-09-12,801120,28.99,6.01,2.23
2023-09-12,801710,20.45,1.43,2.22
2023-09-12,801890,29.08,2.31,1.03
2023-09-12,801880,27.92,2.23,1.09
2023-09-12,801790,16.17,1.18,2.4
2023-09-12,801770,30.41,2.32,1.06
2023-09-12,801760,40.29,2.45,1.4
2023-09-12,801750,65.32,3.54,0.5
2023-09-12,801730,18.84,2.78,1.2
2023-09-12,801780,4.65,0.47,5.53
2023-09-13,801170,14.51,1.35,3.39
2023-09-13,801160,22.88,1.57,2.07
2023-09-13,801150,26.17,2.71,1.28
2023-09-13,801120,28.99,6.01,2.23
2023-09-13,801050,15.0,2.21,1.81
2023-09-13,801080,46.37,2.64,0.7
2023-09-13,801040,25.04,0.97,1.99
2023-09-13,801030,21.65,1.99,1.69
2023-09-13,801010,32.69,2.71,1.12
2023-09-13,801180,14.61,0.85,2.06
2023-09-13,801110,13.43,2.43,3.44
2023-09-13,801890,28.71,2.28,1.04
2023-09-13,801880,27.45,2.19,1.1
2023-09-13,801790,16.01,1.17,2.42
2023-09-13,801780,4.65,0.47,5.53
2023-09-13,801760,39.75,2.42,1.42
2023-09-13,801750,63.44,3.44,0.51
2023-09-13,801730,18.6,2.74,1.21
2023-09-13,801710,20.35,1.42,2.23
2023-09-13,801770,29.83,2.28,1.08
2023-09-14,801180,14.48,0.84,2.08
2023-09-14,801170,14.53,1.35,3.38
2023-09-14,801160,23.1,1.59,2.05
2023-09-14,801150,26.23,2.72,1.27
2023-09-14,801050,15.12,2.23,1.8
2023-09-14,801110,13.35,2.42,3.46
2023-09-14,801080,45.9,2.61,0.71
2023-09-14,801040,25.25,0.98,1.97
2023-09-14,801030,21.56,1.98,1.7
2023-09-14,801010,32.41,2.69,1.13
2023-09-14,801120,28.86,5.98,2.24
2023-09-14,801710,20.28,1.41,2.24
2023-09-14,801890,28.52,2.26,1.05
2023-09-14,801880,27.02,2.16,1.12
2023-09-14,801790,16.03,1.17,2.42
2023-09-14,801770,29.99,2.29,1.08
2023-09-14,801760,39.38,2.4,1.43
2023-09-14,801750,62.87,3.41,0.52
2023-09-14,801730,18.4,2.71,1.22
2023-09-14,801780,4.7,0.47,5.49
2023-09-15,801180,14.52,0.84,2.07
2023-09-15,801170,14.53,1.35,3.38
2023-09-15,801160,22.85,1.57,2.08
2023-09-15,801150,26.72,2.77,1.25
2023-09-15,801050,15.15,2.23,1.8
2023-09-15,801110,13.25,2.4,3.49
2023-09-15,801080,46.01,2.62,0.71
2023-09-15,801040,25.33,0.98,1.96
2023-09-15,801030,21.47,1.97,1.7
2023-09-15,801010,32.42,2.69,1.13
2023-09-15,801120,28.48,5.91,2.28
2023-09-15,801710,20.29,1.41,2.23
2023-09-15,801880,27.03,2.16,1.12
2023-09-15,801790,15.96,1.16,2.43
2023-09-15,801890,28.43,2.26,1.06
2023-09-15,801770,29.46,2.25,1.09
2023-09-15,801760,39.23,2.39,1.44
2023-09-15,801750,62.13,3.37,0.52
2023-09-15,801730,18.2,2.68,1.24
2023-09-15,801780,4.68,0.47,5.52
2023-09-18,801180,14.37,0.84,2.09
2023-09-18,801170,14.53,1.35,3.38
2023-09-18,801160,22.8,1.57,2.08
2023-09-18,801150,27.03,2.8,1.23
2023-09-18,801010,32.51,2.7,1.13
2023-09-18,801110,13.35,2.41,3.47
2023-09-18,801080,45.83,2.6,0.71
2023-09-18,801050,15.18,2.24,1.8
2023-09-18,801040,25.26,0.98,1.97
2023-09-18,801030,21.52,1.98,1.7
2023-09-18,801120,28.92,6.0,2.22
2023-09-18,801710,20.23,1.41,2.24
2023-09-18,801890,28.59,2.27,1.05
2023-09-18,801880,27.69,2.21,1.1
2023-09-18,801780,4.68,0.47,5.51
2023-09-18,801770,29.17,2.22,1.11
2023-09-18,801760,39.46,2.4,1.43
2023-09-18,801750,62.12,3.37,0.52
2023-09-18,801730,18.41,2.71,1.22
2023-09-18,801790,15.99,1.17,2.42
2023-09-19,801180,14.33,0.83,2.1
2023-09-19,801170,14.58,1.36,3.37
2023-09-19,801160,22.81,1.57,2.08
2023-09-19,801150,26.99,2.79,1.24
2023-09-19,801110,13.31,2.41,3.48
2023-09-19,801080,45.39,2.58,0.72
2023-09-19,801050,15.45,2.23,1.77
2023-09-19,801040,25.46,0.99,1.95
2023-09-19,801030,21.32,1.97,1.71
2023-09-19,801010,32.52,2.7,1.13
2023-09-19,801120,28.78,5.97,2.23
2023-09-19,801710,20.36,1.42,2.23
2023-09-19,801890,28.38,2.25,1.06
2023-09-19,801880,27.55,2.2,1.1
2023-09-19,801790,15.99,1.17,2.42
2023-09-19,801770,28.92,2.21,1.12
2023-09-19,801760,38.88,2.37,1.46
2023-09-19,801750,60.97,3.3,0.53
2023-09-19,801730,17.95,2.67,1.28
2023-09-19,801780,4.71,0.47,5.48
2023-09-20,801180,14.33,0.83,2.1
2023-09-20,801170,14.46,1.37,3.4
2023-09-20,801160,22.63,1.56,2.09
2023-09-20,801150,26.88,2.78,1.24
2023-09-20,801050,15.32,2.21,1.79
2023-09-20,801110,13.39,2.42,3.46
2023-09-20,801080,44.95,2.55,0.72
2023-09-20,801040,25.43,0.99,1.95
2023-09-20,801030,21.17,1.95,1.74
2023-09-20,801010,32.73,2.72,1.12
2023-09-20,801120,28.66,5.94,2.24
2023-09-20,801710,20.4,1.42,2.22
2023-09-20,801890,28.2,2.24,1.07
2023-09-20,801880,27.26,2.18,1.12
2023-09-20,801790,15.92,1.16,2.44
2023-09-20,801770,28.89,2.2,1.12
2023-09-20,801760,38.56,2.35,1.47
2023-09-20,801750,60.79,3.29,0.53
2023-09-20,801730,17.74,2.64,1.3
2023-09-20,801780,4.73,0.47,5.46
2023-09-21,801170,14.44,1.36,3.4
2023-09-21,801160,22.46,1.55,2.11
2023-09-21,801150,26.58,2.75,1.26
2023-09-21,801120,28.19,5.85,2.27
2023-09-21,801050,15.17,2.19,1.8
2023-09-21,801080,44.93,2.55,0.72
2023-09-21,801040,25.21,0.98,1.97
2023-09-21,801030,20.99,1.94,1.75
2023-09-21,801010,32.15,2.67,1.14
2023-09-21,801180,14.31,0.83,2.1
2023-09-21,801110,13.3,2.41,3.48
2023-09-21,801890,28.03,2.22,1.07
2023-09-21,801880,26.86,2.14,1.13
2023-09-21,801790,15.8,1.15,2.45
2023-09-21,801780,4.7,0.47,5.49
2023-09-21,801760,38.21,2.33,1.48
2023-09-21,801750,60.77,3.29,0.53
2023-09-21,801730,17.54,2.6,1.3
2023-09-21,801710,20.25,1.41,2.24
2023-09-21,801770,29.08,2.22,1.11
2023-09-22,801180,14.45,0.84,2.08
2023-09-22,801170,14.52,1.37,3.38
2023-09-22,801160,22.55,1.55,2.1
2023-09-22,801150,26.84,2.78,1.24
2023-09-22,801050,15.2,2.19,1.8
2023-09-22,801110,13.47,2.43,3.44
2023-09-22,801080,46.18,2.62,0.7
2023-09-22,801040,25.16,0.98,1.98
2023-09-22,801030,21.26,1.96,1.73
2023-09-22,801010,32.45,2.7,1.13
2023-09-22,801120,28.82,5.97,2.22
2023-09-22,801710,20.43,1.42,2.22
2023-09-22,801880,27.26,2.18,1.12
2023-09-22,801790,16.26,1.19,2.37
2023-09-22,801890,28.61,2.27,1.05
2023-09-22,801770,30.37,2.32,1.06
2023-09-22,801760,39.92,2.43,1.42
2023-09-22,801750,62.94,3.41,0.52
2023-09-22,801730,17.89,2.65,1.28
2023-09-22,801780,4.75,0.48,5.43
2023-09-25,801180,14.13,0.82,2.13
2023-09-25,801170,14.46,1.37,3.39
2023-09-25,801160,22.47,1.55,2.11
2023-09-25,801150,27.19,2.82,1.06
2023-09-25,801110,13.43,2.42,3.3
2023-09-25,801080,45.75,2.6,0.52
2023-09-25,801050,15.06,2.17,1.79
2023-09-25,801040,24.99,0.97,1.97
2023-09-25,801030,21.12,1.95,1.66
2023-09-25,801010,32.45,2.7,1.12
2023-09-25,801120,28.61,5.93,2.24
2023-09-25,801710,20.21,1.41,2.23
2023-09-25,801890,28.61,2.27,0.91
2023-09-25,801880,27.36,2.18,1.11
2023-09-25,801790,15.89,1.16,2.43
2023-09-25,801770,30.13,2.3,1.03
2023-09-25,801760,39.62,2.42,1.43
2023-09-25,801750,62.17,3.37,0.45
2023-09-25,801730,17.82,2.64,1.14
2023-09-25,801780,4.75,0.48,5.43
2023-09-26,801170,14.38,1.36,3.41
2023-09-26,801160,22.43,1.54,2.12
2023-09-26,801150,27.04,2.8,1.07
2023-09-26,801120,28.35,5.88,2.26
2023-09-26,801050,14.92,2.15,1.81
2023-09-26,801080,45.29,2.57,0.52
2023-09-26,801040,24.78,0.96,1.98
2023-09-26,801030,20.9,1.92,1.68
2023-09-26,801010,32.29,2.69,1.17
2023-09-26,801180,14.06,0.82,2.14
2023-09-26,801110,13.33,2.4,3.32
2023-09-26,801890,28.77,2.28,0.91
2023-09-26,801790,15.85,1.16,2.44
2023-09-26,801780,4.73,0.47,5.45
2023-09-26,801880,27.05,2.16,1.12
2023-09-26,801760,40.14,2.45,1.41
2023-09-26,801750,62.67,3.4,0.45
2023-09-26,801730,17.65,2.62,1.16
2023-09-26,801710,20.03,1.4,2.25
2023-09-26,801770,30.01,2.29,1.03
2023-09-27,801180,14.0,0.81,2.15
2023-09-27,801170,14.37,1.36,3.41
2023-09-27,801160,22.4,1.54,2.12
2023-09-27,801150,27.6,2.86,1.04
2023-09-27,801110,13.36,2.41,3.32
2023-09-27,801080,45.25,2.57,0.52
2023-09-27,801050,14.89,2.15,1.84
2023-09-27,801040,24.95,0.96,2.01
2023-09-27,801030,20.95,1.93,1.67
2023-09-27,801010,32.27,2.69,1.17
2023-09-27,801120,28.37,5.88,2.26
2023-09-27,801710,20.07,1.4,2.25
2023-09-27,801880,26.96,2.15,1.12
2023-09-27,801790,15.86,1.16,2.43
2023-09-27,801890,28.88,2.29,0.91
2023-09-27,801770,30.02,2.29,1.05
2023-09-27,801760,40.24,2.46,1.4
2023-09-27,801750,62.5,3.39,0.45
2023-09-27,801730,17.99,2.67,1.14
2023-09-27,801780,4.7,0.47,5.48
2023-09-28,801180,14.05,0.82,2.14
2023-09-28,801170,14.38,1.36,3.41
2023-09-28,801160,22.47,1.55,2.11
2023-09-28,801150,27.5,2.85,1.05
2023-09-28,801010,31.84,2.65,1.19
2023-09-28,801110,13.39,2.41,3.3
2023-09-28,801080,46.12,2.62,0.52
2023-09-28,801050,14.87,2.15,1.85
2023-09-28,801040,25.06,0.96,1.96
2023-09-28,801030,21.02,1.94,1.67
2023-09-28,801120,28.11,5.83,2.28
2023-09-28,801710,20.08,1.4,2.25
2023-09-28,801890,28.92,2.29,0.91
2023-09-28,801880,27.25,2.17,1.11
2023-09-28,801790,15.75,1.15,2.44
2023-09-28,801770,30.4,2.32,1.04
2023-09-28,801760,40.12,2.46,1.53
2023-09-28,801750,63.0,3.42,0.45
2023-09-28,801730,18.04,2.68,1.13
2023-09-28,801780,4.71,0.47,5.47
2023-10-09,801180,13.72,0.8,2.19
2023-10-09,801170,14.26,1.35,3.44
2023-10-09,801160,22.58,1.55,2.1
2023-10-09,801150,27.56,2.85,1.04
2023-10-09,801050,14.85,2.15,1.85
2023-10-09,801110,13.41,2.42,3.3
2023-10-09,801080,46.85,2.66,0.51
2023-10-09,801040,24.93,0.96,1.97
2023-10-09,801030,20.93,1.93,1.63
2023-10-09,801010,31.28,2.6,1.21
2023-10-09,801120,27.91,5.79,2.3
2023-10-09,801710,19.78,1.38,2.28
2023-10-09,801890,28.84,2.28,0.89
2023-10-09,801880,27.82,2.22,1.09
2023-10-09,801790,15.62,1.14,2.46
2023-10-09,801770,30.59,2.33,1.03
2023-10-09,801760,39.71,2.41,1.55
2023-10-09,801750,63.4,3.44,0.45
2023-10-09,801730,17.89,2.65,1.12
2023-10-09,801780,4.68,0.47,5.51
2023-10-10,801180,13.66,0.79,2.2
2023-10-10,801170,14.11,1.34,3.48
2023-10-10,801160,22.49,1.55,2.11
2023-10-10,801150,27.08,2.81,1.06
2023-10-10,801050,14.9,2.15,1.85
2023-10-10,801110,13.17,2.37,3.35
2023-10-10,801080,47.32,2.69,0.5
2023-10-10,801040,24.77,0.95,1.98
2023-10-10,801030,20.88,1.92,1.64
2023-10-10,801010,31.49,2.62,1.2
2023-10-10,801120,27.78,5.76,2.31
2023-10-10,801710,19.35,1.35,2.33
2023-10-10,801890,28.53,2.26,0.9
2023-10-10,801880,27.84,2.22,1.09
2023-10-10,801790,15.53,1.14,2.47
2023-10-10,801770,30.63,2.34,1.03
2023-10-10,801760,39.79,2.41,1.54
2023-10-10,801750,63.93,3.47,0.44
2023-10-10,801730,17.74,2.63,1.13
2023-10-10,801780,4.67,0.47,5.52
2023-10-11,801170,14.02,1.33,3.5
2023-10-11,801160,22.37,1.54,2.12
2023-10-11,801150,27.63,2.86,1.04
2023-10-11,801120,27.89,5.79,2.3
2023-10-11,801050,14.79,2.14,1.86
2023-10-11,801080,48.02,2.73,0.5
2023-10-11,801040,24.56,0.95,2.0
2023-10-11,801030,20.84,1.92,1.64
2023-10-11,801010,31.28,2.6,1.21
2023-10-11,801180,13.64,0.79,2.21
2023-10-11,801110,13.15,2.37,3.36
2023-10-11,801890,28.55,2.26,0.9
2023-10-11,801790,15.52,1.14,2.48
2023-10-11,801780,4.66,0.47,5.53
2023-10-11,801880,27.64,2.2,1.09
2023-10-11,801760,40.19,2.44,1.52
2023-10-11,801750,64.65,3.5,0.45
2023-10-11,801730,17.7,2.62,1.13
2023-10-11,801710,19.35,1.35,2.33
2023-10-11,801770,30.74,2.35,1.06
2023-10-12,801180,13.7,0.8,2.2
2023-10-12,801170,14.17,1.34,3.46
2023-10-12,801160,22.54,1.55,2.12
2023-10-12,801150,27.84,2.88,1.03
2023-10-12,801110,13.27,2.39,3.33
2023-10-12,801080,48.31,2.74,0.49
2023-10-12,801050,15.19,2.19,1.81
2023-10-12,801040,25.02,0.96,1.96
2023-10-12,801030,21.07,1.94,1.62
2023-10-12,801010,31.48,2.62,1.2
2023-10-12,801120,27.96,5.8,2.3
2023-10-12,801710,19.6,1.37,2.3
2023-10-12,801890,28.58,2.26,0.9
2023-10-12,801880,28.23,2.25,1.07
2023-10-12,801790,15.74,1.15,2.45
2023-10-12,801770,30.73,2.34,1.06
2023-10-12,801760,39.65,2.4,1.55
2023-10-12,801750,64.48,3.5,0.45
2023-10-12,801730,18.01,2.67,1.11
2023-10-12,801780,4.72,0.47,5.45
2023-10-13,801180,13.57,0.79,2.22
2023-10-13,801170,14.0,1.32,3.51
2023-10-13,801160,22.43,1.54,2.13
2023-10-13,801150,28.05,2.91,1.03
2023-10-13,801050,14.97,2.16,1.84
2023-10-13,801110,13.17,2.37,3.35
2023-10-13,801080,48.68,2.76,0.49
2023-10-13,801040,24.82,0.96,1.98
2023-10-13,801030,20.87,1.92,1.64
2023-10-13,801010,31.16,2.59,1.21
2023-10-13,801120,27.45,5.7,2.34
2023-10-13,801710,19.27,1.34,2.34
2023-10-13,801890,28.3,2.24,0.91
2023-10-13,801880,28.2,2.25,1.07
2023-10-13,801790,15.6,1.14,2.47
2023-10-13,801770,30.54,2.33,1.07
2023-10-13,801760,38.98,2.36,1.59
2023-10-13,801750,63.6,3.45,0.46
2023-10-13,801730,17.69,2.62,1.13
2023-10-13,801780,4.73,0.47,5.45
2023-10-16,801170,14.04,1.33,3.49
2023-10-16,801160,22.45,1.54,2.15
2023-10-16,801150,27.71,2.87,1.04
2023-10-16,801120,27.03,5.61,2.38
2023-10-16,801050,14.81,2.14,1.86
2023-10-16,801080,47.6,2.7,0.5
2023-10-16,801040,24.71,0.95,1.74
2023-10-16,801030,20.69,1.9,1.62
2023-10-16,801010,31.12,2.59,1.21
2023-10-16,801180,13.36,0.78,2.25
2023-10-16,801110,13.16,2.37,3.36
2023-10-16,801890,28.03,2.22,0.92
2023-10-16,801880,28.3,2.25,1.07
2023-10-16,801790,15.54,1.14,2.48
2023-10-16,801780,4.72,0.47,5.46
2023-10-16,801760,38.53,2.34,1.6
2023-10-16,801750,63.18,3.42,0.46
2023-10-16,801730,17.33,2.57,1.16
2023-10-16,801710,19.16,1.34,2.35
2023-10-16,801770,30.25,2.31,1.08
2023-10-17,801180,13.28,0.77,2.27
2023-10-17,801170,14.01,1.33,3.5
2023-10-17,801160,22.55,1.55,2.14
2023-10-17,801150,27.57,2.85,1.05
2023-10-17,801050,14.76,2.13,1.87
2023-10-17,801110,13.27,2.39,3.33
2023-10-17,801080,47.53,2.7,0.5
2023-10-17,801040,24.94,0.95,1.73
2023-10-17,801030,20.74,1.9,1.62
2023-10-17,801010,31.08,2.59,1.22
2023-10-17,801120,27.05,5.61,2.38
2023-10-17,801710,19.16,1.34,2.35
2023-10-17,801880,28.11,2.24,1.08
2023-10-17,801790,15.73,1.15,2.45
2023-10-17,801890,27.97,2.21,0.93
2023-10-17,801770,30.36,2.32,1.07
2023-10-17,801760,38.48,2.33,1.61
2023-10-17,801750,63.31,3.43,0.46
2023-10-17,801730,17.39,2.58,1.15
2023-10-17,801780,4.74,0.48,5.44
2023-10-18,801180,13.06,0.76,2.31
2023-10-18,801170,13.82,1.31,3.55
2023-10-18,801160,22.24,1.53,2.17
2023-10-18,801150,27.01,2.8,1.07
2023-10-18,801110,13.2,2.38,3.36
2023-10-18,801080,46.84,2.66,0.51
2023-10-18,801050,14.58,2.1,1.89
2023-10-18,801040,24.6,0.94,1.75
2023-10-18,801030,20.37,1.87,1.65
2023-10-18,801010,31.06,2.58,1.22
2023-10-18,801120,26.94,5.59,2.39
2023-10-18,801710,18.95,1.32,2.38
2023-10-18,801890,27.51,2.18,0.94
2023-10-18,801880,28.53,2.27,1.06
2023-10-18,801790,15.65,1.15,2.46
2023-10-18,801770,29.79,2.27,1.1
2023-10-18,801760,37.72,2.29,1.64
2023-10-18,801750,62.4,3.38,0.46
2023-10-18,801730,17.14,2.54,1.17
2023-10-18,801780,4.72,0.47,5.46
2023-10-19,801180,12.96,0.76,2.33
2023-10-19,801170,13.59,1.29,3.63
2023-10-19,801160,21.94,1.51,2.2
2023-10-19,801150,26.44,2.74,1.09
2023-10-19,801050,14.42,2.08,1.91
2023-10-19,801110,12.98,2.34,3.42
2023-10-19,801080,46.46,2.64,0.51
2023-10-19,801040,24.13,0.92,1.79
2023-10-19,801030,20.13,1.85,1.67
2023-10-19,801010,30.09,2.5,1.26
2023-10-19,801120,25.97,5.39,2.47
2023-10-19,801710,18.57,1.3,2.43
2023-10-19,801890,27.15,2.15,0.95
2023-10-19,801880,27.63,2.2,1.1
2023-10-19,801790,15.44,1.13,2.5
2023-10-19,801770,29.26,2.23,1.11
2023-10-19,801760,37.53,2.28,1.65
2023-10-19,801750,61.7,3.34,0.47
2023-10-19,801730,16.94,2.51,1.18
2023-10-19,801780,4.62,0.46,5.59
2023-10-20,801170,13.52,1.28,3.65
2023-10-20,801160,21.93,1.51,2.2
2023-10-20,801150,26.07,2.7,1.1
2023-10-20,801120,25.96,5.38,2.48
2023-10-20,801050,14.47,2.09,1.9
2023-10-20,801080,45.22,2.57,0.52
2023-10-20,801040,24.12,0.92,1.79
2023-10-20,801030,20.08,1.84,1.67
2023-10-20,801010,29.83,2.48,1.28
2023-10-20,801180,13.03,0.76,2.32
2023-10-20,801110,12.81,2.31,3.47
2023-10-20,801890,26.87,2.13,0.97
2023-10-20,801880,27.38,2.18,1.11
2023-10-20,801790,15.42,1.13,2.51
2023-10-20,801780,4.61,0.46,5.6
2023-10-20,801760,36.71,2.23,1.68
2023-10-20,801750,59.81,3.24,0.49
2023-10-20,801730,17.04,2.51,1.17
2023-10-20,801710,18.52,1.29,2.43
2023-10-20,801770,28.35,2.16,1.15
2023-10-23,801180,12.79,0.75,2.36
2023-10-23,801170,13.34,1.26,3.7
2023-10-23,801160,21.49,1.48,2.24
2023-10-23,801150,25.83,2.67,1.11
2023-10-23,801050,14.03,2.02,1.96
2023-10-23,801110,12.73,2.29,3.49
2023-10-23,801080,44.34,2.52,0.53
2023-10-23,801040,23.53,0.9,1.83
2023-10-23,801030,19.57,1.79,1.71
2023-10-23,801010,29.49,2.45,1.29
2023-10-23,801120,25.87,5.28,2.48
2023-10-23,801710,18.1,1.26,2.49
2023-10-23,801880,27.04,2.15,1.09
2023-10-23,801790,15.16,1.11,2.11
2023-10-23,801890,26.24,2.08,0.99
2023-10-23,801770,27.8,2.12,1.17
2023-10-23,801760,35.73,2.17,1.73
2023-10-23,801750,58.56,3.16,0.5
2023-10-23,801730,16.55,2.44,1.21
2023-10-23,801780,4.58,0.46,5.64
2023-10-24,801180,13.05,0.76,2.31
2023-10-24,801170,13.5,1.28,3.65
2023-10-24,801160,21.8,1.5,2.25
2023-10-24,801150,26.09,2.69,1.1
2023-10-24,801110,12.76,2.3,3.48
2023-10-24,801080,44.9,2.55,0.52
2023-10-24,801050,14.31,2.06,1.92
2023-10-24,801040,23.84,0.91,1.81
2023-10-24,801030,19.93,1.82,1.68
2023-10-24,801010,29.92,2.48,1.27
2023-10-24,801120,25.98,5.3,2.47
2023-10-24,801710,18.1,1.26,2.49
2023-10-24,801890,26.54,2.1,0.98
2023-10-24,801880,27.13,2.15,1.08
2023-10-24,801790,15.5,1.14,2.07
2023-10-24,801770,27.73,2.1,1.17
2023-10-24,801760,36.65,2.22,1.69
2023-10-24,801750,58.86,3.18,0.5
2023-10-24,801730,16.63,2.45,1.2
2023-10-24,801780,4.55,0.46,5.67
2023-10-25,801170,13.7,1.3,3.6
2023-10-25,801160,21.74,1.49,2.26
2023-10-25,801150,25.95,2.67,1.11
2023-10-25,801120,26.59,5.42,2.42
2023-10-25,801050,14.43,2.06,1.9
2023-10-25,801080,45.24,2.57,0.52
2023-10-25,801040,24.73,0.94,1.74
2023-10-25,801030,20.2,1.84,1.66
2023-10-25,801010,30.44,2.52,1.25
2023-10-25,801180,13.07,0.76,2.31
2023-10-25,801110,12.78,2.3,3.47
2023-10-25,801890,26.96,2.13,0.96
2023-10-25,801790,15.45,1.13,2.5
2023-10-25,801780,4.56,0.46,5.66
2023-10-25,801880,27.8,2.2,1.05
2023-10-25,801760,36.72,2.22,1.68
2023-10-25,801750,60.26,3.25,0.49
2023-10-25,801730,16.61,2.44,1.21
2023-10-25,801710,18.83,1.31,2.4
2023-10-25,801770,27.51,2.08,1.18
2023-10-26,801180,12.91,0.75,2.34
2023-10-26,801170,13.77,1.3,3.58
2023-10-26,801160,22.09,1.51,2.22
2023-10-26,801150,26.16,2.68,1.1
2023-10-26,801110,12.83,2.3,3.46
2023-10-26,801080,45.38,2.57,0.52
2023-10-26,801050,14.47,2.06,1.9
2023-10-26,801040,24.75,0.94,1.74
2023-10-26,801030,20.15,1.84,1.66
2023-10-26,801010,30.64,2.52,1.24
2023-10-26,801120,26.67,5.44,2.41
2023-10-26,801710,18.52,1.28,2.44
2023-10-26,801880,28.2,2.23,1.04
2023-10-26,801790,15.46,1.13,2.5
2023-10-26,801890,27.07,2.13,0.96
2023-10-26,801770,27.85,2.1,1.16
2023-10-26,801760,36.67,2.21,1.69
2023-10-26,801750,60.68,3.27,0.48
2023-10-26,801730,16.56,2.42,1.21
2023-10-26,801780,4.6,0.46,5.61
2023-10-27,801180,13.05,0.76,2.31
2023-10-27,801170,13.97,1.31,3.53
2023-10-27,801160,22.02,1.52,2.2
2023-10-27,801150,27.23,2.79,1.06
2023-10-27,801110,13.05,2.34,3.4
2023-10-27,801080,46.15,2.61,0.51
2023-10-27,801050,14.69,2.08,1.87
2023-10-27,801040,24.82,0.95,1.73
2023-10-27,801030,20.58,1.87,1.64
2023-10-27,801010,31.36,2.58,1.22
2023-10-27,801120,27.08,5.49,2.37
2023-10-27,801710,18.84,1.3,2.39
2023-10-27,801890,27.34,2.15,0.95
2023-10-27,801880,28.47,2.24,1.11
2023-10-27,801790,15.44,1.13,2.51
2023-10-27,801770,27.79,2.1,1.16
2023-10-27,801760,37.17,2.24,1.66
2023-10-27,801750,60.53,3.26,0.48
2023-10-27,801730,17.11,2.49,1.17
2023-10-27,801780,4.59,0.46,5.62
2023-10-30,801170,14.05,1.31,3.51
2023-10-30,801160,22.06,1.51,2.2
2023-10-30,801150,27.87,2.84,1.02
2023-10-30,801120,27.31,5.47,2.35
2023-10-30,801050,14.83,2.07,1.85
2023-10-30,801080,48.2,2.71,0.49
2023-10-30,801040,24.96,0.95,1.72
2023-10-30,801030,20.81,1.88,1.62
2023-10-30,801010,31.96,2.65,1.19
2023-10-30,801180,13.02,0.76,2.32
2023-10-30,801110,13.09,2.34,3.38
2023-10-30,801890,27.57,2.15,0.94
2023-10-30,801790,15.38,1.13,2.52
2023-10-30,801780,4.52,0.45,5.7
2023-10-30,801880,28.38,2.22,1.11
2023-10-30,801760,37.83,2.28,1.63
2023-10-30,801750,61.77,3.33,0.48
2023-10-30,801730,17.3,2.51,1.15
2023-10-30,801710,18.76,1.29,2.4
2023-10-30,801770,27.99,2.12,1.15
2023-10-31,801180,13.06,0.76,2.31
2023-10-31,801170,14.02,1.27,3.52
2023-10-31,801160,21.75,1.45,2.32
2023-10-31,801150,27.9,2.82,1.02
2023-10-31,801110,12.87,2.21,3.44
2023-10-31,801080,47.83,2.68,0.49
2023-10-31,801050,14.8,2.06,1.86
2023-10-31,801040,24.89,0.94,1.73
2023-10-31,801030,20.79,1.88,1.62
2023-10-31,801010,31.91,2.64,1.19
2023-10-31,801120,27.39,5.42,2.35
2023-10-31,801710,18.71,1.28,2.41
2023-10-31,801890,27.19,2.11,0.95
2023-10-31,801880,27.84,2.17,1.13
2023-10-31,801790,15.43,1.12,2.51
2023-10-31,801770,27.62,2.08,1.17
2023-10-31,801760,37.96,2.27,1.63
2023-10-31,801750,61.07,3.29,0.48
2023-10-31,801730,17.03,2.45,1.17
2023-10-31,801780,4.53,0.44,5.69
2023-11-01,801180,13.66,0.75,2.33
2023-11-01,801170,14.32,1.26,3.53
2023-11-01,801160,18.69,1.46,2.31
2023-11-01,801150,28.98,2.82,1.03
2023-11-01,801050,16.05,2.05,1.86
2023-11-01,801110,12.47,2.21,3.43
2023-11-01,801080,46.59,2.66,0.5
2023-11-01,801040,22.32,0.94,1.73
2023-11-01,801030,22.19,1.87,1.62
2023-11-01,801010,49.26,2.65,1.19
2023-11-01,801120,27.05,5.56,2.29
2023-11-01,801710,18.6,1.27,2.43
2023-11-01,801890,27.34,2.11,0.95
2023-11-01,801880,25.91,2.18,1.12
2023-11-01,801790,15.55,1.12,2.5
2023-11-01,801770,28.04,2.07,1.18
2023-11-01,801760,36.43,2.28,1.62
2023-11-01,801750,60.86,3.26,0.48
2023-11-01,801730,17.9,2.44,1.18
2023-11-01,801780,4.53,0.44,5.69
2023-11-02,801170,14.27,1.26,3.54
2023-11-02,801160,18.63,1.45,2.32
2023-11-02,801150,28.84,2.8,1.03
2023-11-02,801120,26.82,5.51,2.31
2023-11-02,801050,15.88,2.03,1.88
2023-11-02,801080,45.98,2.62,0.5
2023-11-02,801040,22.11,0.93,1.75
2023-11-02,801030,21.99,1.85,1.64
2023-11-02,801010,48.87,2.63,1.2
2023-11-02,801180,13.57,0.75,2.34
2023-11-02,801110,12.4,2.2,3.46
2023-11-02,801890,27.04,2.09,0.96
2023-11-02,801880,25.86,2.18,1.12
2023-11-02,801790,15.44,1.11,2.52
2023-11-02,801780,4.56,0.45,5.66
2023-11-02,801760,37.25,2.34,1.58
2023-11-02,801750,60.14,3.22,0.49
2023-11-02,801730,17.57,2.4,1.2
2023-11-02,801710,18.37,1.26,2.46
2023-11-02,801770,27.76,2.05,1.19
2023-11-03,801180,13.52,0.74,2.35
2023-11-03,801170,14.29,1.26,3.54
2023-11-03,801160,18.69,1.46,2.31
2023-11-03,801150,28.88,2.81,1.03
2023-11-03,801050,15.93,2.03,1.87
2023-11-03,801110,12.44,2.21,3.44
2023-11-03,801080,47.22,2.69,0.49
2023-11-03,801040,21.98,0.93,1.76
2023-11-03,801030,22.16,1.87,1.65
2023-11-03,801010,49.07,2.64,1.19
2023-11-03,801120,27.18,5.58,2.27
2023-11-03,801710,18.46,1.26,2.45
2023-11-03,801890,27.73,2.14,0.94
2023-11-03,801880,26.24,2.21,1.11
2023-11-03,801790,15.57,1.12,2.5
2023-11-03,801770,28.26,2.08,1.17
2023-11-03,801760,37.26,2.34,1.58
2023-11-03,801750,61.39,3.29,0.48
2023-11-03,801730,17.86,2.43,1.18
2023-11-03,801780,4.55,0.44,5.67
2023-11-06,801180,13.93,0.77,2.28
2023-11-06,801170,14.39,1.27,3.52
2023-11-06,801160,18.62,1.45,2.32
2023-11-06,801150,29.46,2.86,1.01
2023-11-06,801050,16.03,2.04,1.86
2023-11-06,801110,12.58,2.23,3.41
2023-11-06,801080,48.68,2.78,0.47
2023-11-06,801040,21.97,0.93,1.76
2023-11-06,801030,22.41,1.89,1.64
2023-11-06,801010,48.9,2.63,1.2
2023-11-06,801120,27.2,5.59,2.27
2023-11-06,801710,18.81,1.29,2.4
2023-11-06,801880,26.74,2.25,1.09
2023-11-06,801790,16.08,1.16,2.42
2023-11-06,801890,28.22,2.18,0.92
2023-11-06,801770,28.84,2.12,1.14
2023-11-06,801760,39.2,2.46,1.5
2023-11-06,801750,63.25,3.39,0.46
2023-11-06,801730,18.46,2.52,1.14
2023-11-06,801780,4.55,0.44,5.67
2023-11-07,801180,13.94,0.77,2.28
2023-11-07,801170,14.33,1.26,3.53
2023-11-07,801160,18.58,1.45,2.32
2023-11-07,801150,29.32,2.85,1.01
2023-11-07,801010,49.02,2.64,1.19
2023-11-07,801110,12.58,2.23,3.4
2023-11-07,801080,48.99,2.79,0.47
2023-11-07,801050,15.98,2.04,1.86
2023-11-07,801040,21.87,0.92,1.76
2023-11-07,801030,22.45,1.89,1.63
2023-11-07,801120,27.03,5.55,2.29
2023-11-07,801710,18.72,1.28,2.41
2023-11-07,801890,28.32,2.19,0.91
2023-11-07,801880,26.78,2.26,1.08
2023-11-07,801780,4.55,0.44,5.68
2023-11-07,801770,29.52,2.17,1.11
2023-11-07,801760,39.49,2.48,1.49
2023-11-07,801750,64.02,3.42,0.46
2023-11-07,801730,18.39,2.51,1.14
2023-11-07,801790,16.05,1.16,2.42
2023-11-08,801180,14.22,0.78,2.26
2023-11-08,801170,14.28,1.26,3.54
2023-11-08,801160,18.53,1.44,2.33
2023-11-08,801150,29.64,2.88,1.0
2023-11-08,801110,12.58,2.23,3.4
2023-11-08,801080,48.8,2.78,0.47
2023-11-08,801050,15.84,2.02,1.88
2023-11-08,801040,21.66,0.91,1.78
2023-11-08,801030,22.23,1.87,1.67
2023-11-08,801010,48.84,2.63,1.2
2023-11-08,801120,27.01,5.55,2.29
2023-11-08,801710,18.66,1.28,2.42
2023-11-08,801890,28.33,2.19,0.91
2023-11-08,801880,26.76,2.25,1.09
2023-11-08,801790,15.86,1.14,2.45
2023-11-08,801770,29.5,2.17,1.12
2023-11-08,801760,40.8,2.56,1.44
2023-11-08,801750,64.73,3.46,0.45
2023-11-08,801730,18.35,2.5,1.14
2023-11-08,801780,4.53,0.44,5.7
2023-11-09,801180,14.14,0.77,2.28
2023-11-09,801170,14.31,1.26,3.53
2023-11-09,801160,18.61,1.45,2.32
2023-11-09,801150,29.28,2.85,1.01
2023-11-09,801050,15.86,2.02,1.88
2023-11-09,801110,12.54,2.22,3.41
2023-11-09,801080,48.14,2.74,0.48
2023-11-09,801040,21.74,0.92,1.77
2023-11-09,801030,22.31,1.88,1.66
2023-11-09,801010,48.81,2.62,1.2
2023-11-09,801120,26.97,5.54,2.29
2023-11-09,801710,18.7,1.28,2.41
2023-11-09,801890,28.17,2.17,0.92
2023-11-09,801880,26.49,2.23,1.1
2023-11-09,801790,15.71,1.13,2.48
2023-11-09,801770,29.59,2.18,1.11
2023-11-09,801760,39.89,2.51,1.47
2023-11-09,801750,64.76,3.46,0.45
2023-11-09,801730,18.48,2.52,1.13
2023-11-09,801780,4.57,0.45,5.61
2023-11-10,801170,14.3,1.26,3.54
2023-11-10,801160,18.72,1.46,2.31
2023-11-10,801150,29.35,2.85,1.01
2023-11-10,801120,26.72,5.49,2.31
2023-11-10,801050,15.79,2.01,1.89
2023-11-10,801080,48.27,2.75,0.48
2023-11-10,801040,21.67,0.92,1.78
2023-11-10,801030,22.25,1.87,1.67
2023-11-10,801010,48.97,2.63,1.19
2023-11-10,801180,13.97,0.76,2.3
2023-11-10,801110,12.52,2.22,3.41
2023-11-10,801890,28.06,2.17,0.92
2023-11-10,801880,26.08,2.2,1.11
2023-11-10,801790,15.61,1.12,2.49
2023-11-10,801780,4.54,0.44,5.66
2023-11-10,801760,39.11,2.46,1.5
2023-11-10,801750,63.92,3.42,0.46
2023-11-10,801730,18.27,2.49,1.15
2023-11-10,801710,18.48,1.27,2.44
2023-11-10,801770,29.38,2.16,1.02
2023-11-13,801180,13.98,0.76,2.29
2023-11-13,801170,14.35,1.26,3.52
2023-11-13,801160,18.75,1.46,2.31
2023-11-13,801150,29.15,2.83,1.01
2023-11-13,801050,15.9,2.03,1.89
2023-11-13,801110,12.31,2.18,3.47
2023-11-13,801080,48.45,2.76,0.47
2023-11-13,801040,22.21,0.94,1.73
2023-11-13,801030,22.35,1.88,1.66
2023-11-13,801010,49.06,2.64,1.19
2023-11-13,801120,26.53,5.45,2.33
2023-11-13,801710,18.41,1.26,2.45
2023-11-13,801880,26.08,2.2,1.11
2023-11-13,801790,15.57,1.12,2.5
2023-11-13,801890,28.31,2.18,0.92
2023-11-13,801770,29.94,2.21,1.0
2023-11-13,801760,39.51,2.48,1.48
2023-11-13,801750,65.46,3.5,0.45
2023-11-13,801730,18.33,2.5,1.14
2023-11-13,801780,4.51,0.44,5.68
2023-11-14,801180,14.17,0.78,2.26
2023-11-14,801170,14.36,1.26,3.52
2023-11-14,801160,18.72,1.46,2.31
2023-11-14,801150,29.19,2.84,1.01
2023-11-14,801110,12.36,2.19,3.45
2023-11-14,801080,48.79,2.78,0.47
2023-11-14,801050,15.86,2.02,1.9
2023-11-14,801040,22.06,0.93,1.75
2023-11-14,801030,22.33,1.88,1.67
2023-11-14,801010,49.23,2.65,1.19
2023-11-14,801120,26.55,5.45,2.33
2023-11-14,801710,18.51,1.27,2.44
2023-11-14,801890,28.41,2.19,0.91
2023-11-14,801880,26.31,2.22,1.1
2023-11-14,801790,15.72,1.13,2.47
2023-11-14,801770,30.21,2.23,0.99
2023-11-14,801760,39.61,2.49,1.48
2023-11-14,801750,66.42,3.55,0.44
2023-11-14,801730,18.23,2.49,1.15
2023-11-14,801780,4.53,0.44,5.67
2023-11-15,801170,14.39,1.27,3.51
2023-11-15,801160,18.85,1.47,2.28
2023-11-15,801150,29.36,2.85,1.01
2023-11-15,801120,26.71,5.49,2.31
2023-11-15,801050,16.14,2.06,1.86
2023-11-15,801080,48.97,2.79,0.47
2023-11-15,801040,22.42,0.95,1.72
2023-11-15,801030,22.58,1.9,1.65
2023-11-15,801010,49.19,2.64,1.19
2023-11-15,801180,14.1,0.77,2.27
2023-11-15,801110,12.48,2.21,3.42
2023-11-15,801890,28.63,2.21,0.9
2023-11-15,801790,15.81,1.14,2.46
2023-11-15,801780,4.55,0.44,5.64
2023-11-15,801880,26.76,2.25,1.08
2023-11-15,801760,39.19,2.46,1.49
2023-11-15,801750,66.67,3.57,0.44
2023-11-15,801730,18.47,2.52,1.13
2023-11-15,801710,18.76,1.28,2.4
2023-11-15,801770,30.21,2.23,0.99
2023-11-16,801180,14.03,0.77,2.28
2023-11-16,801170,14.36,1.27,3.52
2023-11-16,801160,18.78,1.46,2.29
2023-11-16,801150,29.0,2.82,1.02
2023-11-16,801110,12.47,2.21,3.43
2023-11-16,801080,48.35,2.75,0.48
2023-11-16,801050,15.94,2.03,1.89
2023-11-16,801040,22.22,0.94,1.73
2023-11-16,801030,22.36,1.88,1.66
2023-11-16,801010,48.8,2.62,1.2
2023-11-16,801120,26.48,5.44,2.33
2023-11-16,801710,18.53,1.27,2.43
2023-11-16,801880,26.62,2.24,1.09
2023-11-16,801790,15.68,1.13,2.48
2023-11-16,801890,28.35,2.19,0.91
2023-11-16,801770,29.9,2.2,0.99
2023-11-16,801760,39.52,2.48,1.48
2023-11-16,801750,66.24,3.54,0.46
2023-11-16,801730,18.07,2.48,1.15
2023-11-16,801780,4.54,0.44,5.65
2023-11-17,801180,13.93,0.76,2.3
2023-11-17,801170,14.37,1.27,3.52
2023-11-17,801160,18.81,1.46,2.29
2023-11-17,801150,29.27,2.85,1.01
2023-11-17,801010,48.85,2.63,1.2
2023-11-17,801110,12.52,2.22,3.41
2023-11-17,801080,48.67,2.77,0.47
2023-11-17,801050,16.04,2.05,1.88
2023-11-17,801040,22.19,0.94,1.74
2023-11-17,801030,22.43,1.88,1.66
2023-11-17,801120,26.36,5.41,2.34
2023-11-17,801710,18.38,1.26,2.45
2023-11-17,801890,28.62,2.21,0.9
2023-11-17,801880,27.01,2.28,1.08
2023-11-17,801790,15.7,1.13,2.48
2023-11-17,801770,30.33,2.23,0.97
2023-11-17,801760,39.8,2.5,1.47
2023-11-17,801750,66.46,3.55,0.46
2023-11-17,801730,18.13,2.49,1.14
2023-11-17,801780,4.51,0.44,5.68
2023-11-20,801180,13.94,0.76,2.29
2023-11-20,801170,14.46,1.27,3.48
2023-11-20,801160,18.85,1.47,2.28
2023-11-20,801150,29.62,2.88,1.0
2023-11-20,801080,48.52,2.76,0.47
2023-11-20,801110,12.63,2.24,3.37
2023-11-20,801050,16.05,2.05,1.87
2023-11-20,801040,22.24,0.94,1.73
2023-11-20,801030,22.58,1.9,1.63
2023-11-20,801120,26.48,5.44,2.33
2023-11-20,801010,49.86,2.68,1.17
2023-11-20,801710,18.4,1.26,2.45
2023-11-20,801890,29.05,2.24,0.89
2023-11-20,801880,27.09,2.28,1.07
2023-11-20,801790,15.66,1.13,2.48
2023-11-20,801770,30.39,2.24,0.97
2023-11-20,801760,40.11,2.52,1.46
2023-11-20,801750,67.17,3.59,0.46
2023-11-20,801730,18.2,2.5,1.14
2023-11-20,801780,4.54,0.44,5.65
2023-11-21,801180,14.25,0.78,2.24
2023-11-21,801170,14.51,1.28,3.47
2023-11-21,801160,18.83,1.47,2.28
2023-11-21,801150,29.6,2.88,1.0
2023-11-21,801080,47.84,2.73,0.48
2023-11-21,801120,26.82,5.51,2.3
2023-11-21,801110,12.58,2.23,3.38
2023-11-21,801050,16.08,2.05,1.87
2023-11-21,801040,22.24,0.94,1.73
2023-11-21,801030,22.54,1.89,1.63
2023-11-21,801010,49.68,2.67,1.17
2023-11-21,801710,18.57,1.27,2.43
2023-11-21,801890,28.77,2.22,0.9
2023-11-21,801880,26.9,2.27,1.08
2023-11-21,801780,4.55,0.44,5.64
2023-11-21,801770,30.13,2.22,0.98
2023-11-21,801760,40.53,2.55,1.44
2023-11-21,801750,66.31,3.54,0.47
2023-11-21,801730,18.07,2.48,1.15
2023-11-21,801790,15.68,1.13,2.48
2023-11-22,801180,14.19,0.78,2.25
2023-11-22,801170,14.43,1.27,3.49
2023-11-22,801160,18.72,1.46,2.3
2023-11-22,801150,29.34,2.85,1.07
2023-11-22,801110,12.44,2.21,3.42
2023-11-22,801080,47.04,2.68,0.49
2023-11-22,801050,15.78,2.01,1.91
2023-11-22,801040,22.02,0.93,1.75
2023-11-22,801030,22.28,1.87,1.65
2023-11-22,801120,26.65,5.47,2.32
2023-11-22,801010,49.85,2.68,1.19
2023-11-22,801710,18.27,1.25,2.47
2023-11-22,801890,28.31,2.18,0.92
2023-11-22,801880,26.38,2.22,1.1
2023-11-22,801790,15.55,1.12,2.5
2023-11-22,801770,29.62,2.18,1.0
2023-11-22,801760,40.85,2.57,1.43
2023-11-22,801750,65.48,3.5,0.47
2023-11-22,801730,17.7,2.43,1.17
2023-11-22,801780,4.53,0.44,5.66
2023-11-23,801180,14.52,0.8,2.2
2023-11-23,801170,14.52,1.28,3.47
2023-11-23,801150,29.62,2.88,1.05
2023-11-23,801080,47.68,2.72,0.48
2023-11-23,801110,12.59,2.23,3.38
2023-11-23,801050,15.86,2.02,1.9
2023-11-23,801040,22.25,0.94,1.73
2023-11-23,801030,22.45,1.89,1.64
2023-11-23,801010,50.0,2.69,1.19
2023-11-23,801120,26.67,5.47,2.32
2023-11-23,801160,18.86,1.46,2.3
2023-11-23,801710,18.53,1.27,2.43
2023-11-23,801890,28.64,2.21,0.91
2023-11-23,801880,27.0,2.27,1.08
2023-11-23,801790,15.62,1.13,2.49
2023-11-23,801770,29.79,2.19,0.99
2023-11-23,801760,40.14,2.52,1.46
2023-11-23,801750,65.8,3.52,0.47
2023-11-23,801730,17.8,2.44,1.16
2023-11-23,801780,4.53,0.44,5.69
2023-11-24,801180,14.51,0.79,2.21
2023-11-24,801170,14.49,1.28,3.48
2023-11-24,801160,18.76,1.45,2.32
2023-11-24,801150,29.76,2.89,1.05
2023-11-24,801080,46.86,2.67,0.49
2023-11-24,801120,26.61,5.46,2.32
2023-11-24,801110,12.52,2.22,3.4
2023-11-24,801050,15.69,2.0,1.92
2023-11-24,801040,22.2,0.94,1.74
2023-11-24,801030,22.27,1.87,1.65
2023-11-24,801010,50.44,2.71,1.18
2023-11-24,801890,28.3,2.18,0.92
2023-11-24,801880,26.44,2.23,1.1
2023-11-24,801710,18.45,1.26,2.45
2023-11-24,801780,4.54,0.44,5.69
2023-11-24,801770,29.19,2.15,1.01
2023-11-24,801760,39.57,2.49,1.48
2023-11-24,801750,64.14,3.43,0.48
2023-11-24,801730,17.52,2.41,1.18
2023-11-24,801790,15.47,1.11,2.51
2023-11-27,801180,14.23,0.78,2.25
2023-11-27,801170,14.51,1.28,3.47
2023-11-27,801160,18.75,1.45,2.32
2023-11-27,801150,29.45,2.86,1.07
2023-11-27,801080,47.29,2.69,0.48
2023-11-27,801120,26.3,5.4,2.35
2023-11-27,801110,12.41,2.2,3.43
2023-11-27,801050,15.62,1.99,1.93
2023-11-27,801040,22.12,0.93,1.74
2023-11-27,801030,22.16,1.86,1.66
2023-11-27,801010,50.65,2.72,1.18
2023-11-27,801710,18.24,1.25,2.47
2023-11-27,801890,28.44,2.19,0.91
2023-11-27,801880,26.7,2.25,1.09
2023-11-27,801780,4.5,0.44,5.74
2023-11-27,801770,29.29,2.16,1.01
2023-11-27,801760,38.73,2.43,1.51
2023-11-27,801750,64.13,3.43,0.48
2023-11-27,801730,17.35,2.38,1.19
2023-11-27,801790,15.28,1.1,2.54
2023-11-28,801180,14.08,0.77,2.27
2023-11-28,801170,14.51,1.28,3.47
2023-11-28,801160,18.77,1.46,2.31
2023-11-28,801150,29.84,2.9,1.05
2023-11-28,801110,12.54,2.22,3.4
2023-11-28,801080,47.57,2.71,0.48
2023-11-28,801050,15.66,2.0,1.92
2023-11-28,801040,22.18,0.94,1.74
2023-11-28,801030,22.27,1.87,1.65
2023-11-28,801120,26.32,5.4,2.35
2023-11-28,801010,50.41,2.71,1.19
2023-11-28,801710,18.27,1.25,2.47
2023-11-28,801890,28.67,2.21,0.9
2023-11-28,801880,27.24,2.29,1.07
2023-11-28,801790,15.24,1.1,2.55
2023-11-28,801770,29.05,2.14,1.02
2023-11-28,801760,38.78,2.44,1.51
2023-11-28,801750,64.12,3.43,0.48
2023-11-28,801730,17.47,2.4,1.19
2023-11-28,801780,4.48,0.44,5.76
2023-11-29,801180,13.73,0.75,2.33
2023-11-29,801160,18.67,1.45,2.33
2023-11-29,801150,29.58,2.88,1.06
2023-11-29,801120,26.3,5.4,2.35
2023-11-29,801050,15.7,2.0,1.92
2023-11-29,801080,47.57,2.71,0.48
2023-11-29,801040,21.94,0.93,1.76
2023-11-29,801030,22.13,1.86,1.66
2023-11-29,801010,50.24,2.7,1.11
2023-11-29,801110,12.45,2.21,3.43
2023-11-29,801170,14.44,1.27,3.49
2023-11-29,801710,17.97,1.23,2.51
2023-11-29,801890,28.55,2.2,0.91
2023-11-29,801880,26.88,2.26,1.08
2023-11-29,801790,15.04,1.08,2.59
2023-11-29,801770,28.91,2.13,1.02
2023-11-29,801760,38.33,2.41,1.53
2023-11-29,801750,63.49,3.39,0.49
2023-11-29,801730,17.24,2.37,1.2
2023-11-29,801780,4.43,0.43,5.83
2023-11-30,801180,13.71,0.75,2.33
2023-11-30,801170,14.52,1.28,3.47
2023-11-30,801150,29.8,2.9,1.05
2023-11-30,801080,47.09,2.68,0.49
2023-11-30,801110,12.41,2.2,3.44
2023-11-30,801050,15.59,1.99,1.93
2023-11-30,801040,21.86,0.92,1.76
2023-11-30,801030,21.95,1.84,1.68
2023-11-30,801010,50.43,2.71,1.1
2023-11-30,801120,26.51,5.44,2.33
2023-11-30,801160,18.83,1.46,2.31
2023-11-30,801710,17.89,1.22,2.52
2023-11-30,801890,28.51,2.2,0.91
2023-11-30,801880,26.49,2.23,1.1
2023-11-30,801790,15.08,1.09,2.58
2023-11-30,801770,28.91,2.13,1.02
2023-11-30,801760,38.22,2.4,1.53
2023-11-30,801750,62.93,3.37,0.49
2023-11-30,801730,17.16,2.35,1.21
2023-11-30,801780,4.45,0.43,5.8
2023-12-01,801180,13.8,0.76,2.32
2023-12-01,801170,14.49,1.28,3.47
2023-12-01,801150,29.79,2.9,1.05
2023-12-01,801080,47.2,2.69,0.48
2023-12-01,801110,12.25,2.17,3.49
2023-12-01,801050,15.59,1.99,1.93
2023-12-01,801040,21.89,0.93,1.76
2023-12-01,801030,21.88,1.84,1.69
2023-12-01,801010,49.86,2.68,1.11
2023-12-01,801120,26.15,5.37,2.36
2023-12-01,801160,18.86,1.46,2.31
2023-12-01,801710,17.83,1.22,2.53
2023-12-01,801890,28.5,2.2,0.91
2023-12-01,801880,26.15,2.2,1.11
2023-12-01,801790,15.18,1.09,2.56
2023-12-01,801770,29.65,2.18,0.99
2023-12-01,801760,40.24,2.53,1.45
2023-12-01,801750,64.76,3.46,0.48
2023-12-01,801730,17.06,2.34,1.22
2023-12-01,801780,4.44,0.43,5.81
2023-12-04,801180,13.63,0.75,2.35
2023-12-04,801170,14.57,1.28,3.45
2023-12-04,801160,18.84,1.46,2.31
2023-12-04,801150,29.32,2.85,1.06
2023-12-04,801080,46.79,2.67,0.49
2023-12-04,801120,25.87,5.31,2.39
2023-12-04,801110,12.22,2.17,3.51
2023-12-04,801050,15.78,2.01,1.91
2023-12-04,801040,22.52,0.93,1.71
2023-12-04,801030,21.89,1.84,1.69
2023-12-04,801010,50.31,2.7,1.11
2023-12-04,801890,28.46,2.2,0.91
2023-12-04,801880,26.14,2.2,1.11
2023-12-04,801710,17.68,1.21,2.55
2023-12-04,801780,4.43,0.43,5.83
2023-12-04,801770,29.67,2.18,0.99
2023-12-04,801760,40.54,2.55,1.44
2023-12-04,801750,65.16,3.48,0.47
2023-12-04,801730,16.9,2.32,1.23
2023-12-04,801790,15.09,1.09,2.57
2023-12-05,801180,13.33,0.73,2.4
2023-12-05,801170,14.52,1.27,3.51
2023-12-05,801150,29.02,2.83,1.07
2023-12-05,801080,45.46,2.59,0.5
2023-12-05,801110,11.99,2.13,3.57
2023-12-05,801050,15.48,1.98,1.94
2023-12-05,801040,22.18,0.92,1.74
2023-12-05,801030,21.55,1.81,1.71
2023-12-05,801010,49.82,2.68,1.12
2023-12-05,801120,25.36,5.21,2.43
2023-12-05,801160,18.67,1.45,2.33
2023-12-05,801710,17.35,1.19,2.6
2023-12-05,801880,25.75,2.17,1.13
2023-12-05,801790,14.86,1.07,2.61
2023-12-05,801890,27.82,2.15,0.93
2023-12-05,801770,28.95,2.13,1.02
2023-12-05,801760,39.42,2.47,1.48
2023-12-05,801750,62.82,3.36,0.49
2023-12-05,801730,16.61,2.28,1.25
2023-12-05,801780,4.36,0.43,5.92
2023-12-06,801150,29.02,2.83,1.06
2023-12-06,801180,13.49,0.74,2.37
2023-12-06,801170,14.54,1.27,3.51
2023-12-06,801160,18.67,1.45,2.33
2023-12-06,801120,25.37,5.21,2.43
2023-12-06,801110,11.98,2.13,3.58
2023-12-06,801080,45.46,2.59,0.5
2023-12-06,801050,15.78,2.01,1.91
2023-12-06,801040,22.18,0.92,1.74
2023-12-06,801030,21.7,1.83,1.7
2023-12-06,801010,51.02,2.74,1.09
2023-12-06,801890,27.8,2.14,0.93
2023-12-06,801880,25.85,2.18,1.12
2023-12-06,801710,17.32,1.19,2.6
2023-12-06,801780,4.35,0.42,5.94
2023-12-06,801770,28.81,2.12,1.03
2023-12-06,801760,40.47,2.54,1.44
2023-12-06,801750,62.84,3.36,0.49
2023-12-06,801730,16.85,2.31,1.23
2023-12-06,801790,14.82,1.07,2.62
2023-12-07,801180,13.54,0.74,2.36
2023-12-07,801170,14.48,1.27,3.53
2023-12-07,801160,18.7,1.45,2.33
2023-12-07,801150,28.73,2.8,1.08
2023-12-07,801080,45.24,2.58,0.5
2023-12-07,801120,25.28,5.19,2.44
2023-12-07,801110,12.11,2.15,3.52
2023-12-07,801050,15.66,2.0,1.92
2023-12-07,801040,22.16,0.91,1.74
2023-12-07,801030,21.51,1.81,1.71
2023-12-07,801010,51.07,2.74,1.09
2023-12-07,801710,17.35,1.19,2.62
2023-12-07,801890,27.65,2.13,0.95
2023-12-07,801880,25.64,2.16,1.13
2023-12-07,801780,4.36,0.43,5.93
2023-12-07,801770,29.08,2.14,1.02
2023-12-07,801760,41.3,2.59,1.42
2023-12-07,801750,63.7,3.41,0.48
2023-12-07,801730,16.73,2.29,1.24
2023-12-07,801790,14.89,1.07,2.61
2023-12-08,801180,13.29,0.73,2.41
2023-12-08,801170,14.46,1.26,3.53
2023-12-08,801160,18.78,1.46,2.32
2023-12-08,801150,28.9,2.82,1.07
2023-12-08,801010,49.67,2.69,1.12
2023-12-08,801110,12.07,2.14,3.52
2023-12-08,801080,45.94,2.62,0.49
2023-12-08,801050,15.53,1.98,1.94
2023-12-08,801040,22.2,0.92,1.73
2023-12-08,801030,21.37,1.8,1.73
2023-12-08,801120,25.29,5.19,2.44
2023-12-08,801710,17.22,1.18,2.64
2023-12-08,801890,27.51,2.12,0.95
2023-12-08,801880,25.27,2.13,1.15
2023-12-08,801790,14.79,1.06,2.63
2023-12-08,801770,29.96,2.21,1.1
2023-12-08,801760,41.01,2.57,1.43
2023-12-08,801750,64.44,3.45,0.48
2023-12-08,801730,16.67,2.28,1.25
2023-12-08,801780,4.35,0.42,5.94
2023-12-11,801180,13.22,0.72,2.42
2023-12-11,801170,14.59,1.28,3.5
2023-12-11,801160,18.94,1.47,2.3
2023-12-11,801150,29.14,2.84,1.06
2023-12-11,801050,15.45,1.97,1.95
2023-12-11,801110,12.18,2.16,3.49
2023-12-11,801080,46.38,2.65,0.49
2023-12-11,801040,22.18,0.92,1.73
2023-12-11,801030,21.55,1.81,1.71
2023-12-11,801010,51.14,2.71,1.09
2023-12-11,801120,25.07,5.14,2.46
2023-12-11,801710,17.27,1.19,2.64
2023-12-11,801890,27.93,2.15,0.93
2023-12-11,801880,25.85,2.16,1.12
2023-12-11,801790,15.02,1.08,2.59
2023-12-11,801770,30.27,2.23,1.09
2023-12-11,801760,42.21,2.65,1.39
2023-12-11,801750,65.63,3.51,0.47
2023-12-11,801730,16.77,2.3,1.24
2023-12-11,801780,4.37,0.43,5.91
2023-12-12,801180,13.62,0.75,2.35
2023-12-12,801170,14.69,1.28,3.49
2023-12-12,801160,19.03,1.48,2.29
2023-12-12,801150,29.06,2.83,1.06
2023-12-12,801050,15.41,1.97,1.95
2023-12-12,801110,12.21,2.17,3.49
2023-12-12,801080,46.51,2.65,0.49
2023-12-12,801040,22.05,0.91,1.74
2023-12-12,801030,21.6,1.82,1.71
2023-12-12,801010,51.02,2.71,1.09
2023-12-12,801120,25.25,5.18,2.45
2023-12-12,801710,17.52,1.2,2.6
2023-12-12,801890,27.93,2.15,0.93
2023-12-12,801880,25.91,2.17,1.12
2023-12-12,801790,15.02,1.08,2.59
2023-12-12,801770,30.14,2.22,1.09
2023-12-12,801760,42.35,2.66,1.38
2023-12-12,801750,65.8,3.52,0.47
2023-12-12,801730,16.66,2.28,1.25
2023-12-12,801780,4.42,0.43,5.85
2023-12-13,801170,14.51,1.27,3.53
2023-12-13,801160,19.02,1.48,2.29
2023-12-13,801150,29.04,2.83,1.07
2023-12-13,801120,24.46,5.02,2.52
2023-12-13,801050,15.13,1.93,1.99
2023-12-13,801080,46.03,2.63,0.49
2023-12-13,801040,21.78,0.9,1.77
2023-12-13,801030,21.32,1.79,1.73
2023-12-13,801010,50.28,2.67,1.11
2023-12-13,801180,13.34,0.73,2.4
2023-12-13,801110,12.11,2.15,3.52
2023-12-13,801890,27.85,2.14,0.94
2023-12-13,801790,14.8,1.07,2.63
2023-12-13,801780,4.36,0.43,5.92
2023-12-13,801880,25.74,2.15,1.13
2023-12-13,801760,42.0,2.63,1.4
2023-12-13,801750,64.75,3.46,0.47
2023-12-13,801730,16.33,2.24,1.27
2023-12-13,801710,17.22,1.18,2.64
2023-12-13,801770,29.67,2.19,1.11
2023-12-14,801180,13.29,0.73,2.41
2023-12-14,801170,14.5,1.27,3.53
2023-12-14,801160,19.08,1.48,2.28
2023-12-14,801150,28.86,2.81,1.07
2023-12-14,801110,12.13,2.15,3.51
2023-12-14,801080,45.72,2.61,0.5
2023-12-14,801050,15.13,1.93,1.99
2023-12-14,801040,21.76,0.9,1.77
2023-12-14,801030,21.3,1.79,1.73
2023-12-14,801010,50.15,2.65,1.11
2023-12-14,801120,24.13,4.95,2.56
2023-12-14,801710,17.23,1.18,2.64
2023-12-14,801890,27.72,2.13,0.94
2023-12-14,801880,25.51,2.13,1.14
2023-12-14,801790,14.73,1.06,2.64
2023-12-14,801770,29.62,2.18,1.11
2023-12-14,801760,41.83,2.62,1.4
2023-12-14,801750,64.21,3.43,0.48
2023-12-14,801730,16.25,2.23,1.28
2023-12-14,801780,4.35,0.42,5.94
2023-12-15,801180,13.44,0.74,2.38
2023-12-15,801170,14.4,1.26,2.44
2023-12-15,801160,18.9,1.47,2.3
2023-12-15,801150,28.39,2.77,1.09
2023-12-15,801050,15.22,1.95,1.98
2023-12-15,801110,12.04,2.14,3.54
2023-12-15,801080,45.52,2.6,0.5
2023-12-15,801040,21.69,0.9,1.77
2023-12-15,801030,21.23,1.79,1.73
2023-12-15,801010,50.2,2.66,1.11
2023-12-15,801120,24.2,4.97,2.55
2023-12-15,801710,17.37,1.19,2.62
2023-12-15,801890,27.59,2.12,0.95
2023-12-15,801880,25.38,2.12,1.14
2023-12-15,801790,14.73,1.06,2.64
2023-12-15,801770,29.27,2.16,1.13
2023-12-15,801760,42.15,2.64,1.39
2023-12-15,801750,63.54,3.4,0.48
2023-12-15,801730,16.21,2.22,1.28
2023-12-15,801780,4.33,0.42,5.97
2023-12-18,801170,14.49,1.26,2.42
2023-12-18,801160,18.83,1.46,2.31
2023-12-18,801150,28.37,2.77,1.09
2023-12-18,801120,24.21,4.97,2.55
2023-12-18,801050,15.03,1.92,2.0
2023-12-18,801080,44.9,2.56,0.51
2023-12-18,801040,21.4,0.88,1.8
2023-12-18,801030,20.91,1.76,1.75
2023-12-18,801010,50.02,2.65,1.11
2023-12-18,801180,13.28,0.73,2.41
2023-12-18,801110,12.09,2.14,3.52
2023-12-18,801890,27.21,2.09,0.96
2023-12-18,801790,14.68,1.06,2.65
2023-12-18,801780,4.34,0.42,5.95
2023-12-18,801880,25.24,2.11,1.15
2023-12-18,801760,41.18,2.58,1.42
2023-12-18,801750,62.55,3.34,0.49
2023-12-18,801730,15.8,2.17,1.31
2023-12-18,801710,17.08,1.17,2.67
2023-12-18,801770,28.95,2.13,1.14
2023-12-19,801180,13.12,0.72,2.44
2023-12-19,801170,14.37,1.25,2.44
2023-12-19,801160,18.72,1.45,2.33
2023-12-19,801150,28.16,2.75,1.1
2023-12-19,801110,12.08,2.14,3.53
2023-12-19,801080,45.41,2.59,0.5
2023-12-19,801050,15.0,1.92,2.0
2023-12-19,801040,21.29,0.88,1.81
2023-12-19,801030,20.94,1.76,1.75
2023-12-19,801120,24.27,4.98,2.54
2023-12-19,801010,49.76,2.64,1.12
2023-12-19,801710,17.05,1.17,2.68
2023-12-19,801890,27.41,2.11,0.95
2023-12-19,801880,25.09,2.1,1.17
2023-12-19,801780,4.34,0.42,5.96
2023-12-19,801770,29.03,2.14,1.14
2023-12-19,801760,41.71,2.61,1.4
2023-12-19,801750,62.92,3.36,0.49
2023-12-19,801730,15.93,2.19,1.3
2023-12-19,801790,14.66,1.06,2.65
2023-12-20,801180,12.91,0.71,2.48
2023-12-20,801170,14.21,1.24,2.73
2023-12-20,801160,18.73,1.45,2.33
2023-12-20,801150,27.98,2.73,1.11
2023-12-20,801110,11.87,2.1,3.59
2023-12-20,801080,44.95,2.56,0.51
2023-12-20,801050,14.99,1.92,2.01
2023-12-20,801040,21.14,0.87,1.82
2023-12-20,801030,20.82,1.75,1.76
2023-12-20,801010,49.17,2.61,1.13
2023-12-20,801120,23.92,5.02,3.03
2023-12-20,801770,28.38,2.09,1.16
2023-12-20,801710,16.89,1.16,2.7
2023-12-20,801890,27.19,2.09,0.96
2023-12-20,801880,24.55,2.05,1.19
2023-12-20,801780,4.32,0.42,5.97
2023-12-20,801760,40.39,2.53,1.45
2023-12-20,801750,60.96,3.26,0.5
2023-12-20,801730,15.75,2.16,1.32
2023-12-20,801790,14.34,1.03,2.71
2023-12-21,801180,13.08,0.72,2.45
2023-12-21,801170,14.26,1.24,2.72
2023-12-21,801160,18.75,1.45,2.32
2023-12-21,801150,28.08,2.74,1.1
2023-12-21,801050,15.11,1.93,1.99
2023-12-21,801110,12.02,2.13,3.54
2023-12-21,801080,45.12,2.57,0.5
2023-12-21,801040,21.22,0.88,1.81
2023-12-21,801030,20.97,1.76,1.75
2023-12-21,801010,49.29,2.61,1.13
2023-12-21,801120,24.27,5.09,2.99
2023-12-21,801710,17.04,1.17,2.68
2023-12-21,801890,27.53,2.12,0.95
2023-12-21,801880,24.75,2.07,1.18
2023-12-21,801790,14.37,1.03,2.7
2023-12-21,801770,28.63,2.11,1.15
2023-12-21,801760,40.96,2.56,1.43
2023-12-21,801750,61.42,3.28,0.5
2023-12-21,801730,16.17,2.22,1.28
2023-12-21,801780,4.34,0.42,5.95
2023-12-22,801170,14.25,1.24,2.72
2023-12-22,801160,18.71,1.45,2.33
2023-12-22,801150,27.8,2.71,1.12
2023-12-22,801120,24.24,5.09,2.99
2023-12-22,801050,15.31,1.96,1.96
2023-12-22,801080,44.66,2.55,0.51
2023-12-22,801040,21.3,0.88,1.81
2023-12-22,801030,21.03,1.77,1.75
2023-12-22,801010,49.3,2.61,1.13
2023-12-22,801180,12.91,0.71,2.49
2023-12-22,801110,12.12,2.15,3.51
2023-12-22,801890,27.33,2.1,0.96
2023-12-22,801790,14.37,1.03,2.7
2023-12-22,801780,4.35,0.43,5.94
2023-12-22,801880,24.67,2.06,1.19
2023-12-22,801760,37.48,2.35,1.56
2023-12-22,801750,59.8,3.19,0.51
2023-12-22,801730,16.31,2.24,1.27
2023-12-22,801710,16.98,1.16,2.69
2023-12-22,801770,28.16,2.07,1.17
2023-12-25,801180,12.76,0.7,2.5
2023-12-25,801170,14.14,1.23,2.74
2023-12-25,801160,18.73,1.45,2.33
2023-12-25,801150,27.9,2.72,1.11
2023-12-25,801110,12.13,2.15,3.51
2023-12-25,801080,44.99,2.57,0.51
2023-12-25,801050,15.39,1.97,2.01
2023-12-25,801040,21.29,0.88,1.81
2023-12-25,801030,20.98,1.76,1.75
2023-12-25,801120,24.38,5.12,2.98
2023-12-25,801010,49.26,2.61,1.13
2023-12-25,801710,16.93,1.16,2.7
2023-12-25,801890,27.47,2.11,0.95
2023-12-25,801880,24.92,2.08,1.17
2023-12-25,801780,4.35,0.43,5.94
2023-12-25,801770,28.22,2.08,1.17
2023-12-25,801760,36.75,2.3,1.59
2023-12-25,801750,59.79,3.19,0.51
2023-12-25,801730,16.38,2.25,1.26
2023-12-25,801790,14.3,1.03,2.72
2023-12-26,801180,12.52,0.69,2.54
2023-12-26,801170,14.05,1.23,2.76
2023-12-26,801160,18.7,1.45,2.33
2023-12-26,801150,27.65,2.7,1.12
2023-12-26,801110,12.03,2.13,3.54
2023-12-26,801080,44.1,2.52,0.52
2023-12-26,801050,15.34,1.96,2.02
2023-12-26,801040,21.19,0.87,1.82
2023-12-26,801030,20.95,1.76,1.75
2023-12-26,801010,48.98,2.59,1.14
2023-12-26,801120,24.25,5.09,2.99
2023-12-26,801770,27.71,2.04,1.19
2023-12-26,801710,16.87,1.16,2.67
2023-12-26,801890,27.06,2.08,0.97
2023-12-26,801880,24.59,2.06,1.19
2023-12-26,801780,4.34,0.42,5.95
2023-12-26,801760,36.17,2.26,1.62
2023-12-26,801750,58.5,3.12,0.53
2023-12-26,801730,16.25,2.23,1.27
2023-12-26,801790,14.18,1.02,2.74
2023-12-27,801170,14.08,1.23,2.75
2023-12-27,801160,18.8,1.46,2.32
2023-12-27,801150,27.8,2.71,1.12
2023-12-27,801120,24.32,5.11,2.98
2023-12-27,801050,15.45,1.97,2.01
2023-12-27,801080,44.84,2.56,0.51
2023-12-27,801040,21.22,0.87,1.81
2023-12-27,801030,20.96,1.76,1.75
2023-12-27,801010,50.2,2.66,1.11
2023-12-27,801180,12.67,0.69,2.52
2023-12-27,801110,12.16,2.16,3.5
2023-12-27,801880,24.56,2.05,1.19
2023-12-27,801890,27.25,2.1,0.96
2023-12-27,801790,14.24,1.03,2.67
2023-12-27,801780,4.36,0.43,5.93
2023-12-27,801760,35.84,2.24,1.63
2023-12-27,801750,59.09,3.16,0.52
2023-12-27,801730,16.18,2.22,1.28
2023-12-27,801710,16.84,1.15,2.69
2023-12-27,801770,28.05,2.07,1.18
2023-12-28,801180,12.99,0.71,2.45
2023-12-28,801170,14.19,1.24,2.73
2023-12-28,801160,18.84,1.46,2.31
2023-12-28,801150,28.07,2.74,1.1
2023-12-28,801010,50.32,2.66,1.11
2023-12-28,801120,25.19,5.29,2.39
2023-12-28,801110,12.27,2.18,3.47
2023-12-28,801080,45.68,2.61,0.5
2023-12-28,801050,15.85,2.03,1.95
2023-12-28,801040,21.51,0.89,1.79
2023-12-28,801030,21.49,1.8,1.69
2023-12-28,801770,28.61,2.11,1.16
2023-12-28,801710,17.32,1.18,2.61
2023-12-28,801880,24.78,2.07,1.18
2023-12-28,801890,27.87,2.14,0.94
2023-12-28,801780,4.39,0.43,5.88
2023-12-28,801760,36.2,2.26,1.62
2023-12-28,801750,60.43,3.23,0.51
2023-12-28,801730,17.11,2.35,1.2
2023-12-28,801790,14.61,1.05,2.6
2023-12-29,801180,12.94,0.7,2.46
2023-12-29,801170,14.2,1.24,2.73
2023-12-29,801160,18.91,1.47,2.31
2023-12-29,801150,28.34,2.76,1.09
2023-12-29,801030,21.61,1.82,1.68
2023-12-29,801120,25.2,5.29,2.39
2023-12-29,801110,12.4,2.2,3.43
2023-12-29,801080,46.81,2.67,0.49
2023-12-29,801050,15.92,2.04,1.94
2023-12-29,801040,21.57,0.89,1.78
2023-12-29,801770,29.08,2.14,1.14
2023-12-29,801710,17.35,1.19,2.61
2023-12-29,801730,17.19,2.36,1.2
2023-12-29,801750,61.46,3.28,0.5
2023-12-29,801760,37.32,2.34,1.57
2023-12-29,801780,4.43,0.43,5.83
2023-12-29,801790,14.63,1.05,2.6
2023-12-29,801880,25.09,2.1,1.17
2023-12-29,801890,28.23,2.18,0.93
2023-12-29,801010,50.74,2.69,1.1
