date,industry_code,pe_ttm,pb,dividend_yield
2024-01-02,801010,50.98,2.7,1.1
2024-01-02,801030,21.63,1.82,1.68
2024-01-02,801040,21.73,0.9,1.77
2024-01-02,801050,15.96,2.04,1.94
2024-01-02,801080,46.12,2.63,0.5
2024-01-02,801110,12.33,2.19,3.45
2024-01-02,801120,24.62,5.17,2.44
2024-01-02,801150,28.26,2.76,1.09
2024-01-02,801160,19.22,1.49,2.27
2024-01-02,801170,14.27,1.25,2.71
2024-01-02,801180,12.69,0.69,2.51
2024-01-02,801890,28.36,2.18,0.92
2024-01-02,801880,24.81,2.07,1.18
2024-01-02,801790,14.44,1.04,2.63
2024-01-02,801780,4.38,0.43,5.89
2024-01-02,801760,37.13,2.32,1.5
2024-01-02,801750,60.36,3.22,0.51
2024-01-02,801730,16.91,2.32,1.22
2024-01-02,801710,17.31,1.18,2.61
2024-01-02,801770,28.65,2.11,1.15
2024-01-03,801170,14.32,1.25,2.7
2024-01-03,801160,19.45,1.51,2.24
2024-01-03,801150,28.25,2.75,1.1
2024-01-03,801120,24.58,5.16,2.45
2024-01-03,801050,15.92,2.04,1.95
2024-01-03,801080,45.11,2.58,0.51
2024-01-03,801040,21.91,0.9,1.76
2024-01-03,801030,21.73,1.82,1.67
2024-01-03,801010,50.54,2.68,1.1
2024-01-03,801180,12.76,0.69,2.5
2024-01-03,801110,12.23,2.17,3.47
2024-01-03,801890,28.1,2.16,0.94
2024-01-03,801790,14.47,1.04,2.62
2024-01-03,801780,4.4,0.43,5.87
2024-01-03,801880,24.57,2.05,1.19
2024-01-03,801760,37.45,2.34,1.49
2024-01-03,801750,59.61,3.18,0.52
2024-01-03,801730,16.9,2.32,1.22
2024-01-03,801710,17.34,1.19,2.6
2024-01-03,801770,28.29,2.08,1.17
2024-01-04,801180,12.58,0.68,2.53
2024-01-04,801170,14.27,1.25,2.71
2024-01-04,801160,19.42,1.51,2.25
2024-01-04,801150,28.06,2.74,1.1
2024-01-04,801110,12.32,2.19,3.46
2024-01-04,801080,44.5,2.54,0.51
2024-01-04,801050,15.77,2.02,1.96
2024-01-04,801040,21.91,0.9,1.76
2024-01-04,801030,21.62,1.81,1.69
2024-01-04,801010,50.15,2.66,1.11
2024-01-04,801120,24.16,5.07,2.49
2024-01-04,801710,17.18,1.18,2.62
2024-01-04,801890,27.9,2.15,0.94
2024-01-04,801880,24.41,2.04,1.2
2024-01-04,801790,14.31,1.03,2.65
2024-01-04,801770,28.17,2.07,1.17
2024-01-04,801760,37.1,2.32,1.5
2024-01-04,801750,59.07,3.16,0.52
2024-01-04,801730,16.62,2.28,1.24
2024-01-04,801780,4.41,0.43,5.85
2024-01-05,801180,12.56,0.68,2.54
2024-01-05,801170,14.17,1.24,2.73
2024-01-05,801160,19.29,1.5,2.26
2024-01-05,801150,27.53,2.68,1.12
2024-01-05,801050,15.66,2.0,1.98
2024-01-05,801110,12.44,2.21,3.42
2024-01-05,801080,43.79,2.5,0.52
2024-01-05,801040,21.75,0.9,1.77
2024-01-05,801030,21.32,1.79,1.71
2024-01-05,801010,49.53,2.62,1.13
2024-01-05,801120,23.98,5.03,2.51
2024-01-05,801710,17.05,1.17,2.63
2024-01-05,801890,27.48,2.12,0.96
2024-01-05,801880,24.15,2.02,1.21
2024-01-05,801790,14.25,1.03,2.66
2024-01-05,801770,27.44,2.02,1.2
2024-01-05,801760,36.27,2.27,1.54
2024-01-05,801750,58.33,3.1,0.53
2024-01-05,801730,16.35,2.24,1.26
2024-01-05,801780,4.46,0.44,5.79
2024-01-08,801170,14.0,1.22,2.77
2024-01-08,801160,19.06,1.48,2.28
2024-01-08,801150,27.04,2.64,1.15
2024-01-08,801120,23.64,4.96,2.55
2024-01-08,801050,15.45,1.97,2.01
2024-01-08,801080,42.67,2.44,0.54
2024-01-08,801040,21.35,0.88,1.8
2024-01-08,801030,20.94,1.76,1.74
2024-01-08,801010,48.42,2.56,1.15
2024-01-08,801180,12.25,0.67,2.61
2024-01-08,801110,12.28,2.18,3.47
2024-01-08,801890,26.94,2.08,0.98
2024-01-08,801880,23.67,1.98,1.24
2024-01-08,801790,14.0,1.01,2.71
2024-01-08,801780,4.43,0.43,5.83
2024-01-08,801760,35.92,2.24,1.56
2024-01-08,801750,56.91,3.02,0.55
2024-01-08,801730,16.17,2.22,1.27
2024-01-08,801710,16.83,1.15,2.67
2024-01-08,801770,26.87,1.98,1.23
2024-01-09,801180,12.32,0.67,2.59
2024-01-09,801170,14.13,1.23,2.74
2024-01-09,801160,19.12,1.48,2.27
2024-01-09,801150,27.09,2.64,1.14
2024-01-09,801050,15.59,1.99,1.99
2024-01-09,801110,12.38,2.2,3.44
2024-01-09,801080,42.67,2.44,0.54
2024-01-09,801040,21.38,0.88,1.8
2024-01-09,801030,20.9,1.75,1.75
2024-01-09,801010,48.47,2.56,1.15
2024-01-09,801120,23.62,4.96,2.55
2024-01-09,801710,16.94,1.16,2.65
2024-01-09,801890,27.33,2.11,0.97
2024-01-09,801880,23.8,1.99,1.23
2024-01-09,801790,13.95,1.0,2.72
2024-01-09,801770,26.87,1.98,1.22
2024-01-09,801760,35.83,2.24,1.56
2024-01-09,801750,56.34,2.99,0.55
2024-01-09,801730,16.3,2.24,1.26
2024-01-09,801780,4.45,0.43,5.81
2024-01-10,801180,12.28,0.67,2.6
2024-01-10,801170,14.07,1.23,2.75
2024-01-10,801160,19.03,1.48,2.28
2024-01-10,801150,26.86,2.62,1.15
2024-01-10,801050,15.51,1.98,2.0
2024-01-10,801110,12.37,2.19,3.47
2024-01-10,801080,42.18,2.4,0.54
2024-01-10,801040,21.25,0.88,1.81
2024-01-10,801030,20.83,1.75,1.75
2024-01-10,801010,48.01,2.54,1.16
2024-01-10,801120,23.81,5.0,2.53
2024-01-10,801710,16.92,1.16,2.65
2024-01-10,801880,23.7,1.98,1.24
2024-01-10,801790,13.83,1.0,2.74
2024-01-10,801890,26.97,2.08,0.98
2024-01-10,801770,26.41,1.95,1.24
2024-01-10,801760,34.84,2.17,1.6
2024-01-10,801750,55.09,2.93,0.56
2024-01-10,801730,16.43,2.25,1.25
2024-01-10,801780,4.42,0.43,5.84
2024-01-11,801180,12.38,0.67,2.58
2024-01-11,801170,14.16,1.24,2.74
2024-01-11,801160,18.94,1.47,2.28
2024-01-11,801150,27.09,2.64,1.14
2024-01-11,801010,48.77,2.58,1.14
2024-01-11,801110,12.39,2.2,3.45
2024-01-11,801080,42.87,2.44,0.54
2024-01-11,801050,15.72,2.01,1.97
2024-01-11,801040,21.26,0.88,1.81
2024-01-11,801030,21.0,1.76,1.74
2024-01-11,801120,23.91,5.02,2.52
2024-01-11,801710,17.1,1.17,2.62
2024-01-11,801890,27.34,2.11,0.96
2024-01-11,801880,24.15,2.02,1.21
2024-01-11,801780,4.42,0.43,5.85
2024-01-11,801770,26.96,1.99,1.22
2024-01-11,801760,35.94,2.24,1.55
2024-01-11,801750,56.8,3.02,0.55
2024-01-11,801730,16.76,2.3,1.23
2024-01-11,801790,13.97,1.01,2.72
2024-01-12,801180,12.34,0.67,2.59
2024-01-12,801170,14.23,1.24,2.73
2024-01-12,801160,19.16,1.49,2.26
2024-01-12,801150,26.77,2.61,1.16
2024-01-12,801110,12.36,2.19,3.46
2024-01-12,801080,42.24,2.4,0.54
2024-01-12,801050,15.7,2.01,1.97
2024-01-12,801040,21.23,0.88,1.81
2024-01-12,801030,20.97,1.76,1.74
2024-01-12,801010,49.18,2.6,1.13
2024-01-12,801120,23.84,5.0,2.52
2024-01-12,801710,17.24,1.18,2.6
2024-01-12,801890,27.12,2.09,0.97
2024-01-12,801880,24.08,2.01,1.22
2024-01-12,801790,13.84,1.0,2.74
2024-01-12,801770,26.51,1.96,1.24
2024-01-12,801760,35.2,2.2,1.38
2024-01-12,801750,55.72,2.96,0.56
2024-01-12,801730,16.78,2.3,1.22
2024-01-12,801780,4.45,0.43,5.81
2024-01-15,801180,12.39,0.67,2.58
2024-01-15,801170,14.4,1.26,2.7
2024-01-15,801160,19.14,1.49,2.26
2024-01-15,801150,26.85,2.62,1.15
2024-01-15,801050,15.55,1.99,1.99
2024-01-15,801110,12.48,2.21,3.43
2024-01-15,801080,42.39,2.41,0.54
2024-01-15,801040,21.09,0.87,1.82
2024-01-15,801030,20.82,1.74,1.75
2024-01-15,801010,48.54,2.57,1.15
2024-01-15,801120,23.75,4.99,2.53
2024-01-15,801710,17.34,1.19,2.59
2024-01-15,801890,27.02,2.08,0.98
2024-01-15,801880,23.97,2.0,1.22
2024-01-15,801790,13.83,1.0,2.74
2024-01-15,801770,26.62,1.97,1.23
2024-01-15,801760,35.19,2.2,1.38
2024-01-15,801750,55.36,2.94,0.56
2024-01-15,801730,16.59,2.28,1.24
2024-01-15,801780,4.47,0.44,5.78
2024-01-16,801170,14.47,1.26,2.68
2024-01-16,801160,19.08,1.48,2.27
2024-01-16,801150,26.75,2.61,1.16
2024-01-16,801120,23.8,5.0,2.53
2024-01-16,801050,15.52,1.98,2.0
2024-01-16,801080,42.22,2.4,0.54
2024-01-16,801040,20.98,0.87,1.83
2024-01-16,801030,20.76,1.74,1.76
2024-01-16,801010,48.77,2.58,1.14
2024-01-16,801180,12.26,0.67,2.61
2024-01-16,801110,12.57,2.23,3.4
2024-01-16,801890,26.93,2.07,0.98
2024-01-16,801880,24.13,2.02,1.21
2024-01-16,801790,13.99,1.01,2.71
2024-01-16,801780,4.53,0.44,5.71
2024-01-16,801760,34.88,2.18,1.4
2024-01-16,801750,55.17,2.92,0.56
2024-01-16,801730,16.82,2.31,1.22
2024-01-16,801710,17.35,1.19,2.59
2024-01-16,801770,26.64,1.97,1.23
2024-01-17,801180,11.93,0.65,2.68
2024-01-17,801170,14.21,1.24,2.73
2024-01-17,801160,18.77,1.46,2.3
2024-01-17,801150,26.07,2.54,1.19
2024-01-17,801050,15.01,1.92,2.07
2024-01-17,801110,12.39,2.2,3.45
2024-01-17,801080,40.98,2.33,0.56
2024-01-17,801040,20.58,0.85,1.87
2024-01-17,801030,20.23,1.7,1.8
2024-01-17,801010,47.68,2.52,1.17
2024-01-17,801120,23.05,4.84,2.61
2024-01-17,801710,16.86,1.16,2.67
2024-01-17,801880,23.45,1.96,1.25
2024-01-17,801790,13.74,0.99,2.76
2024-01-17,801890,26.33,2.03,1.01
2024-01-17,801770,26.13,1.93,1.26
2024-01-17,801760,33.96,2.12,1.43
2024-01-17,801750,54.01,2.86,0.58
2024-01-17,801730,16.32,2.24,1.26
2024-01-17,801780,4.5,0.44,5.74
2024-01-18,801180,11.91,0.65,2.68
2024-01-18,801170,14.18,1.24,2.74
2024-01-18,801160,18.62,1.45,2.32
2024-01-18,801150,26.14,2.55,1.19
2024-01-18,801110,12.39,2.2,3.46
2024-01-18,801080,41.44,2.36,0.55
2024-01-18,801050,15.0,1.92,2.07
2024-01-18,801040,20.33,0.84,1.89
2024-01-18,801030,20.17,1.69,1.81
2024-01-18,801010,47.49,2.51,1.18
2024-01-18,801120,23.42,4.92,2.57
2024-01-18,801710,16.78,1.15,2.67
2024-01-18,801890,26.26,2.02,1.01
2024-01-18,801880,23.52,1.97,1.25
2024-01-18,801790,13.92,1.0,2.73
2024-01-18,801770,26.89,1.99,1.22
2024-01-18,801760,34.29,2.14,1.42
2024-01-18,801750,54.61,2.89,0.57
2024-01-18,801730,16.65,2.28,1.24
2024-01-18,801780,4.51,0.44,5.73
2024-01-19,801170,14.08,1.23,2.76
2024-01-19,801160,18.49,1.44,2.34
2024-01-19,801150,26.0,2.54,1.19
2024-01-19,801120,23.59,4.95,2.55
2024-01-19,801050,14.91,1.91,2.08
2024-01-19,801080,41.21,2.35,0.56
2024-01-19,801040,20.23,0.83,1.9
2024-01-19,801030,20.05,1.68,1.82
2024-01-19,801010,46.99,2.48,1.19
2024-01-19,801180,11.88,0.65,2.69
2024-01-19,801110,12.32,2.18,3.48
2024-01-19,801890,25.89,1.99,1.02
2024-01-19,801790,13.84,1.0,2.74
2024-01-19,801780,4.51,0.44,5.73
2024-01-19,801880,23.19,1.94,1.27
2024-01-19,801760,34.63,2.16,1.41
2024-01-19,801750,53.52,2.83,0.58
2024-01-19,801730,16.35,2.24,1.26
2024-01-19,801710,16.52,1.13,2.72
2024-01-19,801770,26.73,1.97,1.23
2024-01-22,801180,11.34,0.62,2.82
2024-01-22,801170,13.57,1.19,2.87
2024-01-22,801160,17.87,1.39,2.42
2024-01-22,801150,24.95,2.43,1.25
2024-01-22,801110,12.0,2.13,3.58
2024-01-22,801080,39.46,2.25,0.58
2024-01-22,801050,14.21,1.82,2.18
2024-01-22,801040,19.37,0.8,1.96
2024-01-22,801030,19.05,1.6,1.92
2024-01-22,801010,45.02,2.38,1.24
2024-01-22,801120,23.2,4.87,2.59
2024-01-22,801710,15.62,1.07,2.89
2024-01-22,801880,22.3,1.86,1.32
2024-01-22,801790,13.59,0.98,2.79
2024-01-22,801890,24.67,1.9,1.08
2024-01-22,801770,25.9,1.91,1.28
2024-01-22,801760,32.36,2.02,1.51
2024-01-22,801750,50.83,2.69,0.62
2024-01-22,801730,15.83,2.17,1.31
2024-01-22,801780,4.5,0.44,5.75
2024-01-23,801170,13.67,1.2,2.85
2024-01-23,801160,18.03,1.4,2.4
2024-01-23,801150,25.1,2.45,1.24
2024-01-23,801120,23.04,4.84,2.61
2024-01-23,801180,11.51,0.63,2.78
2024-01-23,801080,39.82,2.27,0.58
2024-01-23,801050,14.33,1.83,2.16
2024-01-23,801040,19.53,0.81,1.94
2024-01-23,801030,19.22,1.61,1.9
2024-01-23,801010,45.06,2.38,1.24
2024-01-23,801110,12.08,2.14,3.56
2024-01-23,801890,24.82,1.91,1.07
2024-01-23,801880,22.45,1.88,1.31
2024-01-23,801790,13.79,0.99,2.75
2024-01-23,801780,4.49,0.44,5.75
2024-01-23,801760,33.52,2.09,1.45
2024-01-23,801750,51.91,2.75,0.6
2024-01-23,801730,15.93,2.18,1.3
2024-01-23,801710,15.68,1.08,2.88
2024-01-23,801770,26.39,1.95,1.25
2024-01-24,801180,11.92,0.65,2.68
2024-01-24,801170,14.05,1.23,2.77
2024-01-24,801160,18.42,1.43,2.35
2024-01-24,801150,25.3,2.47,1.23
2024-01-24,801050,14.55,1.86,2.13
2024-01-24,801110,12.29,2.18,3.5
2024-01-24,801080,39.93,2.27,0.58
2024-01-24,801040,20.07,0.83,1.89
2024-01-24,801030,19.41,1.63,1.88
2024-01-24,801010,45.45,2.4,1.23
2024-01-24,801120,23.14,4.86,2.6
2024-01-24,801710,15.97,1.1,2.82
2024-01-24,801890,25.21,1.94,1.05
2024-01-24,801880,22.69,1.9,1.3
2024-01-24,801790,14.35,1.03,2.65
2024-01-24,801770,26.72,1.97,1.24
2024-01-24,801760,33.77,2.12,1.43
2024-01-24,801750,52.68,2.79,0.6
2024-01-24,801730,15.87,2.18,1.3
2024-01-24,801780,4.56,0.45,5.66
2024-01-25,801180,12.57,0.68,2.55
2024-01-25,801170,14.41,1.26,2.7
2024-01-25,801160,18.93,1.47,2.29
2024-01-25,801150,25.83,2.52,1.2
2024-01-25,801050,14.99,1.92,2.07
2024-01-25,801110,12.3,2.18,3.49
2024-01-25,801080,41.03,2.34,0.56
2024-01-25,801040,20.84,0.86,1.81
2024-01-25,801030,20.0,1.68,1.83
2024-01-25,801010,46.34,2.45,1.2
2024-01-25,801120,23.51,4.94,2.56
2024-01-25,801710,16.53,1.14,2.73
2024-01-25,801890,25.99,2.0,1.02
2024-01-25,801880,23.14,1.93,1.27
2024-01-25,801790,14.64,1.05,2.59
2024-01-25,801770,27.81,2.05,1.19
2024-01-25,801760,34.98,2.2,1.38
2024-01-25,801750,54.37,2.88,0.58
2024-01-25,801730,16.15,2.21,1.28
2024-01-25,801780,4.63,0.45,5.58
2024-01-26,801180,12.96,0.71,2.47
2024-01-26,801170,14.56,1.27,2.67
2024-01-26,801160,19.05,1.48,2.27
2024-01-26,801150,25.35,2.47,1.23
2024-01-26,801080,40.07,2.28,0.58
2024-01-26,801110,12.36,2.19,3.48
2024-01-26,801050,15.03,1.92,2.06
2024-01-26,801040,21.04,0.87,1.79
2024-01-26,801030,19.93,1.67,1.84
2024-01-26,801120,23.5,4.93,2.56
2024-01-26,801010,46.59,2.46,1.2
2024-01-26,801710,16.7,1.15,2.7
2024-01-26,801880,22.92,1.92,1.28
2024-01-26,801790,14.66,1.06,2.59
2024-01-26,801890,25.91,1.99,1.03
2024-01-26,801770,27.47,2.03,1.2
2024-01-26,801760,34.98,2.2,1.38
2024-01-26,801750,53.81,2.85,0.58
2024-01-26,801730,15.86,2.17,1.3
2024-01-26,801780,4.71,0.46,5.49
2024-01-29,801150,24.77,2.42,1.25
2024-01-29,801180,12.72,0.69,2.52
2024-01-29,801170,14.42,1.26,2.7
2024-01-29,801160,19.03,1.48,2.27
2024-01-29,801120,23.59,4.95,2.55
2024-01-29,801110,12.5,2.22,3.45
2024-01-29,801080,38.73,2.21,0.59
2024-01-29,801050,14.75,1.89,2.1
2024-01-29,801040,20.88,0.86,1.87
2024-01-29,801030,19.51,1.64,1.88
2024-01-29,801010,46.05,2.43,1.21
2024-01-29,801890,25.27,1.94,1.06
2024-01-29,801880,22.31,1.87,1.32
2024-01-29,801710,16.53,1.14,2.73
2024-01-29,801780,4.75,0.46,5.44
2024-01-29,801770,26.35,1.95,1.26
2024-01-29,801760,33.81,2.12,1.43
2024-01-29,801750,51.83,2.75,0.61
2024-01-29,801730,15.2,2.08,1.36
2024-01-29,801790,14.45,1.04,2.62
2024-01-30,801170,14.04,1.23,2.77
2024-01-30,801160,18.83,1.46,2.3
2024-01-30,801150,24.16,2.36,1.29
2024-01-30,801120,22.95,4.82,2.62
2024-01-30,801050,14.45,1.85,2.15
2024-01-30,801080,37.43,2.13,0.62
2024-01-30,801040,20.53,0.85,1.91
2024-01-30,801030,18.97,1.59,1.93
2024-01-30,801010,45.33,2.39,1.23
2024-01-30,801180,12.27,0.67,2.61
2024-01-30,801110,12.34,2.19,3.49
2024-01-30,801890,24.65,1.9,1.08
2024-01-30,801790,14.22,1.02,2.67
2024-01-30,801780,4.7,0.46,5.5
2024-01-30,801880,21.88,1.83,1.35
2024-01-30,801760,32.62,2.05,1.48
2024-01-30,801750,50.65,2.68,0.62
2024-01-30,801730,14.76,2.02,1.4
2024-01-30,801710,16.05,1.11,2.81
2024-01-30,801770,25.68,1.9,1.29
2024-01-31,801180,11.81,0.64,2.71
2024-01-31,801170,13.82,1.21,2.82
2024-01-31,801160,18.7,1.45,2.31
2024-01-31,801150,23.22,2.26,1.34
2024-01-31,801110,12.24,2.17,3.52
2024-01-31,801080,36.0,2.05,0.64
2024-01-31,801050,14.0,1.79,2.22
2024-01-31,801040,20.16,0.83,1.94
2024-01-31,801030,18.31,1.54,2.0
2024-01-31,801010,44.22,2.34,1.26
2024-01-31,801120,22.64,4.75,2.66
2024-01-31,801710,15.71,1.08,2.87
2024-01-31,801880,21.31,1.78,1.38
2024-01-31,801790,14.15,1.02,2.68
2024-01-31,801890,23.88,1.84,1.12
2024-01-31,801770,24.93,1.84,1.36
2024-01-31,801760,31.55,1.98,1.54
2024-01-31,801750,48.05,2.55,0.65
2024-01-31,801730,14.57,2.0,1.43
2024-01-31,801780,4.7,0.46,5.5
2024-02-01,801180,11.52,0.63,2.78
2024-02-01,801170,13.68,1.2,2.84
2024-02-01,801160,18.41,1.43,2.35
2024-02-01,801150,23.24,2.27,1.34
2024-02-01,801010,44.13,2.33,1.27
2024-02-01,801110,12.28,2.18,3.51
2024-02-01,801050,13.95,1.78,2.23
2024-02-01,801040,19.97,0.83,1.96
2024-02-01,801030,18.13,1.52,2.02
2024-02-01,801120,22.68,4.76,2.65
2024-02-01,801080,36.27,2.07,0.64
2024-02-01,801710,15.57,1.07,2.9
2024-02-01,801880,21.27,1.78,1.39
2024-02-01,801790,14.05,1.01,2.7
2024-02-01,801890,23.72,1.83,1.13
2024-02-01,801770,25.15,1.86,1.35
2024-02-01,801760,31.3,1.96,1.55
2024-02-01,801750,48.19,2.55,0.65
2024-02-01,801730,14.54,1.99,1.43
2024-02-01,801780,4.68,0.46,5.53
2024-02-02,801180,11.47,0.63,2.79
2024-02-02,801170,13.5,1.18,2.88
2024-02-02,801160,18.2,1.42,2.38
2024-02-02,801150,22.39,2.18,1.39
2024-02-02,801110,12.13,2.15,3.55
2024-02-02,801080,34.88,1.99,0.66
2024-02-02,801050,13.57,1.73,2.29
2024-02-02,801040,19.61,0.81,2.0
2024-02-02,801030,17.5,1.47,2.09
2024-02-02,801010,43.66,2.31,1.28
2024-02-02,801120,22.46,4.71,2.68
2024-02-02,801710,15.23,1.05,2.97
2024-02-02,801890,23.1,1.78,1.16
2024-02-02,801880,20.65,1.73,1.43
2024-02-02,801790,13.81,0.99,2.74
2024-02-02,801770,24.63,1.82,1.38
2024-02-02,801760,30.79,1.93,1.57
2024-02-02,801750,46.2,2.45,0.68
2024-02-02,801730,14.0,1.92,1.49
2024-02-02,801780,4.68,0.46,5.53
2024-02-05,801170,13.24,1.16,2.94
2024-02-05,801160,17.87,1.39,2.42
2024-02-05,801150,22.08,2.15,1.41
2024-02-05,801120,22.63,4.75,2.66
2024-02-05,801050,13.13,1.68,2.37
2024-02-05,801080,33.63,1.92,0.69
2024-02-05,801040,19.11,0.79,2.05
2024-02-05,801030,16.78,1.41,2.18
2024-02-05,801010,42.51,2.25,1.31
2024-02-05,801180,10.81,0.59,2.96
2024-02-05,801110,12.11,2.15,3.56
2024-02-05,801890,22.15,1.71,1.22
2024-02-05,801790,13.63,0.98,2.79
2024-02-05,801780,4.73,0.46,5.46
2024-02-05,801880,19.95,1.67,1.48
2024-02-05,801760,28.51,1.79,1.7
2024-02-05,801750,43.2,2.29,0.73
2024-02-05,801730,13.64,1.87,1.53
2024-02-05,801710,14.65,1.01,3.09
2024-02-05,801770,23.9,1.77,1.43
2024-02-06,801180,10.97,0.6,2.92
2024-02-06,801170,13.69,1.2,2.84
2024-02-06,801160,18.27,1.42,2.37
2024-02-06,801150,23.69,2.31,1.32
2024-02-06,801110,12.38,2.19,3.48
2024-02-06,801080,35.6,2.03,0.65
2024-02-06,801050,13.78,1.76,2.26
2024-02-06,801040,19.97,0.83,1.96
2024-02-06,801030,17.59,1.48,2.08
2024-02-06,801010,43.64,2.3,1.28
2024-02-06,801120,23.47,4.93,2.56
2024-02-06,801710,15.23,1.05,2.97
2024-02-06,801880,20.81,1.74,1.42
2024-02-06,801790,14.3,1.03,2.66
2024-02-06,801890,23.09,1.78,1.17
2024-02-06,801770,25.0,1.85,1.36
2024-02-06,801760,30.02,1.88,1.62
2024-02-06,801750,45.55,2.41,0.69
2024-02-06,801730,14.44,1.98,1.44
2024-02-06,801780,4.79,0.47,5.39
2024-02-07,801180,10.94,0.6,2.93
2024-02-07,801170,13.89,1.21,2.8
2024-02-07,801160,18.45,1.43,2.36
2024-02-07,801150,24.41,2.38,1.28
2024-02-07,801010,44.42,2.34,1.26
2024-02-07,801110,12.62,2.24,3.4
2024-02-07,801080,36.39,2.07,0.63
2024-02-07,801040,20.6,0.86,1.9
2024-02-07,801030,18.07,1.52,2.03
2024-02-07,801120,23.91,5.02,2.52
2024-02-07,801050,14.22,1.82,2.19
2024-02-07,801710,15.45,1.07,2.93
2024-02-07,801890,23.35,1.8,1.16
2024-02-07,801880,21.36,1.79,1.39
2024-02-07,801790,14.51,1.04,2.62
2024-02-07,801770,25.18,1.86,1.35
2024-02-07,801760,30.29,1.9,1.6
2024-02-07,801750,46.27,2.45,0.68
2024-02-07,801730,14.78,2.03,1.41
2024-02-07,801780,4.76,0.47,5.43
2024-02-08,801180,11.49,0.63,2.79
2024-02-08,801170,14.05,1.23,2.77
2024-02-08,801160,18.7,1.45,2.33
2024-02-08,801150,24.67,2.41,1.26
2024-02-08,801050,14.52,1.85,2.14
2024-02-08,801110,12.65,2.24,3.4
2024-02-08,801080,37.83,2.16,0.61
2024-02-08,801040,20.84,0.87,1.88
2024-02-08,801030,18.72,1.57,1.95
2024-02-08,801010,45.4,2.39,1.23
2024-02-08,801120,23.94,5.02,2.51
2024-02-08,801710,15.88,1.1,2.85
2024-02-08,801880,22.08,1.84,1.34
2024-02-08,801790,14.65,1.05,2.59
2024-02-08,801890,24.34,1.87,1.1
2024-02-08,801770,25.98,1.92,1.31
2024-02-08,801760,31.46,1.97,1.54
2024-02-08,801750,48.77,2.58,0.64
2024-02-08,801730,15.19,2.08,1.37
2024-02-08,801780,4.74,0.46,5.46
2024-02-19,801180,11.54,0.63,2.78
2024-02-19,801170,14.27,1.25,2.73
2024-02-19,801160,19.12,1.48,2.28
2024-02-19,801150,24.68,2.41,1.26
2024-02-19,801010,45.08,2.38,1.24
2024-02-19,801110,12.71,2.25,3.38
2024-02-19,801080,38.58,2.2,0.59
2024-02-19,801050,14.67,1.87,2.12
2024-02-19,801040,21.07,0.87,1.86
2024-02-19,801030,18.92,1.59,1.93
2024-02-19,801120,23.98,5.03,2.51
2024-02-19,801710,15.9,1.1,2.85
2024-02-19,801890,24.81,1.91,1.08
2024-02-19,801880,22.24,1.86,1.33
2024-02-19,801780,4.83,0.47,5.36
2024-02-19,801770,27.8,2.05,1.22
2024-02-19,801760,33.39,2.1,1.45
2024-02-19,801750,50.93,2.7,0.62
2024-02-19,801730,15.2,2.08,1.37
2024-02-19,801790,14.55,1.05,2.61
2024-02-20,801180,11.63,0.64,2.75
2024-02-20,801170,14.39,1.26,2.71
2024-02-20,801160,19.22,1.49,2.27
2024-02-20,801150,24.96,2.43,1.25
2024-02-20,801010,45.71,2.41,1.22
2024-02-20,801110,12.95,2.29,3.32
2024-02-20,801080,38.68,2.2,0.59
2024-02-20,801050,14.74,1.88,2.11
2024-02-20,801040,21.17,0.88,1.85
2024-02-20,801030,19.05,1.6,1.92
2024-02-20,801120,23.78,4.99,2.53
2024-02-20,801710,16.03,1.1,2.89
2024-02-20,801890,25.02,1.93,1.07
2024-02-20,801880,22.12,1.85,1.34
2024-02-20,801780,4.86,0.48,5.32
2024-02-20,801770,28.02,2.07,1.21
2024-02-20,801760,33.81,2.12,1.43
2024-02-20,801750,51.07,2.7,0.61
2024-02-20,801730,15.13,2.07,1.37
2024-02-20,801790,14.64,1.05,2.6
2024-02-21,801180,11.88,0.65,2.7
2024-02-21,801170,14.49,1.27,2.69
2024-02-21,801160,19.13,1.48,2.29
2024-02-21,801150,25.02,2.44,1.24
2024-02-21,801110,13.01,2.3,3.31
2024-02-21,801080,38.86,2.22,0.59
2024-02-21,801050,14.85,1.9,2.09
2024-02-21,801040,21.17,0.88,1.85
2024-02-21,801030,19.25,1.62,1.9
2024-02-21,801010,45.95,2.42,1.22
2024-02-21,801120,24.59,5.16,2.45
2024-02-21,801710,16.29,1.11,2.85
2024-02-21,801890,25.21,1.94,1.06
2024-02-21,801880,22.57,1.88,1.31
2024-02-21,801790,14.86,1.07,2.56
2024-02-21,801770,27.75,2.05,1.22
2024-02-21,801760,33.8,2.12,1.43
2024-02-21,801750,51.27,2.71,0.61
2024-02-21,801730,15.31,2.1,1.35
2024-02-21,801780,4.99,0.49,5.18
2024-02-22,801170,14.58,1.28,2.67
2024-02-22,801160,19.33,1.5,2.26
2024-02-22,801150,25.17,2.45,1.24
2024-02-22,801120,24.69,5.18,2.44
2024-02-22,801050,15.04,1.92,2.07
2024-02-22,801080,39.67,2.26,0.58
2024-02-22,801040,21.37,0.89,1.83
2024-02-22,801030,19.48,1.64,1.88
2024-02-22,801010,46.25,2.44,1.21
2024-02-22,801180,11.9,0.65,2.7
2024-02-22,801110,13.04,2.31,3.3
2024-02-22,801890,25.62,1.97,1.05
2024-02-22,801790,15.01,1.08,2.53
2024-02-22,801780,5.0,0.49,5.17
2024-02-22,801880,22.81,1.9,1.29
2024-02-22,801760,34.51,2.17,1.4
2024-02-22,801750,53.22,2.82,0.59
2024-02-22,801730,15.43,2.11,1.34
2024-02-22,801710,16.37,1.12,2.83
2024-02-22,801770,28.64,2.11,1.18
2024-02-23,801180,12.0,0.66,2.67
2024-02-23,801170,14.59,1.28,2.67
2024-02-23,801160,19.5,1.51,2.24
2024-02-23,801150,25.22,2.46,1.23
2024-02-23,801110,12.93,2.29,3.33
2024-02-23,801080,40.1,2.29,0.57
2024-02-23,801050,15.23,1.94,2.04
2024-02-23,801040,21.39,0.89,1.83
2024-02-23,801030,19.68,1.65,1.86
2024-02-23,801010,46.43,2.45,1.2
2024-02-23,801120,24.73,5.19,2.43
2024-02-23,801710,16.4,1.12,2.83
2024-02-23,801890,25.96,2.0,1.03
2024-02-23,801880,23.32,1.95,1.27
2024-02-23,801790,15.06,1.08,2.52
2024-02-23,801770,28.82,2.13,1.17
2024-02-23,801760,35.57,2.23,1.36
2024-02-23,801750,54.48,2.88,0.57
2024-02-23,801730,15.61,2.14,1.33
2024-02-23,801780,5.02,0.49,5.15
2024-02-26,801180,11.9,0.65,2.7
2024-02-26,801170,14.47,1.27,2.69
2024-02-26,801160,19.13,1.48,2.29
2024-02-26,801150,25.33,2.47,1.22
2024-02-26,801050,15.09,1.93,2.06
2024-02-26,801110,13.13,2.33,3.28
2024-02-26,801080,40.31,2.3,0.57
2024-02-26,801040,21.27,0.88,1.84
2024-02-26,801030,19.73,1.66,1.85
2024-02-26,801010,46.58,2.46,1.2
2024-02-26,801120,24.46,5.14,2.46
2024-02-26,801710,16.37,1.12,2.83
2024-02-26,801890,26.74,2.06,1.0
2024-02-26,801880,23.76,1.98,1.24
2024-02-26,801790,14.84,1.07,2.56
2024-02-26,801770,28.81,2.13,1.17
2024-02-26,801760,35.4,2.22,1.37
2024-02-26,801750,54.9,2.91,0.57
2024-02-26,801730,15.6,2.14,1.33
2024-02-26,801780,4.9,0.48,5.28
2024-02-27,801170,14.59,1.28,2.67
2024-02-27,801160,19.26,1.49,2.27
2024-02-27,801150,25.67,2.5,1.21
2024-02-27,801120,24.47,5.14,2.46
2024-02-27,801050,15.28,1.95,2.03
2024-02-27,801080,41.8,2.38,0.55
2024-02-27,801040,21.42,0.89,1.83
2024-02-27,801030,20.11,1.69,1.82
2024-02-27,801010,47.41,2.5,1.18
2024-02-27,801180,12.13,0.66,2.64
2024-02-27,801110,13.37,2.37,3.22
2024-02-27,801890,27.2,2.09,0.98
2024-02-27,801880,24.56,2.05,1.2
2024-02-27,801790,15.04,1.08,2.53
2024-02-27,801780,4.9,0.48,5.27
2024-02-27,801760,36.78,2.31,1.32
2024-02-27,801750,57.57,3.04,0.55
2024-02-27,801730,15.87,2.17,1.3
2024-02-27,801710,16.57,1.13,2.8
2024-02-27,801770,30.27,2.23,1.12
2024-02-28,801180,11.75,0.64,2.73
2024-02-28,801170,14.3,1.25,2.72
2024-02-28,801160,19.16,1.48,2.28
2024-02-28,801150,25.08,2.45,1.24
2024-02-28,801050,14.97,1.91,2.07
2024-02-28,801110,13.13,2.33,2.78
2024-02-28,801080,39.6,2.26,0.58
2024-02-28,801040,21.16,0.88,1.85
2024-02-28,801030,19.49,1.64,1.88
2024-02-28,801010,46.39,2.45,1.21
2024-02-28,801120,24.22,5.08,2.48
2024-02-28,801710,16.14,1.1,2.87
2024-02-28,801890,25.93,2.0,1.03
2024-02-28,801880,23.35,1.95,1.26
2024-02-28,801790,14.82,1.07,2.56
2024-02-28,801770,28.59,2.11,1.18
2024-02-28,801760,34.89,2.19,1.39
2024-02-28,801750,54.31,2.87,0.58
2024-02-28,801730,15.49,2.12,1.34
2024-02-28,801780,4.89,0.48,5.29
2024-02-29,801180,11.97,0.65,2.68
2024-02-29,801170,14.52,1.27,2.68
2024-02-29,801160,19.35,1.5,2.26
2024-02-29,801150,25.63,2.5,1.21
2024-02-29,801050,15.35,1.97,2.01
2024-02-29,801110,13.39,2.37,2.72
2024-02-29,801080,41.54,2.37,0.55
2024-02-29,801040,21.52,0.89,1.82
2024-02-29,801030,20.07,1.69,1.82
2024-02-29,801010,46.85,2.47,1.19
2024-02-29,801120,24.6,5.16,2.44
2024-02-29,801710,16.5,1.13,2.81
2024-02-29,801880,24.33,2.03,1.21
2024-02-29,801790,15.08,1.09,2.52
2024-02-29,801890,26.98,2.08,0.99
2024-02-29,801770,29.82,2.2,1.14
2024-02-29,801760,36.21,2.28,1.34
2024-02-29,801750,56.73,3.0,0.55
2024-02-29,801730,16.05,2.2,1.29
2024-02-29,801780,4.91,0.48,5.26
2024-03-01,801180,11.91,0.65,2.69
2024-03-01,801170,14.4,1.26,2.71
2024-03-01,801160,19.3,1.5,2.26
2024-03-01,801150,25.66,2.5,1.21
2024-03-01,801010,46.33,2.44,1.21
2024-03-01,801110,13.67,2.42,2.67
2024-03-01,801080,42.79,2.44,0.54
2024-03-01,801050,15.49,1.98,2.0
2024-03-01,801040,21.49,0.89,1.82
2024-03-01,801030,20.19,1.7,1.81
2024-03-01,801120,24.56,5.15,2.45
2024-03-01,801710,16.54,1.13,2.8
2024-03-01,801890,27.38,2.11,0.98
2024-03-01,801880,24.34,2.03,1.21
2024-03-01,801780,4.91,0.48,5.27
2024-03-01,801770,30.55,2.26,1.11
2024-03-01,801760,36.88,2.32,1.31
2024-03-01,801750,58.91,3.11,0.53
2024-03-01,801730,16.22,2.22,1.28
2024-03-01,801790,15.12,1.09,2.51
2024-03-04,801180,11.61,0.63,2.76
2024-03-04,801170,14.41,1.26,2.7
2024-03-04,801160,19.6,1.52,2.23
2024-03-04,801150,26.15,2.55,1.19
2024-03-04,801110,13.81,2.45,2.64
2024-03-04,801080,43.18,2.46,0.53
2024-03-04,801050,15.57,1.99,1.99
2024-03-04,801040,21.34,0.88,1.83
2024-03-04,801030,20.05,1.68,1.82
2024-03-04,801010,46.14,2.43,1.21
2024-03-04,801120,24.37,5.11,2.47
2024-03-04,801710,16.38,1.12,2.83
2024-03-04,801890,27.58,2.12,0.97
2024-03-04,801880,24.19,2.02,1.22
2024-03-04,801790,14.92,1.07,2.55
2024-03-04,801770,31.06,2.29,1.09
2024-03-04,801760,37.27,2.34,1.3
2024-03-04,801750,59.19,3.12,0.53
2024-03-04,801730,16.3,2.23,1.27
2024-03-04,801780,4.87,0.48,5.31
2024-03-05,801180,11.59,0.63,2.77
2024-03-05,801170,14.37,1.26,2.71
2024-03-05,801160,19.7,1.53,2.22
2024-03-05,801150,25.89,2.52,1.2
2024-03-05,801050,15.59,2.0,1.98
2024-03-05,801110,13.77,2.44,2.65
2024-03-05,801080,43.12,2.46,0.53
2024-03-05,801040,21.27,0.88,1.84
2024-03-05,801030,19.87,1.67,1.84
2024-03-05,801010,46.3,2.45,1.21
2024-03-05,801120,24.61,5.16,2.44
2024-03-05,801710,16.28,1.11,2.85
2024-03-05,801890,27.37,2.11,0.98
2024-03-05,801880,24.29,2.03,1.21
2024-03-05,801790,14.9,1.07,2.55
2024-03-05,801770,30.68,2.26,1.1
2024-03-05,801760,36.85,2.32,1.31
2024-03-05,801750,58.56,3.09,0.54
2024-03-05,801730,16.12,2.21,1.29
2024-03-05,801780,4.95,0.48,5.22
2024-03-06,801170,14.33,1.25,2.72
2024-03-06,801160,19.86,1.54,2.2
2024-03-06,801150,25.73,2.51,1.21
2024-03-06,801120,24.32,5.1,2.47
2024-03-06,801050,15.7,2.01,1.97
2024-03-06,801080,42.93,2.45,0.54
2024-03-06,801040,21.42,0.89,1.83
2024-03-06,801030,19.93,1.67,1.83
2024-03-06,801010,46.18,2.44,1.21
2024-03-06,801180,11.51,0.63,2.79
2024-03-06,801110,13.74,2.43,2.65
2024-03-06,801890,27.82,2.14,0.96
2024-03-06,801880,24.39,2.04,1.2
2024-03-06,801790,14.86,1.07,2.56
2024-03-06,801780,4.91,0.48,5.27
2024-03-06,801760,36.47,2.29,1.33
2024-03-06,801750,58.34,3.08,0.54
2024-03-06,801730,16.43,2.25,1.26
2024-03-06,801710,16.32,1.12,2.84
2024-03-06,801770,30.82,2.28,1.1
2024-03-07,801180,11.42,0.62,2.81
2024-03-07,801170,14.31,1.25,2.72
2024-03-07,801160,19.97,1.55,2.19
2024-03-07,801150,25.0,2.44,1.24
2024-03-07,801050,16.04,2.05,1.93
2024-03-07,801110,13.85,2.45,2.64
2024-03-07,801080,42.13,2.4,0.55
2024-03-07,801040,21.83,0.9,1.8
2024-03-07,801030,19.89,1.67,1.84
2024-03-07,801010,46.63,2.44,1.21
2024-03-07,801120,24.26,5.09,2.48
2024-03-07,801710,16.27,1.11,2.85
2024-03-07,801880,24.14,2.02,1.22
2024-03-07,801790,14.78,1.06,2.57
2024-03-07,801890,27.86,2.14,0.96
2024-03-07,801770,30.09,2.22,1.12
2024-03-07,801760,35.42,2.23,1.37
2024-03-07,801750,56.75,3.0,0.55
2024-03-07,801730,16.07,2.2,1.29
2024-03-07,801780,4.93,0.48,5.24
2024-03-08,801180,11.38,0.62,2.82
2024-03-08,801170,14.36,1.26,2.71
2024-03-08,801160,20.16,1.56,2.17
2024-03-08,801150,25.14,2.45,1.24
2024-03-08,801110,13.91,2.46,2.62
2024-03-08,801080,43.48,2.48,0.53
2024-03-08,801050,16.2,2.07,1.91
2024-03-08,801040,21.88,0.91,1.79
2024-03-08,801030,19.99,1.68,1.83
2024-03-08,801010,46.39,2.43,1.22
2024-03-08,801120,24.12,5.06,2.49
2024-03-08,801710,16.29,1.11,2.85
2024-03-08,801890,28.12,2.16,0.95
2024-03-08,801880,24.19,2.03,1.21
2024-03-08,801790,14.77,1.06,2.57
2024-03-08,801770,31.35,2.31,1.08
2024-03-08,801760,35.91,2.26,1.35
2024-03-08,801750,57.66,3.04,0.54
2024-03-08,801730,16.32,2.24,1.27
2024-03-08,801780,4.92,0.48,5.25
2024-03-11,801170,14.45,1.27,2.69
2024-03-11,801160,20.24,1.57,2.16
2024-03-11,801150,25.76,2.51,1.21
2024-03-11,801120,24.6,5.16,2.45
2024-03-11,801050,16.4,2.1,1.88
2024-03-11,801080,44.05,2.51,0.52
2024-03-11,801040,21.64,0.91,1.79
2024-03-11,801030,20.28,1.7,1.8
2024-03-11,801010,46.97,2.46,1.2
2024-03-11,801180,11.66,0.64,2.75
2024-03-11,801110,13.87,2.46,2.63
2024-03-11,801890,28.22,2.17,0.95
2024-03-11,801790,14.96,1.08,2.54
2024-03-11,801780,4.91,0.48,5.26
2024-03-11,801880,24.81,2.08,1.18
2024-03-11,801760,36.52,2.3,1.33
2024-03-11,801750,58.69,3.1,0.53
2024-03-11,801730,17.35,2.38,1.2
2024-03-11,801710,16.53,1.13,2.8
2024-03-11,801770,31.21,2.31,1.08
2024-03-12,801180,12.12,0.66,2.65
2024-03-12,801170,14.5,1.27,2.68
2024-03-12,801160,19.7,1.53,2.22
2024-03-12,801150,26.26,2.56,1.19
2024-03-12,801110,13.7,2.43,2.66
2024-03-12,801080,44.05,2.51,0.52
2024-03-12,801050,16.07,2.06,1.92
2024-03-12,801040,21.33,0.89,1.81
2024-03-12,801030,20.39,1.71,1.79
2024-03-12,801010,47.47,2.49,1.19
2024-03-12,801120,25.46,5.34,2.36
2024-03-12,801710,16.87,1.15,2.75
2024-03-12,801880,25.14,2.1,1.17
2024-03-12,801790,15.07,1.08,2.52
2024-03-12,801890,28.18,2.17,0.95
2024-03-12,801770,30.8,2.28,1.09
2024-03-12,801760,36.85,2.32,1.31
2024-03-12,801750,58.95,3.11,0.53
2024-03-12,801730,17.4,2.38,1.19
2024-03-12,801780,4.87,0.48,5.31
2024-03-13,801180,11.84,0.65,2.71
2024-03-13,801170,14.45,1.27,2.69
2024-03-13,801160,19.8,1.53,2.21
2024-03-13,801150,26.1,2.55,1.19
2024-03-13,801110,13.71,2.43,2.66
2024-03-13,801080,44.05,2.51,0.52
2024-03-13,801050,16.21,2.07,1.91
2024-03-13,801040,21.36,0.89,1.81
2024-03-13,801030,20.31,1.71,1.8
2024-03-13,801010,46.62,2.44,1.21
2024-03-13,801120,25.26,5.3,2.38
2024-03-13,801710,16.67,1.14,2.78
2024-03-13,801890,28.15,2.16,0.95
2024-03-13,801880,25.39,2.12,1.16
2024-03-13,801790,14.79,1.06,2.57
2024-03-13,801770,30.9,2.29,1.08
2024-03-13,801760,37.88,2.38,1.28
2024-03-13,801750,59.33,3.13,0.53
2024-03-13,801730,17.41,2.37,1.2
2024-03-13,801780,4.83,0.47,5.35
2024-03-14,801170,14.54,1.27,2.68
2024-03-14,801160,19.77,1.53,2.21
2024-03-14,801150,26.15,2.55,1.18
2024-03-14,801120,25.19,5.28,2.39
2024-03-14,801050,16.45,2.1,1.88
2024-03-14,801080,43.37,2.46,0.53
2024-03-14,801040,21.27,0.89,1.82
2024-03-14,801030,20.19,1.7,1.81
2024-03-14,801010,46.1,2.42,1.23
2024-03-14,801180,11.91,0.65,2.7
2024-03-14,801110,13.77,2.44,2.65
2024-03-14,801890,28.05,2.16,0.95
2024-03-14,801790,14.68,1.06,2.59
2024-03-14,801780,4.82,0.47,5.36
2024-03-14,801880,25.35,2.12,1.16
2024-03-14,801760,36.96,2.33,1.31
2024-03-14,801750,58.45,3.08,0.54
2024-03-14,801730,17.23,2.35,1.21
2024-03-14,801710,16.64,1.14,2.79
2024-03-14,801770,30.87,2.28,1.09
2024-03-15,801180,12.11,0.65,2.7
2024-03-15,801170,14.62,1.28,2.66
2024-03-15,801160,19.92,1.54,2.19
2024-03-15,801150,26.18,2.55,1.18
2024-03-15,801110,13.7,2.43,2.66
2024-03-15,801080,43.83,2.49,0.53
2024-03-15,801050,17.02,2.18,1.82
2024-03-15,801040,21.7,0.9,1.79
2024-03-15,801030,20.53,1.73,1.78
2024-03-15,801010,46.34,2.43,1.22
2024-03-15,801120,25.35,5.31,2.37
2024-03-15,801710,16.77,1.14,2.77
2024-03-15,801890,28.37,2.18,0.94
2024-03-15,801880,25.67,2.15,1.14
2024-03-15,801790,14.74,1.06,2.58
2024-03-15,801770,31.57,2.33,1.07
2024-03-15,801760,37.1,2.34,1.31
2024-03-15,801750,58.71,3.1,0.53
2024-03-15,801730,17.17,2.34,1.21
2024-03-15,801780,4.87,0.47,5.33
2024-03-18,801180,12.11,0.65,2.7
2024-03-18,801170,14.76,1.29,2.63
2024-03-18,801160,20.09,1.56,2.18
2024-03-18,801150,26.52,2.58,1.17
2024-03-18,801050,17.13,2.18,1.81
2024-03-18,801110,13.53,2.4,2.69
2024-03-18,801080,45.0,2.56,0.51
2024-03-18,801040,21.43,0.9,1.8
2024-03-18,801030,20.73,1.76,1.76
2024-03-18,801010,46.69,2.45,1.21
2024-03-18,801120,25.36,5.32,2.38
2024-03-18,801710,16.85,1.15,2.75
2024-03-18,801890,28.73,2.21,0.93
2024-03-18,801880,26.13,2.2,1.12
2024-03-18,801790,14.99,1.08,2.53
2024-03-18,801770,32.16,2.37,1.05
2024-03-18,801760,38.17,2.4,1.27
2024-03-18,801750,59.93,3.17,0.52
2024-03-18,801730,17.67,2.38,1.18
2024-03-18,801780,4.86,0.47,5.34
2024-03-19,801170,14.58,1.28,2.67
2024-03-19,801160,19.92,1.54,2.2
2024-03-19,801150,26.17,2.54,1.18
2024-03-19,801120,25.54,5.35,2.36
2024-03-19,801050,17.01,2.17,1.82
2024-03-19,801080,45.06,2.56,0.52
2024-03-19,801040,21.53,0.91,1.78
2024-03-19,801030,20.39,1.75,1.76
2024-03-19,801010,47.69,2.5,1.18
2024-03-19,801180,11.9,0.64,2.72
2024-03-19,801110,13.51,2.39,2.69
2024-03-19,801890,28.4,2.19,0.94
2024-03-19,801880,25.81,2.17,1.13
2024-03-19,801790,14.73,1.06,2.58
2024-03-19,801780,4.81,0.47,5.38
2024-03-19,801760,37.91,2.39,1.28
2024-03-19,801750,59.63,3.15,0.52
2024-03-19,801730,17.45,2.35,1.2
2024-03-19,801710,16.71,1.14,2.78
2024-03-19,801770,32.02,2.36,1.05
2024-03-20,801180,11.96,0.64,2.71
2024-03-20,801170,14.76,1.29,2.63
2024-03-20,801160,20.07,1.55,2.18
2024-03-20,801150,26.16,2.55,1.18
2024-03-20,801050,17.0,2.17,1.82
2024-03-20,801110,13.44,2.38,2.7
2024-03-20,801080,45.16,2.57,0.51
2024-03-20,801040,19.5,0.92,1.79
2024-03-20,801030,20.45,1.76,1.76
2024-03-20,801010,48.1,2.52,1.17
2024-03-20,801120,25.49,5.34,2.37
2024-03-20,801710,17.66,1.13,2.78
2024-03-20,801890,28.53,2.2,0.93
2024-03-20,801880,25.94,2.18,1.12
2024-03-20,801790,14.76,1.06,2.57
2024-03-20,801770,32.02,2.37,1.05
2024-03-20,801760,39.3,2.47,1.23
2024-03-20,801750,61.05,3.23,0.51
2024-03-20,801730,17.55,2.36,1.19
2024-03-20,801780,4.85,0.47,5.34
2024-03-21,801180,12.03,0.65,2.7
2024-03-21,801170,14.73,1.29,2.64
2024-03-21,801160,20.01,1.55,2.19
2024-03-21,801150,25.98,2.53,1.19
2024-03-21,801050,17.2,2.18,1.81
2024-03-21,801110,13.26,2.35,2.74
2024-03-21,801080,44.99,2.56,0.52
2024-03-21,801040,19.46,0.91,1.8
2024-03-21,801030,20.39,1.75,1.76
2024-03-21,801010,49.47,2.59,1.14
2024-03-21,801120,25.53,5.34,2.36
2024-03-21,801710,17.56,1.13,2.8
2024-03-21,801880,25.97,2.19,1.12
2024-03-21,801790,14.81,1.07,2.56
2024-03-21,801890,28.5,2.2,0.93
2024-03-21,801770,31.87,2.36,1.05
2024-03-21,801760,39.8,2.51,1.22
2024-03-21,801750,60.96,3.22,0.51
2024-03-21,801730,17.41,2.35,1.2
2024-03-21,801780,4.89,0.48,5.3
2024-03-22,801180,11.86,0.64,2.73
2024-03-22,801170,14.53,1.27,2.68
2024-03-22,801160,19.91,1.54,2.2
2024-03-22,801150,25.53,2.49,1.21
2024-03-22,801010,48.44,2.54,1.17
2024-03-22,801110,13.4,2.38,2.72
2024-03-22,801080,44.79,2.55,0.52
2024-03-22,801050,16.78,2.13,1.85
2024-03-22,801040,19.28,0.9,1.83
2024-03-22,801030,19.99,1.73,1.79
2024-03-22,801120,25.15,5.26,2.4
2024-03-22,801710,17.51,1.11,2.84
2024-03-22,801890,28.15,2.17,0.94
2024-03-22,801880,25.74,2.17,1.13
2024-03-22,801780,4.87,0.47,5.32
2024-03-22,801770,32.03,2.36,1.05
2024-03-22,801760,40.54,2.55,1.19
2024-03-22,801750,60.37,3.19,0.52
2024-03-22,801730,17.06,2.29,1.23
2024-03-22,801790,15.06,1.04,2.62
2024-03-25,801180,11.92,0.64,2.72
2024-03-25,801170,14.41,1.27,2.69
2024-03-25,801160,19.72,1.54,2.21
2024-03-25,801150,25.21,2.46,1.23
2024-03-25,801110,13.38,2.37,2.72
2024-03-25,801080,43.44,2.47,0.53
2024-03-25,801050,16.32,2.12,1.84
2024-03-25,801040,19.16,0.9,1.84
2024-03-25,801030,19.69,1.71,1.81
2024-03-25,801010,47.5,2.5,1.18
2024-03-25,801120,24.91,5.21,2.42
2024-03-25,801710,17.58,1.11,2.83
2024-03-25,801890,27.77,2.14,0.96
2024-03-25,801880,25.34,2.13,1.15
2024-03-25,801790,14.72,1.02,2.68
2024-03-25,801770,31.4,2.31,1.07
2024-03-25,801760,38.62,2.43,1.25
2024-03-25,801750,59.26,3.1,0.53
2024-03-25,801730,16.78,2.26,1.25
2024-03-25,801780,4.89,0.48,5.3
2024-03-26,801180,12.16,0.65,2.68
2024-03-26,801170,14.42,1.27,2.69
2024-03-26,801160,19.84,1.55,2.19
2024-03-26,801150,25.09,2.45,1.23
2024-03-26,801050,16.26,2.11,1.85
2024-03-26,801110,13.35,2.37,2.72
2024-03-26,801080,43.21,2.46,0.54
2024-03-26,801040,19.05,0.9,1.84
2024-03-26,801030,19.63,1.72,1.79
2024-03-26,801010,47.91,2.51,1.18
2024-03-26,801120,25.24,5.28,2.39
2024-03-26,801710,17.79,1.12,2.8
2024-03-26,801890,27.88,2.14,0.96
2024-03-26,801880,25.26,2.15,1.14
2024-03-26,801790,14.81,1.03,2.66
2024-03-26,801770,30.78,2.27,1.1
2024-03-26,801760,37.66,2.37,1.29
2024-03-26,801750,58.8,3.04,0.55
2024-03-26,801730,17.2,2.3,1.23
2024-03-26,801780,4.95,0.48,5.23
2024-03-27,801170,14.23,1.25,2.72
2024-03-27,801160,19.65,1.53,2.22
2024-03-27,801150,24.96,2.42,1.25
2024-03-27,801120,25.04,5.22,2.42
2024-03-27,801050,16.0,2.08,1.88
2024-03-27,801080,41.52,2.37,0.56
2024-03-27,801040,18.79,0.88,1.87
2024-03-27,801030,19.25,1.69,1.83
2024-03-27,801010,47.31,2.48,1.19
2024-03-27,801180,11.79,0.63,2.76
2024-03-27,801110,13.38,2.37,2.72
2024-03-27,801890,27.04,2.08,0.99
2024-03-27,801880,24.25,2.07,1.18
2024-03-27,801790,14.67,1.01,2.71
2024-03-27,801780,4.97,0.48,5.21
2024-03-27,801760,36.14,2.27,1.34
2024-03-27,801750,56.01,2.9,0.57
2024-03-27,801730,16.65,2.22,1.27
2024-03-27,801710,17.13,1.09,2.88
2024-03-27,801770,29.65,2.19,1.14
2024-03-28,801180,11.84,0.63,2.75
2024-03-28,801170,14.4,1.26,2.7
2024-03-28,801160,19.48,1.54,2.2
2024-03-28,801150,25.05,2.43,1.24
2024-03-28,801050,17.5,2.13,1.84
2024-03-28,801110,13.51,2.39,2.66
2024-03-28,801080,42.04,2.43,0.55
2024-03-28,801040,18.86,0.89,1.86
2024-03-28,801030,19.45,1.71,1.81
2024-03-28,801010,47.96,2.47,1.19
2024-03-28,801120,25.06,5.22,2.42
2024-03-28,801710,17.11,1.1,2.87
2024-03-28,801880,24.54,2.1,1.16
2024-03-28,801790,14.91,1.01,2.7
2024-03-28,801890,27.61,2.12,0.97
2024-03-28,801770,30.59,2.25,1.11
2024-03-28,801760,37.42,2.34,1.3
2024-03-28,801750,57.55,3.01,0.55
2024-03-28,801730,16.82,2.24,1.26
2024-03-28,801780,4.92,0.47,5.28
2024-03-29,801180,12.98,0.63,2.79
2024-03-29,801170,15.26,1.27,2.66
2024-03-29,801160,19.69,1.56,2.17
2024-03-29,801150,25.44,2.43,1.24
2024-03-29,801110,13.51,2.38,2.66
2024-03-29,801080,42.38,2.45,0.54
2024-03-29,801050,18.96,2.21,1.78
2024-03-29,801040,19.08,0.9,1.84
2024-03-29,801030,19.81,1.73,1.78
2024-03-29,801010,48.8,2.53,1.17
2024-03-29,801120,25.07,5.23,2.41
2024-03-29,801710,16.98,1.11,2.79
2024-03-29,801890,27.93,2.14,0.95
2024-03-29,801880,24.46,2.1,1.15
2024-03-29,801790,15.31,1.01,2.69
2024-03-29,801770,30.9,2.28,1.09
2024-03-29,801760,37.21,2.31,1.32
2024-03-29,801750,57.07,2.99,0.58
2024-03-29,801730,16.96,2.27,1.25
2024-03-29,801780,4.97,0.47,5.28
2024-04-01,801170,15.37,1.29,2.63
2024-04-01,801160,19.65,1.56,2.18
2024-04-01,801150,26.2,2.48,1.22
2024-04-01,801120,25.23,5.3,2.37
2024-04-01,801050,19.17,2.25,1.71
2024-04-01,801080,43.68,2.51,0.53
2024-04-01,801040,19.33,0.91,1.82
2024-04-01,801030,20.56,1.77,1.73
2024-04-01,801010,50.25,2.59,1.14
2024-04-01,801180,13.21,0.64,2.76
2024-04-01,801110,13.83,2.44,2.6
2024-04-01,801890,28.54,2.19,0.93
2024-04-01,801790,15.58,1.03,2.65
2024-04-01,801780,5.02,0.48,5.23
2024-04-01,801880,25.33,2.16,1.12
2024-04-01,801760,38.47,2.39,1.28
2024-04-01,801750,58.63,3.05,0.53
2024-04-01,801730,17.48,2.33,1.21
2024-04-01,801710,17.43,1.14,2.71
2024-04-01,801770,31.22,2.33,1.07
2024-04-02,801180,13.07,0.63,2.79
2024-04-02,801170,15.46,1.3,2.61
2024-04-02,801160,19.78,1.57,2.16
2024-04-02,801150,25.94,2.45,1.23
2024-04-02,801110,13.78,2.44,2.61
2024-04-02,801080,43.39,2.47,0.54
2024-04-02,801050,19.43,2.28,1.69
2024-04-02,801040,19.88,0.92,1.79
2024-04-02,801030,20.97,1.8,1.71
2024-04-02,801010,49.83,2.57,1.15
2024-04-02,801120,25.08,5.27,2.38
2024-04-02,801710,17.5,1.14,2.71
2024-04-02,801880,25.12,2.15,1.13
2024-04-02,801790,15.41,1.02,2.67
2024-04-02,801890,28.35,2.17,0.94
2024-04-02,801770,30.8,2.3,1.09
2024-04-02,801760,37.58,2.33,1.31
2024-04-02,801750,57.35,2.98,0.55
2024-04-02,801730,17.58,2.34,1.2
2024-04-02,801780,5.03,0.48,5.22
2024-04-03,801180,12.89,0.63,2.83
2024-04-03,801170,15.4,1.3,2.61
2024-04-03,801160,19.73,1.56,2.17
2024-04-03,801150,25.92,2.45,1.23
2024-04-03,801010,50.68,2.61,1.13
2024-04-03,801110,13.81,2.44,2.6
2024-04-03,801080,43.06,2.45,0.55
2024-04-03,801050,20.04,2.35,1.64
2024-04-03,801040,20.04,0.93,1.78
2024-04-03,801030,21.02,1.8,1.71
2024-04-03,801120,24.68,5.17,2.38
2024-04-03,801890,28.0,2.15,0.95
2024-04-03,801880,24.71,2.11,1.14
2024-04-03,801790,15.29,1.01,2.69
2024-04-03,801710,17.35,1.14,2.71
2024-04-03,801770,30.04,2.24,1.12
2024-04-03,801760,36.66,2.28,1.34
2024-04-03,801750,55.75,2.91,0.56
2024-04-03,801730,17.37,2.32,1.22
2024-04-03,801780,5.0,0.47,5.25
2024-04-08,801180,12.64,0.61,2.88
2024-04-08,801170,15.22,1.28,2.63
2024-04-08,801160,20.19,1.6,2.12
2024-04-08,801150,25.36,2.39,1.26
2024-04-08,801050,19.98,2.35,1.62
2024-04-08,801110,13.56,2.4,2.65
2024-04-08,801080,42.05,2.39,0.56
2024-04-08,801040,19.94,0.93,1.79
2024-04-08,801030,20.68,1.77,1.74
2024-04-08,801010,50.27,2.59,1.14
2024-04-08,801120,23.93,5.01,2.46
2024-04-08,801710,16.95,1.11,2.77
2024-04-08,801890,27.51,2.11,0.97
2024-04-08,801880,24.76,2.12,1.14
2024-04-08,801790,15.04,1.0,2.73
2024-04-08,801770,30.04,2.24,1.12
2024-04-08,801760,35.99,2.24,1.36
2024-04-08,801750,54.98,2.87,0.57
2024-04-08,801730,17.01,2.27,1.24
2024-04-08,801780,5.03,0.48,5.22
2024-04-09,801180,12.73,0.62,2.86
2024-04-09,801170,15.05,1.28,2.64
2024-04-09,801160,20.02,1.59,2.13
2024-04-09,801150,25.85,2.44,1.23
2024-04-09,801050,20.03,2.36,1.61
2024-04-09,801110,13.44,2.37,2.67
2024-04-09,801080,42.46,2.41,0.55
2024-04-09,801040,20.02,0.93,1.78
2024-04-09,801030,20.99,1.8,1.71
2024-04-09,801010,50.13,2.58,1.14
2024-04-09,801120,23.92,5.01,2.46
2024-04-09,801710,17.16,1.13,2.73
2024-04-09,801890,27.53,2.12,0.96
2024-04-09,801880,24.73,2.11,1.14
2024-04-09,801790,15.06,1.0,2.72
2024-04-09,801770,29.95,2.23,1.12
2024-04-09,801760,36.24,2.25,1.36
2024-04-09,801750,54.67,2.88,0.57
2024-04-09,801730,17.72,2.31,1.22
2024-04-09,801780,5.0,0.47,5.24
2024-04-10,801170,15.05,1.28,2.64
2024-04-10,801160,20.14,1.6,2.11
2024-04-10,801150,25.44,2.4,1.25
2024-04-10,801120,23.63,4.95,2.49
2024-04-10,801050,20.16,2.37,1.6
2024-04-10,801080,41.2,2.34,0.57
2024-04-10,801040,19.79,0.92,1.8
2024-04-10,801030,20.78,1.78,1.73
2024-04-10,801010,49.52,2.53,1.16
2024-04-10,801180,12.3,0.6,2.96
2024-04-10,801110,13.36,2.36,2.69
2024-04-10,801890,27.41,2.11,0.97
2024-04-10,801790,14.77,0.98,2.78
2024-04-10,801780,5.01,0.47,5.24
2024-04-10,801880,24.53,2.09,1.16
2024-04-10,801760,35.17,2.18,1.4
2024-04-10,801750,53.26,2.79,0.58
2024-04-10,801730,17.39,2.26,1.24
2024-04-10,801710,16.87,1.11,2.79
2024-04-10,801770,29.2,2.18,1.15
2024-04-11,801180,12.27,0.6,2.97
2024-04-11,801170,15.07,1.28,2.64
2024-04-11,801160,20.29,1.61,2.1
2024-04-11,801150,25.35,2.39,1.26
2024-04-11,801110,13.38,2.36,2.68
2024-04-11,801080,40.99,2.33,0.57
2024-04-11,801050,20.12,2.37,1.6
2024-04-11,801040,20.01,0.93,1.78
2024-04-11,801030,20.82,1.78,1.73
2024-04-11,801010,48.91,2.5,1.18
2024-04-11,801120,23.59,4.94,2.48
2024-04-11,801710,16.98,1.11,2.77
2024-04-11,801890,27.76,2.14,0.96
2024-04-11,801880,24.74,2.11,1.15
2024-04-11,801790,14.73,0.98,2.79
2024-04-11,801770,29.24,2.18,1.15
2024-04-11,801760,35.83,2.23,1.37
2024-04-11,801750,53.55,2.81,0.58
2024-04-11,801730,17.46,2.28,1.24
2024-04-11,801780,5.0,0.47,5.25
2024-04-12,801180,12.04,0.58,3.04
2024-04-12,801170,15.09,1.28,2.64
2024-04-12,801160,20.09,1.59,2.12
2024-04-12,801150,25.18,2.37,1.27
2024-04-12,801050,20.29,2.39,1.59
2024-04-12,801110,13.45,2.38,2.67
2024-04-12,801080,41.19,2.34,0.57
2024-04-12,801040,19.94,0.93,1.79
2024-04-12,801030,20.7,1.77,1.74
2024-04-12,801010,48.01,2.45,1.2
2024-04-12,801120,23.28,4.87,2.52
2024-04-12,801710,16.68,1.09,2.82
2024-04-12,801890,27.64,2.13,0.96
2024-04-12,801880,24.59,2.1,1.15
2024-04-12,801790,14.4,0.95,2.85
2024-04-12,801770,29.7,2.21,1.13
2024-04-12,801760,35.16,2.18,1.4
2024-04-12,801750,53.3,2.77,0.58
2024-04-12,801730,17.08,2.23,1.26
2024-04-12,801780,4.97,0.47,5.28
2024-04-15,801170,15.23,1.3,2.61
2024-04-15,801160,20.34,1.61,2.1
2024-04-15,801150,25.19,2.38,1.27
2024-04-15,801120,23.83,4.99,2.46
2024-04-15,801050,20.14,2.37,1.56
2024-04-15,801080,40.87,2.33,0.57
2024-04-15,801040,19.92,0.93,1.79
2024-04-15,801030,20.49,1.75,1.76
2024-04-15,801010,47.53,2.43,1.22
2024-04-15,801180,11.87,0.57,3.07
2024-04-15,801110,13.72,2.43,2.61
2024-04-15,801890,27.51,2.12,0.97
2024-04-15,801880,24.51,2.09,1.15
2024-04-15,801790,14.72,0.97,2.79
2024-04-15,801780,5.06,0.48,5.18
2024-04-15,801760,34.51,2.15,1.42
2024-04-15,801750,52.48,2.72,0.59
2024-04-15,801730,17.28,2.25,1.26
2024-04-15,801710,16.68,1.09,2.82
2024-04-15,801770,29.76,2.22,1.13
2024-04-16,801180,11.66,0.56,3.15
2024-04-16,801170,15.16,1.26,2.67
2024-04-16,801160,19.47,1.57,2.15
2024-04-16,801150,24.63,2.32,1.3
2024-04-16,801050,19.15,2.26,1.64
2024-04-16,801110,13.74,2.43,2.61
2024-04-16,801080,39.02,2.23,0.59
2024-04-16,801040,19.44,0.91,1.83
2024-04-16,801030,19.73,1.68,1.84
2024-04-16,801010,46.53,2.38,1.24
2024-04-16,801120,23.55,4.94,2.49
2024-04-16,801710,16.2,1.06,2.9
2024-04-16,801880,23.26,2.01,1.2
2024-04-16,801790,14.49,0.96,2.84
2024-04-16,801890,26.34,2.02,1.02
2024-04-16,801770,28.8,2.14,1.17
2024-04-16,801760,32.89,2.04,1.49
2024-04-16,801750,47.36,2.59,0.62
2024-04-16,801730,16.75,2.16,1.3
2024-04-16,801780,5.06,0.48,5.18
2024-04-17,801180,12.01,0.57,3.06
2024-04-17,801170,15.54,1.3,2.61
2024-04-17,801160,19.85,1.6,2.11
2024-04-17,801150,25.32,2.37,1.27
2024-04-17,801110,13.96,2.47,2.58
2024-04-17,801080,40.91,2.34,0.57
2024-04-17,801050,19.68,2.32,1.59
2024-04-17,801040,20.13,0.94,1.77
2024-04-17,801030,20.41,1.73,1.78
2024-04-17,801010,47.4,2.42,1.22
2024-04-17,801120,23.65,4.96,2.48
2024-04-17,801710,16.79,1.1,2.8
2024-04-17,801890,27.75,2.13,0.96
2024-04-17,801880,24.1,2.09,1.15
2024-04-17,801790,14.79,0.98,2.78
2024-04-17,801770,30.18,2.25,1.12
2024-04-17,801760,34.27,2.14,1.42
2024-04-17,801750,49.77,2.72,0.59
2024-04-17,801730,17.23,2.22,1.26
2024-04-17,801780,5.15,0.49,5.09
2024-04-18,801180,11.97,0.57,3.09
2024-04-18,801170,15.5,1.29,2.61
2024-04-18,801160,19.47,1.58,2.14
2024-04-18,801150,25.12,2.35,1.33
2024-04-18,801050,20.11,2.35,1.57
2024-04-18,801110,14.22,2.51,2.53
2024-04-18,801080,40.81,2.32,0.57
2024-04-18,801040,20.22,0.94,1.76
2024-04-18,801030,20.43,1.73,1.78
2024-04-18,801010,47.77,2.44,1.21
2024-04-18,801120,23.74,4.98,2.47
2024-04-18,801710,16.86,1.1,2.8
2024-04-18,801890,27.46,2.12,0.97
2024-04-18,801880,24.18,2.1,1.14
2024-04-18,801790,14.95,0.99,2.71
2024-04-18,801770,29.96,2.23,1.13
2024-04-18,801760,33.74,2.12,1.44
2024-04-18,801750,48.53,2.7,0.59
2024-04-18,801730,17.22,2.22,1.26
2024-04-18,801780,5.2,0.49,5.04
2024-04-19,801170,15.51,1.3,2.61
2024-04-19,801160,19.41,1.58,2.14
2024-04-19,801150,24.93,2.34,1.33
2024-04-19,801120,23.45,4.91,2.5
2024-04-19,801050,19.99,2.33,1.59
2024-04-19,801080,40.1,2.27,0.58
2024-04-19,801040,20.52,0.95,1.74
2024-04-19,801030,20.63,1.75,1.76
2024-04-19,801010,48.08,2.43,1.21
2024-04-19,801180,11.83,0.56,3.13
2024-04-19,801110,14.19,2.51,2.54
2024-04-19,801890,27.57,2.12,0.97
2024-04-19,801880,24.13,2.1,1.16
2024-04-19,801790,14.85,0.98,2.73
2024-04-19,801780,5.19,0.49,5.05
2024-04-19,801760,32.82,2.07,1.46
2024-04-19,801750,47.23,2.64,0.61
2024-04-19,801730,16.84,2.17,1.29
2024-04-19,801710,17.25,1.1,2.8
2024-04-19,801770,29.54,2.21,1.14
2024-04-22,801180,11.77,0.56,3.15
2024-04-22,801170,15.49,1.29,2.62
2024-04-22,801160,19.43,1.57,2.16
2024-04-22,801150,25.07,2.35,1.32
2024-04-22,801050,19.6,2.27,1.55
2024-04-22,801110,14.1,2.49,2.55
2024-04-22,801080,40.0,2.26,0.58
2024-04-22,801040,20.09,0.94,1.49
2024-04-22,801030,20.53,1.72,1.94
2024-04-22,801010,48.97,2.49,1.18
2024-04-22,801120,23.81,4.99,2.49
2024-04-22,801710,17.35,1.11,2.8
2024-04-22,801880,23.86,2.07,1.18
2024-04-22,801790,14.84,0.99,2.72
2024-04-22,801890,27.13,2.08,0.99
2024-04-22,801770,28.42,2.14,1.16
2024-04-22,801760,31.26,2.04,1.48
2024-04-22,801750,45.84,2.62,0.62
2024-04-22,801730,16.75,2.15,1.3
2024-04-22,801780,5.15,0.49,5.09
2024-04-23,801180,13.07,0.56,3.17
2024-04-23,801170,15.35,1.28,2.64
2024-04-23,801160,19.12,1.54,2.19
2024-04-23,801150,25.31,2.36,1.31
2024-04-23,801110,13.92,2.46,2.58
2024-04-23,801080,40.17,2.26,0.6
2024-04-23,801050,18.75,2.15,1.68
2024-04-23,801040,19.21,0.91,1.53
2024-04-23,801030,20.31,1.7,1.97
2024-04-23,801010,49.71,2.48,1.19
2024-04-23,801120,24.03,5.04,2.47
2024-04-23,801710,17.03,1.09,2.85
2024-04-23,801890,26.75,2.06,0.99
2024-04-23,801880,23.66,2.05,1.19
2024-04-23,801790,14.83,0.98,2.75
2024-04-23,801770,28.2,2.13,1.16
2024-04-23,801760,30.6,2.05,1.46
2024-04-23,801750,44.43,2.62,0.61
2024-04-23,801730,16.54,2.13,1.31
2024-04-23,801780,5.15,0.49,5.09
2024-04-24,801170,15.72,1.29,2.61
2024-04-24,801160,19.42,1.56,2.16
2024-04-24,801150,25.34,2.36,1.31
2024-04-24,801120,24.12,5.04,2.46
2024-04-24,801050,19.04,2.18,1.65
2024-04-24,801080,41.21,2.31,0.58
2024-04-24,801040,19.37,0.92,1.51
2024-04-24,801030,20.31,1.71,1.95
2024-04-24,801010,49.49,2.47,1.19
2024-04-24,801180,13.02,0.56,3.14
2024-04-24,801110,13.92,2.45,2.58
2024-04-24,801890,27.18,2.1,0.98
2024-04-24,801790,14.92,0.99,2.73
2024-04-24,801780,5.13,0.48,5.11
2024-04-24,801880,24.07,2.09,1.17
2024-04-24,801760,30.66,2.09,1.43
2024-04-24,801750,45.57,2.7,0.6
2024-04-24,801730,16.71,2.13,1.31
2024-04-24,801710,17.02,1.09,2.85
2024-04-24,801770,29.29,2.2,1.12
2024-04-25,801180,13.13,0.56,3.12
2024-04-25,801170,15.92,1.31,2.58
2024-04-25,801160,19.2,1.55,2.15
2024-04-25,801150,25.55,2.37,1.31
2024-04-25,801110,13.93,2.46,2.58
2024-04-25,801080,41.07,2.31,0.58
2024-04-25,801050,19.13,2.19,1.64
2024-04-25,801040,19.5,0.92,1.51
2024-04-25,801030,20.54,1.73,1.9
2024-04-25,801010,49.45,2.48,1.19
2024-04-25,801120,24.08,5.03,2.47
2024-04-25,801710,16.78,1.09,2.84
2024-04-25,801880,23.85,2.08,1.17
2024-04-25,801790,14.94,0.99,2.73
2024-04-25,801890,27.07,2.08,0.98
2024-04-25,801770,29.09,2.18,1.12
2024-04-25,801760,30.38,2.08,1.45
2024-04-25,801750,44.97,2.68,0.6
2024-04-25,801730,16.96,2.14,1.3
2024-04-25,801780,5.2,0.49,5.04
2024-04-26,801180,13.66,0.59,3.0
2024-04-26,801170,15.93,1.3,2.58
2024-04-26,801160,19.29,1.55,2.15
2024-04-26,801150,26.06,2.4,1.29
2024-04-26,801110,14.01,2.46,2.56
2024-04-26,801080,42.31,2.38,0.55
2024-04-26,801050,20.34,2.24,1.61
2024-04-26,801040,19.56,0.93,1.5
2024-04-26,801030,20.95,1.74,1.88
2024-04-26,801010,48.4,2.5,1.21
2024-04-26,801120,24.43,5.05,2.47
2024-04-26,801710,17.01,1.1,2.81
2024-04-26,801890,27.55,2.1,0.97
2024-04-26,801880,24.5,2.13,1.14
2024-04-26,801790,15.58,1.03,2.62
2024-04-26,801770,30.16,2.25,1.08
2024-04-26,801760,30.98,2.13,1.41
2024-04-26,801750,46.19,2.78,0.58
2024-04-26,801730,17.79,2.18,1.16
2024-04-26,801780,5.15,0.48,5.11
2024-04-29,801170,15.9,1.28,2.59
2024-04-29,801160,19.31,1.54,2.18
2024-04-29,801150,27.02,2.45,1.25
2024-04-29,801120,24.39,4.77,2.4
2024-04-29,801050,20.41,2.21,1.61
2024-04-29,801080,42.91,2.44,0.53
2024-04-29,801040,19.46,0.94,1.48
2024-04-29,801030,21.85,1.79,1.83
2024-04-29,801010,76.49,2.56,1.2
2024-04-29,801180,15.56,0.62,2.7
2024-04-29,801110,14.22,2.49,2.52
2024-04-29,801890,27.61,2.12,0.94
2024-04-29,801790,15.85,1.04,2.57
2024-04-29,801780,5.2,0.48,5.05
2024-04-29,801880,24.5,2.14,1.12
2024-04-29,801760,31.93,2.2,1.37
2024-04-29,801750,48.12,2.89,0.57
2024-04-29,801730,18.9,2.26,1.13
2024-04-29,801710,17.68,1.14,2.69
2024-04-29,801770,30.86,2.29,1.08
2024-04-30,801180,16.11,0.63,2.75
2024-04-30,801170,15.54,1.26,2.65
2024-04-30,801160,18.19,1.53,2.13
2024-04-30,801150,27.16,2.46,1.25
2024-04-30,801110,14.12,2.45,2.46
2024-04-30,801080,42.05,2.41,0.54
2024-04-30,801050,20.48,2.19,1.63
2024-04-30,801040,19.14,0.92,1.51
2024-04-30,801030,22.07,1.78,1.84
2024-04-30,801010,45.83,2.57,1.2
2024-04-30,801120,24.45,4.68,2.4
2024-04-30,801710,17.46,1.12,2.84
2024-04-30,801890,27.14,2.11,0.96
2024-04-30,801880,24.12,2.09,1.14
2024-04-30,801790,15.57,1.02,2.62
2024-04-30,801770,30.77,2.28,1.09
2024-04-30,801760,29.9,2.17,1.39
2024-04-30,801750,48.4,2.86,0.58
2024-04-30,801730,19.81,2.21,1.61
2024-04-30,801780,5.23,0.48,5.03
2024-05-06,801180,17.83,0.63,2.74
2024-05-06,801170,15.61,1.28,2.61
2024-05-06,801160,17.46,1.55,2.08
2024-05-06,801150,34.06,2.66,1.31
2024-05-06,801050,23.02,2.22,1.62
2024-05-06,801110,14.92,2.58,2.41
2024-05-06,801080,54.18,2.69,0.63
2024-05-06,801040,20.34,0.94,1.49
2024-05-06,801030,24.73,1.87,1.8
2024-05-06,801010,45.76,2.6,1.19
2024-05-06,801120,23.72,4.82,2.34
2024-05-06,801710,18.88,1.15,2.77
2024-05-06,801890,31.51,2.19,1.04
2024-05-06,801880,24.25,2.13,1.12
2024-05-06,801790,16.7,1.03,2.59
2024-05-06,801770,31.11,2.33,1.1
2024-05-06,801760,31.67,2.19,1.38
2024-05-06,801750,58.31,2.98,0.62
2024-05-06,801730,26.45,2.22,1.64
2024-05-06,801780,5.22,0.48,5.03
2024-05-07,801170,15.55,1.28,2.62
2024-05-07,801160,17.32,1.53,2.09
2024-05-07,801150,34.19,2.67,1.31
2024-05-07,801120,23.79,4.83,2.33
2024-05-07,801050,23.15,2.23,1.61
2024-05-07,801080,53.91,2.67,0.63
2024-05-07,801040,20.24,0.93,1.5
2024-05-07,801030,25.12,1.9,1.77
2024-05-07,801010,46.06,2.61,1.18
2024-05-07,801180,18.03,0.64,2.68
2024-05-07,801110,14.78,2.55,2.44
2024-05-07,801890,31.65,2.2,1.04
2024-05-07,801880,24.23,2.13,1.13
2024-05-07,801790,16.68,1.03,2.59
2024-05-07,801780,5.21,0.48,5.03
2024-05-07,801760,31.72,2.2,1.38
2024-05-07,801750,58.05,2.96,0.62
2024-05-07,801730,26.5,2.23,1.64
2024-05-07,801710,19.06,1.16,2.74
2024-05-07,801770,30.83,2.31,1.11
2024-05-08,801180,17.5,0.62,2.76
2024-05-08,801170,15.49,1.27,2.63
2024-05-08,801160,17.28,1.53,2.1
2024-05-08,801150,34.04,2.65,1.32
2024-05-08,801050,22.99,2.21,1.62
2024-05-08,801110,14.68,2.53,2.46
2024-05-08,801080,53.04,2.63,0.64
2024-05-08,801040,19.99,0.92,1.28
2024-05-08,801030,24.86,1.88,1.78
2024-05-08,801010,47.07,2.67,1.15
2024-05-08,801120,23.62,4.8,2.35
2024-05-08,801710,18.75,1.14,2.78
2024-05-08,801890,31.19,2.16,1.04
2024-05-08,801880,23.87,2.1,1.14
2024-05-08,801790,16.43,1.01,2.63
2024-05-08,801770,30.41,2.27,1.14
2024-05-08,801760,30.7,2.13,1.42
2024-05-08,801750,56.41,2.88,0.64
2024-05-08,801730,26.04,2.19,1.67
2024-05-08,801780,5.22,0.48,5.03
2024-05-09,801180,17.79,0.63,2.72
2024-05-09,801170,15.84,1.3,2.57
2024-05-09,801160,17.37,1.54,2.07
2024-05-09,801150,34.37,2.68,1.29
2024-05-09,801050,23.56,2.27,1.58
2024-05-09,801110,14.86,2.57,2.42
2024-05-09,801080,53.83,2.67,0.63
2024-05-09,801040,20.29,0.94,1.29
2024-05-09,801030,25.01,1.89,1.77
2024-05-09,801010,47.51,2.7,1.12
2024-05-09,801120,23.62,4.8,2.35
2024-05-09,801710,19.06,1.16,2.74
2024-05-09,801880,24.19,2.12,1.12
2024-05-09,801790,16.57,1.02,2.61
2024-05-09,801890,31.85,2.21,1.02
2024-05-09,801770,30.45,2.28,1.15
2024-05-09,801760,31.06,2.15,1.41
2024-05-09,801750,56.91,2.9,0.63
2024-05-09,801730,26.81,2.25,1.62
2024-05-09,801780,5.23,0.48,5.03
2024-05-10,801180,18.43,0.65,2.59
2024-05-10,801170,15.83,1.3,2.58
2024-05-10,801160,17.6,1.56,2.05
2024-05-10,801150,33.98,2.65,1.35
2024-05-10,801010,47.82,2.71,1.12
2024-05-10,801110,14.93,2.58,2.41
2024-05-10,801080,53.07,2.62,0.64
2024-05-10,801050,23.74,2.29,1.6
2024-05-10,801040,20.24,0.93,1.65
2024-05-10,801030,24.79,1.88,1.73
2024-05-10,801120,23.45,4.76,2.36
2024-05-10,801710,19.3,1.17,2.71
2024-05-10,801890,31.52,2.19,1.03
2024-05-10,801880,23.99,2.11,1.13
2024-05-10,801780,5.29,0.48,4.99
2024-05-10,801770,30.24,2.26,1.16
2024-05-10,801760,30.77,2.13,1.42
2024-05-10,801750,56.05,2.86,0.63
2024-05-10,801730,26.53,2.23,1.64
2024-05-10,801790,16.73,1.03,2.58
2024-05-13,801180,18.2,0.65,2.49
2024-05-13,801170,15.99,1.31,2.5
2024-05-13,801160,17.85,1.58,2.02
2024-05-13,801150,33.75,2.63,1.35
2024-05-13,801110,15.13,2.61,2.38
2024-05-13,801080,52.6,2.6,0.64
2024-05-13,801050,23.43,2.26,1.62
2024-05-13,801040,20.19,0.93,1.66
2024-05-13,801030,24.49,1.86,1.72
2024-05-13,801010,48.12,2.73,1.11
2024-05-13,801120,23.05,4.68,2.4
2024-05-13,801710,19.17,1.17,2.71
2024-05-13,801890,31.22,2.16,1.03
2024-05-13,801880,23.8,2.09,1.13
2024-05-13,801790,16.73,1.03,2.58
2024-05-13,801770,30.1,2.25,1.17
2024-05-13,801760,30.23,2.09,1.37
2024-05-13,801750,55.12,2.81,0.63
2024-05-13,801730,26.39,2.22,1.64
2024-05-13,801780,5.32,0.48,4.96
2024-05-14,801180,18.28,0.65,2.48
2024-05-14,801170,16.04,1.32,2.61
2024-05-14,801160,17.81,1.58,2.09
2024-05-14,801150,34.0,2.65,1.34
2024-05-14,801050,23.6,2.27,1.61
2024-05-14,801110,14.89,2.57,2.42
2024-05-14,801080,52.69,2.6,0.64
2024-05-14,801040,20.08,0.93,1.67
2024-05-14,801030,24.39,1.85,1.79
2024-05-14,801010,48.33,2.74,1.1
2024-05-14,801120,23.1,4.69,2.4
2024-05-14,801710,19.08,1.16,2.73
2024-05-14,801890,31.16,2.16,1.03
2024-05-14,801880,24.05,2.11,1.12
2024-05-14,801790,16.77,1.04,2.58
2024-05-14,801770,30.04,2.25,1.17
2024-05-14,801760,30.93,2.14,1.34
2024-05-14,801750,55.58,2.84,0.62
2024-05-14,801730,26.26,2.21,1.66
2024-05-14,801780,5.29,0.48,4.99
2024-05-15,801170,15.96,1.31,2.69
2024-05-15,801160,17.48,1.55,2.13
2024-05-15,801150,33.47,2.61,1.35
2024-05-15,801120,22.99,4.67,2.41
2024-05-15,801050,23.36,2.25,1.61
2024-05-15,801080,52.16,2.58,0.65
2024-05-15,801040,19.98,0.92,1.64
2024-05-15,801030,24.32,1.84,1.8
2024-05-15,801010,47.62,2.7,1.13
2024-05-15,801180,18.6,0.67,2.44
2024-05-15,801110,14.82,2.56,3.9
2024-05-15,801890,30.91,2.14,1.07
2024-05-15,801880,23.7,2.08,1.14
2024-05-15,801790,16.41,1.01,2.63
2024-05-15,801780,5.29,0.48,4.99
2024-05-15,801760,30.65,2.12,1.35
2024-05-15,801750,54.83,2.8,0.61
2024-05-15,801730,25.98,2.18,1.67
2024-05-15,801710,19.33,1.18,2.7
2024-05-15,801770,29.86,2.23,1.16
2024-05-16,801180,19.29,0.69,2.35
2024-05-16,801170,15.81,1.3,2.74
2024-05-16,801160,17.33,1.53,2.15
2024-05-16,801150,33.3,2.6,1.37
2024-05-16,801050,23.16,2.23,1.7
2024-05-16,801110,14.68,2.53,3.93
2024-05-16,801080,52.51,2.59,0.64
2024-05-16,801040,20.12,0.93,1.59
2024-05-16,801030,24.27,1.84,1.83
2024-05-16,801010,47.84,2.71,1.14
2024-05-16,801120,23.11,4.69,2.4
2024-05-16,801710,19.83,1.21,2.63
2024-05-16,801880,23.56,2.07,1.26
2024-05-16,801790,16.54,1.02,2.61
2024-05-16,801890,30.88,2.14,1.07
2024-05-16,801770,30.11,2.25,1.0
2024-05-16,801760,30.64,2.12,1.35
2024-05-16,801750,55.23,2.82,0.61
2024-05-16,801730,25.9,2.18,1.64
2024-05-16,801780,5.38,0.49,4.9
2024-05-17,801180,20.71,0.74,2.15
2024-05-17,801170,16.02,1.32,2.7
2024-05-17,801160,17.44,1.54,2.15
2024-05-17,801150,33.28,2.6,1.37
2024-05-17,801110,14.57,2.52,3.96
2024-05-17,801080,53.27,2.63,0.63
2024-05-17,801050,23.52,2.27,1.67
2024-05-17,801040,20.32,0.94,1.55
2024-05-17,801030,24.64,1.87,1.8
2024-05-17,801010,48.43,2.75,1.11
2024-05-17,801120,23.36,4.75,2.37
2024-05-17,801710,20.27,1.23,2.61
2024-05-17,801890,31.15,2.16,1.11
2024-05-17,801880,23.64,2.07,1.39
2024-05-17,801790,16.94,1.05,2.55
2024-05-17,801770,30.4,2.27,0.99
2024-05-17,801760,30.61,2.12,1.35
2024-05-17,801750,56.08,2.86,0.6
2024-05-17,801730,26.09,2.19,1.63
2024-05-17,801780,5.44,0.5,4.85
2024-05-20,801170,16.18,1.33,2.66
2024-05-20,801160,17.67,1.56,2.11
2024-05-20,801150,33.31,2.6,1.3
2024-05-20,801120,23.44,4.76,2.36
2024-05-20,801050,24.39,2.35,1.35
2024-05-20,801080,53.41,2.64,0.64
2024-05-20,801040,20.39,0.94,1.54
2024-05-20,801030,24.78,1.88,1.67
2024-05-20,801010,49.58,2.81,1.09
2024-05-20,801180,20.41,0.73,2.17
2024-05-20,801110,14.35,2.48,4.01
2024-05-20,801890,31.11,2.15,1.1
2024-05-20,801790,16.99,1.05,2.55
2024-05-20,801780,5.42,0.49,4.76
2024-05-20,801880,23.68,2.08,1.15
2024-05-20,801760,30.68,2.12,1.35
2024-05-20,801750,56.53,2.88,0.44
2024-05-20,801730,26.12,2.19,1.62
2024-05-20,801710,20.2,1.23,2.57
2024-05-20,801770,30.7,2.3,0.97
2024-05-21,801180,20.42,0.73,2.17
2024-05-21,801170,16.16,1.33,2.79
2024-05-21,801160,17.6,1.56,2.12
2024-05-21,801150,33.02,2.57,1.31
2024-05-21,801110,14.33,2.47,4.02
2024-05-21,801080,53.25,2.63,0.65
2024-05-21,801050,23.63,2.28,1.4
2024-05-21,801040,20.21,0.93,1.57
2024-05-21,801030,24.4,1.85,1.72
2024-05-21,801010,49.56,2.81,1.09
2024-05-21,801120,23.42,4.76,2.37
2024-05-21,801710,20.06,1.22,2.58
2024-05-21,801880,23.53,2.06,1.15
2024-05-21,801790,16.92,1.04,2.56
2024-05-21,801890,30.82,2.14,1.13
2024-05-21,801770,30.59,2.3,0.97
2024-05-21,801760,30.63,2.12,1.43
2024-05-21,801750,55.86,2.85,0.65
2024-05-21,801730,25.81,2.17,1.66
2024-05-21,801780,5.46,0.5,4.73
2024-05-22,801180,20.7,0.74,2.14
2024-05-22,801170,16.13,1.32,2.77
2024-05-22,801160,17.59,1.56,2.13
2024-05-22,801150,32.84,2.56,1.31
2024-05-22,801010,49.31,2.79,1.1
2024-05-22,801110,14.17,2.45,4.06
2024-05-22,801080,53.61,2.65,0.65
2024-05-22,801050,23.46,2.26,1.44
2024-05-22,801040,20.25,0.93,1.56
2024-05-22,801030,24.38,1.84,1.8
2024-05-22,801120,23.24,4.72,2.41
2024-05-22,801710,20.07,1.22,3.05
2024-05-22,801890,30.82,2.14,1.13
2024-05-22,801880,23.41,2.05,1.16
2024-05-22,801790,16.94,1.05,2.56
2024-05-22,801770,30.4,2.29,0.97
2024-05-22,801760,30.7,2.12,1.43
2024-05-22,801750,56.23,2.86,0.68
2024-05-22,801730,26.54,2.23,1.64
2024-05-22,801780,5.48,0.5,4.71
2024-05-23,801180,20.33,0.73,2.18
2024-05-23,801170,15.95,1.31,2.85
2024-05-23,801160,17.38,1.54,2.17
2024-05-23,801150,32.33,2.52,1.36
2024-05-23,801080,52.76,2.61,0.66
2024-05-23,801110,14.13,2.44,4.07
2024-05-23,801050,22.66,2.18,1.52
2024-05-23,801040,19.76,0.91,1.6
2024-05-23,801030,23.82,1.8,1.85
2024-05-23,801120,22.99,4.67,2.43
2024-05-23,801010,48.47,2.75,1.1
2024-05-23,801710,19.62,1.19,3.08
2024-05-23,801890,30.37,2.1,1.15
2024-05-23,801880,23.02,2.02,1.19
2024-05-23,801790,16.64,1.03,2.59
2024-05-23,801770,30.01,2.26,0.98
2024-05-23,801760,29.84,2.07,1.47
2024-05-23,801750,54.91,2.8,0.73
2024-05-23,801730,26.04,2.19,1.68
2024-05-23,801780,5.45,0.5,4.74
2024-05-24,801180,19.62,0.7,2.26
2024-05-24,801170,15.87,1.3,2.87
2024-05-24,801160,17.72,1.57,2.13
2024-05-24,801150,32.04,2.5,1.38
2024-05-24,801080,51.43,2.54,0.72
2024-05-24,801120,22.72,4.62,2.45
2024-05-24,801110,14.11,2.44,4.1
2024-05-24,801050,22.64,2.18,1.5
2024-05-24,801040,19.67,0.91,1.67
2024-05-24,801030,23.7,1.79,1.86
2024-05-24,801010,48.72,2.76,1.14
2024-05-24,801710,19.4,1.18,3.11
2024-05-24,801890,30.12,2.09,1.16
2024-05-24,801880,22.68,1.99,1.32
2024-05-24,801780,5.4,0.49,4.78
2024-05-24,801770,29.56,2.22,1.0
2024-05-24,801760,29.43,2.04,1.55
2024-05-24,801750,53.77,2.74,0.75
2024-05-24,801730,25.79,2.17,1.7
2024-05-24,801790,16.39,1.01,2.62
2024-05-27,801180,19.6,0.7,2.25
2024-05-27,801170,16.12,1.32,2.8
2024-05-27,801160,17.95,1.59,2.08
2024-05-27,801150,32.23,2.51,1.35
2024-05-27,801110,14.31,2.47,3.98
2024-05-27,801080,52.55,2.6,0.68
2024-05-27,801050,23.02,2.21,1.46
2024-05-27,801040,19.8,0.91,1.65
2024-05-27,801030,23.93,1.81,1.64
2024-05-27,801120,22.73,4.62,2.45
2024-05-27,801010,48.83,2.77,1.08
2024-05-27,801710,19.28,1.17,2.74
2024-05-27,801890,30.41,2.11,1.13
2024-05-27,801880,22.87,2.0,1.3
2024-05-27,801790,16.53,1.02,2.61
2024-05-27,801770,30.0,2.26,0.98
2024-05-27,801760,29.56,2.05,1.56
2024-05-27,801750,54.1,2.75,0.72
2024-05-27,801730,25.92,2.18,1.69
2024-05-27,801780,5.47,0.5,4.72
2024-05-28,801180,19.11,0.68,2.31
2024-05-28,801170,16.01,1.31,2.83
2024-05-28,801150,31.92,2.49,1.42
2024-05-28,801080,52.12,2.57,0.7
2024-05-28,801110,14.14,2.44,4.1
2024-05-28,801050,23.02,2.21,1.46
2024-05-28,801040,19.7,0.91,1.66
2024-05-28,801030,23.64,1.79,1.69
2024-05-28,801010,48.1,2.73,1.1
2024-05-28,801120,22.54,4.58,2.48
2024-05-28,801160,18.19,1.61,2.07
2024-05-28,801710,18.97,1.15,2.78
2024-05-28,801890,30.0,2.08,1.15
2024-05-28,801880,22.6,1.98,1.33
2024-05-28,801790,16.36,1.01,2.64
2024-05-28,801770,29.39,2.2,1.01
2024-05-28,801760,28.85,2.0,1.61
2024-05-28,801750,53.31,2.71,0.75
2024-05-28,801730,25.77,2.17,1.71
2024-05-28,801780,5.45,0.5,4.74
2024-05-29,801180,19.15,0.68,2.3
2024-05-29,801170,15.98,1.31,2.87
2024-05-29,801160,18.18,1.61,2.08
2024-05-29,801150,31.81,2.48,1.42
2024-05-29,801080,52.02,2.57,0.71
2024-05-29,801120,22.55,4.58,2.44
2024-05-29,801110,14.01,2.42,4.15
2024-05-29,801050,23.62,2.27,1.43
2024-05-29,801040,19.74,0.91,1.65
2024-05-29,801030,23.68,1.8,1.63
2024-05-29,801010,48.1,2.73,1.12
2024-05-29,801890,29.94,2.08,1.11
2024-05-29,801880,22.88,2.01,1.34
2024-05-29,801710,18.97,1.15,3.02
2024-05-29,801780,5.4,0.49,4.81
2024-05-29,801770,29.26,2.19,1.01
2024-05-29,801760,28.84,2.0,1.63
2024-05-29,801750,53.18,2.71,0.75
2024-05-29,801730,26.08,2.19,1.71
2024-05-29,801790,16.34,1.01,2.64
2024-05-30,801180,18.7,0.67,2.36
2024-05-30,801170,15.79,1.3,2.91
2024-05-30,801160,17.9,1.59,2.14
2024-05-30,801150,31.7,2.47,1.42
2024-05-30,801080,52.87,2.61,0.7
2024-05-30,801120,22.23,4.52,2.49
2024-05-30,801110,13.95,2.41,4.13
2024-05-30,801050,22.86,2.19,1.57
2024-05-30,801040,19.65,0.91,1.76
2024-05-30,801030,23.65,1.79,1.74
2024-05-30,801010,47.58,2.7,1.14
2024-05-30,801710,18.75,1.14,3.13
2024-05-30,801890,29.88,2.07,1.18
2024-05-30,801880,22.99,2.02,1.34
2024-05-30,801780,5.36,0.49,4.84
2024-05-30,801770,29.18,2.18,1.04
2024-05-30,801760,28.66,1.98,1.61
2024-05-30,801750,53.15,2.71,0.77
2024-05-30,801730,26.01,2.19,1.74
2024-05-30,801790,16.28,1.0,2.67
2024-05-31,801180,18.7,0.67,2.36
2024-05-31,801170,15.75,1.29,2.89
2024-05-31,801160,17.8,1.58,2.16
2024-05-31,801150,31.78,2.48,1.42
2024-05-31,801110,13.9,2.4,4.15
2024-05-31,801080,52.89,2.61,0.69
2024-05-31,801050,22.72,2.18,1.63
2024-05-31,801040,19.56,0.9,1.77
2024-05-31,801030,23.48,1.77,1.74
2024-05-31,801120,22.22,4.51,2.5
2024-05-31,801010,47.21,2.68,1.16
2024-05-31,801710,18.5,1.13,3.0
2024-05-31,801890,30.02,2.08,1.12
2024-05-31,801880,23.05,2.02,1.34
2024-05-31,801790,16.26,1.0,2.66
2024-05-31,801770,29.27,2.19,1.04
2024-05-31,801760,28.97,2.01,1.55
2024-05-31,801750,53.91,2.75,0.78
2024-05-31,801730,25.78,2.17,1.49
2024-05-31,801780,5.37,0.49,4.79
2024-06-03,801180,18.4,0.66,2.4
2024-06-03,801160,17.86,1.58,2.14
2024-06-03,801150,31.46,2.46,1.43
2024-06-03,801120,22.15,4.5,2.46
2024-06-03,801050,22.23,2.13,1.6
2024-06-03,801080,53.71,2.65,0.65
2024-06-03,801040,19.1,0.88,1.88
2024-06-03,801030,23.11,1.75,1.72
2024-06-03,801010,47.28,2.68,1.16
2024-06-03,801110,14.05,2.43,2.79
2024-06-03,801170,15.74,1.29,2.87
2024-06-03,801710,18.3,1.11,2.91
2024-06-03,801890,29.65,2.06,1.11
2024-06-03,801880,23.02,2.02,1.35
2024-06-03,801790,16.14,1.0,2.69
2024-06-03,801770,29.67,2.22,0.99
2024-06-03,801760,28.71,1.99,1.46
2024-06-03,801750,53.33,2.72,0.77
2024-06-03,801730,25.72,2.16,1.49
2024-06-03,801780,5.32,0.48,4.82
2024-06-04,801180,18.72,0.67,2.36
2024-06-04,801170,15.93,1.31,2.84
2024-06-04,801150,31.89,2.49,1.42
2024-06-04,801080,53.52,2.64,0.7
2024-06-04,801110,14.14,2.43,2.78
2024-06-04,801050,22.46,2.15,1.58
2024-06-04,801040,19.28,0.89,1.87
2024-06-04,801030,23.19,1.75,1.71
2024-06-04,801010,47.41,2.69,1.16
2024-06-04,801120,22.34,4.54,2.44
2024-06-04,801160,18.08,1.6,2.11
2024-06-04,801710,18.54,1.13,2.88
2024-06-04,801890,29.53,2.05,1.14
2024-06-04,801880,23.03,2.02,1.36
2024-06-04,801790,16.23,1.0,2.67
2024-06-04,801770,29.63,2.22,1.04
2024-06-04,801760,28.74,2.0,1.46
2024-06-04,801750,53.12,2.71,0.78
2024-06-04,801730,26.17,2.2,1.47
2024-06-04,801780,5.34,0.49,4.8
2024-06-05,801180,18.23,0.65,2.42
2024-06-05,801170,15.78,1.29,2.87
2024-06-05,801150,31.74,2.48,1.44
2024-06-05,801080,53.59,2.64,0.7
2024-06-05,801110,13.94,2.39,2.82
2024-06-05,801050,21.94,2.1,1.62
2024-06-05,801040,18.93,0.88,1.93
2024-06-05,801030,22.84,1.73,1.75
2024-06-05,801010,46.64,2.64,1.18
2024-06-05,801120,22.03,4.49,2.83
2024-06-05,801160,18.01,1.6,2.13
2024-06-05,801710,18.26,1.11,2.95
2024-06-05,801890,28.98,2.01,1.18
2024-06-05,801880,22.92,2.01,1.38
2024-06-05,801790,16.15,1.0,2.68
2024-06-05,801770,29.14,2.19,1.06
2024-06-05,801760,28.1,1.96,1.57
2024-06-05,801750,52.93,2.7,0.78
2024-06-05,801730,25.8,2.17,1.5
2024-06-05,801780,5.29,0.48,4.82
2024-06-06,801180,17.92,0.64,2.51
2024-06-06,801170,15.68,1.29,2.87
2024-06-06,801160,18.01,1.6,2.12
2024-06-06,801150,31.25,2.44,1.46
2024-06-06,801080,53.39,2.63,0.73
2024-06-06,801120,21.85,4.45,2.88
2024-06-06,801110,14.09,2.42,2.8
2024-06-06,801050,22.11,2.12,1.6
2024-06-06,801040,18.62,0.86,1.97
2024-06-06,801030,22.46,1.7,1.93
2024-06-06,801010,45.74,2.59,1.2
2024-06-06,801890,28.42,1.98,1.22
2024-06-06,801880,22.49,1.97,1.42
2024-06-06,801710,17.9,1.09,2.98
2024-06-06,801780,5.28,0.48,4.91
2024-06-06,801770,28.84,2.16,1.24
2024-06-06,801760,27.38,1.91,1.64
2024-06-06,801750,51.34,2.62,0.81
2024-06-06,801730,25.28,2.13,1.55
2024-06-06,801790,15.93,0.98,2.73
2024-06-07,801180,18.29,0.65,2.47
2024-06-07,801170,15.92,1.31,2.85
2024-06-07,801150,31.18,2.44,1.48
2024-06-07,801080,53.12,2.62,0.68
2024-06-07,801110,13.97,2.4,2.82
2024-06-07,801050,22.15,2.12,1.75
2024-06-07,801040,18.84,0.87,1.94
2024-06-07,801030,22.61,1.71,1.86
2024-06-07,801010,46.19,2.62,1.16
2024-06-07,801120,21.62,4.4,2.91
2024-06-07,801160,18.31,1.62,2.11
2024-06-07,801710,18.02,1.1,2.94
2024-06-07,801880,22.53,1.98,1.51
2024-06-07,801790,15.85,0.98,2.78
2024-06-07,801890,28.65,1.99,1.26
2024-06-07,801770,28.61,2.15,1.1
2024-06-07,801760,27.59,1.92,1.69
2024-06-07,801750,51.35,2.62,0.82
2024-06-07,801730,24.77,2.09,1.62
2024-06-07,801780,5.31,0.49,5.17
2024-06-11,801150,31.5,2.46,1.37
2024-06-11,801180,18.07,0.65,1.85
2024-06-11,801170,15.51,1.27,2.92
2024-06-11,801160,18.17,1.61,2.13
2024-06-11,801120,21.14,4.31,2.98
2024-06-11,801110,13.91,2.39,2.76
2024-06-11,801080,54.54,2.69,0.65
2024-06-11,801050,21.63,2.08,1.99
2024-06-11,801040,18.59,0.86,1.98
2024-06-11,801030,22.67,1.72,1.81
2024-06-11,801010,45.85,2.6,1.12
2024-06-11,801890,28.68,1.99,1.19
2024-06-11,801880,22.63,1.99,1.46
2024-06-11,801710,17.88,1.09,2.78
2024-06-11,801780,5.21,0.48,5.22
2024-06-11,801770,28.78,2.16,1.02
2024-06-11,801760,27.7,1.93,1.65
2024-06-11,801750,52.29,2.67,0.74
2024-06-11,801730,24.84,2.08,1.61
2024-06-11,801790,15.8,0.98,2.78
2024-06-12,801180,18.02,0.64,1.86
2024-06-12,801170,15.56,1.28,2.91
2024-06-12,801160,18.3,1.62,2.11
2024-06-12,801150,31.51,2.46,1.4
2024-06-12,801080,54.84,2.7,0.64
2024-06-12,801120,21.17,4.31,3.0
2024-06-12,801110,13.97,2.4,2.74
2024-06-12,801050,21.87,2.1,1.98
2024-06-12,801040,18.59,0.86,1.97
2024-06-12,801030,22.77,1.72,1.79
2024-06-12,801010,45.79,2.59,0.95
2024-06-12,801710,17.9,1.09,2.73
2024-06-12,801890,29.02,2.02,1.14
2024-06-12,801880,22.69,1.99,1.49
2024-06-12,801780,5.19,0.48,5.27
2024-06-12,801770,28.98,2.17,1.02
2024-06-12,801760,28.32,1.97,1.61
2024-06-12,801750,52.61,2.68,0.77
2024-06-12,801730,24.74,2.07,1.63
2024-06-12,801790,15.76,0.97,2.79
2024-06-13,801180,17.71,0.63,1.89
2024-06-13,801170,15.37,1.26,3.05
2024-06-13,801160,18.37,1.63,2.08
2024-06-13,801150,31.21,2.44,1.33
2024-06-13,801010,44.46,2.52,1.02
2024-06-13,801110,13.82,2.37,2.86
2024-06-13,801080,55.24,2.72,0.64
2024-06-13,801050,21.47,2.06,2.02
2024-06-13,801040,18.27,0.84,2.69
2024-06-13,801030,22.44,1.7,1.78
2024-06-13,801120,20.9,4.26,2.71
2024-06-13,801710,17.46,1.06,2.82
2024-06-13,801890,28.95,2.01,1.16
2024-06-13,801880,22.76,2.0,1.47
2024-06-13,801790,15.73,0.97,2.82
2024-06-13,801770,29.3,2.2,1.09
2024-06-13,801760,28.02,1.95,2.17
2024-06-13,801750,52.66,2.69,0.77
2024-06-13,801730,24.75,2.08,1.68
2024-06-13,801780,5.16,0.48,5.31
2024-06-14,801180,18.01,0.64,1.86
2024-06-14,801170,15.35,1.26,3.08
2024-06-14,801160,18.1,1.6,2.13
2024-06-14,801150,30.93,2.42,1.29
2024-06-14,801050,21.58,2.07,2.01
2024-06-14,801110,13.98,2.4,2.83
2024-06-14,801080,55.56,2.74,0.65
2024-06-14,801040,18.5,0.86,2.42
2024-06-14,801030,22.35,1.69,1.8
2024-06-14,801010,44.8,2.54,1.02
2024-06-14,801120,20.99,4.28,2.74
2024-06-14,801710,17.63,1.07,2.85
2024-06-14,801890,28.78,2.0,1.19
2024-06-14,801880,22.83,2.01,1.49
2024-06-14,801790,16.04,0.99,2.01
2024-06-14,801770,30.32,2.28,1.05
2024-06-14,801760,28.12,1.96,2.19
2024-06-14,801750,53.08,2.71,0.76
2024-06-14,801730,24.74,2.07,1.83
2024-06-14,801780,5.17,0.48,5.83
2024-06-17,801180,17.68,0.63,1.87
2024-06-17,801170,15.28,1.25,3.01
2024-06-17,801160,17.9,1.59,2.07
2024-06-17,801150,30.93,2.42,1.21
2024-06-17,801050,21.33,2.05,1.85
2024-06-17,801110,13.81,2.37,2.83
2024-06-17,801080,56.79,2.8,0.6
2024-06-17,801040,18.11,0.84,2.49
2024-06-17,801030,22.23,1.68,1.78
2024-06-17,801010,44.26,2.51,1.01
2024-06-17,801120,20.88,4.25,2.67
2024-06-17,801710,17.43,1.06,2.89
2024-06-17,801890,28.75,2.0,1.12
2024-06-17,801880,23.01,2.02,1.43
2024-06-17,801790,16.01,0.99,2.01
2024-06-17,801770,30.5,2.29,1.03
2024-06-17,801760,27.77,1.94,2.09
2024-06-17,801750,52.68,2.69,0.78
2024-06-17,801730,25.0,2.1,1.76
2024-06-17,801780,5.13,0.47,5.87
2024-06-18,801170,15.43,1.26,3.0
2024-06-18,801160,17.91,1.59,2.09
2024-06-18,801150,30.79,2.41,1.25
2024-06-18,801120,20.61,4.2,2.71
2024-06-18,801050,21.47,2.06,1.86
2024-06-18,801080,57.16,2.82,0.6
2024-06-18,801040,18.26,0.84,2.47
2024-06-18,801030,22.46,1.7,1.77
2024-06-18,801010,44.06,2.5,1.01
2024-06-18,801180,17.61,0.63,1.88
2024-06-18,801110,13.86,2.38,2.83
2024-06-18,801890,29.23,2.03,1.1
2024-06-18,801790,16.1,0.99,2.0
2024-06-18,801780,5.14,0.47,5.85
2024-06-18,801880,23.44,2.06,1.42
2024-06-18,801760,27.87,1.94,2.08
2024-06-18,801750,53.71,2.74,0.77
2024-06-18,801730,25.18,2.11,1.75
2024-06-18,801710,17.5,1.07,2.98
2024-06-18,801770,31.13,2.34,1.01
2024-06-19,801180,17.47,0.63,1.87
2024-06-19,801170,15.33,1.26,3.01
2024-06-19,801160,17.79,1.58,2.18
2024-06-19,801150,30.42,2.38,1.28
2024-06-19,801110,13.66,2.35,2.89
2024-06-19,801080,56.9,2.81,0.64
2024-06-19,801050,21.58,2.07,1.87
2024-06-19,801040,18.2,0.84,2.49
2024-06-19,801030,22.26,1.68,1.84
2024-06-19,801010,43.44,2.47,1.15
2024-06-19,801120,20.43,4.16,3.6
2024-06-19,801710,17.32,1.05,3.27
2024-06-19,801890,28.9,2.01,1.14
2024-06-19,801880,23.13,2.03,1.44
2024-06-19,801790,15.97,0.99,2.02
2024-06-19,801770,31.08,2.33,1.01
2024-06-19,801760,27.46,1.91,2.11
2024-06-19,801750,53.54,2.73,0.78
2024-06-19,801730,24.68,2.07,1.74
2024-06-19,801780,5.2,0.48,5.06
2024-06-20,801180,16.96,0.61,1.92
2024-06-20,801170,15.25,1.25,3.09
2024-06-20,801160,17.77,1.57,2.17
2024-06-20,801150,27.43,2.34,1.31
2024-06-20,801050,21.36,2.06,1.92
2024-06-20,801110,13.22,2.33,2.9
2024-06-20,801080,46.52,2.79,0.64
2024-06-20,801040,17.92,0.83,2.52
2024-06-20,801030,21.37,1.66,1.84
2024-06-20,801010,42.74,2.45,1.14
2024-06-20,801120,20.22,4.12,3.65
2024-06-20,801710,16.98,1.03,2.19
2024-06-20,801890,25.48,1.97,1.18
2024-06-20,801880,22.74,2.0,1.51
2024-06-20,801790,15.8,0.98,2.01
2024-06-20,801770,30.14,2.3,1.03
2024-06-20,801760,26.73,1.86,2.24
2024-06-20,801750,48.71,2.66,0.8
2024-06-20,801730,21.69,2.03,1.82
2024-06-20,801780,5.18,0.48,5.09
2024-06-21,801170,15.25,1.25,3.08
2024-06-21,801160,17.76,1.57,2.17
2024-06-21,801150,27.53,2.35,1.3
2024-06-21,801120,19.94,4.06,3.61
2024-06-21,801050,21.2,2.04,1.98
2024-06-21,801080,46.65,2.79,0.62
2024-06-21,801040,17.87,0.83,2.54
2024-06-21,801030,21.37,1.66,1.8
2024-06-21,801010,42.82,2.45,1.11
2024-06-21,801180,16.97,0.61,1.93
2024-06-21,801110,13.16,2.32,2.92
2024-06-21,801890,25.45,1.97,1.24
2024-06-21,801790,15.83,0.98,1.91
2024-06-21,801780,5.16,0.48,5.0
2024-06-21,801880,22.84,2.01,1.49
2024-06-21,801760,26.69,1.86,2.25
2024-06-21,801750,48.68,2.66,0.82
2024-06-21,801730,21.55,2.01,1.79
2024-06-21,801710,17.24,1.05,2.12
2024-06-21,801770,30.26,2.31,1.03
2024-06-24,801180,16.42,0.59,2.02
2024-06-24,801170,15.0,1.23,3.15
2024-06-24,801160,17.77,1.57,2.17
2024-06-24,801150,26.93,2.3,1.36
2024-06-24,801110,13.16,2.32,2.92
2024-06-24,801080,45.36,2.72,0.65
2024-06-24,801050,20.8,2.0,2.02
2024-06-24,801040,17.54,0.81,2.59
2024-06-24,801030,20.92,1.62,1.85
2024-06-24,801120,19.95,4.06,3.61
2024-06-24,801010,41.79,2.39,1.14
2024-06-24,801710,16.85,1.03,2.86
2024-06-24,801890,24.75,1.92,1.28
2024-06-24,801880,22.28,1.96,1.54
2024-06-24,801780,5.17,0.48,4.99
2024-06-24,801770,29.46,2.24,1.06
2024-06-24,801760,25.79,1.8,2.41
2024-06-24,801750,47.05,2.57,0.85
2024-06-24,801730,21.15,1.99,1.82
2024-06-24,801790,15.71,0.97,1.92
2024-06-25,801180,16.63,0.6,1.99
2024-06-25,801170,15.0,1.23,3.19
2024-06-25,801160,17.69,1.57,2.18
2024-06-25,801150,26.81,2.29,1.37
2024-06-25,801110,13.22,2.33,2.9
2024-06-25,801080,44.0,2.64,0.67
2024-06-25,801050,20.81,2.0,2.04
2024-06-25,801040,17.61,0.82,2.58
2024-06-25,801030,21.11,1.64,1.85
2024-06-25,801010,41.69,2.39,1.14
2024-06-25,801120,19.99,4.07,3.6
2024-06-25,801770,28.79,2.19,1.09
2024-06-25,801710,16.98,1.03,2.84
2024-06-25,801890,24.87,1.92,1.28
2024-06-25,801880,22.34,1.97,1.56
2024-06-25,801780,5.19,0.48,4.96
2024-06-25,801760,25.56,1.78,2.43
2024-06-25,801750,46.18,2.52,0.87
2024-06-25,801730,20.85,1.96,1.84
2024-06-25,801790,15.52,0.96,1.95
2024-06-26,801180,16.71,0.6,1.98
2024-06-26,801170,15.05,1.23,3.25
2024-06-26,801160,17.75,1.57,2.26
2024-06-26,801150,27.34,2.34,1.41
2024-06-26,801050,21.07,2.03,2.02
2024-06-26,801110,13.12,2.32,2.96
2024-06-26,801080,45.31,2.72,0.67
2024-06-26,801040,17.86,0.83,2.59
2024-06-26,801030,21.4,1.66,1.81
2024-06-26,801010,41.93,2.4,1.12
2024-06-26,801120,20.03,4.08,3.65
2024-06-26,801710,17.18,1.05,2.81
2024-06-26,801890,25.29,1.96,1.31
2024-06-26,801880,22.59,1.99,1.55
2024-06-26,801790,15.65,0.97,1.95
2024-06-26,801770,29.57,2.25,1.06
2024-06-26,801760,26.94,1.88,2.33
2024-06-26,801750,48.31,2.64,0.81
2024-06-26,801730,21.14,1.99,1.81
2024-06-26,801780,5.2,0.48,4.94
2024-06-27,801170,14.9,1.22,3.3
2024-06-27,801160,17.59,1.56,2.31
2024-06-27,801150,26.79,2.29,1.49
2024-06-27,801120,19.88,4.05,3.32
2024-06-27,801050,20.54,1.98,2.08
2024-06-27,801080,44.74,2.68,0.69
2024-06-27,801040,17.59,0.82,2.63
2024-06-27,801030,20.87,1.62,1.86
2024-06-27,801010,41.85,2.39,1.15
2024-06-27,801180,16.36,0.59,1.99
2024-06-27,801110,12.89,2.28,3.03
2024-06-27,801890,24.76,1.91,1.34
2024-06-27,801790,15.51,0.96,1.97
2024-06-27,801780,5.24,0.48,5.06
2024-06-27,801880,22.12,1.95,1.57
2024-06-27,801760,26.59,1.85,2.36
2024-06-27,801750,47.44,2.59,0.83
2024-06-27,801730,20.8,1.95,1.83
2024-06-27,801710,16.89,1.03,2.85
2024-06-27,801770,29.12,2.22,1.08
2024-06-28,801180,16.17,0.58,2.01
2024-06-28,801170,15.04,1.23,2.53
2024-06-28,801160,17.96,1.59,2.21
2024-06-28,801150,26.59,2.27,1.51
2024-06-28,801110,12.88,2.28,3.03
2024-06-28,801080,45.35,2.72,0.68
2024-06-28,801050,20.98,2.02,2.03
2024-06-28,801040,17.59,0.82,2.54
2024-06-28,801030,20.86,1.62,1.88
2024-06-28,801120,19.6,3.99,3.38
2024-06-28,801010,41.76,2.38,1.14
2024-06-28,801710,16.8,1.02,2.88
2024-06-28,801890,25.09,1.94,1.34
2024-06-28,801880,22.37,1.97,1.66
2024-06-28,801780,5.26,0.49,4.91
2024-06-28,801770,29.75,2.27,1.06
2024-06-28,801760,26.43,1.84,2.38
2024-06-28,801750,47.12,2.57,0.83
2024-06-28,801730,20.78,1.94,1.83
2024-06-28,801790,15.27,0.94,2.09
2024-07-01,801180,16.93,0.61,1.89
2024-07-01,801170,15.23,1.25,2.47
2024-07-01,801160,18.36,1.63,2.14
2024-07-01,801150,26.77,2.29,1.45
2024-07-01,801110,12.83,2.27,3.04
2024-07-01,801080,45.22,2.71,0.68
2024-07-01,801050,21.48,2.07,1.63
2024-07-01,801040,17.89,0.83,2.21
2024-07-01,801030,21.28,1.65,1.82
2024-07-01,801010,42.84,2.45,1.1
2024-07-01,801120,19.48,3.97,2.71
2024-07-01,801770,30.14,2.29,1.04
2024-07-01,801710,17.18,1.05,2.82
2024-07-01,801890,25.19,1.95,1.31
2024-07-01,801880,22.45,1.98,1.63
2024-07-01,801780,5.33,0.49,4.77
2024-07-01,801760,26.65,1.86,2.33
2024-07-01,801750,46.99,2.57,0.82
2024-07-01,801730,20.71,1.94,1.84
2024-07-01,801790,15.34,0.95,1.78
2024-07-02,801170,15.25,1.25,2.47
2024-07-02,801160,18.43,1.63,2.13
2024-07-02,801150,26.58,2.27,1.46
2024-07-02,801120,19.82,4.04,2.67
2024-07-02,801050,21.19,2.04,1.68
2024-07-02,801080,44.56,2.67,0.69
2024-07-02,801040,18.01,0.84,2.2
2024-07-02,801030,21.0,1.63,1.85
2024-07-02,801010,42.59,2.43,1.11
2024-07-02,801180,16.79,0.6,1.91
2024-07-02,801110,12.6,2.23,3.1
2024-07-02,801880,22.13,1.95,1.65
2024-07-02,801890,24.78,1.92,1.33
2024-07-02,801790,15.34,0.95,1.78
2024-07-02,801780,5.41,0.5,4.7
2024-07-02,801760,26.77,1.87,2.32
2024-07-02,801750,47.31,2.59,0.83
2024-07-02,801730,20.43,1.91,1.86
2024-07-02,801710,17.07,1.04,2.84
2024-07-02,801770,30.04,2.28,1.05
2024-07-03,801180,16.97,0.61,1.89
2024-07-03,801170,15.15,1.24,2.48
2024-07-03,801160,18.34,1.62,2.14
2024-07-03,801150,26.32,2.25,1.46
2024-07-03,801010,42.47,2.42,1.01
2024-07-03,801120,19.79,4.03,2.67
2024-07-03,801110,12.51,2.21,3.12
2024-07-03,801080,44.72,2.68,0.68
2024-07-03,801050,21.17,2.04,1.69
2024-07-03,801040,17.99,0.84,2.3
2024-07-03,801030,20.88,1.62,1.86
2024-07-03,801770,29.69,2.26,1.05
2024-07-03,801710,17.02,1.04,2.84
2024-07-03,801880,21.93,1.93,1.67
2024-07-03,801890,24.44,1.89,1.44
2024-07-03,801780,5.36,0.49,4.74
2024-07-03,801760,26.62,1.86,1.85
2024-07-03,801750,46.47,2.54,0.84
2024-07-03,801730,20.36,1.9,1.88
2024-07-03,801790,15.37,0.95,1.83
2024-07-04,801180,16.39,0.59,1.93
2024-07-04,801170,14.98,1.23,2.52
2024-07-04,801160,18.22,1.61,2.12
2024-07-04,801150,25.82,2.21,1.49
2024-07-04,801030,20.56,1.59,1.89
2024-07-04,801120,19.54,3.98,2.73
2024-07-04,801110,12.6,2.23,3.09
2024-07-04,801080,44.09,2.64,0.7
2024-07-04,801050,21.01,2.03,1.71
2024-07-04,801040,17.76,0.82,2.33
2024-07-04,801770,29.39,2.24,1.07
2024-07-04,801710,16.68,1.02,2.9
2024-07-04,801730,20.1,1.89,1.96
2024-07-04,801750,45.27,2.48,0.87
2024-07-04,801760,25.97,1.81,1.9
2024-07-04,801780,5.37,0.5,4.74
2024-07-04,801790,15.13,0.93,1.86
2024-07-04,801880,21.78,1.92,1.69
2024-07-04,801890,24.13,1.86,1.45
2024-07-04,801010,41.61,2.37,1.11
2024-07-05,801010,41.89,2.39,1.11
2024-07-05,801030,20.7,1.6,1.89
2024-07-05,801040,17.93,0.83,2.31
2024-07-05,801050,21.53,2.08,1.67
2024-07-05,801080,44.08,2.64,0.69
2024-07-05,801110,12.52,2.21,3.11
2024-07-05,801120,19.28,3.94,2.86
2024-07-05,801150,26.62,2.28,1.46
2024-07-05,801160,18.14,1.61,2.25
2024-07-05,801170,14.96,1.23,2.57
2024-07-05,801180,16.3,0.58,2.11
2024-07-05,801890,24.22,1.87,1.48
2024-07-05,801880,21.82,1.92,1.69
2024-07-05,801790,15.05,0.93,1.87
2024-07-05,801780,5.26,0.48,4.91
2024-07-05,801770,29.5,2.24,1.07
2024-07-05,801750,45.82,2.51,0.86
2024-07-05,801730,20.14,1.89,1.98
2024-07-05,801710,16.76,1.02,2.89
2024-07-05,801760,26.31,1.83,1.86
2024-07-08,801180,15.82,0.57,2.18
2024-07-08,801170,14.72,1.21,2.33
2024-07-08,801150,25.92,2.21,1.48
2024-07-08,801120,18.86,3.85,2.93
2024-07-08,801050,21.27,2.05,1.69
2024-07-08,801080,43.88,2.63,0.68
2024-07-08,801040,17.77,0.83,2.18
2024-07-08,801030,20.24,1.57,1.86
2024-07-08,801010,41.56,2.37,1.06
2024-07-08,801110,12.43,2.2,3.13
2024-07-08,801160,18.32,1.63,2.09
2024-07-08,801710,16.47,1.0,2.75
2024-07-08,801890,23.67,1.83,1.49
2024-07-08,801880,21.57,1.9,1.7
2024-07-08,801790,14.76,0.91,1.91
2024-07-08,801770,29.34,2.23,0.99
2024-07-08,801760,25.48,1.77,1.9
2024-07-08,801750,44.24,2.42,0.88
2024-07-08,801730,19.75,1.85,1.98
2024-07-08,801780,5.28,0.49,4.67
2024-07-09,801180,15.93,0.57,2.17
2024-07-09,801170,14.93,1.22,2.31
2024-07-09,801150,25.97,2.22,1.5
2024-07-09,801120,19.03,3.89,2.9
2024-07-09,801050,21.68,2.09,1.67
2024-07-09,801080,45.9,2.75,0.66
2024-07-09,801040,17.86,0.83,2.17
2024-07-09,801030,20.49,1.59,1.84
2024-07-09,801010,40.71,2.32,1.08
2024-07-09,801110,12.5,2.21,3.12
2024-07-09,801160,18.52,1.64,2.15
2024-07-09,801710,16.31,0.99,2.78
2024-07-09,801890,24.1,1.86,1.47
2024-07-09,801880,22.28,1.96,1.65
2024-07-09,801790,15.05,0.93,1.89
2024-07-09,801780,5.31,0.49,5.28
2024-07-09,801760,25.77,1.79,1.88
2024-07-09,801750,45.16,2.47,0.87
2024-07-09,801730,19.96,1.87,2.0
2024-07-09,801770,30.47,2.32,0.96
2024-07-10,801180,15.65,0.56,2.17
2024-07-10,801170,14.72,1.21,2.36
2024-07-10,801160,18.12,1.61,2.26
2024-07-10,801150,25.89,2.21,1.51
2024-07-10,801080,46.18,2.77,0.66
2024-07-10,801120,19.03,3.89,2.9
2024-07-10,801110,12.44,2.2,3.13
2024-07-10,801050,21.34,2.06,1.7
2024-07-10,801040,17.65,0.82,2.2
2024-07-10,801030,20.28,1.58,1.85
2024-07-10,801010,40.95,2.34,1.07
2024-07-10,801710,16.21,0.99,2.8
2024-07-10,801890,24.01,1.86,1.5
2024-07-10,801880,22.49,1.98,1.65
2024-07-10,801780,5.29,0.49,5.98
2024-07-10,801770,30.49,2.32,0.96
2024-07-10,801760,25.36,1.76,1.91
2024-07-10,801750,45.22,2.47,0.85
2024-07-10,801730,19.78,1.86,2.02
2024-07-10,801790,15.1,0.93,1.88
2024-07-11,801180,16.02,0.58,2.16
2024-07-11,801170,14.86,1.22,2.57
2024-07-11,801150,26.55,2.27,1.46
2024-07-11,801120,19.46,3.98,2.84
2024-07-11,801080,47.05,2.82,0.69
2024-07-11,801050,22.15,2.14,1.64
2024-07-11,801040,17.99,0.84,2.21
2024-07-11,801030,20.87,1.62,1.8
2024-07-11,801010,41.47,2.36,1.05
2024-07-11,801110,12.62,2.23,3.09
2024-07-11,801160,18.3,1.62,2.27
2024-07-11,801710,16.56,1.01,2.93
2024-07-11,801890,24.7,1.91,1.45
2024-07-11,801880,22.87,2.02,1.62
2024-07-11,801790,15.24,0.94,1.89
2024-07-11,801780,5.21,0.48,7.13
2024-07-11,801760,25.69,1.79,1.87
2024-07-11,801750,46.32,2.54,0.84
2024-07-11,801730,20.36,1.91,1.96
2024-07-11,801770,30.58,2.33,0.94
2024-07-12,801180,16.43,0.59,2.07
2024-07-12,801170,14.76,1.21,2.62
2024-07-12,801150,26.65,2.27,1.5
2024-07-12,801080,46.78,2.81,0.69
2024-07-12,801110,12.73,2.25,3.06
2024-07-12,801050,21.75,2.1,1.59
2024-07-12,801040,17.92,0.83,2.3
2024-07-12,801030,20.87,1.64,1.81
2024-07-12,801010,41.04,2.34,1.02
2024-07-12,801120,19.51,3.99,3.27
2024-07-12,801160,18.1,1.61,2.3
2024-07-12,801710,16.67,1.02,2.89
2024-07-12,801890,24.46,1.89,1.46
2024-07-12,801880,23.0,2.03,1.64
2024-07-12,801790,15.28,0.94,2.04
2024-07-12,801770,30.26,2.3,0.98
2024-07-12,801760,25.52,1.78,2.01
2024-07-12,801750,45.87,2.51,0.85
2024-07-12,801730,20.49,1.92,1.94
2024-07-12,801780,5.3,0.49,6.94
2024-07-15,801180,16.17,0.58,1.97
2024-07-15,801170,14.74,1.21,2.3
2024-07-15,801160,18.16,1.61,2.09
2024-07-15,801150,26.33,2.25,1.51
2024-07-15,801080,46.44,2.78,0.69
2024-07-15,801120,19.47,3.98,3.25
2024-07-15,801110,12.56,2.22,3.1
2024-07-15,801050,21.92,2.12,1.53
2024-07-15,801040,17.95,0.83,2.21
2024-07-15,801030,20.64,1.62,1.78
2024-07-15,801010,41.91,2.38,0.68
2024-07-15,801890,24.13,1.87,1.49
2024-07-15,801880,22.85,2.01,1.52
2024-07-15,801710,16.54,1.01,2.84
2024-07-15,801780,5.35,0.49,5.83
2024-07-15,801770,29.95,2.28,1.28
2024-07-15,801760,25.38,1.77,2.02
2024-07-15,801750,45.13,2.47,0.86
2024-07-15,801730,20.2,1.89,1.97
2024-07-15,801790,15.27,0.94,1.98
2024-07-16,801180,16.26,0.59,1.96
2024-07-16,801170,14.77,1.21,2.31
2024-07-16,801160,18.2,1.62,2.3
2024-07-16,801150,26.3,2.24,1.52
2024-07-16,801080,47.81,2.87,0.67
2024-07-16,801110,12.49,2.21,3.12
2024-07-16,801050,22.11,2.13,1.52
2024-07-16,801040,17.9,0.83,2.22
2024-07-16,801030,20.47,1.61,1.8
2024-07-16,801120,19.44,3.97,3.29
2024-07-16,801010,42.15,2.4,0.68
2024-07-16,801710,16.43,1.0,2.99
2024-07-16,801880,22.89,2.02,1.52
2024-07-16,801790,15.22,0.94,2.04
2024-07-16,801890,24.08,1.86,1.49
2024-07-16,801770,30.15,2.29,1.3
2024-07-16,801760,25.36,1.76,2.08
2024-07-16,801750,45.87,2.51,0.84
2024-07-16,801730,20.43,1.92,1.96
2024-07-16,801780,5.32,0.49,6.21
2024-07-17,801180,16.51,0.6,2.0
2024-07-17,801170,14.76,1.21,2.4
2024-07-17,801160,17.93,1.59,2.35
2024-07-17,801150,26.66,2.27,1.48
2024-07-17,801110,12.33,2.18,3.13
2024-07-17,801080,46.77,2.8,0.68
2024-07-17,801050,21.49,2.07,1.58
2024-07-17,801040,17.8,0.83,2.25
2024-07-17,801030,20.31,1.6,1.8
2024-07-17,801010,42.49,2.42,0.68
2024-07-17,801120,19.82,4.05,3.22
2024-07-17,801890,23.73,1.84,1.53
2024-07-17,801710,16.63,1.01,2.95
2024-07-17,801880,22.59,1.99,1.53
2024-07-17,801790,15.41,0.95,2.0
2024-07-17,801770,29.39,2.24,1.33
2024-07-17,801760,25.46,1.77,2.07
2024-07-17,801750,45.28,2.48,0.86
2024-07-17,801730,20.35,1.91,1.96
2024-07-17,801780,5.34,0.49,5.69
2024-07-18,801180,16.65,0.6,2.0
2024-07-18,801170,14.86,1.22,2.36
2024-07-18,801160,18.19,1.61,2.32
2024-07-18,801150,26.91,2.3,1.48
2024-07-18,801050,21.49,2.07,1.65
2024-07-18,801110,12.48,2.2,3.09
2024-07-18,801080,46.52,2.79,0.68
2024-07-18,801040,17.88,0.83,2.23
2024-07-18,801030,20.34,1.6,1.8
2024-07-18,801010,42.53,2.42,0.68
2024-07-18,801120,19.85,4.06,3.22
2024-07-18,801710,16.6,1.01,2.96
2024-07-18,801890,23.97,1.86,1.51
2024-07-18,801880,22.65,2.0,1.53
2024-07-18,801790,15.49,0.96,1.99
2024-07-18,801770,29.31,2.23,1.34
2024-07-18,801760,25.31,1.76,2.09
2024-07-18,801750,44.63,2.46,0.87
2024-07-18,801730,20.67,1.94,1.78
2024-07-18,801780,5.33,0.49,5.57
2024-07-19,801170,14.87,1.22,2.36
2024-07-19,801160,18.11,1.61,2.81
2024-07-19,801150,27.02,2.31,1.48
2024-07-19,801120,20.16,4.12,3.17
2024-07-19,801050,21.1,2.04,1.68
2024-07-19,801080,47.11,2.82,0.67
2024-07-19,801040,17.75,0.82,2.19
2024-07-19,801030,20.37,1.6,1.8
2024-07-19,801010,42.68,2.43,0.68
2024-07-19,801180,16.35,0.59,2.11
2024-07-19,801110,12.46,2.2,3.1
2024-07-19,801890,24.2,1.87,1.5
2024-07-19,801880,22.49,1.98,1.5
2024-07-19,801790,15.66,0.97,1.97
2024-07-19,801780,5.32,0.49,5.45
2024-07-19,801760,25.5,1.77,2.07
2024-07-19,801750,45.34,2.5,0.85
2024-07-19,801730,20.83,1.95,1.78
2024-07-19,801710,16.49,1.0,2.97
2024-07-19,801770,29.28,2.23,1.42
2024-07-22,801180,16.26,0.59,1.94
2024-07-22,801170,14.85,1.22,2.41
2024-07-22,801160,17.97,1.59,2.08
2024-07-22,801150,27.19,2.32,1.46
2024-07-22,801050,20.87,2.01,1.66
2024-07-22,801110,12.42,2.19,3.1
2024-07-22,801080,47.22,2.83,0.67
2024-07-22,801040,17.63,0.82,2.2
2024-07-22,801030,20.19,1.59,1.77
2024-07-22,801010,42.26,2.4,0.69
2024-07-22,801120,19.81,4.05,3.22
2024-07-22,801710,16.36,0.99,3.0
2024-07-22,801880,22.57,1.99,1.48
2024-07-22,801790,15.72,0.97,1.96
2024-07-22,801890,24.21,1.87,1.39
2024-07-22,801770,29.31,2.23,1.42
2024-07-22,801760,25.51,1.77,2.07
2024-07-22,801750,46.04,2.54,0.84
2024-07-22,801730,20.9,1.96,1.77
2024-07-22,801780,5.24,0.48,5.31
2024-07-23,801180,16.0,0.58,2.21
2024-07-23,801170,14.77,1.21,2.49
2024-07-23,801160,17.9,1.59,2.12
2024-07-23,801150,26.3,2.24,1.51
2024-07-23,801110,12.12,2.14,3.18
2024-07-23,801080,45.4,2.72,0.7
2024-07-23,801050,19.87,1.92,1.75
2024-07-23,801040,17.26,0.8,2.25
2024-07-23,801030,19.59,1.54,1.82
2024-07-23,801010,41.17,2.34,0.71
2024-07-23,801120,19.15,3.91,3.33
2024-07-23,801710,16.05,0.97,3.05
2024-07-23,801890,23.61,1.83,1.42
2024-07-23,801880,21.94,1.93,1.52
2024-07-23,801790,15.44,0.95,2.0
2024-07-23,801770,28.69,2.18,1.45
2024-07-23,801760,24.83,1.73,2.13
2024-07-23,801750,44.95,2.48,0.86
2024-07-23,801730,20.42,1.91,1.81
2024-07-23,801780,5.28,0.49,5.26
2024-07-24,801170,14.7,1.21,2.51
2024-07-24,801160,18.16,1.61,2.09
2024-07-24,801150,25.92,2.21,1.52
2024-07-24,801120,18.92,3.87,3.38
2024-07-24,801050,19.7,1.9,1.87
2024-07-24,801080,44.69,2.68,0.71
2024-07-24,801040,17.29,0.8,2.34
2024-07-24,801030,19.32,1.52,1.91
2024-07-24,801010,40.49,2.3,0.72
2024-07-24,801180,15.59,0.56,2.3
2024-07-24,801110,11.77,2.08,3.27
2024-07-24,801890,23.34,1.81,1.44
2024-07-24,801790,15.28,0.94,2.01
2024-07-24,801780,5.27,0.49,5.4
2024-07-24,801880,21.39,1.88,1.56
2024-07-24,801760,24.4,1.7,2.18
2024-07-24,801750,44.13,2.43,0.87
2024-07-24,801730,20.2,1.89,1.83
2024-07-24,801710,15.91,0.96,3.08
2024-07-24,801770,28.62,2.18,1.46
2024-07-25,801180,15.71,0.57,2.28
2024-07-25,801170,14.75,1.21,2.5
2024-07-25,801160,18.13,1.61,2.15
2024-07-25,801150,25.89,2.21,1.52
2024-07-25,801110,11.71,2.07,3.3
2024-07-25,801080,44.1,2.64,0.72
2024-07-25,801050,19.17,1.85,1.93
2024-07-25,801040,17.23,0.8,2.34
2024-07-25,801030,19.34,1.52,1.93
2024-07-25,801010,40.65,2.31,0.72
2024-07-25,801120,18.89,3.86,3.38
2024-07-25,801710,16.09,0.97,3.05
2024-07-25,801880,21.49,1.89,1.56
2024-07-25,801790,15.39,0.95,2.01
2024-07-25,801890,23.24,1.8,1.45
2024-07-25,801770,28.09,2.14,1.48
2024-07-25,801760,24.69,1.72,2.15
2024-07-25,801750,44.14,2.44,0.87
2024-07-25,801730,20.51,1.92,1.81
2024-07-25,801780,5.22,0.48,5.45
2024-07-26,801180,15.92,0.57,2.25
2024-07-26,801170,14.87,1.22,2.46
2024-07-26,801150,25.93,2.21,1.53
2024-07-26,801010,40.78,2.32,0.71
2024-07-26,801110,12.39,2.19,3.12
2024-07-26,801080,44.65,2.67,0.71
2024-07-26,801050,19.61,1.89,1.93
2024-07-26,801040,17.39,0.8,2.32
2024-07-26,801030,19.63,1.54,1.92
2024-07-26,801120,18.88,3.86,3.39
2024-07-26,801160,18.02,1.6,2.22
2024-07-26,801710,16.24,0.98,3.04
2024-07-26,801890,23.73,1.83,1.52
2024-07-26,801880,22.07,1.95,1.5
2024-07-26,801790,15.44,0.95,2.81
2024-07-26,801770,28.31,2.16,1.47
2024-07-26,801760,25.09,1.74,2.12
2024-07-26,801750,44.56,2.46,0.86
2024-07-26,801730,20.77,1.95,1.82
2024-07-26,801780,5.15,0.47,5.47
2024-07-29,801180,15.71,0.56,2.28
2024-07-29,801170,14.88,1.22,2.38
2024-07-29,801160,18.09,1.6,2.17
2024-07-29,801150,25.59,2.18,1.53
2024-07-29,801080,44.44,2.66,0.65
2024-07-29,801110,12.35,2.18,3.13
2024-07-29,801050,19.62,1.89,1.93
2024-07-29,801040,17.48,0.81,2.31
2024-07-29,801030,19.48,1.53,1.93
2024-07-29,801120,18.57,3.8,3.44
2024-07-29,801010,40.26,2.29,0.72
2024-07-29,801710,16.0,0.97,3.08
2024-07-29,801890,23.56,1.82,1.53
2024-07-29,801880,21.95,1.94,1.63
2024-07-29,801790,15.41,0.95,2.72
2024-07-29,801770,28.62,2.18,1.47
2024-07-29,801760,25.12,1.75,2.09
2024-07-29,801750,44.65,2.46,0.87
2024-07-29,801730,20.41,1.92,1.84
2024-07-29,801780,5.22,0.48,5.39
2024-07-30,801180,15.93,0.57,2.89
2024-07-30,801170,14.91,1.22,2.42
2024-07-30,801160,17.9,1.59,2.19
2024-07-30,801150,25.51,2.18,1.54
2024-07-30,801080,44.49,2.67,0.65
2024-07-30,801120,18.45,3.77,3.46
2024-07-30,801110,12.08,2.13,3.2
2024-07-30,801050,19.46,1.88,1.94
2024-07-30,801040,17.52,0.81,2.3
2024-07-30,801030,19.4,1.52,1.94
2024-07-30,801010,40.76,2.32,0.84
2024-07-30,801710,16.05,0.97,3.07
2024-07-30,801890,23.57,1.82,1.53
2024-07-30,801880,21.76,1.92,1.64
2024-07-30,801780,5.2,0.48,5.41
2024-07-30,801770,28.71,2.18,1.46
2024-07-30,801760,25.09,1.74,2.1
2024-07-30,801750,44.72,2.47,0.87
2024-07-30,801730,20.38,1.92,1.85
2024-07-30,801790,15.44,0.95,2.71
2024-07-31,801180,16.54,0.59,2.79
2024-07-31,801170,15.1,1.24,2.41
2024-07-31,801160,17.93,1.57,2.19
2024-07-31,801150,26.78,2.28,1.47
2024-07-31,801110,12.73,2.21,3.09
2024-07-31,801080,46.13,2.77,0.63
2024-07-31,801050,19.95,1.96,1.89
2024-07-31,801040,17.85,0.82,2.26
2024-07-31,801030,20.25,1.57,1.88
2024-07-31,801120,19.13,3.85,3.34
2024-07-31,801010,41.75,2.38,0.82
2024-07-31,801710,16.22,1.0,3.03
2024-07-31,801890,24.49,1.9,1.45
2024-07-31,801880,22.51,1.98,1.58
2024-07-31,801790,16.13,1.0,2.6
2024-07-31,801770,29.16,2.22,1.43
2024-07-31,801760,26.09,1.82,1.91
2024-07-31,801750,46.65,2.56,0.84
2024-07-31,801730,21.22,1.99,1.74
2024-07-31,801780,5.19,0.48,5.42
2024-08-01,801180,16.2,0.58,2.85
2024-08-01,801170,15.16,1.25,2.38
2024-08-01,801150,26.6,2.26,1.48
2024-08-01,801080,46.28,2.77,0.63
2024-08-01,801110,12.69,2.21,3.1
2024-08-01,801050,19.93,1.96,1.89
2024-08-01,801040,17.76,0.82,2.27
2024-08-01,801030,20.01,1.56,1.9
2024-08-01,801010,41.42,2.36,0.82
2024-08-01,801120,18.71,3.77,3.42
2024-08-01,801160,17.92,1.57,2.25
2024-08-01,801710,16.03,0.98,3.07
2024-08-01,801890,24.57,1.9,1.45
2024-08-01,801880,22.38,1.97,1.59
2024-08-01,801790,16.08,0.99,2.61
2024-08-01,801770,29.22,2.22,1.42
2024-08-01,801760,25.87,1.8,1.93
2024-08-01,801750,46.44,2.55,0.84
2024-08-01,801730,20.93,1.96,1.77
2024-08-01,801780,5.2,0.48,5.42
2024-08-02,801180,16.21,0.58,2.89
2024-08-02,801170,15.09,1.24,2.39
2024-08-02,801160,17.8,1.56,2.27
2024-08-02,801150,26.82,2.28,1.46
2024-08-02,801080,44.92,2.69,0.64
2024-08-02,801120,18.71,3.77,3.41
2024-08-02,801110,12.55,2.18,3.13
2024-08-02,801050,19.56,1.92,1.92
2024-08-02,801040,17.63,0.81,2.29
2024-08-02,801030,19.87,1.54,1.92
2024-08-02,801010,41.87,2.38,0.82
2024-08-02,801890,24.16,1.87,1.48
2024-08-02,801880,21.91,1.92,1.63
2024-08-02,801710,15.82,0.97,3.11
2024-08-02,801780,5.17,0.48,5.44
2024-08-02,801770,28.31,2.15,1.47
2024-08-02,801760,25.54,1.78,1.97
2024-08-02,801750,45.48,2.49,0.86
2024-08-02,801730,20.6,1.93,1.79
2024-08-02,801790,15.77,0.97,2.66
2024-08-05,801180,16.03,0.57,2.85
2024-08-05,801170,15.0,1.23,2.41
2024-08-05,801160,17.51,1.54,2.25
2024-08-05,801150,26.67,2.27,1.47
2024-08-05,801080,42.67,2.56,0.68
2024-08-05,801120,18.9,3.81,3.37
2024-08-05,801110,12.36,2.15,3.18
2024-08-05,801050,19.08,1.88,1.97
2024-08-05,801040,17.23,0.8,2.32
2024-08-05,801030,19.43,1.51,1.96
2024-08-05,801010,41.7,2.36,0.82
2024-08-05,801710,15.66,0.96,3.14
2024-08-05,801890,23.53,1.82,1.52
2024-08-05,801880,21.32,1.87,1.67
2024-08-05,801780,5.13,0.47,5.48
2024-08-05,801770,27.08,2.06,1.51
2024-08-05,801760,25.44,1.77,1.97
2024-08-05,801750,43.91,2.41,0.89
2024-08-05,801730,20.29,1.9,1.82
2024-08-05,801790,15.73,0.97,2.67
2024-08-06,801180,16.43,0.58,2.78
2024-08-06,801170,14.95,1.23,2.41
2024-08-06,801160,17.53,1.54,2.26
2024-08-06,801150,27.16,2.31,1.46
2024-08-06,801110,12.22,2.12,3.21
2024-08-06,801080,43.19,2.59,0.67
2024-08-06,801050,19.04,1.87,1.97
2024-08-06,801040,17.29,0.8,2.31
2024-08-06,801030,19.66,1.53,1.94
2024-08-06,801120,18.98,3.83,3.36
2024-08-06,801010,42.03,2.38,0.81
2024-08-06,801710,15.87,0.98,3.1
2024-08-06,801890,23.87,1.85,1.5
2024-08-06,801880,21.39,1.88,1.67
2024-08-06,801790,15.58,0.96,2.71
2024-08-06,801770,27.39,2.08,1.49
2024-08-06,801760,26.01,1.81,1.93
2024-08-06,801750,44.43,2.44,0.88
2024-08-06,801730,20.64,1.93,1.79
2024-08-06,801780,5.08,0.47,5.54
2024-08-07,801180,16.26,0.58,2.81
2024-08-07,801160,17.74,1.56,2.23
2024-08-07,801150,26.97,2.29,1.47
2024-08-07,801120,19.07,3.85,3.34
2024-08-07,801050,19.1,1.88,1.96
2024-08-07,801080,42.92,2.57,0.68
2024-08-07,801040,17.21,0.8,2.32
2024-08-07,801030,19.74,1.53,1.94
2024-08-07,801010,41.46,2.34,0.82
2024-08-07,801110,12.27,2.13,3.2
2024-08-07,801170,14.93,1.23,2.41
2024-08-07,801710,15.86,0.98,3.1
2024-08-07,801890,23.87,1.85,1.5
2024-08-07,801880,21.51,1.89,1.66
2024-08-07,801790,15.49,0.96,2.72
2024-08-07,801770,27.63,2.1,1.48
2024-08-07,801760,25.9,1.8,1.94
2024-08-07,801750,44.22,2.42,0.89
2024-08-07,801730,20.7,1.94,1.78
2024-08-07,801780,5.09,0.47,5.53
2024-08-08,801180,16.47,0.59,2.81
2024-08-08,801170,14.89,1.22,2.41
2024-08-08,801150,27.14,2.31,1.5
2024-08-08,801080,43.04,2.58,0.68
2024-08-08,801110,12.26,2.13,3.25
2024-08-08,801050,18.92,1.86,1.98
2024-08-08,801040,17.28,0.8,2.31
2024-08-08,801030,19.9,1.55,1.92
2024-08-08,801010,42.12,2.37,0.81
2024-08-08,801120,19.36,3.91,3.3
2024-08-08,801160,17.65,1.55,2.26
2024-08-08,801710,16.08,0.99,3.06
2024-08-08,801890,23.7,1.84,1.51
2024-08-08,801880,21.24,1.87,1.68
2024-08-08,801790,15.54,0.96,2.75
2024-08-08,801770,27.32,2.08,1.49
2024-08-08,801760,25.96,1.8,1.93
2024-08-08,801750,43.84,2.4,0.9
2024-08-08,801730,20.55,1.92,1.8
2024-08-08,801780,5.1,0.47,5.51
2024-08-09,801180,16.68,0.6,2.78
2024-08-09,801170,14.75,1.21,2.48
2024-08-09,801150,26.72,2.27,1.5
2024-08-09,801080,43.07,2.59,0.67
2024-08-09,801110,12.19,2.12,2.77
2024-08-09,801050,18.98,1.87,2.1
2024-08-09,801040,17.22,0.8,2.32
2024-08-09,801030,19.77,1.55,1.94
2024-08-09,801010,41.63,2.35,0.82
2024-08-09,801120,19.22,3.99,3.34
2024-08-09,801160,17.53,1.54,2.36
2024-08-09,801710,16.03,0.99,3.07
2024-08-09,801890,23.58,1.83,1.52
2024-08-09,801880,21.22,1.86,1.68
2024-08-09,801790,15.41,0.95,2.83
2024-08-09,801770,27.26,2.07,1.5
2024-08-09,801760,25.34,1.78,1.97
2024-08-09,801750,43.38,2.38,0.91
2024-08-09,801730,20.31,1.9,1.85
2024-08-09,801780,5.12,0.47,5.49
2024-08-12,801180,16.15,0.58,2.85
2024-08-12,801170,14.68,1.21,2.45
2024-08-12,801160,17.48,1.53,2.31
2024-08-12,801150,27.08,2.3,1.46
2024-08-12,801080,42.8,2.57,0.67
2024-08-12,801120,19.19,3.99,3.33
2024-08-12,801110,12.27,2.13,2.7
2024-08-12,801050,18.96,1.87,2.1
2024-08-12,801040,17.09,0.79,2.34
2024-08-12,801030,19.69,1.54,1.95
2024-08-12,801010,41.86,2.36,0.81
2024-08-12,801890,23.45,1.82,1.4
2024-08-12,801880,21.03,1.85,1.7
2024-08-12,801710,15.78,0.97,3.12
2024-08-12,801780,5.11,0.47,5.5
2024-08-12,801770,26.94,2.06,1.51
2024-08-12,801760,25.2,1.77,1.98
2024-08-12,801750,42.77,2.35,0.92
2024-08-12,801730,20.21,1.89,1.86
2024-08-12,801790,15.38,0.95,2.6
2024-08-13,801180,16.11,0.58,2.86
2024-08-13,801170,14.68,1.21,2.46
2024-08-13,801150,26.87,2.29,1.47
2024-08-13,801080,43.28,2.6,0.66
2024-08-13,801110,12.23,2.13,2.71
2024-08-13,801050,19.1,1.88,2.08
2024-08-13,801040,17.21,0.8,2.32
2024-08-13,801030,19.74,1.55,1.94
2024-08-13,801010,42.06,2.37,0.81
2024-08-13,801120,19.0,3.95,3.36
2024-08-13,801160,17.54,1.54,2.3
2024-08-13,801710,15.8,0.97,3.12
2024-08-13,801880,21.12,1.86,1.69
2024-08-13,801790,15.54,0.96,2.57
2024-08-13,801890,23.54,1.82,1.39
2024-08-13,801770,27.19,2.08,1.49
2024-08-13,801760,25.25,1.77,1.98
2024-08-13,801750,43.06,2.36,0.92
2024-08-13,801730,20.45,1.91,1.84
2024-08-13,801780,5.13,0.47,5.48
2024-08-14,801150,26.49,2.25,1.49
2024-08-14,801180,15.98,0.57,2.88
2024-08-14,801170,14.57,1.2,2.47
2024-08-14,801160,17.66,1.55,2.37
2024-08-14,801120,18.79,3.91,3.4
2024-08-14,801110,12.14,2.11,2.71
2024-08-14,801080,42.97,2.59,0.66
2024-08-14,801050,18.85,1.85,2.11
2024-08-14,801040,16.91,0.78,2.36
2024-08-14,801030,19.38,1.52,1.98
2024-08-14,801010,41.45,2.33,0.82
2024-08-14,801890,23.21,1.8,1.55
2024-08-14,801880,20.92,1.84,1.7
2024-08-14,801710,15.62,0.96,3.16
2024-08-14,801780,5.13,0.47,5.48
2024-08-14,801770,27.13,2.07,1.5
2024-08-14,801760,25.56,1.79,1.95
2024-08-14,801750,42.88,2.35,0.92
2024-08-14,801730,20.15,1.88,1.86
2024-08-14,801790,15.43,0.95,2.59
2024-08-15,801180,16.24,0.58,2.84
2024-08-15,801170,14.7,1.21,2.45
2024-08-15,801160,17.81,1.56,2.35
2024-08-15,801150,26.62,2.27,1.49
2024-08-15,801080,43.24,2.6,0.73
2024-08-15,801120,18.92,3.94,3.37
2024-08-15,801110,12.18,2.12,2.7
2024-08-15,801050,19.02,1.87,2.09
2024-08-15,801040,17.04,0.79,2.34
2024-08-15,801030,19.46,1.52,1.97
2024-08-15,801010,41.47,2.34,0.82
2024-08-15,801710,15.68,0.96,3.14
2024-08-15,801890,23.51,1.82,1.53
2024-08-15,801880,21.21,1.86,1.68
2024-08-15,801780,5.2,0.48,5.41
2024-08-15,801770,27.43,2.1,1.48
2024-08-15,801760,26.12,1.83,1.91
2024-08-15,801750,43.52,2.39,0.91
2024-08-15,801730,20.31,1.9,1.85
2024-08-15,801790,15.63,0.97,2.56
2024-08-16,801180,16.03,0.57,2.86
2024-08-16,801170,14.67,1.21,2.46
2024-08-16,801160,17.63,1.55,2.36
2024-08-16,801150,26.73,2.28,1.48
2024-08-16,801010,40.7,2.3,0.84
2024-08-16,801110,12.22,2.12,3.05
2024-08-16,801080,43.37,2.61,0.72
2024-08-16,801050,19.03,1.87,2.09
2024-08-16,801040,16.86,0.78,2.37
2024-08-16,801030,19.32,1.51,1.98
2024-08-16,801120,18.86,3.93,3.38
2024-08-16,801710,15.42,0.95,3.2
2024-08-16,801890,23.41,1.81,1.53
2024-08-16,801880,21.15,1.86,1.68
2024-08-16,801770,27.86,2.12,1.47
2024-08-16,801780,5.26,0.49,5.35
2024-08-16,801790,15.57,0.96,2.57
2024-08-16,801730,20.11,1.88,1.88
2024-08-16,801760,25.8,1.81,1.95
2024-08-16,801750,43.32,2.38,0.91
2024-08-19,801010,40.28,2.28,0.84
2024-08-19,801030,19.34,1.51,2.0
2024-08-19,801040,16.88,0.78,2.36
2024-08-19,801050,19.35,1.9,2.04
2024-08-19,801080,43.14,2.59,0.73
2024-08-19,801110,12.25,2.13,3.04
2024-08-19,801120,18.78,3.91,3.4
2024-08-19,801150,26.46,2.26,1.49
2024-08-19,801160,17.66,1.55,2.34
2024-08-19,801170,14.76,1.21,2.44
2024-08-19,801180,15.96,0.57,2.88
2024-08-19,801710,15.36,0.94,3.21
2024-08-19,801890,23.56,1.82,1.5
2024-08-19,801880,21.14,1.86,1.69
2024-08-19,801790,15.66,0.97,2.54
2024-08-19,801770,27.99,2.14,1.46
2024-08-19,801760,25.96,1.82,1.93
2024-08-19,801750,43.59,2.4,0.9
2024-08-19,801730,20.02,1.87,1.87
2024-08-19,801780,5.35,0.49,5.25
2024-08-20,801180,15.69,0.56,2.93
2024-08-20,801170,14.6,1.2,2.47
2024-08-20,801160,17.49,1.53,2.37
2024-08-20,801150,26.02,2.22,1.52
2024-08-20,801120,18.62,3.88,3.43
2024-08-20,801050,19.1,1.88,2.06
2024-08-20,801080,42.64,2.56,0.74
2024-08-20,801040,16.67,0.77,2.39
2024-08-20,801030,19.08,1.49,2.03
2024-08-20,801010,39.28,2.22,0.87
2024-08-20,801110,12.25,2.16,3.04
2024-08-20,801710,15.06,0.93,3.27
2024-08-20,801890,23.21,1.8,1.52
2024-08-20,801880,20.85,1.83,1.71
2024-08-20,801790,15.52,0.96,2.59
2024-08-20,801780,5.37,0.49,5.23
2024-08-20,801760,25.76,1.81,1.95
2024-08-20,801750,42.61,2.35,0.92
2024-08-20,801730,19.76,1.85,1.9
2024-08-20,801770,27.57,2.1,1.46
2024-08-21,801180,15.62,0.56,2.95
2024-08-21,801170,14.58,1.2,2.47
2024-08-21,801160,17.36,1.52,2.39
2024-08-21,801150,25.77,2.2,1.53
2024-08-21,801080,42.7,2.57,0.73
2024-08-21,801120,18.53,3.86,3.45
2024-08-21,801110,12.24,2.16,3.05
2024-08-21,801050,19.29,1.9,2.04
2024-08-21,801040,16.58,0.77,2.41
2024-08-21,801030,19.09,1.49,2.05
2024-08-21,801010,38.47,2.18,0.88
2024-08-21,801710,14.89,0.91,3.31
2024-08-21,801890,23.14,1.79,1.53
2024-08-21,801880,20.86,1.83,1.71
2024-08-21,801780,5.33,0.49,5.27
2024-08-21,801770,27.51,2.09,1.46
2024-08-21,801760,25.38,1.78,1.98
2024-08-21,801750,42.44,2.34,0.93
2024-08-21,801730,19.7,1.84,1.9
2024-08-21,801790,15.46,0.96,2.76
2024-08-22,801180,15.53,0.56,2.97
2024-08-22,801170,14.52,1.19,2.48
2024-08-22,801160,17.5,1.53,2.37
2024-08-22,801150,25.57,2.18,1.55
2024-08-22,801120,18.32,3.82,3.49
2024-08-22,801080,42.15,2.53,0.74
2024-08-22,801050,19.03,1.87,2.08
2024-08-22,801040,16.37,0.76,2.44
2024-08-22,801030,18.88,1.47,2.07
2024-08-22,801010,37.99,2.15,0.89
2024-08-22,801110,12.32,2.17,3.03
2024-08-22,801710,14.68,0.9,3.36
2024-08-22,801890,22.88,1.77,1.54
2024-08-22,801880,20.53,1.86,1.75
2024-08-22,801790,15.25,0.94,2.78
2024-08-22,801780,5.38,0.49,5.23
2024-08-22,801760,24.69,1.73,2.04
2024-08-22,801750,41.49,2.3,0.95
2024-08-22,801730,19.65,1.84,1.9
2024-08-22,801770,27.26,2.07,1.47
2024-08-23,801180,15.41,0.55,2.99
2024-08-23,801170,14.48,1.19,2.49
2024-08-23,801150,25.42,2.17,1.56
2024-08-23,801080,42.16,2.54,0.75
2024-08-23,801110,12.59,2.22,2.96
2024-08-23,801050,18.95,1.86,2.09
2024-08-23,801040,16.37,0.76,2.44
2024-08-23,801030,18.89,1.47,2.07
2024-08-23,801010,37.77,2.14,0.9
2024-08-23,801120,18.33,3.82,3.71
2024-08-23,801160,17.31,1.52,2.4
2024-08-23,801710,14.94,0.92,3.3
2024-08-23,801890,22.88,1.77,1.54
2024-08-23,801880,20.65,1.87,1.74
2024-08-23,801790,15.51,0.95,2.74
2024-08-23,801770,27.3,2.08,1.47
2024-08-23,801760,24.57,1.72,2.05
2024-08-23,801750,41.16,2.35,0.92
2024-08-23,801730,19.61,1.83,1.91
2024-08-23,801780,5.41,0.5,5.2
2024-08-26,801180,15.6,0.56,1.82
2024-08-26,801170,14.48,1.19,2.47
2024-08-26,801160,17.31,1.52,2.39
2024-08-26,801150,25.31,2.16,1.56
2024-08-26,801080,42.2,2.54,0.75
2024-08-26,801120,18.21,3.8,3.72
2024-08-26,801110,12.69,2.24,2.69
2024-08-26,801050,19.21,1.87,2.0
2024-08-26,801040,16.51,0.77,2.42
2024-08-26,801030,19.07,1.49,2.05
2024-08-26,801010,38.2,2.16,0.89
2024-08-26,801890,22.97,1.78,1.54
2024-08-26,801880,20.69,1.87,1.67
2024-08-26,801710,15.03,0.93,3.28
2024-08-26,801780,5.41,0.5,5.19
2024-08-26,801770,27.04,2.05,1.48
2024-08-26,801760,24.62,1.73,2.04
2024-08-26,801750,41.14,2.35,0.92
2024-08-26,801730,19.9,1.87,1.88
2024-08-26,801790,15.49,0.95,2.69
2024-08-27,801180,15.13,0.54,1.93
2024-08-27,801170,14.38,1.18,2.49
2024-08-27,801160,17.21,1.51,2.4
2024-08-27,801150,25.33,2.16,1.56
2024-08-27,801080,41.28,2.48,0.76
2024-08-27,801110,12.53,2.21,2.73
2024-08-27,801050,18.95,1.84,2.03
2024-08-27,801040,16.34,0.76,2.44
2024-08-27,801030,18.96,1.48,2.06
2024-08-27,801120,18.12,3.78,3.73
2024-08-27,801010,37.43,2.1,0.91
2024-08-27,801710,14.82,0.91,3.33
2024-08-27,801880,20.48,1.85,1.69
2024-08-27,801790,15.38,0.94,2.71
2024-08-27,801890,22.63,1.75,1.56
2024-08-27,801770,26.74,2.03,1.5
2024-08-27,801760,24.43,1.71,2.06
2024-08-27,801750,40.37,2.31,0.94
2024-08-27,801730,19.64,1.84,1.91
2024-08-27,801780,5.43,0.5,5.18
2024-08-28,801180,15.02,0.54,1.95
2024-08-28,801170,14.29,1.18,2.51
2024-08-28,801160,17.3,1.52,2.39
2024-08-28,801150,25.34,2.17,1.56
2024-08-28,801010,37.72,2.12,0.9
2024-08-28,801110,12.25,2.17,3.98
2024-08-28,801080,41.37,2.49,0.76
2024-08-28,801050,18.85,1.84,2.04
2024-08-28,801040,16.35,0.76,2.44
2024-08-28,801030,19.06,1.49,2.06
2024-08-28,801120,17.82,3.71,3.62
2024-08-28,801790,15.37,0.94,2.71
2024-08-28,801710,14.61,0.91,3.38
2024-08-28,801880,20.31,1.84,1.7
2024-08-28,801890,22.76,1.76,1.55
2024-08-28,801770,26.82,2.04,1.5
2024-08-28,801780,5.38,0.49,5.22
2024-08-28,801760,24.65,1.73,2.04
2024-08-28,801750,40.48,2.32,0.94
2024-08-28,801730,19.68,1.85,1.9
2024-08-29,801180,15.08,0.54,1.88
2024-08-29,801160,17.13,1.5,2.41
2024-08-29,801150,25.7,2.2,1.54
2024-08-29,801120,18.19,3.85,3.55
2024-08-29,801050,19.05,1.86,2.02
2024-08-29,801080,42.06,2.53,0.75
2024-08-29,801040,16.32,0.76,2.44
2024-08-29,801030,19.29,1.51,2.03
2024-08-29,801010,37.75,2.13,0.92
2024-08-29,801110,12.22,2.16,3.99
2024-08-29,801170,14.25,1.18,2.52
2024-08-29,801710,14.76,0.92,3.35
2024-08-29,801890,23.12,1.79,1.53
2024-08-29,801880,20.61,1.87,1.68
2024-08-29,801790,15.36,0.94,2.71
2024-08-29,801770,26.73,2.02,1.5
2024-08-29,801760,24.83,1.75,2.02
2024-08-29,801750,41.12,2.34,0.92
2024-08-29,801730,20.1,1.89,1.86
2024-08-29,801780,5.21,0.48,5.39
2024-08-30,801180,15.81,0.57,1.79
2024-08-30,801170,14.37,1.19,2.49
2024-08-30,801150,25.95,2.22,1.53
2024-08-30,801120,18.63,4.02,3.46
2024-08-30,801050,19.14,1.87,2.01
2024-08-30,801080,43.61,2.62,0.72
2024-08-30,801040,16.48,0.77,2.42
2024-08-30,801030,19.6,1.53,2.0
2024-08-30,801010,38.21,2.17,0.91
2024-08-30,801110,12.49,2.21,3.9
2024-08-30,801160,17.1,1.5,2.42
2024-08-30,801710,15.14,0.93,3.27
2024-08-30,801890,23.46,1.82,1.51
2024-08-30,801880,21.2,1.92,1.63
2024-08-30,801790,15.83,0.97,2.63
2024-08-30,801780,5.09,0.47,5.51
2024-08-30,801760,25.66,1.81,1.96
2024-08-30,801750,42.32,2.41,0.89
2024-08-30,801730,20.47,1.92,1.83
2024-08-30,801770,27.14,2.06,1.48
2024-09-02,801180,27.34,0.55,1.84
2024-09-02,801170,14.37,1.18,2.51
2024-09-02,801160,16.54,1.51,2.41
2024-09-02,801150,26.2,2.18,1.56
2024-09-02,801080,40.48,2.54,0.74
2024-09-02,801120,17.79,3.91,3.58
2024-09-02,801110,12.11,2.22,3.92
2024-09-02,801050,17.09,1.83,2.05
2024-09-02,801040,16.86,0.76,2.45
2024-09-02,801030,19.23,1.51,2.02
2024-09-02,801010,34.03,2.15,0.91
2024-09-02,801710,17.57,0.91,3.35
2024-09-02,801890,23.55,1.79,1.53
2024-09-02,801880,19.55,1.88,1.66
2024-09-02,801780,5.07,0.46,5.49
2024-09-02,801770,25.12,2.0,1.39
2024-09-02,801760,26.47,1.76,2.01
2024-09-02,801750,43.17,2.35,0.92
2024-09-02,801730,23.03,1.91,1.86
2024-09-02,801790,14.82,0.95,2.68
2024-09-03,801180,27.65,0.56,1.82
2024-09-03,801170,14.41,1.19,2.5
2024-09-03,801160,16.27,1.48,2.45
2024-09-03,801150,26.37,2.2,1.55
2024-09-03,801110,12.36,2.27,3.84
2024-09-03,801080,40.8,2.56,0.74
2024-09-03,801010,34.35,2.17,0.9
2024-09-03,801050,17.13,1.84,2.05
2024-09-03,801040,16.88,0.76,2.45
2024-09-03,801030,19.46,1.53,2.0
2024-09-03,801120,18.0,3.95,3.54
2024-09-03,801890,23.77,1.81,1.52
2024-09-03,801710,17.61,0.91,3.35
2024-09-03,801880,19.86,1.91,1.64
2024-09-03,801790,14.87,0.95,2.67
2024-09-03,801770,25.42,2.03,1.37
2024-09-03,801760,26.75,1.78,2.02
2024-09-03,801750,44.11,2.39,0.9
2024-09-03,801730,23.53,1.95,1.82
2024-09-03,801780,4.99,0.46,5.59
2024-09-04,801180,27.33,0.55,1.84
2024-09-04,801170,14.4,1.19,2.5
2024-09-04,801150,26.41,2.2,1.54
2024-09-04,801120,17.84,3.92,3.58
2024-09-04,801050,16.71,1.79,2.1
2024-09-04,801080,40.35,2.53,0.75
2024-09-04,801040,16.74,0.75,2.48
2024-09-04,801030,19.32,1.52,2.01
2024-09-04,801010,33.86,2.14,0.92
2024-09-04,801110,12.31,2.26,3.86
2024-09-04,801160,16.2,1.48,2.46
2024-09-04,801710,17.4,0.9,3.39
2024-09-04,801890,23.63,1.8,1.53
2024-09-04,801880,19.94,1.92,1.63
2024-09-04,801790,14.79,0.95,2.69
2024-09-04,801770,25.33,2.03,1.37
2024-09-04,801760,26.59,1.77,2.09
2024-09-04,801750,43.79,2.37,0.91
2024-09-04,801730,23.65,1.96,1.81
2024-09-04,801780,4.97,0.45,5.61
2024-09-05,801180,27.87,0.56,1.81
2024-09-05,801170,14.42,1.19,2.5
2024-09-05,801160,16.2,1.48,2.46
2024-09-05,801150,26.69,2.22,1.53
2024-09-05,801010,34.1,2.15,0.91
2024-09-05,801110,12.2,2.24,3.92
2024-09-05,801080,40.36,2.53,0.75
2024-09-05,801050,16.7,1.79,2.11
2024-09-05,801040,16.81,0.76,2.47
2024-09-05,801030,19.25,1.52,2.09
2024-09-05,801120,17.96,3.94,3.55
2024-09-05,801890,23.72,1.8,1.52
2024-09-05,801710,17.62,0.91,3.35
2024-09-05,801880,20.16,1.94,1.61
2024-09-05,801790,14.99,0.96,2.65
2024-09-05,801770,25.43,2.03,1.36
2024-09-05,801760,27.29,1.82,2.03
2024-09-05,801750,44.4,2.41,0.9
2024-09-05,801730,23.65,1.96,1.82
2024-09-05,801780,4.96,0.45,5.62
2024-09-06,801180,27.43,0.55,1.84
2024-09-06,801010,33.74,2.13,0.92
2024-09-06,801160,16.07,1.47,2.48
2024-09-06,801150,26.18,2.18,1.56
2024-09-06,801110,12.05,2.21,3.97
2024-09-06,801120,17.75,3.9,3.6
2024-09-06,801080,39.5,2.48,0.76
2024-09-06,801050,16.59,1.78,2.13
2024-09-06,801040,16.65,0.75,2.49
2024-09-06,801030,18.94,1.49,2.13
2024-09-06,801170,14.33,1.18,2.51
2024-09-06,801710,17.34,0.9,3.4
2024-09-06,801890,23.3,1.77,1.55
2024-09-06,801880,20.08,1.93,1.62
2024-09-06,801780,4.97,0.45,5.61
2024-09-06,801770,25.01,2.0,1.39
2024-09-06,801760,27.03,1.8,2.06
2024-09-06,801750,43.59,2.36,0.91
2024-09-06,801790,15.03,0.96,2.65
2024-09-06,801730,23.25,1.93,1.84
2024-09-09,801180,27.29,0.55,1.85
2024-09-09,801160,15.94,1.45,2.51
2024-09-09,801150,26.2,2.18,1.63
2024-09-09,801120,17.52,3.85,3.65
2024-09-09,801050,16.26,1.74,2.17
2024-09-09,801080,39.24,2.46,0.77
2024-09-09,801040,16.4,0.74,2.53
2024-09-09,801030,18.85,1.48,2.14
2024-09-09,801010,33.8,2.14,0.92
2024-09-09,801110,11.79,2.16,4.05
2024-09-09,801170,14.14,1.16,2.56
2024-09-09,801710,17.16,0.89,3.43
2024-09-09,801890,23.05,1.75,1.57
2024-09-09,801880,19.94,1.92,1.63
2024-09-09,801790,14.96,0.96,2.67
2024-09-09,801770,25.02,2.0,1.39
2024-09-09,801760,26.82,1.78,2.07
2024-09-09,801750,43.1,2.34,0.93
2024-09-09,801730,23.08,1.91,1.86
2024-09-09,801780,4.88,0.45,5.71
2024-09-10,801180,27.01,0.55,1.87
2024-09-10,801170,14.03,1.16,2.58
2024-09-10,801150,25.97,2.16,1.67
2024-09-10,801120,17.55,3.85,3.64
2024-09-10,801050,16.26,1.74,2.17
2024-09-10,801080,39.67,2.48,0.76
2024-09-10,801040,16.31,0.74,2.54
2024-09-10,801030,18.78,1.48,2.14
2024-09-10,801010,33.57,2.12,0.93
2024-09-10,801110,11.79,2.16,4.05
2024-09-10,801160,15.91,1.45,2.52
2024-09-10,801710,16.97,0.88,3.47
2024-09-10,801890,23.28,1.77,1.55
2024-09-10,801880,19.95,1.92,1.63
2024-09-10,801790,14.9,0.96,2.68
2024-09-10,801780,4.92,0.45,5.67
2024-09-10,801760,27.11,1.8,2.06
2024-09-10,801750,44.07,2.39,0.91
2024-09-10,801730,22.99,1.9,1.86
2024-09-10,801770,25.47,2.04,1.36
2024-09-11,801180,27.07,0.55,1.87
2024-09-11,801170,13.88,1.14,2.61
2024-09-11,801160,15.44,1.41,2.6
2024-09-11,801150,26.07,2.17,1.67
2024-09-11,801080,39.35,2.46,0.77
2024-09-11,801120,17.55,3.85,3.64
2024-09-11,801110,11.93,2.19,4.01
2024-09-11,801050,16.4,1.76,2.15
2024-09-11,801040,16.15,0.73,2.56
2024-09-11,801030,18.84,1.48,2.15
2024-09-11,801010,33.28,2.1,0.93
2024-09-11,801710,17.01,0.88,3.46
2024-09-11,801890,23.36,1.77,1.55
2024-09-11,801880,20.14,1.94,1.61
2024-09-11,801780,4.81,0.44,5.8
2024-09-11,801770,25.34,2.03,1.56
2024-09-11,801760,27.03,1.8,2.06
2024-09-11,801750,44.01,2.39,0.91
2024-09-11,801730,23.52,1.95,1.82
2024-09-11,801790,14.89,0.95,2.68
2024-09-12,801180,27.1,0.55,1.87
2024-09-12,801170,13.89,1.14,2.61
2024-09-12,801160,15.5,1.41,2.59
2024-09-12,801150,25.79,2.15,1.68
2024-09-12,801110,11.91,2.19,4.02
2024-09-12,801080,38.94,2.44,0.78
2024-09-12,801050,16.37,1.76,2.16
2024-09-12,801040,16.16,0.73,2.56
2024-09-12,801030,18.77,1.48,2.16
2024-09-12,801010,32.94,2.08,0.94
2024-09-12,801120,17.13,3.76,3.72
2024-09-12,801890,23.34,1.77,1.55
2024-09-12,801710,17.0,0.88,3.46
2024-09-12,801880,20.0,1.93,1.62
2024-09-12,801790,14.87,0.95,2.69
2024-09-12,801770,25.32,2.03,1.56
2024-09-12,801760,26.77,1.78,2.09
2024-09-12,801750,44.08,2.39,0.91
2024-09-12,801730,23.59,1.96,1.82
2024-09-12,801780,4.84,0.44,5.76
2024-09-13,801170,13.84,1.14,2.62
2024-09-13,801160,15.53,1.42,2.58
2024-09-13,801150,25.52,2.12,1.7
2024-09-13,801120,16.77,3.68,3.81
2024-09-13,801050,16.36,1.76,2.16
2024-09-13,801080,38.64,2.42,0.78
2024-09-13,801040,16.16,0.73,2.56
2024-09-13,801030,18.57,1.46,2.18
2024-09-13,801010,32.75,2.07,0.95
2024-09-13,801180,27.3,0.55,1.86
2024-09-13,801110,11.98,2.2,4.0
2024-09-13,801890,23.02,1.75,1.58
2024-09-13,801790,14.92,0.96,2.68
2024-09-13,801780,4.82,0.44,5.78
2024-09-13,801880,19.81,1.91,1.64
2024-09-13,801760,26.43,1.76,2.15
2024-09-13,801750,43.37,2.35,0.93
2024-09-13,801730,23.06,1.91,1.86
2024-09-13,801710,16.83,0.87,3.5
2024-09-13,801770,25.55,2.04,1.55
2024-09-18,801180,27.95,0.56,1.82
2024-09-18,801170,13.9,1.14,2.61
2024-09-18,801160,15.56,1.42,2.58
2024-09-18,801150,25.36,2.11,1.71
2024-09-18,801110,12.26,2.14,3.91
2024-09-18,801080,38.24,2.39,0.79
2024-09-18,801050,16.49,1.77,2.15
2024-09-18,801040,16.05,0.73,2.58
2024-09-18,801030,18.6,1.46,2.18
2024-09-18,801010,31.98,2.02,0.97
2024-09-18,801120,16.52,3.63,3.87
2024-09-18,801710,16.95,0.88,3.47
2024-09-18,801880,20.06,1.93,1.62
2024-09-18,801790,15.04,0.96,2.66
2024-09-18,801890,23.17,1.76,1.56
2024-09-18,801770,25.44,2.03,1.55
2024-09-18,801760,26.18,1.74,2.17
2024-09-18,801750,43.25,2.35,0.93
2024-09-18,801730,23.08,1.91,1.86
2024-09-18,801780,4.87,0.45,5.72
2024-09-19,801180,28.69,0.58,1.77
2024-09-19,801170,14.0,1.15,2.59
2024-09-19,801160,15.68,1.43,2.56
2024-09-19,801150,25.66,2.14,1.7
2024-09-19,801110,12.38,2.17,3.87
2024-09-19,801080,38.57,2.41,0.79
2024-09-19,801050,16.98,1.82,2.08
2024-09-19,801040,16.35,0.74,2.53
2024-09-19,801030,18.96,1.49,2.14
2024-09-19,801120,16.8,3.69,3.8
2024-09-19,801010,32.89,2.08,0.94
2024-09-19,801710,17.31,0.89,3.4
2024-09-19,801890,23.51,1.79,1.54
2024-09-19,801880,20.31,1.95,1.6
2024-09-19,801790,15.21,0.98,2.63
2024-09-19,801770,25.48,2.04,1.55
2024-09-19,801760,26.81,1.78,2.11
2024-09-19,801750,44.41,2.41,0.91
2024-09-19,801730,23.25,1.93,1.85
2024-09-19,801780,4.87,0.45,5.72
2024-09-20,801180,29.15,0.59,1.74
2024-09-20,801170,14.08,1.16,2.58
2024-09-20,801160,15.62,1.43,2.58
2024-09-20,801150,25.32,2.11,1.75
2024-09-20,801050,17.22,1.85,2.06
2024-09-20,801110,12.49,2.18,3.84
2024-09-20,801080,38.59,2.42,0.79
2024-09-20,801040,16.22,0.74,2.55
2024-09-20,801030,18.82,1.48,2.14
2024-09-20,801010,32.64,2.06,0.95
2024-09-20,801120,16.8,3.69,3.8
2024-09-20,801890,23.39,1.78,1.55
2024-09-20,801710,17.17,0.89,3.43
2024-09-20,801880,20.25,1.95,1.6
2024-09-20,801790,15.2,0.98,2.64
2024-09-20,801770,25.62,2.05,1.54
2024-09-20,801760,26.79,1.78,2.12
2024-09-20,801750,45.06,2.45,0.93
2024-09-20,801730,22.98,1.9,1.87
2024-09-20,801780,4.91,0.45,5.68
2024-09-23,801180,29.16,0.59,1.74
2024-09-23,801170,14.13,1.18,2.57
2024-09-23,801150,25.16,2.1,1.76
2024-09-23,801120,16.82,3.69,3.8
2024-09-23,801050,17.2,1.85,2.06
2024-09-23,801080,38.44,2.41,0.79
2024-09-23,801040,16.35,0.74,2.51
2024-09-23,801030,18.82,1.48,2.14
2024-09-23,801010,32.41,2.05,0.96
2024-09-23,801110,12.63,2.21,3.8
2024-09-23,801160,15.79,1.44,2.56
2024-09-23,801710,17.24,0.89,3.42
2024-09-23,801890,23.45,1.78,1.54
2024-09-23,801790,15.21,0.98,2.64
2024-09-23,801880,20.23,1.95,1.6
2024-09-23,801770,25.78,2.06,1.53
2024-09-23,801760,26.8,1.78,2.12
2024-09-23,801750,45.45,2.47,0.92
2024-09-23,801730,22.97,1.89,1.89
2024-09-23,801780,4.99,0.46,5.59
2024-09-24,801180,29.83,0.6,1.72
2024-09-24,801170,14.57,1.21,2.49
2024-09-24,801160,16.31,1.49,2.47
2024-09-24,801150,26.02,2.17,1.7
2024-09-24,801010,34.0,2.15,0.91
2024-09-24,801110,13.15,2.29,3.75
2024-09-24,801080,40.0,2.5,0.76
2024-09-24,801050,17.87,1.92,1.98
2024-09-24,801040,17.26,0.79,2.47
2024-09-24,801030,19.69,1.55,2.05
2024-09-24,801120,17.96,3.94,3.56
2024-09-24,801890,24.4,1.85,1.48
2024-09-24,801710,17.99,0.93,3.27
2024-09-24,801880,20.64,1.99,1.57
2024-09-24,801790,16.13,1.04,2.49
2024-09-24,801770,26.94,2.15,1.47
2024-09-24,801760,27.83,1.85,2.04
2024-09-24,801750,46.89,2.55,0.89
2024-09-24,801730,23.9,1.96,1.82
2024-09-24,801780,5.2,0.48,5.36
2024-09-25,801180,30.35,0.61,1.69
2024-09-25,801170,14.74,1.23,2.46
2024-09-25,801160,16.36,1.49,2.46
2024-09-25,801150,26.36,2.2,1.69
2024-09-25,801080,40.16,2.51,0.76
2024-09-25,801120,18.14,3.99,3.54
2024-09-25,801110,13.37,2.33,3.67
2024-09-25,801050,18.08,1.94,1.96
2024-09-25,801040,17.59,0.8,2.63
2024-09-25,801030,19.8,1.56,2.04
2024-09-25,801010,34.19,2.16,0.91
2024-09-25,801890,24.59,1.86,1.48
2024-09-25,801880,20.9,2.01,1.55
2024-09-25,801710,18.21,0.94,3.28
2024-09-25,801780,5.3,0.48,5.3
2024-09-25,801770,27.05,2.16,1.46
2024-09-25,801760,28.4,1.89,2.0
2024-09-25,801750,47.65,2.58,0.88
2024-09-25,801730,24.26,1.99,1.79
2024-09-25,801790,16.5,1.07,2.44
2024-09-26,801180,32.8,0.66,1.56
2024-09-26,801170,15.25,1.27,2.38
2024-09-26,801160,16.54,1.51,2.44
2024-09-26,801150,27.46,2.29,1.62
2024-09-26,801050,18.72,2.01,1.9
2024-09-26,801110,13.98,2.44,3.51
2024-09-26,801080,41.45,2.59,0.73
2024-09-26,801040,18.51,0.85,2.5
2024-09-26,801030,20.54,1.62,1.97
2024-09-26,801010,35.75,2.26,0.82
2024-09-26,801120,19.73,4.34,3.26
2024-09-26,801710,19.31,1.0,3.52
2024-09-26,801890,25.41,1.93,1.43
2024-09-26,801880,21.6,2.08,1.5
2024-09-26,801790,17.48,1.13,2.3
2024-09-26,801770,27.87,2.23,1.45
2024-09-26,801760,29.52,1.97,2.08
2024-09-26,801750,49.38,2.68,0.85
2024-09-26,801730,24.87,2.04,1.74
2024-09-26,801780,5.5,0.5,5.11
2024-09-27,801180,35.02,0.71,1.46
2024-09-27,801170,15.73,1.31,2.32
2024-09-27,801160,16.86,1.54,2.39
2024-09-27,801150,29.18,2.43,1.52
2024-09-27,801050,19.44,2.09,1.81
2024-09-27,801110,14.18,2.48,3.48
2024-09-27,801080,44.05,2.76,0.69
2024-09-27,801040,19.01,0.87,2.43
2024-09-27,801030,21.53,1.69,1.88
2024-09-27,801010,37.65,2.38,0.78
2024-09-27,801120,21.18,4.65,3.04
2024-09-27,801710,20.37,1.06,3.33
2024-09-27,801890,26.55,2.01,1.38
2024-09-27,801880,22.5,2.16,1.44
2024-09-27,801790,18.7,1.21,2.15
2024-09-27,801770,28.95,2.32,1.38
2024-09-27,801760,31.1,2.07,1.93
2024-09-27,801750,53.17,2.89,0.79
2024-09-27,801730,26.77,2.2,1.62
2024-09-27,801780,5.45,0.5,5.16
2024-09-30,801180,38.26,0.78,1.34
2024-09-30,801170,16.85,1.4,2.17
2024-09-30,801160,17.98,1.64,2.24
2024-09-30,801150,32.4,2.7,1.38
2024-09-30,801050,20.9,2.24,1.71
2024-09-30,801110,15.23,2.66,3.24
2024-09-30,801080,49.74,3.11,0.61
2024-09-30,801040,20.73,0.95,2.23
2024-09-30,801030,23.47,1.85,1.71
2024-09-30,801010,41.06,2.6,0.72
2024-09-30,801120,22.94,5.04,2.8
2024-09-30,801710,22.14,1.15,3.06
2024-09-30,801890,29.3,2.22,1.25
2024-09-30,801880,24.47,2.35,1.33
2024-09-30,801790,20.64,1.33,1.95
2024-09-30,801770,32.22,2.58,1.23
2024-09-30,801760,34.56,2.3,1.62
2024-09-30,801750,60.1,3.27,0.7
2024-09-30,801730,29.92,2.46,1.45
2024-09-30,801780,5.71,0.52,4.92
2024-10-08,801180,39.26,0.8,1.3
2024-10-08,801170,17.06,1.42,2.15
2024-10-08,801160,18.14,1.66,2.22
2024-10-08,801150,35.14,2.93,1.27
2024-10-08,801080,56.28,3.52,0.54
2024-10-08,801110,16.12,2.82,3.06
2024-10-08,801050,21.43,2.3,1.66
2024-10-08,801040,21.4,0.98,2.16
2024-10-08,801030,24.58,1.93,1.64
2024-10-08,801120,23.18,5.09,2.77
2024-10-08,801010,42.25,2.67,0.69
2024-10-08,801710,22.87,1.19,2.96
2024-10-08,801890,31.83,2.41,1.15
2024-10-08,801880,25.7,2.47,1.27
2024-10-08,801790,22.67,1.46,1.77
2024-10-08,801770,35.84,2.87,1.11
2024-10-08,801760,37.53,2.5,1.49
2024-10-08,801750,67.89,3.69,0.61
2024-10-08,801730,33.49,2.75,1.3
2024-10-08,801780,5.88,0.54,4.78
2024-10-09,801180,35.74,0.72,1.43
2024-10-09,801170,15.8,1.32,2.32
2024-10-09,801160,17.05,1.56,2.36
2024-10-09,801150,32.1,2.68,1.39
2024-10-09,801050,19.69,2.11,1.81
2024-10-09,801110,14.95,2.61,3.3
2024-10-09,801080,54.27,3.4,0.56
2024-10-09,801040,19.65,0.9,2.35
2024-10-09,801030,22.64,1.78,1.78
2024-10-09,801010,38.43,2.43,0.76
2024-10-09,801120,21.25,4.67,3.04
2024-10-09,801710,20.84,1.08,3.25
2024-10-09,801890,29.04,2.2,1.26
2024-10-09,801880,23.95,2.3,1.36
2024-10-09,801790,21.34,1.38,1.88
2024-10-09,801770,32.96,2.64,1.21
2024-10-09,801760,33.42,2.23,1.68
2024-10-09,801750,64.78,3.52,0.64
2024-10-09,801730,29.85,2.45,1.45
2024-10-09,801780,5.51,0.5,5.1
2024-10-10,801180,35.26,0.71,1.45
2024-10-10,801170,16.08,1.34,2.51
2024-10-10,801160,17.42,1.59,2.31
2024-10-10,801150,32.0,2.67,1.42
2024-10-10,801050,20.01,2.15,1.79
2024-10-10,801110,15.3,2.67,3.23
2024-10-10,801080,52.64,3.3,0.58
2024-10-10,801040,19.99,0.91,2.31
2024-10-10,801030,22.71,1.79,1.78
2024-10-10,801010,39.36,2.49,0.75
2024-10-10,801120,21.73,4.77,2.98
2024-10-10,801710,21.19,1.1,3.2
2024-10-10,801890,29.17,2.21,1.26
2024-10-10,801880,24.23,2.33,1.35
2024-10-10,801790,20.66,1.34,1.95
2024-10-10,801770,32.82,2.63,1.23
2024-10-10,801760,33.23,2.22,1.69
2024-10-10,801750,61.91,3.36,0.68
2024-10-10,801730,29.82,2.45,1.46
2024-10-10,801780,5.74,0.53,4.99
2024-10-11,801170,15.73,1.31,2.56
2024-10-11,801160,17.12,1.56,2.36
2024-10-11,801150,30.49,2.54,1.51
2024-10-11,801120,21.23,4.66,3.05
2024-10-11,801050,19.6,2.1,1.85
2024-10-11,801080,49.76,3.16,0.61
2024-10-11,801040,19.84,0.9,2.36
2024-10-11,801030,21.97,1.73,1.84
2024-10-11,801010,37.95,2.4,0.77
2024-10-11,801180,35.19,0.71,1.45
2024-10-11,801110,14.9,2.6,3.32
2024-10-11,801890,27.81,2.11,1.32
2024-10-11,801790,20.51,1.32,1.97
2024-10-11,801780,5.68,0.52,5.05
2024-10-11,801880,23.35,2.25,1.4
2024-10-11,801760,31.61,2.11,1.78
2024-10-11,801750,59.29,3.22,0.69
2024-10-11,801730,28.31,2.33,1.54
2024-10-11,801710,20.76,1.08,3.27
2024-10-11,801770,31.61,2.53,1.27
2024-10-14,801180,36.55,0.74,1.4
2024-10-14,801170,16.0,1.34,2.52
2024-10-14,801160,17.29,1.58,2.33
2024-10-14,801150,30.88,2.57,1.48
2024-10-14,801110,15.3,2.67,3.23
2024-10-14,801080,51.77,3.29,0.59
2024-10-14,801050,20.23,2.17,1.79
2024-10-14,801040,20.21,0.92,2.31
2024-10-14,801030,22.37,1.76,1.8
2024-10-14,801010,38.67,2.44,0.76
2024-10-14,801120,21.33,4.69,3.02
2024-10-14,801710,21.6,1.12,3.14
2024-10-14,801890,28.63,2.17,1.28
2024-10-14,801880,23.77,2.29,1.38
2024-10-14,801790,20.78,1.34,1.94
2024-10-14,801770,32.53,2.6,1.23
2024-10-14,801760,32.55,2.17,1.71
2024-10-14,801750,62.43,3.39,0.66
2024-10-14,801730,28.95,2.38,1.5
2024-10-14,801780,5.87,0.54,4.89
2024-10-15,801180,36.02,0.73,1.42
2024-10-15,801170,15.67,1.31,2.59
2024-10-15,801160,16.93,1.54,2.38
2024-10-15,801150,30.17,2.51,1.52
2024-10-15,801050,19.57,2.1,1.86
2024-10-15,801110,14.86,2.59,3.33
2024-10-15,801080,50.8,3.22,0.6
2024-10-15,801040,19.71,0.9,2.37
2024-10-15,801030,21.94,1.72,1.85
2024-10-15,801010,37.82,2.39,0.78
2024-10-15,801120,20.66,4.54,3.12
2024-10-15,801710,21.3,1.11,3.19
2024-10-15,801890,28.02,2.12,1.31
2024-10-15,801880,23.11,2.22,1.42
2024-10-15,801790,20.11,1.3,2.01
2024-10-15,801770,31.87,2.55,1.25
2024-10-15,801760,32.46,2.17,1.71
2024-10-15,801750,61.38,3.33,0.67
2024-10-15,801730,28.17,2.31,1.55
2024-10-15,801780,5.74,0.53,4.99
2024-10-16,801170,15.77,1.32,2.58
2024-10-16,801160,17.02,1.55,2.38
2024-10-16,801150,29.9,2.49,1.54
2024-10-16,801120,20.36,4.47,3.17
2024-10-16,801050,19.74,2.12,1.83
2024-10-16,801080,49.92,3.17,0.61
2024-10-16,801040,19.97,0.91,2.14
2024-10-16,801030,21.96,1.73,1.89
2024-10-16,801010,37.69,2.38,0.78
2024-10-16,801180,38.0,0.77,1.35
2024-10-16,801110,14.71,2.57,3.36
2024-10-16,801890,27.92,2.12,1.31
2024-10-16,801880,22.91,2.2,1.43
2024-10-16,801790,20.16,1.3,2.0
2024-10-16,801780,5.89,0.54,4.87
2024-10-16,801760,32.93,2.2,1.7
2024-10-16,801750,61.49,3.34,0.67
2024-10-16,801730,27.63,2.27,1.59
2024-10-16,801710,21.78,1.13,3.11
2024-10-16,801770,31.38,2.51,1.27
2024-10-17,801180,35.63,0.72,1.44
2024-10-17,801170,15.51,1.3,2.62
2024-10-17,801160,16.78,1.53,2.41
2024-10-17,801150,29.69,2.47,1.55
2024-10-17,801050,19.49,2.09,1.85
2024-10-17,801110,14.51,2.53,3.41
2024-10-17,801080,50.25,3.19,0.61
2024-10-17,801040,19.77,0.9,2.16
2024-10-17,801030,21.59,1.7,1.92
2024-10-17,801010,37.1,2.34,0.79
2024-10-17,801120,19.95,4.38,3.24
2024-10-17,801710,21.08,1.09,3.22
2024-10-17,801880,22.84,2.2,1.44
2024-10-17,801790,20.04,1.29,2.02
2024-10-17,801890,27.75,2.1,1.32
2024-10-17,801770,31.49,2.52,1.28
2024-10-17,801760,33.21,2.22,1.69
2024-10-17,801750,62.39,3.39,0.66
2024-10-17,801730,27.32,2.24,1.6
2024-10-17,801780,5.8,0.53,4.95
2024-10-18,801180,36.23,0.73,1.42
2024-10-18,801170,15.76,1.32,2.58
2024-10-18,801160,16.99,1.55,2.38
2024-10-18,801150,30.8,2.57,1.49
2024-10-18,801110,14.97,2.61,3.29
2024-10-18,801080,54.52,3.46,0.56
2024-10-18,801050,19.96,2.14,1.81
2024-10-18,801040,20.14,0.92,2.13
2024-10-18,801030,22.16,1.74,1.87
2024-10-18,801010,38.01,2.4,0.77
2024-10-18,801120,20.55,4.52,3.14
2024-10-18,801710,21.36,1.11,3.17
2024-10-18,801890,28.89,2.19,1.28
2024-10-18,801880,23.61,2.27,1.51
2024-10-18,801790,21.02,1.36,2.29
2024-10-18,801770,33.24,2.66,1.22
2024-10-18,801760,33.88,2.26,1.65
2024-10-18,801750,65.26,3.54,0.63
2024-10-18,801730,28.82,2.37,1.52
2024-10-18,801780,5.83,0.53,4.92
2024-10-21,801180,36.38,0.74,1.42
2024-10-21,801170,15.81,1.32,2.56
2024-10-21,801160,16.84,1.54,2.4
2024-10-21,801150,31.08,2.59,1.48
2024-10-21,801050,20.48,2.18,1.76
2024-10-21,801110,14.97,2.61,3.29
2024-10-21,801080,55.93,3.55,0.54
2024-10-21,801040,19.8,0.9,2.17
2024-10-21,801030,22.34,1.75,1.86
2024-10-21,801010,38.69,2.43,0.75
2024-10-21,801120,20.51,4.51,3.15
2024-10-21,801710,21.41,1.11,3.18
2024-10-21,801890,29.18,2.21,1.28
2024-10-21,801880,23.75,2.28,1.51
2024-10-21,801790,20.76,1.34,2.33
2024-10-21,801770,33.85,2.71,1.19
2024-10-21,801760,35.01,2.34,1.6
2024-10-21,801750,67.33,3.66,0.61
2024-10-21,801730,29.38,2.37,1.49
2024-10-21,801780,5.76,0.53,4.98
2024-10-22,801170,16.0,1.34,2.52
2024-10-22,801160,17.13,1.56,2.37
2024-10-22,801150,31.45,2.62,1.47
2024-10-22,801120,20.81,4.57,3.1
2024-10-22,801050,20.61,2.19,1.75
2024-10-22,801080,55.73,3.54,0.54
2024-10-22,801040,19.96,0.91,2.15
2024-10-22,801030,22.61,1.77,1.84
2024-10-22,801010,39.59,2.49,0.73
2024-10-22,801180,36.73,0.74,1.4
2024-10-22,801110,15.4,2.69,3.2
2024-10-22,801890,29.45,2.23,1.27
2024-10-22,801880,24.15,2.31,1.49
2024-10-22,801790,20.88,1.36,2.32
2024-10-22,801780,5.76,0.53,4.98
2024-10-22,801760,35.9,2.4,1.56
2024-10-22,801750,65.69,3.57,0.63
2024-10-22,801730,29.91,2.41,1.46
2024-10-22,801710,21.8,1.13,3.13
2024-10-22,801770,33.95,2.71,1.19
2024-10-23,801180,36.79,0.75,1.4
2024-10-23,801170,16.12,1.35,2.51
2024-10-23,801160,17.25,1.57,2.35
2024-10-23,801150,31.4,2.61,1.49
2024-10-23,801050,20.59,2.18,1.75
2024-10-23,801110,15.38,2.68,3.22
2024-10-23,801080,55.01,3.49,0.55
2024-10-23,801040,20.15,0.92,2.13
2024-10-23,801030,22.86,1.79,1.82
2024-10-23,801010,39.6,2.44,0.73
2024-10-23,801120,21.09,4.64,3.06
2024-10-23,801710,22.06,1.14,3.09
2024-10-23,801880,24.48,2.34,1.47
2024-10-23,801790,20.96,1.36,2.31
2024-10-23,801890,29.48,2.23,1.28
2024-10-23,801770,33.6,2.67,1.2
2024-10-23,801760,35.29,2.35,1.59
2024-10-23,801750,65.36,3.55,0.63
2024-10-23,801730,30.6,2.47,1.43
2024-10-23,801780,5.78,0.53,4.96
2024-10-24,801180,36.69,0.74,1.4
2024-10-24,801170,15.99,1.33,2.6
2024-10-24,801160,17.14,1.56,2.33
2024-10-24,801150,31.25,2.6,1.49
2024-10-24,801110,15.25,2.66,3.25
2024-10-24,801080,54.96,3.48,0.55
2024-10-24,801050,20.32,2.16,1.77
2024-10-24,801040,19.9,0.91,2.16
2024-10-24,801030,22.67,1.78,1.84
2024-10-24,801010,39.13,2.41,0.74
2024-10-24,801120,20.82,4.57,3.1
2024-10-24,801710,21.72,1.13,3.14
2024-10-24,801890,29.36,2.22,1.3
2024-10-24,801880,24.2,2.32,1.48
2024-10-24,801790,20.89,1.36,2.32
2024-10-24,801770,33.92,2.69,1.19
2024-10-24,801760,34.93,2.33,1.61
2024-10-24,801750,64.74,3.52,0.64
2024-10-24,801730,29.84,2.4,1.47
2024-10-24,801780,5.76,0.53,4.98
2024-10-25,801170,16.06,1.34,2.62
2024-10-25,801160,17.12,1.55,2.34
2024-10-25,801150,31.71,2.63,1.48
2024-10-25,801120,21.0,4.61,3.07
2024-10-25,801050,20.42,2.16,1.76
2024-10-25,801080,55.52,3.51,0.55
2024-10-25,801040,20.19,0.92,2.13
2024-10-25,801030,23.23,1.82,1.79
2024-10-25,801010,39.51,2.43,0.73
2024-10-25,801180,37.31,0.76,1.38
2024-10-25,801110,15.31,2.66,3.25
2024-10-25,801890,29.9,2.26,1.27
2024-10-25,801790,20.96,1.36,1.99
2024-10-25,801780,5.73,0.52,5.01
2024-10-25,801880,24.45,2.34,1.47
2024-10-25,801760,35.94,2.4,1.56
2024-10-25,801750,65.34,3.55,0.63
2024-10-25,801730,31.42,2.53,1.41
2024-10-25,801710,22.31,1.15,3.06
2024-10-25,801770,34.27,2.72,1.18
2024-10-28,801180,38.6,0.78,1.33
2024-10-28,801170,16.29,1.36,2.58
2024-10-28,801160,17.32,1.57,2.29
2024-10-28,801150,32.17,2.66,1.46
2024-10-28,801110,15.46,2.68,3.22
2024-10-28,801080,55.73,3.51,0.55
2024-10-28,801050,20.59,2.17,1.75
2024-10-28,801040,21.26,0.96,2.02
2024-10-28,801030,23.59,1.84,1.75
2024-10-28,801010,40.52,2.49,0.71
2024-10-28,801120,21.37,4.61,3.02
2024-10-28,801710,23.03,1.19,2.96
2024-10-28,801880,24.76,2.36,1.38
2024-10-28,801790,21.01,1.36,1.99
2024-10-28,801890,30.47,2.3,1.25
2024-10-28,801770,34.38,2.73,1.17
2024-10-28,801760,36.96,2.47,1.52
2024-10-28,801750,66.66,3.6,0.62
2024-10-28,801730,31.49,2.53,1.41
2024-10-28,801780,5.68,0.52,5.04
2024-10-29,801180,37.78,0.77,1.36
2024-10-29,801170,16.06,1.34,2.62
2024-10-29,801160,17.13,1.55,2.31
2024-10-29,801150,31.42,2.59,1.5
2024-10-29,801110,15.4,2.67,3.23
2024-10-29,801080,55.56,3.49,0.55
2024-10-29,801050,20.31,2.13,1.77
2024-10-29,801040,20.52,0.93,2.11
2024-10-29,801030,23.05,1.8,1.79
2024-10-29,801010,39.85,2.44,0.73
2024-10-29,801120,20.92,4.51,3.08
2024-10-29,801710,22.51,1.16,3.03
2024-10-29,801890,30.07,2.27,1.27
2024-10-29,801880,24.71,2.35,1.39
2024-10-29,801790,20.88,1.35,2.0
2024-10-29,801770,33.95,2.68,1.19
2024-10-29,801760,36.19,2.4,1.55
2024-10-29,801750,66.6,3.6,0.62
2024-10-29,801730,30.83,2.49,1.44
2024-10-29,801780,5.68,0.52,5.04
2024-10-30,801170,16.15,1.33,2.61
2024-10-30,801160,17.06,1.53,2.32
2024-10-30,801150,31.04,2.56,1.52
2024-10-30,801120,20.76,4.47,3.11
2024-10-30,801050,20.17,2.11,1.79
2024-10-30,801080,55.7,3.48,0.55
2024-10-30,801040,20.56,0.94,2.11
2024-10-30,801030,23.05,1.8,1.79
2024-10-30,801010,40.28,2.43,0.72
2024-10-30,801180,38.32,0.78,1.34
2024-10-30,801110,15.29,2.64,3.26
2024-10-30,801890,30.15,2.27,1.26
2024-10-30,801790,20.66,1.34,2.02
2024-10-30,801780,5.61,0.51,5.1
2024-10-30,801880,24.86,2.36,1.38
2024-10-30,801760,36.09,2.4,1.56
2024-10-30,801750,67.49,3.65,0.61
2024-10-30,801730,30.71,2.47,1.45
2024-10-30,801710,22.83,1.17,2.99
2024-10-30,801770,34.05,2.69,1.3
2024-10-31,801180,39.55,0.8,1.3
2024-10-31,801170,16.19,1.34,2.63
2024-10-31,801160,17.24,1.55,2.39
2024-10-31,801150,30.99,2.55,1.52
2024-10-31,801110,15.05,2.6,3.31
2024-10-31,801080,56.89,3.56,0.53
2024-10-31,801050,20.15,2.11,1.79
2024-10-31,801040,20.77,0.95,2.09
2024-10-31,801030,23.19,1.81,1.78
2024-10-31,801010,40.16,2.42,0.73
2024-10-31,801120,20.77,4.47,3.11
2024-10-31,801710,23.18,1.19,2.94
2024-10-31,801890,30.61,2.3,1.25
2024-10-31,801880,24.84,2.36,1.39
2024-10-31,801790,21.13,1.37,1.97
2024-10-31,801770,34.28,2.7,1.29
2024-10-31,801760,36.41,2.42,1.55
2024-10-31,801750,68.85,3.73,0.6
2024-10-31,801730,31.12,2.51,1.43
2024-10-31,801780,5.58,0.5,5.15
2024-11-01,801180,41.92,0.81,1.3
2024-11-01,801170,16.84,1.31,2.62
2024-11-01,801160,17.36,1.52,2.39
2024-11-01,801150,31.58,2.54,1.53
2024-11-01,801050,19.98,2.17,1.74
2024-11-01,801110,14.81,2.46,3.35
2024-11-01,801080,51.98,3.39,0.56
2024-11-01,801040,25.1,0.97,2.05
2024-11-01,801030,23.55,1.79,1.8
2024-11-01,801010,25.06,2.4,0.73
2024-11-01,801120,20.82,4.4,3.09
2024-11-01,801710,26.08,1.17,2.99
2024-11-01,801890,29.38,2.23,1.28
2024-11-01,801880,24.37,2.29,1.42
2024-11-01,801790,16.85,1.34,1.99
2024-11-01,801770,31.41,2.61,1.34
2024-11-01,801760,36.31,2.33,1.61
2024-11-01,801750,65.44,3.56,0.64
2024-11-01,801730,31.95,2.46,1.46
2024-11-01,801780,5.61,0.5,5.15
2024-11-04,801170,17.04,1.32,2.59
2024-11-04,801160,17.39,1.53,2.39
2024-11-04,801150,31.99,2.57,1.51
2024-11-04,801120,21.09,4.46,3.04
2024-11-04,801050,20.13,2.19,1.74
2024-11-04,801080,53.09,3.46,0.55
2024-11-04,801040,24.93,0.96,2.06
2024-11-04,801030,23.91,1.81,1.74
2024-11-04,801010,25.29,2.42,0.72
2024-11-04,801180,41.91,0.81,1.3
2024-11-04,801110,14.97,2.49,3.31
2024-11-04,801890,30.17,2.29,1.24
2024-11-04,801880,25.26,2.38,1.37
2024-11-04,801790,17.39,1.38,1.93
2024-11-04,801780,5.65,0.51,5.11
2024-11-04,801760,36.9,2.37,1.59
2024-11-04,801750,67.16,3.66,0.62
2024-11-04,801730,32.57,2.51,1.43
2024-11-04,801710,26.18,1.18,2.98
2024-11-04,801770,31.96,2.66,1.31
2024-11-05,801180,43.66,0.84,1.25
2024-11-05,801170,17.35,1.35,2.55
2024-11-05,801160,17.55,1.54,2.37
2024-11-05,801150,32.68,2.62,1.47
2024-11-05,801050,20.79,2.26,1.68
2024-11-05,801110,15.08,2.51,3.29
2024-11-05,801080,55.3,3.61,0.53
2024-11-05,801040,25.8,1.0,1.99
2024-11-05,801030,24.45,1.85,1.7
2024-11-05,801010,25.72,2.46,0.71
2024-11-05,801120,21.51,4.55,2.99
2024-11-05,801710,26.67,1.2,2.92
2024-11-05,801890,30.96,2.35,1.21
2024-11-05,801880,25.81,2.43,1.34
2024-11-05,801790,18.25,1.45,1.84
2024-11-05,801770,32.84,2.73,1.28
2024-11-05,801760,37.99,2.44,1.54
2024-11-05,801750,70.96,3.86,0.59
2024-11-05,801730,33.7,2.59,1.38
2024-11-05,801780,5.7,0.51,5.07
2024-11-06,801180,44.58,0.86,1.22
2024-11-06,801170,17.44,1.36,2.51
2024-11-06,801160,17.46,1.53,2.38
2024-11-06,801150,32.6,2.62,1.48
2024-11-06,801050,20.91,2.28,1.67
2024-11-06,801110,14.78,2.45,3.36
2024-11-06,801080,55.31,3.61,0.53
2024-11-06,801040,26.0,1.01,1.98
2024-11-06,801030,24.51,1.86,1.7
2024-11-06,801010,26.17,2.51,0.7
2024-11-06,801120,21.43,4.53,3.0
2024-11-06,801710,26.91,1.21,2.9
2024-11-06,801880,25.85,2.43,1.34
2024-11-06,801790,18.07,1.44,1.85
2024-11-06,801890,31.13,2.37,1.2
2024-11-06,801770,32.79,2.73,1.28
2024-11-06,801760,38.9,2.5,1.51
2024-11-06,801750,71.45,3.89,0.58
2024-11-06,801730,33.68,2.58,1.38
2024-11-06,801780,5.65,0.51,5.16
2024-11-07,801180,46.31,0.9,1.18
2024-11-07,801170,17.81,1.39,2.54
2024-11-07,801160,17.79,1.56,2.33
2024-11-07,801150,33.63,2.7,1.46
2024-11-07,801010,26.95,2.58,0.71
2024-11-07,801110,15.04,2.5,3.3
2024-11-07,801080,56.37,3.68,0.52
2024-11-07,801050,20.89,2.27,1.67
2024-11-07,801040,26.61,1.03,1.93
2024-11-07,801030,24.9,1.89,1.67
2024-11-07,801120,22.76,4.81,2.82
2024-11-07,801710,27.69,1.24,2.81
2024-11-07,801890,31.6,2.4,1.19
2024-11-07,801880,26.12,2.46,1.32
2024-11-07,801780,5.77,0.52,5.05
2024-11-07,801770,33.3,2.77,1.26
2024-11-07,801760,39.41,2.53,1.49
2024-11-07,801750,73.93,4.02,0.56
2024-11-07,801730,33.94,2.6,1.37
2024-11-07,801790,19.37,1.54,1.73
2024-11-08,801180,44.79,0.87,1.22
2024-11-08,801170,17.72,1.38,2.55
2024-11-08,801160,17.69,1.55,2.35
2024-11-08,801150,33.58,2.7,1.47
2024-11-08,801110,15.14,2.51,3.29
2024-11-08,801080,56.78,3.71,0.52
2024-11-08,801050,20.7,2.25,1.69
2024-11-08,801040,26.34,1.02,1.95
2024-11-08,801030,24.85,1.88,1.65
2024-11-08,801010,26.57,2.55,0.72
2024-11-08,801120,22.3,4.71,2.88
2024-11-08,801710,27.02,1.21,2.88
2024-11-08,801890,31.67,2.41,1.18
2024-11-08,801880,26.14,2.46,1.33
2024-11-08,801790,18.89,1.5,1.77
2024-11-08,801770,33.54,2.79,1.25
2024-11-08,801760,38.86,2.5,1.55
2024-11-08,801750,74.95,4.08,0.56
2024-11-08,801730,33.95,2.61,1.37
2024-11-08,801780,5.68,0.51,5.12
2024-11-11,801180,44.32,0.86,1.23
2024-11-11,801170,17.56,1.37,2.57
2024-11-11,801160,17.73,1.56,2.34
2024-11-11,801150,34.06,2.74,1.45
2024-11-11,801050,20.71,2.26,1.68
2024-11-11,801110,15.1,2.51,3.3
2024-11-11,801080,59.41,3.88,0.5
2024-11-11,801040,26.15,1.01,1.96
2024-11-11,801030,25.15,1.91,1.63
2024-11-11,801010,26.44,2.53,0.73
2024-11-11,801120,22.14,4.68,2.9
2024-11-11,801710,26.86,1.21,2.9
2024-11-11,801890,32.46,2.47,1.15
2024-11-11,801880,26.87,2.53,1.31
2024-11-11,801790,18.83,1.5,1.78
2024-11-11,801770,34.45,2.87,1.22
2024-11-11,801760,40.47,2.6,1.48
2024-11-11,801750,78.12,4.25,0.53
2024-11-11,801730,35.05,2.69,1.33
2024-11-11,801780,5.6,0.5,5.19
2024-11-12,801170,17.42,1.36,2.6
2024-11-12,801160,17.55,1.54,2.36
2024-11-12,801150,34.38,2.76,1.44
2024-11-12,801120,21.96,4.64,2.92
2024-11-12,801050,20.39,2.22,1.71
2024-11-12,801080,58.45,3.82,0.5
2024-11-12,801040,25.79,1.0,1.99
2024-11-12,801030,25.03,1.9,1.64
2024-11-12,801010,26.24,2.51,0.73
2024-11-12,801180,43.98,0.85,1.24
2024-11-12,801110,15.18,2.52,3.28
2024-11-12,801890,31.77,2.42,1.18
2024-11-12,801880,26.72,2.51,1.32
2024-11-12,801790,18.4,1.46,1.82
2024-11-12,801780,5.55,0.5,5.25
2024-11-12,801760,39.27,2.52,1.53
2024-11-12,801750,76.58,4.16,0.54
2024-11-12,801730,34.81,2.67,1.34
2024-11-12,801710,26.64,1.2,2.92
2024-11-12,801770,33.94,2.83,1.23
2024-11-13,801180,43.58,0.84,1.25
2024-11-13,801170,17.45,1.36,2.59
2024-11-13,801160,17.61,1.55,2.36
2024-11-13,801150,33.99,2.73,1.46
2024-11-13,801050,20.47,2.23,1.68
2024-11-13,801110,15.29,2.54,3.26
2024-11-13,801080,58.38,3.81,0.51
2024-11-13,801040,25.73,1.0,2.0
2024-11-13,801030,25.01,1.9,1.64
2024-11-13,801010,26.09,2.5,0.74
2024-11-13,801120,21.95,4.64,2.93
2024-11-13,801710,26.58,1.19,2.93
2024-11-13,801880,26.67,2.51,1.32
2024-11-13,801790,18.33,1.46,1.84
2024-11-13,801890,31.84,2.42,1.17
2024-11-13,801770,34.84,2.9,1.2
2024-11-13,801760,40.34,2.59,1.49
2024-11-13,801750,77.17,4.2,0.54
2024-11-13,801730,35.28,2.7,1.32
2024-11-13,801780,5.58,0.5,5.32
2024-11-14,801180,42.16,0.81,1.29
2024-11-14,801170,17.09,1.33,2.64
2024-11-14,801160,17.33,1.52,2.4
2024-11-14,801150,33.01,2.65,1.5
2024-11-14,801110,15.26,2.53,3.27
2024-11-14,801080,56.25,3.67,0.52
2024-11-14,801050,19.82,2.16,1.74
2024-11-14,801040,25.03,0.97,2.05
2024-11-14,801030,24.39,1.85,1.69
2024-11-14,801010,25.46,2.44,0.76
2024-11-14,801120,21.72,4.59,2.96
2024-11-14,801710,26.14,1.17,2.98
2024-11-14,801890,30.94,2.35,1.21
2024-11-14,801880,25.91,2.44,1.36
2024-11-14,801790,18.12,1.44,1.86
2024-11-14,801770,33.59,2.8,1.25
2024-11-14,801760,38.98,2.5,1.54
2024-11-14,801750,74.65,4.06,0.56
2024-11-14,801730,34.22,2.62,1.36
2024-11-14,801780,5.59,0.5,5.31
2024-11-15,801170,17.12,1.33,2.64
2024-11-15,801160,17.15,1.51,2.42
2024-11-15,801150,32.34,2.6,1.53
2024-11-15,801120,21.51,4.55,2.99
2024-11-15,801050,19.49,2.12,1.77
2024-11-15,801080,54.48,3.56,0.54
2024-11-15,801040,24.68,0.96,2.08
2024-11-15,801030,23.96,1.82,1.74
2024-11-15,801010,24.97,2.39,0.77
2024-11-15,801180,40.8,0.79,1.34
2024-11-15,801110,14.94,2.48,3.34
2024-11-15,801890,30.17,2.29,1.24
2024-11-15,801790,17.45,1.39,1.93
2024-11-15,801780,5.57,0.5,5.33
2024-11-15,801880,25.49,2.4,1.39
2024-11-15,801760,39.15,2.52,1.53
2024-11-15,801750,72.43,3.94,0.58
2024-11-15,801730,33.08,2.54,1.41
2024-11-15,801710,25.61,1.15,3.04
2024-11-15,801770,32.83,2.73,1.28
2024-11-18,801180,41.15,0.79,1.33
2024-11-18,801170,17.28,1.35,2.62
2024-11-18,801160,17.28,1.52,2.4
2024-11-18,801150,31.83,2.56,1.56
2024-11-18,801110,14.66,2.43,3.4
2024-11-18,801080,52.9,3.45,0.56
2024-11-18,801050,19.11,2.08,1.81
2024-11-18,801040,25.02,0.97,2.06
2024-11-18,801030,23.56,1.79,1.78
2024-11-18,801010,24.67,2.36,0.92
2024-11-18,801120,21.28,4.5,3.02
2024-11-18,801710,25.51,1.15,3.05
2024-11-18,801880,25.3,2.38,1.4
2024-11-18,801790,17.3,1.37,1.95
2024-11-18,801890,29.64,2.25,1.27
2024-11-18,801770,31.78,2.64,1.32
2024-11-18,801760,37.07,2.38,1.62
2024-11-18,801750,68.55,3.71,0.59
2024-11-18,801730,32.53,2.49,1.43
2024-11-18,801780,5.68,0.51,5.25
2024-11-19,801180,41.33,0.8,1.32
2024-11-19,801170,17.3,1.35,2.61
2024-11-19,801160,17.33,1.52,2.4
2024-11-19,801150,32.3,2.6,1.53
2024-11-19,801010,24.9,2.39,0.91
2024-11-19,801110,14.81,2.46,3.36
2024-11-19,801080,54.57,3.56,0.54
2024-11-19,801050,19.75,2.15,1.75
2024-11-19,801040,24.99,0.97,2.06
2024-11-19,801030,24.17,1.83,1.73
2024-11-19,801120,21.21,4.48,3.03
2024-11-19,801710,25.59,1.15,3.04
2024-11-19,801890,30.52,2.32,1.23
2024-11-19,801880,25.62,2.41,1.38
2024-11-19,801790,17.53,1.39,1.92
2024-11-19,801770,32.17,2.67,1.3
2024-11-19,801760,37.52,2.41,1.6
2024-11-19,801750,70.61,3.82,0.58
2024-11-19,801730,33.53,2.57,1.39
2024-11-19,801780,5.67,0.51,5.26
2024-11-20,801180,41.63,0.8,1.31
2024-11-20,801170,17.38,1.35,2.6
2024-11-20,801160,17.44,1.53,2.38
2024-11-20,801150,33.12,2.66,1.5
2024-11-20,801080,54.93,3.58,0.54
2024-11-20,801110,14.91,2.47,3.33
2024-11-20,801050,19.86,2.16,1.73
2024-11-20,801040,25.15,0.97,2.04
2024-11-20,801030,24.69,1.87,1.69
2024-11-20,801120,21.29,4.5,3.02
2024-11-20,801010,25.12,2.41,0.91
2024-11-20,801710,25.81,1.16,3.02
2024-11-20,801890,31.15,2.37,1.2
2024-11-20,801880,25.83,2.43,1.37
2024-11-20,801790,17.55,1.39,1.92
2024-11-20,801770,32.94,2.74,1.27
2024-11-20,801760,38.99,2.5,1.54
2024-11-20,801750,72.2,3.91,0.57
2024-11-20,801730,33.64,2.58,1.38
2024-11-20,801780,5.64,0.51,5.29
2024-11-21,801180,41.52,0.8,1.31
2024-11-21,801170,17.32,1.35,2.61
2024-11-21,801160,17.47,1.54,2.38
2024-11-21,801150,33.01,2.65,1.5
2024-11-21,801080,54.9,3.58,0.55
2024-11-21,801120,21.29,4.5,3.02
2024-11-21,801110,14.93,2.48,3.33
2024-11-21,801050,19.94,2.17,1.76
2024-11-21,801040,25.2,0.98,2.04
2024-11-21,801030,24.78,1.88,1.69
2024-11-21,801010,25.17,2.41,0.9
2024-11-21,801710,25.78,1.16,3.02
2024-11-21,801890,31.2,2.37,1.2
2024-11-21,801880,25.88,2.44,1.36
2024-11-21,801780,5.63,0.5,5.3
2024-11-21,801770,32.66,2.71,1.28
2024-11-21,801760,39.17,2.51,1.53
2024-11-21,801750,72.88,3.95,0.56
2024-11-21,801730,33.79,2.59,1.38
2024-11-21,801790,17.67,1.4,1.91
2024-11-22,801180,40.46,0.78,1.35
2024-11-22,801170,16.95,1.32,2.68
2024-11-22,801160,17.06,1.5,2.43
2024-11-22,801150,31.59,2.54,1.5
2024-11-22,801110,14.62,2.42,3.4
2024-11-22,801080,52.76,3.44,0.58
2024-11-22,801050,19.43,2.12,1.81
2024-11-22,801040,24.4,0.94,2.11
2024-11-22,801030,23.85,1.81,1.78
2024-11-22,801120,20.63,4.36,3.12
2024-11-22,801010,24.27,2.33,0.91
2024-11-22,801710,25.08,1.13,3.11
2024-11-22,801890,30.12,2.29,1.24
2024-11-22,801880,24.95,2.35,1.42
2024-11-22,801790,16.82,1.34,2.01
2024-11-22,801770,31.57,2.62,1.32
2024-11-22,801760,38.33,2.46,1.56
2024-11-22,801750,70.25,3.8,0.58
2024-11-22,801730,32.52,2.49,1.43
2024-11-22,801780,5.51,0.49,5.42
2024-11-25,801180,40.34,0.78,1.37
2024-11-25,801170,16.92,1.32,2.68
2024-11-25,801150,31.7,2.55,1.53
2024-11-25,801080,52.22,3.41,0.58
2024-11-25,801110,14.51,2.41,3.42
2024-11-25,801050,19.37,2.11,1.83
2024-11-25,801040,24.53,0.95,2.1
2024-11-25,801030,23.98,1.82,1.77
2024-11-25,801010,24.42,2.34,0.91
2024-11-25,801120,20.58,4.35,3.12
2024-11-25,801160,16.99,1.49,2.44
2024-11-25,801710,25.33,1.14,3.07
2024-11-25,801890,30.4,2.31,1.23
2024-11-25,801880,25.12,2.37,1.4
2024-11-25,801790,16.68,1.32,2.02
2024-11-25,801770,31.13,2.59,1.34
2024-11-25,801760,38.88,2.5,1.55
2024-11-25,801750,70.2,3.8,0.58
2024-11-25,801730,32.91,2.52,1.41
2024-11-25,801780,5.51,0.49,5.41
2024-11-26,801180,40.43,0.78,1.36
2024-11-26,801170,16.95,1.32,2.68
2024-11-26,801160,16.85,1.48,2.46
2024-11-26,801150,31.75,2.55,1.53
2024-11-26,801080,51.83,3.38,0.59
2024-11-26,801120,20.75,4.39,3.1
2024-11-26,801110,14.49,2.4,3.45
2024-11-26,801050,19.11,2.08,1.86
2024-11-26,801040,24.33,0.94,2.11
2024-11-26,801030,23.74,1.8,1.78
2024-11-26,801010,24.55,2.35,0.9
2024-11-26,801890,29.87,2.27,1.25
2024-11-26,801880,24.64,2.33,1.43
2024-11-26,801710,25.27,1.13,3.08
2024-11-26,801780,5.57,0.5,5.36
2024-11-26,801770,31.19,2.59,1.34
2024-11-26,801760,38.6,2.48,1.58
2024-11-26,801750,68.82,3.73,0.59
2024-11-26,801730,32.22,2.47,1.45
2024-11-26,801790,16.7,1.33,2.02
2024-11-27,801180,40.99,0.79,1.34
2024-11-27,801170,17.1,1.33,2.65
2024-11-27,801160,17.05,1.5,2.43
2024-11-27,801150,32.32,2.6,1.49
2024-11-27,801080,53.37,3.48,0.56
2024-11-27,801120,20.99,4.44,3.06
2024-11-27,801110,14.77,2.45,3.38
2024-11-27,801050,19.32,2.1,1.84
2024-11-27,801040,24.54,0.95,2.1
2024-11-27,801030,24.02,1.82,1.76
2024-11-27,801010,24.74,2.37,0.89
2024-11-27,801710,25.69,1.15,3.03
2024-11-27,801890,30.48,2.32,1.23
2024-11-27,801880,24.86,2.35,1.42
2024-11-27,801780,5.62,0.5,5.31
2024-11-27,801770,31.83,2.64,1.31
2024-11-27,801760,40.13,2.58,1.52
2024-11-27,801750,71.08,3.85,0.57
2024-11-27,801730,32.88,2.52,1.4
2024-11-27,801790,17.04,1.35,1.98
2024-11-28,801180,41.48,0.8,1.33
2024-11-28,801170,17.1,1.33,2.65
2024-11-28,801160,17.02,1.5,2.44
2024-11-28,801150,32.12,2.58,1.5
2024-11-28,801110,14.57,2.41,3.43
2024-11-28,801080,53.07,3.46,0.57
2024-11-28,801050,19.1,2.08,1.86
2024-11-28,801040,26.96,0.95,2.12
2024-11-28,801030,23.89,1.81,1.77
2024-11-28,801120,20.87,4.41,3.08
2024-11-28,801010,24.79,2.38,0.89
2024-11-28,801710,25.76,1.16,3.02
2024-11-28,801890,30.4,2.31,1.23
2024-11-28,801880,24.58,2.32,1.44
2024-11-28,801790,16.89,1.34,2.01
2024-11-28,801770,31.37,2.61,1.33
2024-11-28,801760,39.56,2.54,1.55
2024-11-28,801750,70.74,3.83,0.58
2024-11-28,801730,32.54,2.49,1.42
2024-11-28,801780,5.61,0.5,5.41
2024-11-29,801180,41.7,0.8,1.32
2024-11-29,801160,17.04,1.5,2.43
2024-11-29,801150,32.53,2.62,1.5
2024-11-29,801120,21.15,4.47,3.04
2024-11-29,801050,19.34,2.1,1.85
2024-11-29,801080,54.06,3.52,0.55
2024-11-29,801040,27.1,0.95,2.11
2024-11-29,801030,24.19,1.84,1.75
2024-11-29,801010,25.04,2.4,0.88
2024-11-29,801110,14.7,2.44,3.39
2024-11-29,801170,17.06,1.33,2.64
2024-11-29,801710,25.92,1.16,3.01
2024-11-29,801890,31.09,2.37,1.2
2024-11-29,801880,24.98,2.36,1.41
2024-11-29,801790,17.25,1.37,1.98
2024-11-29,801770,31.83,2.64,1.31
2024-11-29,801760,40.1,2.57,1.53
2024-11-29,801750,73.0,3.95,0.56
2024-11-29,801730,33.07,2.54,1.4
2024-11-29,801780,5.61,0.5,5.41
2024-12-02,801180,42.73,0.82,1.29
2024-12-02,801170,17.31,1.35,2.6
2024-12-02,801150,33.03,2.66,1.48
2024-12-02,801080,54.91,3.58,0.54
2024-12-02,801110,14.86,2.46,3.35
2024-12-02,801050,19.51,2.12,1.83
2024-12-02,801040,27.9,0.98,2.05
2024-12-02,801030,24.63,1.87,1.71
2024-12-02,801010,25.49,2.44,0.86
2024-12-02,801120,21.31,4.51,3.01
2024-12-02,801160,17.29,1.52,2.41
2024-12-02,801710,26.31,1.18,2.96
2024-12-02,801890,31.85,2.42,1.17
2024-12-02,801880,25.75,2.43,1.37
2024-12-02,801790,17.48,1.39,1.95
2024-12-02,801770,32.55,2.7,1.28
2024-12-02,801760,40.92,2.63,1.5
2024-12-02,801750,73.88,4.0,0.55
2024-12-02,801730,33.45,2.56,1.38
2024-12-02,801780,5.59,0.5,5.42
2024-12-03,801180,43.17,0.83,1.28
2024-12-03,801170,17.46,1.37,2.58
2024-12-03,801150,32.94,2.65,1.49
2024-12-03,801080,54.36,3.54,0.54
2024-12-03,801110,14.87,2.46,3.35
2024-12-03,801050,19.51,2.12,1.83
2024-12-03,801040,27.8,0.98,2.05
2024-12-03,801030,24.69,1.87,1.7
2024-12-03,801010,25.55,2.45,0.86
2024-12-03,801120,21.3,4.51,3.01
2024-12-03,801160,17.57,1.54,2.38
2024-12-03,801710,26.44,1.19,2.95
2024-12-03,801890,32.01,2.43,1.17
2024-12-03,801880,25.8,2.43,1.37
2024-12-03,801790,17.57,1.39,1.94
2024-12-03,801770,32.4,2.69,1.29
2024-12-03,801760,40.52,2.6,1.51
2024-12-03,801750,73.61,3.99,0.56
2024-12-03,801730,33.45,2.56,1.38
2024-12-03,801780,5.68,0.51,5.34
2024-12-04,801180,42.24,0.82,1.3
2024-12-04,801170,17.17,1.35,2.58
2024-12-04,801160,17.51,1.54,2.39
2024-12-04,801150,32.43,2.61,1.51
2024-12-04,801080,53.95,3.52,0.55
2024-12-04,801120,21.15,4.47,3.04
2024-12-04,801110,14.98,2.48,3.33
2024-12-04,801050,19.53,2.13,1.82
2024-12-04,801040,27.82,0.98,2.05
2024-12-04,801030,24.31,1.84,1.73
2024-12-04,801010,25.11,2.41,0.88
2024-12-04,801890,32.09,2.44,1.17
2024-12-04,801880,25.58,2.41,1.38
2024-12-04,801710,25.91,1.16,3.01
2024-12-04,801780,5.68,0.51,5.33
2024-12-04,801770,31.98,2.66,1.3
2024-12-04,801760,39.23,2.52,1.56
2024-12-04,801750,72.61,3.93,0.56
2024-12-04,801730,32.75,2.51,1.41
2024-12-04,801790,17.36,1.38,1.96
2024-12-05,801180,42.49,0.82,1.3
2024-12-05,801170,17.2,1.35,2.58
2024-12-05,801150,32.44,2.61,1.51
2024-12-05,801080,54.21,3.53,0.55
2024-12-05,801110,14.99,2.48,3.32
2024-12-05,801050,19.41,2.11,1.84
2024-12-05,801040,28.04,0.99,2.04
2024-12-05,801030,24.42,1.85,1.72
2024-12-05,801010,25.05,2.4,0.88
2024-12-05,801120,21.03,4.45,3.05
2024-12-05,801160,17.48,1.54,2.39
2024-12-05,801710,25.97,1.17,3.0
2024-12-05,801880,25.77,2.43,1.41
2024-12-05,801790,17.47,1.39,1.95
2024-12-05,801890,32.53,2.47,1.16
2024-12-05,801770,32.36,2.69,1.29
2024-12-05,801760,40.91,2.62,1.5
2024-12-05,801750,74.14,4.02,0.55
2024-12-05,801730,32.78,2.51,1.41
2024-12-05,801780,5.67,0.51,5.34
2024-12-06,801150,33.07,2.66,1.48
2024-12-06,801180,43.08,0.83,1.28
2024-12-06,801170,17.47,1.37,2.53
2024-12-06,801160,17.7,1.56,2.37
2024-12-06,801120,21.19,4.48,3.03
2024-12-06,801110,15.14,2.51,3.29
2024-12-06,801080,55.02,3.59,0.54
2024-12-06,801050,19.59,2.13,1.82
2024-12-06,801040,28.61,1.01,1.99
2024-12-06,801030,24.69,1.87,1.7
2024-12-06,801010,25.23,2.42,0.9
2024-12-06,801890,32.76,2.49,1.15
2024-12-06,801880,25.86,2.44,1.4
2024-12-06,801710,26.4,1.19,2.95
2024-12-06,801780,5.74,0.51,5.28
2024-12-06,801770,32.45,2.7,1.29
2024-12-06,801760,42.16,2.71,1.45
2024-12-06,801750,74.89,4.06,0.55
2024-12-06,801730,33.17,2.54,1.39
2024-12-06,801790,17.78,1.41,1.92
2024-12-09,801180,41.82,0.81,1.32
2024-12-09,801170,17.53,1.37,2.53
2024-12-09,801160,17.79,1.56,2.35
2024-12-09,801150,33.07,2.66,1.48
2024-12-09,801080,54.44,3.55,0.54
2024-12-09,801120,21.13,4.47,3.04
2024-12-09,801110,15.18,2.51,3.28
2024-12-09,801050,19.68,2.14,1.82
2024-12-09,801040,28.72,1.01,1.98
2024-12-09,801030,24.76,1.88,1.7
2024-12-09,801010,24.93,2.39,0.91
2024-12-09,801710,26.42,1.19,2.95
2024-12-09,801890,32.71,2.49,1.15
2024-12-09,801880,26.04,2.46,1.39
2024-12-09,801780,5.76,0.52,5.26
2024-12-09,801770,32.11,2.67,1.2
2024-12-09,801760,42.13,2.7,1.45
2024-12-09,801750,74.36,4.03,0.55
2024-12-09,801730,33.08,2.53,1.4
2024-12-09,801790,17.63,1.4,1.93
2024-12-10,801180,42.21,0.81,1.31
2024-12-10,801170,17.53,1.37,2.53
2024-12-10,801160,17.66,1.55,2.37
2024-12-10,801150,33.06,2.66,1.48
2024-12-10,801010,25.18,2.41,0.91
2024-12-10,801110,15.36,2.54,3.24
2024-12-10,801080,55.02,3.59,0.54
2024-12-10,801050,19.73,2.15,1.84
2024-12-10,801040,28.71,1.01,1.98
2024-12-10,801030,24.89,1.89,1.69
2024-12-10,801120,21.59,4.57,2.98
2024-12-10,801710,26.66,1.2,2.92
2024-12-10,801890,33.11,2.52,1.13
2024-12-10,801880,26.22,2.47,1.38
2024-12-10,801790,17.82,1.41,1.92
2024-12-10,801770,32.22,2.68,1.2
2024-12-10,801760,42.56,2.73,1.44
2024-12-10,801750,75.35,4.08,0.54
2024-12-10,801730,33.11,2.54,1.4
2024-12-10,801780,5.82,0.52,5.2
2024-12-11,801180,42.88,0.83,1.27
2024-12-11,801170,17.63,1.38,2.51
2024-12-11,801160,17.78,1.57,2.33
2024-12-11,801150,33.23,2.67,1.47
2024-12-11,801050,19.99,2.17,1.82
2024-12-11,801110,15.51,2.57,3.21
2024-12-11,801080,55.74,3.63,0.53
2024-12-11,801040,29.22,1.03,1.95
2024-12-11,801030,25.06,1.9,1.7
2024-12-11,801010,24.27,2.46,0.88
2024-12-11,801120,21.75,4.6,2.95
2024-12-11,801710,26.84,1.2,2.9
2024-12-11,801890,33.17,2.52,1.13
2024-12-11,801880,26.36,2.49,1.38
2024-12-11,801790,17.71,1.4,1.93
2024-12-11,801770,32.93,2.73,1.17
2024-12-11,801760,43.12,2.77,1.42
2024-12-11,801750,75.34,4.08,0.54
2024-12-11,801730,32.99,2.53,1.4
2024-12-11,801780,5.75,0.52,5.29
2024-12-12,801180,43.41,0.84,1.26
2024-12-12,801170,17.79,1.4,2.49
2024-12-12,801160,17.85,1.57,2.32
2024-12-12,801150,33.52,2.69,1.46
2024-12-12,801050,20.1,2.19,1.81
2024-12-12,801110,15.62,2.59,3.19
2024-12-12,801080,55.86,3.64,0.53
2024-12-12,801040,29.0,1.02,1.97
2024-12-12,801030,25.28,1.91,1.69
2024-12-12,801010,24.75,2.51,0.87
2024-12-12,801120,22.26,4.71,2.89
2024-12-12,801710,27.3,1.23,2.85
2024-12-12,801890,33.18,2.52,1.13
2024-12-12,801880,26.49,2.5,1.37
2024-12-12,801790,17.95,1.42,1.91
2024-12-12,801770,33.4,2.77,1.16
2024-12-12,801760,43.36,2.78,1.41
2024-12-12,801750,75.85,4.11,0.54
2024-12-12,801730,33.26,2.55,1.39
2024-12-12,801780,5.83,0.52,5.23
2024-12-13,801170,17.45,1.37,2.56
2024-12-13,801160,17.65,1.56,2.35
2024-12-13,801150,32.76,2.63,1.49
2024-12-13,801120,21.62,4.57,2.97
2024-12-13,801050,19.49,2.12,1.86
2024-12-13,801080,55.12,3.59,0.54
2024-12-13,801040,28.34,1.0,2.02
2024-12-13,801030,24.7,1.87,1.73
2024-12-13,801010,24.31,2.46,0.88
2024-12-13,801180,42.02,0.82,1.31
2024-12-13,801110,15.31,2.54,3.26
2024-12-13,801890,32.49,2.47,1.16
2024-12-13,801790,17.37,1.38,1.99
2024-12-13,801780,5.71,0.51,5.34
2024-12-13,801880,26.03,2.46,1.4
2024-12-13,801760,43.99,2.82,1.39
2024-12-13,801750,73.8,4.0,0.56
2024-12-13,801730,32.46,2.49,1.42
2024-12-13,801710,26.72,1.2,2.92
2024-12-13,801770,33.08,2.75,1.17
2024-12-16,801180,41.55,0.81,1.32
2024-12-16,801170,17.38,1.36,2.58
2024-12-16,801160,17.93,1.58,2.31
2024-12-16,801150,32.48,2.61,1.51
2024-12-16,801110,15.14,2.51,3.29
2024-12-16,801080,54.15,3.53,0.55
2024-12-16,801050,19.23,2.09,1.89
2024-12-16,801040,28.09,0.99,2.03
2024-12-16,801030,24.53,1.86,1.74
2024-12-16,801010,24.17,2.45,0.89
2024-12-16,801120,21.42,4.53,3.0
2024-12-16,801710,26.11,1.17,2.99
2024-12-16,801890,32.06,2.44,1.17
2024-12-16,801880,25.73,2.43,1.42
2024-12-16,801790,17.13,1.36,2.02
2024-12-16,801770,33.12,2.75,1.17
2024-12-16,801760,43.26,2.78,1.42
2024-12-16,801750,72.34,3.94,0.56
2024-12-16,801730,32.13,2.46,1.44
2024-12-16,801780,5.76,0.52,5.29
2024-12-17,801180,40.41,0.78,1.36
2024-12-17,801170,17.21,1.35,2.6
2024-12-17,801160,17.74,1.56,2.34
2024-12-17,801150,31.98,2.57,1.53
2024-12-17,801050,19.09,2.07,1.9
2024-12-17,801110,15.05,2.49,3.31
2024-12-17,801080,53.58,3.49,0.55
2024-12-17,801040,27.76,0.98,2.06
2024-12-17,801030,24.18,1.83,1.77
2024-12-17,801010,23.77,2.41,0.9
2024-12-17,801120,21.48,4.54,2.99
2024-12-17,801710,25.62,1.15,3.04
2024-12-17,801890,31.24,2.38,1.21
2024-12-17,801880,25.67,2.42,1.43
2024-12-17,801790,17.1,1.36,2.02
2024-12-17,801770,32.93,2.73,1.17
2024-12-17,801760,41.78,2.67,1.47
2024-12-17,801750,70.44,3.84,0.58
2024-12-17,801730,32.0,2.45,1.44
2024-12-17,801780,5.75,0.52,5.3
2024-12-18,801170,17.22,1.35,2.6
2024-12-18,801160,17.87,1.58,2.33
2024-12-18,801150,32.03,2.57,1.53
2024-12-18,801120,21.5,4.55,2.99
2024-12-18,801050,19.06,2.07,1.91
2024-12-18,801080,54.78,3.57,0.55
2024-12-18,801040,28.09,0.99,2.03
2024-12-18,801030,24.21,1.83,1.76
2024-12-18,801010,23.63,2.39,0.91
2024-12-18,801180,40.4,0.78,1.36
2024-12-18,801110,15.16,2.51,3.29
2024-12-18,801890,31.32,2.38,1.2
2024-12-18,801790,17.09,1.36,2.03
2024-12-18,801780,5.82,0.52,5.24
2024-12-18,801880,25.84,2.44,1.42
2024-12-18,801760,42.23,2.7,1.46
2024-12-18,801750,71.65,3.9,0.57
2024-12-18,801730,31.97,2.45,1.45
2024-12-18,801710,25.68,1.15,3.03
2024-12-18,801770,33.36,2.77,1.16
2024-12-19,801180,39.96,0.77,1.38
2024-12-19,801170,17.16,1.35,2.61
2024-12-19,801160,17.66,1.56,2.35
2024-12-19,801150,31.96,2.57,1.54
2024-12-19,801110,15.22,2.52,3.28
2024-12-19,801080,55.82,3.64,0.54
2024-12-19,801050,18.98,2.06,1.92
2024-12-19,801040,27.94,0.98,2.04
2024-12-19,801030,24.14,1.83,1.76
2024-12-19,801120,21.22,4.49,3.03
2024-12-19,801010,23.5,2.38,0.91
2024-12-19,801710,25.53,1.15,3.05
2024-12-19,801890,31.51,2.4,1.19
2024-12-19,801880,25.79,2.43,1.41
2024-12-19,801780,5.77,0.52,5.29
2024-12-19,801770,34.43,2.86,1.12
2024-12-19,801760,42.25,2.7,1.46
2024-12-19,801750,72.88,3.97,0.56
2024-12-19,801730,31.98,2.45,1.45
2024-12-19,801790,17.06,1.35,2.03
2024-12-20,801180,40.0,0.78,1.37
2024-12-20,801170,17.06,1.34,2.41
2024-12-20,801160,17.56,1.55,2.37
2024-12-20,801150,32.07,2.58,1.53
2024-12-20,801110,15.18,2.51,3.28
2024-12-20,801080,57.14,3.72,0.52
2024-12-20,801050,18.9,2.05,1.92
2024-12-20,801040,27.55,0.97,2.07
2024-12-20,801030,24.15,1.83,1.76
2024-12-20,801010,23.42,2.37,0.91
2024-12-20,801120,21.13,4.47,3.17
2024-12-20,801770,34.46,2.86,1.12
2024-12-20,801710,25.44,1.14,3.06
2024-12-20,801890,31.75,2.41,1.18
2024-12-20,801880,25.77,2.43,1.41
2024-12-20,801780,5.76,0.52,5.29
2024-12-20,801760,42.25,2.7,1.46
2024-12-20,801750,73.39,4.0,0.55
2024-12-20,801730,31.78,2.44,1.47
2024-12-20,801790,17.08,1.35,2.12
2024-12-23,801180,38.61,0.75,1.42
2024-12-23,801170,17.0,1.34,2.42
2024-12-23,801160,17.64,1.56,2.36
2024-12-23,801150,31.46,2.53,1.56
2024-12-23,801050,18.83,2.05,1.93
2024-12-23,801110,15.16,2.51,3.29
2024-12-23,801080,55.66,3.63,0.54
2024-12-23,801040,27.19,0.96,2.1
2024-12-23,801030,23.67,1.79,1.8
2024-12-23,801010,22.95,2.32,0.93
2024-12-23,801120,20.98,4.44,3.19
2024-12-23,801710,25.09,1.13,3.1
2024-12-23,801890,30.92,2.35,1.22
2024-12-23,801880,25.34,2.39,1.44
2024-12-23,801790,16.94,1.34,2.13
2024-12-23,801770,33.78,2.8,1.15
2024-12-23,801760,39.86,2.55,1.55
2024-12-23,801750,70.66,3.85,0.58
2024-12-23,801730,31.41,2.41,1.49
2024-12-23,801780,5.85,0.52,5.21
2024-12-24,801170,17.24,1.35,2.39
2024-12-24,801160,17.83,1.57,2.33
2024-12-24,801150,31.73,2.55,1.55
2024-12-24,801120,21.2,4.48,3.16
2024-12-24,801050,19.01,2.07,1.91
2024-12-24,801080,56.48,3.68,0.53
2024-12-24,801040,27.52,0.97,2.08
2024-12-24,801030,23.95,1.81,1.78
2024-12-24,801010,23.08,2.34,0.93
2024-12-24,801180,38.77,0.75,1.42
2024-12-24,801110,15.48,2.56,3.23
2024-12-24,801890,31.34,2.38,1.2
2024-12-24,801790,17.22,1.37,2.1
2024-12-24,801780,5.93,0.53,5.14
2024-12-24,801880,25.74,2.43,1.42
2024-12-24,801760,40.0,2.56,1.54
2024-12-24,801750,70.76,3.85,0.58
2024-12-24,801730,31.99,2.45,1.46
2024-12-24,801710,25.49,1.14,3.06
2024-12-24,801770,33.86,2.81,1.14
2024-12-25,801180,38.2,0.74,1.44
2024-12-25,801170,17.17,1.35,2.4
2024-12-25,801160,17.76,1.57,2.34
2024-12-25,801150,31.47,2.53,1.57
2024-12-25,801110,15.3,2.53,3.26
2024-12-25,801080,55.99,3.65,0.53
2024-12-25,801050,18.77,2.04,1.89
2024-12-25,801040,27.2,0.96,2.11
2024-12-25,801030,23.52,1.79,1.8
2024-12-25,801120,21.07,4.46,3.18
2024-12-25,801010,22.8,2.31,0.94
2024-12-25,801710,25.33,1.14,3.08
2024-12-25,801890,30.87,2.35,1.22
2024-12-25,801880,25.64,2.42,1.43
2024-12-25,801780,6.0,0.54,5.08
2024-12-25,801770,33.87,2.81,1.14
2024-12-25,801760,39.16,2.51,1.58
2024-12-25,801750,69.5,3.78,0.59
2024-12-25,801730,31.68,2.43,1.47
2024-12-25,801790,17.15,1.36,2.11
2024-12-26,801180,38.18,0.74,1.44
2024-12-26,801170,17.07,1.34,2.43
2024-12-26,801160,17.56,1.55,2.37
2024-12-26,801150,31.32,2.51,1.58
2024-12-26,801110,15.43,2.55,3.24
2024-12-26,801080,57.35,3.74,0.52
2024-12-26,801050,18.9,2.05,1.87
2024-12-26,801040,27.2,0.96,2.11
2024-12-26,801030,23.64,1.8,1.79
2024-12-26,801010,22.69,2.31,0.94
2024-12-26,801120,21.05,4.45,3.18
2024-12-26,801770,35.03,2.91,1.1
2024-12-26,801710,25.0,1.12,3.12
2024-12-26,801890,31.34,2.38,1.2
2024-12-26,801880,25.91,2.45,1.41
2024-12-26,801780,5.98,0.54,5.1
2024-12-26,801760,39.34,2.52,1.57
2024-12-26,801750,70.64,3.84,0.58
2024-12-26,801730,31.6,2.42,1.48
2024-12-26,801790,17.13,1.36,2.11
2024-12-27,801170,17.26,1.36,2.4
2024-12-27,801160,17.77,1.57,2.35
2024-12-27,801150,31.49,2.53,1.57
2024-12-27,801120,21.09,4.46,3.18
2024-12-27,801050,18.81,2.04,1.92
2024-12-27,801080,56.8,3.7,0.53
2024-12-27,801040,27.26,0.96,2.1
2024-12-27,801030,23.79,1.81,1.78
2024-12-27,801010,23.15,2.36,0.92
2024-12-27,801180,38.61,0.75,1.42
2024-12-27,801110,15.32,2.54,3.26
2024-12-27,801880,26.02,2.45,1.41
2024-12-27,801890,31.35,2.38,1.2
2024-12-27,801790,17.22,1.37,2.11
2024-12-27,801780,5.98,0.54,5.1
2024-12-27,801760,39.22,2.51,1.57
2024-12-27,801750,70.27,3.82,0.58
2024-12-27,801730,31.62,2.42,1.47
2024-12-27,801710,25.32,1.14,3.08
2024-12-27,801770,34.68,2.88,1.12
2024-12-30,801180,38.03,0.74,1.45
2024-12-30,801170,17.24,1.35,2.39
2024-12-30,801160,17.58,1.55,2.37
2024-12-30,801150,31.38,2.52,1.57
2024-12-30,801010,22.79,2.33,1.3
2024-12-30,801120,20.95,4.43,3.2
2024-12-30,801110,15.29,2.53,3.26
2024-12-30,801080,56.8,3.7,0.53
2024-12-30,801050,18.88,2.05,1.92
2024-12-30,801040,27.11,0.95,2.11
2024-12-30,801030,23.7,1.8,1.79
2024-12-30,801770,34.3,2.85,1.13
2024-12-30,801710,25.07,1.13,3.1
2024-12-30,801880,25.95,2.44,1.41
2024-12-30,801890,31.27,2.38,1.2
2024-12-30,801780,6.05,0.54,5.04
2024-12-30,801760,39.11,2.5,1.58
2024-12-30,801750,70.22,3.82,0.58
2024-12-30,801730,31.75,2.43,1.47
2024-12-30,801790,17.43,1.38,2.1
2024-12-31,801180,37.42,0.72,1.47
2024-12-31,801170,17.02,1.34,2.42
2024-12-31,801160,17.5,1.54,2.39
2024-12-31,801150,30.78,2.47,1.6
2024-12-31,801030,23.24,1.77,1.82
2024-12-31,801120,20.9,4.42,3.2
2024-12-31,801110,15.12,2.5,3.3
2024-12-31,801080,54.45,3.55,0.55
2024-12-31,801050,18.36,1.99,1.97
2024-12-31,801040,26.56,0.93,2.16
2024-12-31,801770,33.32,2.77,1.16
2024-12-31,801710,24.65,1.11,3.16
2024-12-31,801730,31.15,2.39,1.5
2024-12-31,801750,67.45,3.67,0.6
2024-12-31,801760,37.9,2.42,1.63
2024-12-31,801780,5.99,0.54,5.09
2024-12-31,801790,16.75,1.33,2.18
2024-12-31,801880,25.49,2.4,1.43
2024-12-31,801890,30.61,2.33,1.23
2024-12-31,801010,22.52,2.3,1.31
