date,industry_code,pe_ttm,pb,dividend_yield
2025-01-02,801010,22.11,2.26,1.33
2025-01-02,801030,22.75,1.73,1.86
2025-01-02,801040,26.04,0.92,2.2
2025-01-02,801050,18.2,1.98,1.99
2025-01-02,801080,52.54,3.42,0.57
2025-01-02,801110,15.09,2.5,3.31
2025-01-02,801120,20.51,4.34,3.26
2025-01-02,801150,30.09,2.42,1.64
2025-01-02,801160,17.06,1.51,2.44
2025-01-02,801170,16.55,1.3,2.49
2025-01-02,801180,36.79,0.71,1.49
2025-01-02,801890,29.87,2.27,1.26
2025-01-02,801880,24.72,2.32,1.48
2025-01-02,801790,15.92,1.26,2.3
2025-01-02,801780,5.85,0.52,5.21
2025-01-02,801760,37.09,2.37,1.66
2025-01-02,801750,64.67,3.52,0.63
2025-01-02,801730,30.27,2.32,1.54
2025-01-02,801710,24.31,1.09,3.2
2025-01-02,801770,32.33,2.69,1.2
2025-01-03,801170,16.37,1.29,2.52
2025-01-03,801160,16.82,1.48,2.48
2025-01-03,801150,29.75,2.39,1.66
2025-01-03,801120,20.21,4.27,3.31
2025-01-03,801050,18.27,1.98,1.98
2025-01-03,801080,51.38,3.35,0.58
2025-01-03,801040,25.56,0.9,2.24
2025-01-03,801030,22.31,1.7,1.9
2025-01-03,801010,21.64,2.2,1.36
2025-01-03,801180,35.65,0.69,1.54
2025-01-03,801110,14.83,2.46,3.37
2025-01-03,801890,28.9,2.2,1.3
2025-01-03,801790,15.54,1.23,2.35
2025-01-03,801780,5.81,0.52,5.25
2025-01-03,801880,24.12,2.27,1.51
2025-01-03,801760,35.51,2.27,1.74
2025-01-03,801750,61.47,3.35,0.66
2025-01-03,801730,29.56,2.26,1.58
2025-01-03,801710,23.9,1.07,3.26
2025-01-03,801770,31.29,2.6,1.24
2025-01-06,801180,35.41,0.69,1.55
2025-01-06,801170,16.33,1.28,2.53
2025-01-06,801160,16.77,1.48,2.5
2025-01-06,801150,30.13,2.42,1.64
2025-01-06,801110,14.91,2.47,3.35
2025-01-06,801080,50.86,3.31,0.59
2025-01-06,801050,18.4,2.0,1.96
2025-01-06,801040,25.87,0.91,2.22
2025-01-06,801030,22.43,1.71,1.89
2025-01-06,801010,21.65,2.2,1.36
2025-01-06,801120,19.74,4.17,3.39
2025-01-06,801710,23.9,1.07,3.26
2025-01-06,801890,28.67,2.18,1.31
2025-01-06,801880,24.12,2.27,1.51
2025-01-06,801790,15.52,1.23,2.36
2025-01-06,801770,31.03,2.58,1.25
2025-01-06,801760,35.1,2.24,1.76
2025-01-06,801750,60.64,3.3,0.67
2025-01-06,801730,29.7,2.28,1.57
2025-01-06,801780,5.86,0.53,5.2
2025-01-07,801180,35.8,0.69,1.54
2025-01-07,801170,16.45,1.29,2.53
2025-01-07,801160,16.7,1.47,2.51
2025-01-07,801150,29.72,2.39,1.66
2025-01-07,801050,18.84,2.05,1.92
2025-01-07,801110,15.07,2.5,3.31
2025-01-07,801080,53.04,3.46,0.56
2025-01-07,801040,25.91,0.91,2.21
2025-01-07,801030,22.61,1.72,1.88
2025-01-07,801010,21.83,2.22,1.35
2025-01-07,801120,19.78,4.18,3.39
2025-01-07,801710,24.1,1.08,3.23
2025-01-07,801890,29.3,2.23,1.28
2025-01-07,801880,24.61,2.31,1.48
2025-01-07,801790,15.63,1.24,2.34
2025-01-07,801770,31.51,2.63,1.19
2025-01-07,801760,35.74,2.29,1.73
2025-01-07,801750,62.28,3.39,0.65
2025-01-07,801730,29.88,2.29,1.56
2025-01-07,801780,5.89,0.53,5.31
2025-01-08,801170,16.49,1.29,2.52
2025-01-08,801160,16.79,1.48,2.5
2025-01-08,801150,29.52,2.37,1.67
2025-01-08,801120,19.78,4.18,3.38
2025-01-08,801050,18.59,2.02,1.95
2025-01-08,801080,52.82,3.44,0.57
2025-01-08,801040,25.59,0.9,2.24
2025-01-08,801030,22.35,1.7,1.9
2025-01-08,801010,21.66,2.2,1.36
2025-01-08,801180,35.64,0.69,1.54
2025-01-08,801110,15.4,2.55,3.24
2025-01-08,801890,29.53,2.25,1.28
2025-01-08,801880,24.65,2.32,1.48
2025-01-08,801790,15.55,1.23,2.36
2025-01-08,801780,5.93,0.53,5.44
2025-01-08,801760,35.83,2.29,1.72
2025-01-08,801750,61.97,3.38,0.66
2025-01-08,801730,29.74,2.28,1.57
2025-01-08,801710,23.99,1.08,3.25
2025-01-08,801770,31.4,2.62,1.2
2025-01-09,801180,35.64,0.69,1.54
2025-01-09,801170,16.28,1.28,2.55
2025-01-09,801160,16.58,1.46,2.53
2025-01-09,801150,29.33,2.36,1.68
2025-01-09,801050,18.71,2.03,1.94
2025-01-09,801110,15.57,2.58,3.21
2025-01-09,801080,53.21,3.47,0.56
2025-01-09,801040,25.42,0.89,2.25
2025-01-09,801030,22.41,1.7,1.89
2025-01-09,801010,21.55,2.19,1.37
2025-01-09,801120,19.79,4.18,3.38
2025-01-09,801710,23.97,1.08,3.25
2025-01-09,801890,29.64,2.25,1.27
2025-01-09,801880,24.75,2.33,1.47
2025-01-09,801790,15.45,1.22,2.37
2025-01-09,801770,31.55,2.63,1.19
2025-01-09,801760,35.91,2.3,1.71
2025-01-09,801750,62.49,3.4,0.65
2025-01-09,801730,29.81,2.28,1.56
2025-01-09,801780,5.89,0.53,5.49
2025-01-10,801180,34.07,0.67,1.58
2025-01-10,801170,16.06,1.26,2.59
2025-01-10,801160,16.3,1.44,2.58
2025-01-10,801150,28.82,2.31,1.72
2025-01-10,801050,18.67,2.03,1.94
2025-01-10,801110,15.2,2.55,2.81
2025-01-10,801080,52.35,3.41,0.57
2025-01-10,801040,24.99,0.88,2.29
2025-01-10,801030,22.04,1.67,1.93
2025-01-10,801010,21.11,2.15,1.44
2025-01-10,801120,19.52,4.13,3.43
2025-01-10,801710,23.52,1.06,3.31
2025-01-10,801880,24.43,2.3,1.49
2025-01-10,801790,15.16,1.2,2.42
2025-01-10,801890,29.35,2.23,1.29
2025-01-10,801770,30.47,2.54,1.23
2025-01-10,801760,34.77,2.22,1.77
2025-01-10,801750,60.63,3.3,0.67
2025-01-10,801730,29.16,2.23,1.6
2025-01-10,801780,5.84,0.52,5.74
2025-01-13,801180,34.45,0.68,1.56
2025-01-13,801170,16.06,1.26,2.59
2025-01-13,801160,16.24,1.43,2.59
2025-01-13,801150,28.92,2.32,1.71
2025-01-13,801010,21.19,2.16,1.43
2025-01-13,801110,14.82,2.48,2.88
2025-01-13,801080,52.06,3.39,0.58
2025-01-13,801050,19.06,2.07,1.92
2025-01-13,801040,25.21,0.89,2.27
2025-01-13,801030,22.15,1.68,1.93
2025-01-13,801120,19.6,4.14,3.42
2025-01-13,801710,23.56,1.06,3.31
2025-01-13,801890,29.14,2.22,1.29
2025-01-13,801880,24.33,2.29,1.5
2025-01-13,801780,5.78,0.52,5.81
2025-01-13,801770,30.44,2.54,1.24
2025-01-13,801760,34.7,2.22,1.77
2025-01-13,801750,61.03,3.33,0.67
2025-01-13,801730,29.15,2.23,1.6
2025-01-13,801790,15.18,1.2,2.42
2025-01-14,801180,35.47,0.7,1.52
2025-01-14,801170,16.53,1.3,2.51
2025-01-14,801160,16.54,1.46,2.54
2025-01-14,801150,29.77,2.39,1.66
2025-01-14,801110,15.15,2.54,2.82
2025-01-14,801080,54.51,3.55,0.55
2025-01-14,801050,19.39,2.1,1.88
2025-01-14,801040,25.78,0.91,2.22
2025-01-14,801030,22.83,1.73,1.87
2025-01-14,801010,21.79,2.22,1.4
2025-01-14,801120,20.02,4.23,3.34
2025-01-14,801710,24.18,1.09,3.22
2025-01-14,801890,30.79,2.34,1.23
2025-01-14,801880,25.54,2.4,1.43
2025-01-14,801790,15.74,1.25,2.33
2025-01-14,801770,31.78,2.65,1.18
2025-01-14,801760,36.65,2.34,1.68
2025-01-14,801750,64.81,3.53,0.63
2025-01-14,801730,30.31,2.32,1.54
2025-01-14,801780,5.86,0.53,5.73
2025-01-15,801180,35.33,0.7,1.53
2025-01-15,801170,16.47,1.29,2.52
2025-01-15,801160,16.49,1.46,2.55
2025-01-15,801150,29.44,2.36,1.68
2025-01-15,801050,19.13,2.07,1.91
2025-01-15,801110,15.06,2.52,2.84
2025-01-15,801080,53.99,3.52,0.55
2025-01-15,801040,25.74,0.9,2.22
2025-01-15,801030,22.68,1.72,1.89
2025-01-15,801010,21.63,2.2,1.4
2025-01-15,801120,19.96,4.21,3.35
2025-01-15,801710,24.17,1.08,3.22
2025-01-15,801890,30.63,2.33,1.23
2025-01-15,801880,25.39,2.38,1.44
2025-01-15,801790,15.61,1.24,2.35
2025-01-15,801770,31.43,2.63,1.2
2025-01-15,801760,37.12,2.37,1.66
2025-01-15,801750,64.17,3.5,0.63
2025-01-15,801730,30.04,2.3,1.55
2025-01-15,801780,5.91,0.53,5.69
2025-01-16,801170,16.44,1.29,2.53
2025-01-16,801160,16.53,1.46,2.54
2025-01-16,801150,29.45,2.36,1.68
2025-01-16,801120,19.79,4.18,3.38
2025-01-16,801050,19.48,2.11,1.88
2025-01-16,801080,53.54,3.49,0.56
2025-01-16,801040,26.0,0.91,2.2
2025-01-16,801030,22.81,1.73,1.88
2025-01-16,801010,21.72,2.21,1.4
2025-01-16,801180,35.41,0.7,1.52
2025-01-16,801110,15.18,2.54,2.81
2025-01-16,801890,30.84,2.35,1.22
2025-01-16,801880,25.44,2.39,1.43
2025-01-16,801790,15.62,1.24,2.35
2025-01-16,801780,5.96,0.53,5.63
2025-01-16,801760,37.22,2.38,1.65
2025-01-16,801750,64.44,3.51,0.63
2025-01-16,801730,30.16,2.31,1.55
2025-01-16,801710,24.31,1.09,3.2
2025-01-16,801770,32.21,2.69,1.17
2025-01-17,801180,35.43,0.7,1.52
2025-01-17,801170,16.51,1.29,2.52
2025-01-17,801160,16.52,1.46,2.54
2025-01-17,801150,29.57,2.37,1.67
2025-01-17,801050,19.56,2.12,1.87
2025-01-17,801110,15.2,2.55,2.81
2025-01-17,801080,54.49,3.55,0.55
2025-01-17,801040,25.83,0.91,2.22
2025-01-17,801030,23.12,1.76,1.85
2025-01-17,801010,21.91,2.23,1.39
2025-01-17,801120,19.93,4.21,3.36
2025-01-17,801710,24.37,1.09,3.2
2025-01-17,801880,25.55,2.4,1.43
2025-01-17,801790,15.67,1.24,2.34
2025-01-17,801890,30.92,2.35,1.22
2025-01-17,801770,32.31,2.7,1.16
2025-01-17,801760,36.9,2.36,1.67
2025-01-17,801750,64.39,3.51,0.63
2025-01-17,801730,30.23,2.32,1.54
2025-01-17,801780,5.92,0.53,5.67
2025-01-20,801180,35.58,0.7,1.52
2025-01-20,801170,16.45,1.29,2.59
2025-01-20,801160,16.61,1.46,2.55
2025-01-20,801150,29.9,2.4,1.66
2025-01-20,801110,15.23,2.55,2.8
2025-01-20,801080,55.01,3.58,0.54
2025-01-20,801050,19.46,2.11,1.88
2025-01-20,801040,25.95,0.91,2.21
2025-01-20,801030,23.2,1.76,1.85
2025-01-20,801010,21.91,2.23,1.39
2025-01-20,801120,20.07,4.24,3.34
2025-01-20,801710,24.19,1.09,3.22
2025-01-20,801890,31.12,2.37,1.21
2025-01-20,801880,25.84,2.43,1.42
2025-01-20,801790,15.77,1.25,2.33
2025-01-20,801770,32.67,2.73,1.15
2025-01-20,801760,36.95,2.36,1.66
2025-01-20,801750,64.69,3.53,0.63
2025-01-20,801730,30.88,2.37,1.51
2025-01-20,801780,5.9,0.53,5.76
2025-01-21,801170,16.42,1.29,2.6
2025-01-21,801160,16.57,1.46,2.56
2025-01-21,801150,29.8,2.39,1.66
2025-01-21,801120,19.96,4.21,3.36
2025-01-21,801050,19.39,2.1,1.89
2025-01-21,801080,55.97,3.65,0.54
2025-01-21,801040,25.64,0.89,2.26
2025-01-21,801030,23.11,1.75,1.86
2025-01-21,801010,21.72,2.21,1.4
2025-01-21,801180,35.94,0.71,1.5
2025-01-21,801110,15.22,2.55,2.81
2025-01-21,801890,31.43,2.39,1.2
2025-01-21,801790,15.79,1.25,2.33
2025-01-21,801780,5.9,0.53,5.77
2025-01-21,801880,26.07,2.45,1.4
2025-01-21,801760,37.18,2.38,1.65
2025-01-21,801750,65.19,3.55,0.63
2025-01-21,801730,30.73,2.35,1.52
2025-01-21,801710,24.15,1.08,3.23
2025-01-21,801770,33.23,2.78,1.13
2025-01-22,801180,34.71,0.69,1.55
2025-01-22,801170,16.24,1.27,2.63
2025-01-22,801160,16.5,1.45,2.61
2025-01-22,801150,29.53,2.37,1.68
2025-01-22,801110,14.99,2.48,3.31
2025-01-22,801080,55.95,3.64,0.54
2025-01-22,801050,19.36,2.1,1.89
2025-01-22,801040,25.6,0.89,2.27
2025-01-22,801030,22.99,1.74,1.89
2025-01-22,801010,21.56,2.19,1.41
2025-01-22,801120,19.6,4.14,3.42
2025-01-22,801710,23.92,1.07,3.26
2025-01-22,801880,25.78,2.42,1.43
2025-01-22,801790,15.66,1.24,2.36
2025-01-22,801890,31.19,2.37,1.21
2025-01-22,801770,33.81,2.82,1.11
2025-01-22,801760,36.43,2.33,1.69
2025-01-22,801750,64.75,3.53,0.63
2025-01-22,801730,30.31,2.32,1.54
2025-01-22,801780,5.79,0.52,5.96
2025-01-23,801170,16.3,1.28,2.62
2025-01-23,801160,16.51,1.45,2.61
2025-01-23,801150,29.48,2.37,1.68
2025-01-23,801120,19.59,4.14,3.67
2025-01-23,801180,35.01,0.69,1.54
2025-01-23,801080,55.14,3.59,0.54
2025-01-23,801050,19.18,2.08,1.91
2025-01-23,801040,25.49,0.89,2.31
2025-01-23,801030,22.89,1.74,1.9
2025-01-23,801010,21.63,2.2,1.4
2025-01-23,801110,15.01,2.49,3.31
2025-01-23,801890,31.15,2.37,1.22
2025-01-23,801880,25.56,2.4,1.44
2025-01-23,801790,15.87,1.26,2.33
2025-01-23,801780,5.92,0.53,5.98
2025-01-23,801760,36.63,2.34,1.68
2025-01-23,801750,64.51,3.52,0.63
2025-01-23,801730,30.13,2.31,1.55
2025-01-23,801710,23.94,1.07,3.26
2025-01-23,801770,33.3,2.78,1.13
2025-01-24,801180,34.96,0.69,1.54
2025-01-24,801170,16.35,1.28,2.64
2025-01-24,801160,16.47,1.45,2.76
2025-01-24,801150,29.59,2.38,1.68
2025-01-24,801050,19.39,2.1,1.89
2025-01-24,801110,15.08,2.5,3.29
2025-01-24,801080,56.05,3.65,0.54
2025-01-24,801040,26.02,0.91,2.27
2025-01-24,801030,23.04,1.75,1.88
2025-01-24,801010,21.73,2.21,1.4
2025-01-24,801120,19.51,4.12,3.8
2025-01-24,801710,24.06,1.08,3.24
2025-01-24,801890,31.64,2.41,1.2
2025-01-24,801880,25.97,2.44,1.42
2025-01-24,801790,16.02,1.27,2.31
2025-01-24,801770,34.02,2.84,1.11
2025-01-24,801760,37.49,2.4,1.63
2025-01-24,801750,68.49,3.66,0.62
2025-01-24,801730,30.6,2.34,1.63
2025-01-24,801780,5.93,0.53,6.15
2025-01-27,801180,34.53,0.68,1.56
2025-01-27,801170,16.43,1.29,2.62
2025-01-27,801160,16.69,1.47,2.73
2025-01-27,801150,29.59,2.38,1.68
2025-01-27,801050,19.3,2.09,1.9
2025-01-27,801110,15.09,2.5,3.29
2025-01-27,801080,54.42,3.54,0.55
2025-01-27,801040,26.31,0.92,2.24
2025-01-27,801030,23.11,1.75,1.88
2025-01-27,801010,21.86,2.23,1.39
2025-01-27,801120,19.48,4.11,3.87
2025-01-27,801710,24.38,1.09,3.2
2025-01-27,801890,30.95,2.35,1.22
2025-01-27,801880,25.72,2.41,1.43
2025-01-27,801790,15.71,1.25,2.35
2025-01-27,801770,32.68,2.73,1.15
2025-01-27,801760,37.52,2.4,1.63
2025-01-27,801750,67.39,3.6,0.63
2025-01-27,801730,30.01,2.3,1.66
2025-01-27,801780,6.01,0.54,6.06
2025-02-05,801180,34.33,0.68,1.57
2025-02-05,801170,16.17,1.27,2.67
2025-02-05,801160,16.54,1.46,2.75
2025-02-05,801150,29.75,2.39,1.67
2025-02-05,801080,55.09,3.59,0.54
2025-02-05,801110,14.94,2.47,3.32
2025-02-05,801050,19.52,2.12,1.88
2025-02-05,801040,26.07,0.91,2.19
2025-02-05,801030,23.0,1.75,1.89
2025-02-05,801120,19.07,4.03,3.95
2025-02-05,801010,21.82,2.22,1.39
2025-02-05,801710,23.86,1.07,3.27
2025-02-05,801880,25.88,2.43,1.43
2025-02-05,801790,15.62,1.24,2.36
2025-02-05,801890,31.16,2.37,1.21
2025-02-05,801770,32.01,2.67,1.17
2025-02-05,801760,38.8,2.48,1.58
2025-02-05,801750,71.63,3.83,0.59
2025-02-05,801730,29.85,2.29,1.67
2025-02-05,801780,5.91,0.53,6.16
2025-02-06,801150,30.09,2.42,1.65
2025-02-06,801180,34.65,0.69,1.55
2025-02-06,801170,16.26,1.27,2.65
2025-02-06,801160,16.66,1.47,2.73
2025-02-06,801120,19.19,4.05,3.93
2025-02-06,801110,15.18,2.51,3.27
2025-02-06,801080,57.27,3.73,0.52
2025-02-06,801050,19.74,2.14,1.86
2025-02-06,801040,26.38,0.92,2.17
2025-02-06,801030,23.22,1.76,1.87
2025-02-06,801010,21.89,2.23,1.39
2025-02-06,801890,32.19,2.45,1.18
2025-02-06,801880,26.91,2.53,1.37
2025-02-06,801710,23.94,1.07,3.26
2025-02-06,801780,5.91,0.53,6.16
2025-02-06,801770,32.96,2.75,1.14
2025-02-06,801760,39.73,2.55,1.54
2025-02-06,801750,74.07,3.96,0.57
2025-02-06,801730,30.47,2.33,1.64
2025-02-06,801790,15.87,1.26,2.33
2025-02-07,801170,16.43,1.29,2.62
2025-02-07,801160,16.72,1.47,2.72
2025-02-07,801150,30.53,2.45,1.62
2025-02-07,801120,19.46,4.11,3.87
2025-02-07,801050,19.97,2.17,1.84
2025-02-07,801080,57.81,3.76,0.52
2025-02-07,801040,27.0,0.94,2.12
2025-02-07,801030,23.48,1.78,1.85
2025-02-07,801010,21.98,2.24,1.38
2025-02-07,801180,35.45,0.7,1.52
2025-02-07,801110,15.41,2.55,3.22
2025-02-07,801890,32.61,2.48,1.16
2025-02-07,801790,16.19,1.28,2.28
2025-02-07,801780,5.89,0.53,6.18
2025-02-07,801880,27.51,2.58,1.34
2025-02-07,801760,40.18,2.58,1.52
2025-02-07,801750,76.43,4.09,0.55
2025-02-07,801730,31.28,2.4,1.59
2025-02-07,801710,24.31,1.09,3.21
2025-02-07,801770,33.65,2.81,1.11
2025-02-10,801180,35.97,0.71,1.5
2025-02-10,801170,16.44,1.29,2.62
2025-02-10,801160,16.7,1.47,2.72
2025-02-10,801150,31.02,2.49,1.6
2025-02-10,801110,15.41,2.55,3.22
2025-02-10,801080,58.41,3.8,0.51
2025-02-10,801050,20.08,2.18,1.83
2025-02-10,801040,27.23,0.95,2.1
2025-02-10,801030,23.66,1.8,1.83
2025-02-10,801010,22.01,2.24,1.38
2025-02-10,801120,19.48,4.11,3.87
2025-02-10,801710,24.5,1.1,3.19
2025-02-10,801880,27.7,2.6,1.33
2025-02-10,801790,16.24,1.29,2.28
2025-02-10,801890,32.77,2.49,1.15
2025-02-10,801770,34.35,2.87,1.09
2025-02-10,801760,41.49,2.66,1.48
2025-02-10,801750,79.44,4.25,0.53
2025-02-10,801730,31.12,2.38,1.6
2025-02-10,801780,5.91,0.53,6.15
2025-02-11,801180,35.37,0.7,1.52
2025-02-11,801170,16.4,1.28,2.63
2025-02-11,801160,16.66,1.47,2.73
2025-02-11,801150,30.69,2.46,1.61
2025-02-11,801010,21.81,2.22,1.39
2025-02-11,801110,15.41,2.55,3.22
2025-02-11,801050,20.12,2.18,1.82
2025-02-11,801040,27.06,0.94,2.11
2025-02-11,801030,23.74,1.8,1.82
2025-02-11,801120,19.3,4.07,3.9
2025-02-11,801080,58.06,3.78,0.52
2025-02-11,801710,24.38,1.09,3.2
2025-02-11,801880,27.57,2.59,1.34
2025-02-11,801790,16.12,1.28,2.29
2025-02-11,801890,32.82,2.5,1.15
2025-02-11,801770,34.38,2.87,1.09
2025-02-11,801760,41.81,2.68,1.47
2025-02-11,801750,78.69,4.21,0.54
2025-02-11,801730,30.7,2.35,1.63
2025-02-11,801780,5.96,0.53,6.09
2025-02-12,801180,36.47,0.72,1.48
2025-02-12,801170,16.4,1.28,2.63
2025-02-12,801160,16.71,1.47,2.72
2025-02-12,801150,30.75,2.47,1.61
2025-02-12,801110,15.45,2.56,3.21
2025-02-12,801080,59.65,3.88,0.5
2025-02-12,801050,19.99,2.17,1.84
2025-02-12,801040,27.17,0.95,2.1
2025-02-12,801030,23.97,1.82,1.8
2025-02-12,801010,21.87,2.23,1.39
2025-02-12,801120,19.55,4.13,3.85
2025-02-12,801710,24.44,1.1,3.2
2025-02-12,801890,33.18,2.52,1.14
2025-02-12,801880,27.89,2.62,1.32
2025-02-12,801790,16.36,1.3,2.26
2025-02-12,801770,34.87,2.91,1.07
2025-02-12,801760,42.62,2.73,1.44
2025-02-12,801750,80.78,4.32,0.52
2025-02-12,801730,31.17,2.39,1.6
2025-02-12,801780,6.01,0.54,6.04
2025-02-13,801170,16.44,1.29,2.63
2025-02-13,801160,16.7,1.47,2.72
2025-02-13,801150,30.45,2.46,1.62
2025-02-13,801120,19.91,4.2,3.78
2025-02-13,801050,19.86,2.15,1.85
2025-02-13,801080,58.05,3.78,0.52
2025-02-13,801040,27.3,0.95,2.09
2025-02-13,801030,23.87,1.81,1.81
2025-02-13,801010,22.29,2.27,1.36
2025-02-13,801180,36.68,0.73,1.47
2025-02-13,801110,15.39,2.55,3.22
2025-02-13,801890,32.54,2.47,1.16
2025-02-13,801790,16.29,1.29,2.27
2025-02-13,801780,6.02,0.54,6.04
2025-02-13,801880,27.51,2.58,1.34
2025-02-13,801760,43.35,2.78,1.41
2025-02-13,801750,79.78,4.27,0.53
2025-02-13,801730,31.01,2.37,1.61
2025-02-13,801710,24.58,1.1,3.18
2025-02-13,801770,34.21,2.86,1.09
2025-02-14,801180,36.16,0.72,1.49
2025-02-14,801170,16.47,1.29,2.62
2025-02-14,801160,16.69,1.47,2.73
2025-02-14,801150,31.17,2.52,1.58
2025-02-14,801110,15.44,2.56,3.21
2025-02-14,801080,58.01,3.77,0.52
2025-02-14,801050,19.96,2.17,1.84
2025-02-14,801040,27.16,0.95,2.1
2025-02-14,801030,23.8,1.81,1.82
2025-02-14,801010,22.21,2.26,1.37
2025-02-14,801120,19.91,4.2,3.78
2025-02-14,801710,24.36,1.09,3.21
2025-02-14,801880,27.85,2.61,1.33
2025-02-14,801790,16.36,1.3,2.26
2025-02-14,801890,32.61,2.48,1.16
2025-02-14,801770,34.64,2.89,1.08
2025-02-14,801760,44.1,2.83,1.39
2025-02-14,801750,82.62,4.42,0.51
2025-02-14,801730,31.35,2.4,1.59
2025-02-14,801780,6.04,0.54,6.01
2025-02-17,801180,36.42,0.72,1.48
2025-02-17,801170,16.52,1.29,2.61
2025-02-17,801160,16.88,1.49,2.69
2025-02-17,801150,31.37,2.53,1.57
2025-02-17,801010,22.39,2.28,1.36
2025-02-17,801110,15.41,2.55,3.22
2025-02-17,801080,58.82,3.83,0.51
2025-02-17,801040,27.33,0.95,2.09
2025-02-17,801030,23.87,1.81,1.81
2025-02-17,801120,19.91,4.2,3.78
2025-02-17,801050,19.54,2.12,1.88
2025-02-17,801710,24.31,1.09,3.21
2025-02-17,801890,33.2,2.52,1.14
2025-02-17,801880,27.87,2.62,1.33
2025-02-17,801790,16.4,1.3,2.25
2025-02-17,801770,35.85,2.99,1.04
2025-02-17,801760,43.72,2.8,1.4
2025-02-17,801750,83.13,4.45,0.51
2025-02-17,801730,31.47,2.41,1.59
2025-02-17,801780,6.02,0.54,6.03
2025-02-18,801180,35.42,0.7,1.52
2025-02-18,801170,16.34,1.28,2.64
2025-02-18,801160,16.85,1.48,2.7
2025-02-18,801150,30.75,2.48,1.6
2025-02-18,801050,19.38,2.1,1.89
2025-02-18,801110,15.17,2.51,3.27
2025-02-18,801080,57.55,3.74,0.52
2025-02-18,801040,27.03,0.94,2.11
2025-02-18,801030,23.58,1.79,1.83
2025-02-18,801010,21.93,2.23,1.39
2025-02-18,801120,19.76,4.17,3.81
2025-02-18,801710,24.02,1.08,3.25
2025-02-18,801880,27.6,2.59,1.34
2025-02-18,801790,16.04,1.27,2.3
2025-02-18,801890,32.69,2.48,1.16
2025-02-18,801770,34.85,2.91,1.07
2025-02-18,801760,41.87,2.68,1.47
2025-02-18,801750,80.09,4.29,0.53
2025-02-18,801730,31.3,2.4,1.59
2025-02-18,801780,6.09,0.55,5.96
2025-02-19,801180,35.81,0.71,1.51
2025-02-19,801170,16.38,1.28,2.64
2025-02-19,801160,16.81,1.48,2.71
2025-02-19,801150,30.98,2.5,1.59
2025-02-19,801010,22.18,2.26,1.37
2025-02-19,801110,15.22,2.52,3.26
2025-02-19,801080,59.5,3.87,0.5
2025-02-19,801050,19.58,2.12,1.87
2025-02-19,801040,26.98,0.94,2.11
2025-02-19,801030,23.83,1.81,1.81
2025-02-19,801120,19.94,4.21,3.78
2025-02-19,801710,24.15,1.08,3.23
2025-02-19,801890,34.08,2.59,1.11
2025-02-19,801880,28.25,2.65,1.31
2025-02-19,801780,6.06,0.54,5.99
2025-02-19,801770,35.5,2.97,1.05
2025-02-19,801760,42.59,2.73,1.44
2025-02-19,801750,82.2,4.4,0.51
2025-02-19,801730,31.83,2.44,1.57
2025-02-19,801790,16.2,1.29,2.28
2025-02-20,801180,35.6,0.7,1.51
2025-02-20,801170,16.3,1.28,2.65
2025-02-20,801160,16.78,1.48,2.72
2025-02-20,801150,31.47,2.54,1.57
2025-02-20,801010,22.14,2.25,1.37
2025-02-20,801110,15.27,2.53,3.25
2025-02-20,801080,59.96,3.9,0.5
2025-02-20,801050,19.71,2.14,1.86
2025-02-20,801040,27.21,0.95,2.1
2025-02-20,801030,24.07,1.83,1.8
2025-02-20,801120,19.86,4.19,3.79
2025-02-20,801710,24.18,1.08,3.23
2025-02-20,801890,34.51,2.62,1.1
2025-02-20,801880,28.38,2.66,1.3
2025-02-20,801780,6.05,0.54,6.0
2025-02-20,801770,35.43,2.96,1.05
2025-02-20,801760,42.51,2.72,1.44
2025-02-20,801750,81.98,4.39,0.51
2025-02-20,801730,31.61,2.42,1.58
2025-02-20,801790,16.08,1.28,2.3
2025-02-21,801180,35.59,0.7,1.51
2025-02-21,801170,16.3,1.28,2.65
2025-02-21,801160,16.72,1.47,2.73
2025-02-21,801150,31.76,2.56,1.56
2025-02-21,801110,15.31,2.54,3.24
2025-02-21,801080,62.05,4.04,0.48
2025-02-21,801050,19.66,2.13,1.87
2025-02-21,801040,27.24,0.95,2.09
2025-02-21,801030,24.06,1.83,1.8
2025-02-21,801010,22.17,2.25,1.37
2025-02-21,801120,19.93,4.21,3.78
2025-02-21,801710,24.13,1.08,3.24
2025-02-21,801890,35.08,2.66,1.08
2025-02-21,801880,28.87,2.71,1.28
2025-02-21,801790,16.37,1.3,2.26
2025-02-21,801770,37.38,3.12,1.0
2025-02-21,801760,43.57,2.79,1.41
2025-02-21,801750,85.24,4.56,0.49
2025-02-21,801730,32.24,2.47,1.55
2025-02-21,801780,5.98,0.54,6.08
2025-02-24,801170,16.37,1.28,2.64
2025-02-24,801160,16.71,1.47,2.73
2025-02-24,801150,31.48,2.54,1.58
2025-02-24,801120,19.97,4.22,3.77
2025-02-24,801050,19.67,2.13,1.86
2025-02-24,801080,62.01,4.04,0.48
2025-02-24,801040,27.27,0.95,2.09
2025-02-24,801030,24.16,1.83,1.79
2025-02-24,801010,22.46,2.28,1.35
2025-02-24,801180,36.18,0.72,1.49
2025-02-24,801110,15.38,2.55,3.22
2025-02-24,801890,35.13,2.67,1.08
2025-02-24,801790,16.37,1.3,2.26
2025-02-24,801780,5.93,0.53,6.12
2025-02-24,801880,28.85,2.71,1.28
2025-02-24,801760,43.26,2.77,1.42
2025-02-24,801750,84.82,4.54,0.5
2025-02-24,801730,32.23,2.47,1.55
2025-02-24,801710,24.55,1.1,3.19
2025-02-24,801770,36.91,3.08,1.01
2025-02-25,801180,35.94,0.71,1.5
2025-02-25,801170,16.23,1.27,2.66
2025-02-25,801160,16.56,1.46,2.75
2025-02-25,801150,31.11,2.51,1.59
2025-02-25,801110,15.12,2.5,3.28
2025-02-25,801080,61.93,4.03,0.48
2025-02-25,801050,19.48,2.11,1.88
2025-02-25,801040,27.18,0.95,2.1
2025-02-25,801030,23.9,1.81,1.81
2025-02-25,801010,22.0,2.24,1.38
2025-02-25,801120,19.63,4.15,3.83
2025-02-25,801710,24.28,1.09,3.22
2025-02-25,801890,35.28,2.68,1.07
2025-02-25,801880,28.94,2.72,1.28
2025-02-25,801790,16.09,1.28,2.3
2025-02-25,801770,36.42,3.04,1.02
2025-02-25,801760,42.25,2.7,1.45
2025-02-25,801750,83.28,4.48,0.5
2025-02-25,801730,32.14,2.46,1.55
2025-02-25,801780,5.88,0.53,6.17
2025-02-26,801180,36.73,0.73,1.47
2025-02-26,801170,16.3,1.28,2.65
2025-02-26,801160,16.74,1.47,2.72
2025-02-26,801150,31.48,2.54,1.58
2025-02-26,801050,19.63,2.13,1.87
2025-02-26,801110,15.33,2.54,3.23
2025-02-26,801080,62.54,4.07,0.48
2025-02-26,801040,28.57,1.0,1.99
2025-02-26,801030,24.19,1.84,1.78
2025-02-26,801010,22.12,2.25,1.37
2025-02-26,801120,19.78,4.18,3.8
2025-02-26,801710,24.64,1.1,3.17
2025-02-26,801890,35.94,2.73,1.05
2025-02-26,801880,29.21,2.74,1.26
2025-02-26,801790,16.02,1.32,2.27
2025-02-26,801770,36.51,3.05,1.02
2025-02-26,801760,42.29,2.71,1.45
2025-02-26,801750,84.1,4.52,0.5
2025-02-26,801730,32.73,2.5,1.52
2025-02-26,801780,5.91,0.53,6.14
2025-02-27,801170,16.42,1.29,2.63
2025-02-27,801160,16.67,1.47,2.73
2025-02-27,801150,31.56,2.55,1.57
2025-02-27,801120,20.22,4.28,3.72
2025-02-27,801050,19.52,2.12,1.88
2025-02-27,801080,61.97,4.04,0.48
2025-02-27,801040,28.64,1.0,1.99
2025-02-27,801030,24.2,1.84,1.78
2025-02-27,801010,22.13,2.25,1.37
2025-02-27,801180,36.91,0.73,1.46
2025-02-27,801110,15.49,2.57,3.2
2025-02-27,801890,35.8,2.72,1.06
2025-02-27,801880,29.24,2.74,1.26
2025-02-27,801790,15.99,1.32,2.28
2025-02-27,801780,5.99,0.54,6.06
2025-02-27,801760,42.11,2.7,1.46
2025-02-27,801750,82.52,4.44,0.51
2025-02-27,801730,32.72,2.5,1.52
2025-02-27,801710,24.75,1.11,3.16
2025-02-27,801770,35.48,2.96,1.05
2025-02-28,801180,36.37,0.72,1.48
2025-02-28,801170,16.29,1.28,2.66
2025-02-28,801160,16.54,1.46,2.76
2025-02-28,801150,30.88,2.5,1.6
2025-02-28,801050,19.18,2.08,1.91
2025-02-28,801110,15.19,2.52,3.26
2025-02-28,801080,58.95,3.84,0.51
2025-02-28,801040,28.09,0.98,2.03
2025-02-28,801030,23.82,1.81,1.81
2025-02-28,801010,21.97,2.23,1.38
2025-02-28,801120,20.25,4.28,3.71
2025-02-28,801710,26.27,1.1,3.19
2025-02-28,801890,34.28,2.6,1.1
2025-02-28,801880,28.11,2.64,1.32
2025-02-28,801790,15.48,1.28,2.35
2025-02-28,801770,33.69,2.81,1.1
2025-02-28,801760,40.19,2.57,1.53
2025-02-28,801750,78.14,4.2,0.54
2025-02-28,801730,31.97,2.45,1.56
2025-02-28,801780,5.95,0.53,6.1
2025-03-03,801180,36.55,0.72,1.47
2025-03-03,801170,16.23,1.27,2.67
2025-03-03,801160,16.47,1.45,2.77
2025-03-03,801150,31.07,2.51,1.59
2025-03-03,801050,19.63,2.13,1.87
2025-03-03,801110,14.98,2.48,3.31
2025-03-03,801080,58.4,3.81,0.51
2025-03-03,801040,28.25,0.99,2.02
2025-03-03,801030,24.13,1.83,1.79
2025-03-03,801010,22.17,2.25,1.37
2025-03-03,801120,20.08,4.25,3.74
2025-03-03,801710,26.48,1.11,3.16
2025-03-03,801880,28.01,2.63,1.32
2025-03-03,801790,15.42,1.28,2.36
2025-03-03,801890,34.15,2.59,1.11
2025-03-03,801770,33.91,2.78,1.12
2025-03-03,801760,40.4,2.59,1.52
2025-03-03,801750,78.33,4.21,0.53
2025-03-03,801730,32.57,2.49,1.53
2025-03-03,801780,5.95,0.53,6.1
2025-03-04,801180,36.44,0.72,1.48
2025-03-04,801170,16.28,1.28,2.66
2025-03-04,801160,16.48,1.45,2.77
2025-03-04,801150,31.23,2.53,1.59
2025-03-04,801010,22.37,2.27,1.36
2025-03-04,801110,15.2,2.52,3.26
2025-03-04,801080,59.51,3.88,0.5
2025-03-04,801050,19.8,2.15,1.85
2025-03-04,801040,28.43,0.99,2.01
2025-03-04,801030,24.15,1.83,1.79
2025-03-04,801120,19.88,4.2,3.78
2025-03-04,801710,26.48,1.11,3.16
2025-03-04,801890,34.78,2.64,1.09
2025-03-04,801880,28.08,2.64,1.31
2025-03-04,801780,5.94,0.53,6.11
2025-03-04,801770,34.47,2.81,1.1
2025-03-04,801760,40.7,2.61,1.51
2025-03-04,801750,79.68,4.28,0.53
2025-03-04,801730,32.21,2.46,1.55
2025-03-04,801790,15.45,1.28,2.36
2025-03-05,801180,35.91,0.71,1.5
2025-03-05,801170,16.34,1.28,2.65
2025-03-05,801160,16.53,1.46,2.76
2025-03-05,801150,31.0,2.51,1.6
2025-03-05,801110,15.23,2.52,3.25
2025-03-05,801080,59.94,3.91,0.5
2025-03-05,801050,19.97,2.17,1.84
2025-03-05,801040,28.54,1.0,2.0
2025-03-05,801030,24.1,1.83,1.79
2025-03-05,801010,22.14,2.25,1.37
2025-03-05,801120,19.84,4.2,3.79
2025-03-05,801710,26.65,1.12,3.15
2025-03-05,801890,35.43,2.69,1.07
2025-03-05,801880,28.44,2.67,1.3
2025-03-05,801790,15.48,1.28,2.35
2025-03-05,801770,35.28,2.87,1.08
2025-03-05,801760,40.92,2.62,1.5
2025-03-05,801750,80.45,4.32,0.52
2025-03-05,801730,32.07,2.44,1.55
2025-03-05,801780,6.05,0.54,6.01
2025-03-06,801180,36.75,0.73,1.47
2025-03-06,801170,16.38,1.28,2.64
2025-03-06,801160,16.51,1.45,2.76
2025-03-06,801150,31.48,2.55,1.57
2025-03-06,801050,20.24,2.2,1.81
2025-03-06,801110,15.33,2.54,3.23
2025-03-06,801080,61.23,3.99,0.49
2025-03-06,801040,28.43,0.99,2.0
2025-03-06,801030,24.28,1.84,1.78
2025-03-06,801010,22.22,2.26,1.37
2025-03-06,801120,20.2,4.27,3.72
2025-03-06,801710,26.83,1.13,3.12
2025-03-06,801890,36.02,2.73,1.05
2025-03-06,801880,28.83,2.71,1.28
2025-03-06,801790,15.89,1.31,2.29
2025-03-06,801770,36.1,2.94,1.05
2025-03-06,801760,42.8,2.74,1.44
2025-03-06,801750,84.53,4.54,0.5
2025-03-06,801730,32.56,2.48,1.53
2025-03-06,801780,6.01,0.54,6.04
2025-03-07,801170,16.35,1.28,2.65
2025-03-07,801160,16.46,1.45,2.77
2025-03-07,801150,31.19,2.52,1.59
2025-03-07,801120,20.4,4.31,3.68
2025-03-07,801050,20.54,2.23,1.78
2025-03-07,801080,60.56,3.95,0.49
2025-03-07,801040,28.81,1.01,1.98
2025-03-07,801030,24.35,1.85,1.77
2025-03-07,801010,22.22,2.25,1.37
2025-03-07,801180,36.09,0.71,1.49
2025-03-07,801110,15.26,2.53,3.25
2025-03-07,801890,36.1,2.74,1.04
2025-03-07,801880,28.92,2.72,1.27
2025-03-07,801790,15.67,1.3,2.32
2025-03-07,801780,6.02,0.54,6.03
2025-03-07,801760,42.28,2.7,1.46
2025-03-07,801750,83.31,4.47,0.5
2025-03-07,801730,32.22,2.45,1.55
2025-03-07,801710,26.99,1.13,3.11
2025-03-07,801770,35.41,2.89,1.07
2025-03-10,801180,35.93,0.71,1.5
2025-03-10,801170,16.32,1.28,2.66
2025-03-10,801160,16.44,1.45,2.77
2025-03-10,801150,31.42,2.54,1.58
2025-03-10,801050,20.78,2.26,1.76
2025-03-10,801110,15.34,2.54,3.23
2025-03-10,801080,60.59,3.95,0.49
2025-03-10,801040,28.58,1.0,1.99
2025-03-10,801030,24.46,1.86,1.76
2025-03-10,801010,22.33,2.27,1.36
2025-03-10,801120,20.34,4.3,3.69
2025-03-10,801710,27.27,1.14,3.07
2025-03-10,801880,28.81,2.7,1.28
2025-03-10,801790,15.54,1.28,2.34
2025-03-10,801890,36.39,2.77,1.03
2025-03-10,801770,35.17,2.87,1.08
2025-03-10,801760,41.87,2.68,1.47
2025-03-10,801750,81.93,4.4,0.51
2025-03-10,801730,32.33,2.46,1.54
2025-03-10,801780,5.97,0.53,6.08
2025-03-11,801180,35.97,0.71,1.5
2025-03-11,801170,16.41,1.29,2.65
2025-03-11,801160,16.5,1.45,2.76
2025-03-11,801150,31.39,2.54,1.58
2025-03-11,801110,15.32,2.54,3.23
2025-03-11,801080,60.39,3.94,0.49
2025-03-11,801050,20.89,2.27,1.75
2025-03-11,801040,29.51,1.02,1.93
2025-03-11,801030,24.66,1.87,1.75
2025-03-11,801010,22.72,2.3,1.33
2025-03-11,801120,20.73,4.39,3.62
2025-03-11,801710,27.35,1.15,3.06
2025-03-11,801890,36.39,2.77,1.03
2025-03-11,801880,28.74,2.7,1.28
2025-03-11,801790,15.59,1.29,2.33
2025-03-11,801770,35.25,2.87,1.08
2025-03-11,801760,41.95,2.68,1.47
2025-03-11,801750,81.95,4.4,0.51
2025-03-11,801730,32.35,2.47,1.54
2025-03-11,801780,6.01,0.54,6.04
2025-03-12,801170,16.43,1.29,2.65
2025-03-12,801160,16.64,1.47,2.75
2025-03-12,801150,31.15,2.52,1.59
2025-03-12,801120,20.57,4.35,3.65
2025-03-12,801050,20.92,2.27,1.75
2025-03-12,801080,60.39,3.94,0.49
2025-03-12,801040,29.44,1.02,1.93
2025-03-12,801030,24.62,1.87,1.75
2025-03-12,801010,22.5,2.29,1.34
2025-03-12,801180,35.81,0.71,1.51
2025-03-12,801110,15.21,2.52,3.26
2025-03-12,801890,36.19,2.75,1.04
2025-03-12,801790,15.64,1.29,2.33
2025-03-12,801780,6.0,0.54,6.06
2025-03-12,801880,28.88,2.71,1.28
2025-03-12,801760,42.77,2.73,1.44
2025-03-12,801750,82.63,4.44,0.51
2025-03-12,801730,32.32,2.47,1.54
2025-03-12,801710,27.14,1.14,3.09
2025-03-12,801770,35.59,2.9,1.07
2025-03-13,801180,35.47,0.7,1.52
2025-03-13,801170,16.38,1.28,2.65
2025-03-13,801160,16.78,1.48,2.74
2025-03-13,801150,31.02,2.51,1.6
2025-03-13,801110,15.18,2.51,3.26
2025-03-13,801080,58.93,3.84,0.51
2025-03-13,801050,20.98,2.28,1.75
2025-03-13,801040,29.82,1.03,1.91
2025-03-13,801030,24.45,1.85,1.77
2025-03-13,801010,22.49,2.28,1.34
2025-03-13,801120,20.53,4.34,3.66
2025-03-13,801710,27.08,1.14,3.09
2025-03-13,801880,28.34,2.66,1.3
2025-03-13,801790,15.53,1.28,2.34
2025-03-13,801890,35.24,2.68,1.06
2025-03-13,801770,35.03,2.85,1.09
2025-03-13,801760,42.0,2.69,1.47
2025-03-13,801750,80.83,4.34,0.52
2025-03-13,801730,32.01,2.45,1.55
2025-03-13,801780,6.03,0.54,6.02
2025-03-14,801180,36.18,0.71,1.49
2025-03-14,801170,16.57,1.3,2.62
2025-03-14,801160,16.87,1.48,2.72
2025-03-14,801150,31.76,2.57,1.56
2025-03-14,801110,15.55,2.58,3.19
2025-03-14,801080,60.18,3.92,0.5
2025-03-14,801050,21.28,2.31,1.72
2025-03-14,801040,29.67,1.03,1.92
2025-03-14,801030,24.72,1.88,1.75
2025-03-14,801010,22.8,2.32,1.33
2025-03-14,801120,21.64,4.58,3.47
2025-03-14,801710,27.32,1.15,3.07
2025-03-14,801890,35.86,2.73,1.05
2025-03-14,801880,29.18,2.74,1.26
2025-03-14,801790,16.17,1.34,2.25
2025-03-14,801770,35.6,2.9,1.07
2025-03-14,801760,43.04,2.75,1.43
2025-03-14,801750,82.21,4.42,0.51
2025-03-14,801730,32.57,2.49,1.52
2025-03-14,801780,6.11,0.55,5.95
2025-03-17,801170,16.59,1.3,2.62
2025-03-17,801160,16.87,1.49,2.72
2025-03-17,801150,31.74,2.57,1.56
2025-03-17,801120,21.64,4.58,3.47
2025-03-17,801050,21.12,2.29,1.74
2025-03-17,801080,60.38,3.94,0.49
2025-03-17,801040,29.5,1.02,1.93
2025-03-17,801030,24.81,1.89,1.74
2025-03-17,801010,23.02,2.34,1.31
2025-03-17,801180,36.49,0.72,1.48
2025-03-17,801110,15.66,2.59,3.16
2025-03-17,801890,35.93,2.73,1.04
2025-03-17,801790,15.95,1.34,2.24
2025-03-17,801780,6.14,0.55,5.93
2025-03-17,801880,29.44,2.76,1.25
2025-03-17,801760,42.99,2.75,1.43
2025-03-17,801750,82.06,4.4,0.51
2025-03-17,801730,32.13,2.48,1.53
2025-03-17,801710,27.9,1.17,3.0
2025-03-17,801770,35.67,2.91,1.07
2025-03-18,801180,37.37,0.72,1.49
2025-03-18,801170,16.64,1.3,2.61
2025-03-18,801160,16.82,1.48,2.73
2025-03-18,801150,31.66,2.58,1.55
2025-03-18,801110,15.95,2.64,3.11
2025-03-18,801080,60.78,3.96,0.49
2025-03-18,801050,21.42,2.32,1.71
2025-03-18,801040,29.35,1.01,1.94
2025-03-18,801030,24.94,1.89,1.73
2025-03-18,801010,22.87,2.32,1.32
2025-03-18,801120,21.48,4.54,3.49
2025-03-18,801710,27.83,1.17,3.01
2025-03-18,801890,36.06,2.75,1.04
2025-03-18,801880,29.6,2.78,1.24
2025-03-18,801790,16.36,1.36,2.19
2025-03-18,801770,36.02,2.94,1.06
2025-03-18,801760,42.9,2.74,1.44
2025-03-18,801750,82.43,4.43,0.51
2025-03-18,801730,32.35,2.49,1.52
2025-03-18,801780,6.13,0.55,5.94
2025-03-19,801180,37.13,0.71,1.5
2025-03-19,801170,16.6,1.3,2.62
2025-03-19,801160,17.04,1.5,2.7
2025-03-19,801150,31.63,2.58,1.55
2025-03-19,801050,21.5,2.33,1.7
2025-03-19,801110,16.05,2.66,3.09
2025-03-19,801080,59.82,3.9,0.5
2025-03-19,801040,29.24,1.01,1.95
2025-03-19,801030,24.87,1.88,1.74
2025-03-19,801010,22.74,2.32,1.33
2025-03-19,801120,21.43,4.53,3.5
2025-03-19,801710,27.73,1.16,3.02
2025-03-19,801890,36.08,2.75,1.04
2025-03-19,801880,29.67,2.79,1.24
2025-03-19,801790,16.38,1.36,2.18
2025-03-19,801770,35.08,2.87,1.09
2025-03-19,801760,42.25,2.7,1.46
2025-03-19,801750,81.61,4.36,0.51
2025-03-19,801730,32.41,2.5,1.52
2025-03-19,801780,6.22,0.56,5.85
2025-03-20,801170,16.56,1.3,2.62
2025-03-20,801160,17.04,1.5,2.7
2025-03-20,801150,31.39,2.56,1.56
2025-03-20,801120,21.09,4.46,3.55
2025-03-20,801050,21.44,2.32,1.71
2025-03-20,801080,59.24,3.86,0.5
2025-03-20,801040,29.39,1.01,1.93
2025-03-20,801030,24.68,1.88,1.75
2025-03-20,801010,19.2,2.31,1.33
2025-03-20,801180,37.1,0.71,1.5
2025-03-20,801110,15.82,2.62,3.13
2025-03-20,801890,36.16,2.76,1.03
2025-03-20,801880,29.89,2.81,1.23
2025-03-20,801790,15.64,1.33,2.22
2025-03-20,801780,6.18,0.55,5.89
2025-03-20,801760,41.69,2.67,1.48
2025-03-20,801750,80.55,4.31,0.52
2025-03-20,801730,32.17,2.48,1.53
2025-03-20,801710,27.27,1.16,3.01
2025-03-20,801770,34.85,2.85,1.09
2025-03-21,801180,36.69,0.71,1.51
2025-03-21,801170,16.52,1.29,2.63
2025-03-21,801160,16.97,1.5,2.7
2025-03-21,801150,30.95,2.52,1.58
2025-03-21,801050,20.93,2.27,1.75
2025-03-21,801110,15.75,2.61,3.15
2025-03-21,801080,57.71,3.76,0.52
2025-03-21,801040,29.61,1.02,1.92
2025-03-21,801030,24.4,1.85,1.77
2025-03-21,801010,19.09,2.3,1.34
2025-03-21,801120,20.77,4.39,3.61
2025-03-21,801710,27.19,1.16,3.02
2025-03-21,801890,35.44,2.7,1.05
2025-03-21,801880,28.79,2.71,1.27
2025-03-21,801790,15.39,1.31,2.25
2025-03-21,801770,34.2,2.79,1.11
2025-03-21,801760,40.89,2.61,1.51
2025-03-21,801750,77.97,4.18,0.54
2025-03-21,801730,31.66,2.44,1.55
2025-03-21,801780,6.11,0.55,5.96
2025-03-24,801180,36.04,0.69,1.54
2025-03-24,801170,15.87,1.29,2.63
2025-03-24,801160,17.02,1.5,2.69
2025-03-24,801150,30.74,2.5,1.6
2025-03-24,801050,20.8,2.27,1.73
2025-03-24,801110,15.88,2.63,3.12
2025-03-24,801080,57.87,3.77,0.52
2025-03-24,801040,30.61,1.02,1.93
2025-03-24,801030,24.57,1.86,1.77
2025-03-24,801010,18.75,2.28,1.35
2025-03-24,801120,20.96,4.41,3.6
2025-03-24,801710,26.92,1.15,3.06
2025-03-24,801880,28.65,2.7,1.28
2025-03-24,801790,15.39,1.31,2.25
2025-03-24,801890,35.09,2.68,1.07
2025-03-24,801770,33.99,2.78,1.12
2025-03-24,801760,40.67,2.6,1.51
2025-03-24,801750,76.47,4.1,0.55
2025-03-24,801730,31.51,2.43,1.56
2025-03-24,801780,6.16,0.55,5.91
2025-03-25,801180,36.11,0.7,1.54
2025-03-25,801170,15.97,1.3,2.61
2025-03-25,801160,17.24,1.52,2.66
2025-03-25,801150,30.82,2.51,1.59
2025-03-25,801010,18.9,2.3,1.34
2025-03-25,801110,15.89,2.63,3.12
2025-03-25,801080,56.81,3.7,0.52
2025-03-25,801050,21.08,2.28,1.72
2025-03-25,801040,30.45,1.02,1.92
2025-03-25,801030,24.68,1.88,1.75
2025-03-25,801120,20.92,4.4,3.6
2025-03-25,801710,26.17,1.14,3.07
2025-03-25,801890,34.8,2.65,1.08
2025-03-25,801880,27.41,2.62,1.3
2025-03-25,801780,6.18,0.55,5.88
2025-03-25,801770,33.24,2.71,1.15
2025-03-25,801760,40.03,2.56,1.54
2025-03-25,801750,74.49,4.01,0.56
2025-03-25,801730,31.59,2.44,1.55
2025-03-25,801790,15.32,1.31,2.26
2025-03-26,801180,36.37,0.7,1.52
2025-03-26,801170,16.0,1.3,2.61
2025-03-26,801160,16.92,1.51,2.67
2025-03-26,801150,30.72,2.51,1.6
2025-03-26,801110,15.86,2.62,3.13
2025-03-26,801080,56.84,3.71,0.52
2025-03-26,801050,21.05,2.28,1.73
2025-03-26,801040,30.43,1.01,1.93
2025-03-26,801030,24.79,1.88,1.74
2025-03-26,801010,19.22,2.33,1.32
2025-03-26,801120,20.89,4.4,3.6
2025-03-26,801710,26.25,1.14,3.06
2025-03-26,801890,35.06,2.67,1.07
2025-03-26,801880,27.74,2.65,1.28
2025-03-26,801790,15.3,1.3,2.26
2025-03-26,801770,33.28,2.71,1.14
2025-03-26,801760,40.16,2.57,1.53
2025-03-26,801750,74.54,4.01,0.56
2025-03-26,801730,31.73,2.45,1.55
2025-03-26,801780,6.08,0.54,5.97
2025-03-27,801180,36.31,0.7,1.53
2025-03-27,801170,15.88,1.3,2.62
2025-03-27,801160,17.0,1.49,2.7
2025-03-27,801150,31.33,2.56,1.57
2025-03-27,801050,20.71,2.25,1.75
2025-03-27,801110,15.88,2.63,3.12
2025-03-27,801080,57.04,3.73,0.52
2025-03-27,801040,30.1,1.0,1.96
2025-03-27,801030,25.05,1.9,1.72
2025-03-27,801010,19.18,2.33,1.32
2025-03-27,801120,21.07,4.44,3.57
2025-03-27,801710,26.23,1.14,3.06
2025-03-27,801890,34.67,2.64,1.08
2025-03-27,801880,27.75,2.66,1.28
2025-03-27,801790,15.2,1.3,2.25
2025-03-27,801770,33.1,2.7,1.15
2025-03-27,801760,40.17,2.57,1.53
2025-03-27,801750,74.34,4.02,0.56
2025-03-27,801730,31.44,2.43,1.56
2025-03-27,801780,6.1,0.54,5.94
2025-03-28,801170,15.67,1.28,2.64
2025-03-28,801160,16.92,1.49,2.72
2025-03-28,801150,31.27,2.55,1.57
2025-03-28,801120,20.96,4.41,3.59
2025-03-28,801050,20.64,2.24,1.75
2025-03-28,801080,56.4,3.68,0.53
2025-03-28,801040,30.34,1.01,2.04
2025-03-28,801030,24.38,1.85,1.77
2025-03-28,801010,18.87,2.31,1.33
2025-03-28,801180,36.14,0.7,1.53
2025-03-28,801110,15.79,2.61,3.14
2025-03-28,801890,34.02,2.61,1.09
2025-03-28,801880,27.6,2.65,1.28
2025-03-28,801790,14.95,1.3,2.25
2025-03-28,801780,6.05,0.54,5.96
2025-03-28,801760,40.42,2.58,1.53
2025-03-28,801750,73.76,3.99,0.59
2025-03-28,801730,31.31,2.4,1.58
2025-03-28,801710,26.11,1.13,3.09
2025-03-28,801770,32.84,2.68,1.16
2025-03-31,801180,35.09,0.68,1.56
2025-03-31,801170,15.51,1.27,2.65
2025-03-31,801160,16.88,1.49,2.71
2025-03-31,801150,30.57,2.52,1.59
2025-03-31,801050,20.39,2.22,1.77
2025-03-31,801110,15.66,2.58,3.13
2025-03-31,801080,56.11,3.66,0.54
2025-03-31,801040,30.1,1.0,2.07
2025-03-31,801030,24.21,1.82,1.79
2025-03-31,801010,17.87,2.27,1.35
2025-03-31,801120,20.73,4.36,3.64
2025-03-31,801710,25.95,1.12,3.11
2025-03-31,801880,27.47,2.63,1.29
2025-03-31,801790,14.44,1.28,2.29
2025-03-31,801890,33.51,2.57,1.11
2025-03-31,801770,32.98,2.69,1.15
2025-03-31,801760,39.66,2.53,1.55
2025-03-31,801750,81.56,3.97,0.57
2025-03-31,801730,30.62,2.36,1.61
2025-03-31,801780,6.06,0.54,5.94
2025-04-01,801180,35.19,0.71,1.55
2025-04-01,801170,15.58,1.29,2.63
2025-04-01,801160,17.24,1.51,2.66
2025-04-01,801150,31.52,2.6,1.54
2025-04-01,801110,15.39,2.54,3.18
2025-04-01,801080,56.07,3.66,0.54
2025-04-01,801050,20.42,2.22,1.77
2025-04-01,801040,30.5,1.01,2.04
2025-04-01,801030,24.48,1.84,1.78
2025-04-01,801010,18.08,2.29,1.34
2025-04-01,801120,20.79,4.37,3.63
2025-04-01,801710,26.03,1.12,3.62
2025-04-01,801890,33.55,2.57,1.1
2025-04-01,801880,26.69,2.61,1.31
2025-04-01,801790,14.42,1.27,2.29
2025-04-01,801770,32.88,2.68,1.16
2025-04-01,801760,39.58,2.53,1.55
2025-04-01,801750,80.96,3.93,0.58
2025-04-01,801730,30.79,2.36,1.6
2025-04-01,801780,6.02,0.54,5.98
2025-04-02,801170,15.55,1.28,2.63
2025-04-02,801160,17.1,1.5,2.69
2025-04-02,801150,31.36,2.59,1.55
2025-04-02,801120,20.72,4.36,3.64
2025-04-02,801050,20.23,2.2,1.78
2025-04-02,801080,56.24,3.66,0.54
2025-04-02,801040,30.32,1.01,2.05
2025-04-02,801030,24.48,1.84,1.77
2025-04-02,801010,18.09,2.3,1.34
2025-04-02,801180,35.1,0.7,1.56
2025-04-02,801110,15.47,2.55,3.16
2025-04-02,801890,33.73,2.58,1.1
2025-04-02,801790,14.5,1.28,2.28
2025-04-02,801780,6.09,0.54,5.92
2025-04-02,801880,26.78,2.61,1.3
2025-04-02,801760,39.75,2.54,1.55
2025-04-02,801750,81.28,3.94,0.58
2025-04-02,801730,30.86,2.37,1.6
2025-04-02,801710,25.92,1.12,3.64
2025-04-02,801770,33.19,2.71,1.15
2025-04-03,801180,35.46,0.71,1.54
2025-04-03,801170,15.62,1.29,2.62
2025-04-03,801160,17.35,1.52,2.65
2025-04-03,801150,31.25,2.58,1.55
2025-04-03,801110,15.06,2.48,3.25
2025-04-03,801080,54.83,3.57,0.55
2025-04-03,801050,19.97,2.17,1.8
2025-04-03,801040,30.54,1.01,2.04
2025-04-03,801030,24.25,1.82,1.79
2025-04-03,801010,18.42,2.34,1.31
2025-04-03,801120,20.99,4.41,3.59
2025-04-03,801710,26.05,1.13,3.62
2025-04-03,801880,26.22,2.56,1.33
2025-04-03,801790,14.46,1.28,2.28
2025-04-03,801890,33.07,2.53,1.12
2025-04-03,801770,32.57,2.66,1.17
2025-04-03,801760,39.8,2.54,1.55
2025-04-03,801750,80.43,3.9,0.58
2025-04-03,801730,30.23,2.32,1.63
2025-04-03,801780,6.1,0.54,5.9
2025-04-07,801180,32.36,0.65,1.69
2025-04-07,801170,14.5,1.2,2.82
2025-04-07,801160,16.41,1.44,2.8
2025-04-07,801150,28.47,2.35,1.71
2025-04-07,801120,20.05,4.22,3.76
2025-04-07,801080,48.82,3.18,0.62
2025-04-07,801050,18.17,1.98,1.98
2025-04-07,801040,27.69,0.92,2.26
2025-04-07,801030,21.94,1.65,1.98
2025-04-07,801010,18.02,2.29,1.34
2025-04-07,801110,13.74,2.26,3.57
2025-04-07,801710,24.18,1.04,3.9
2025-04-07,801890,29.14,2.23,1.27
2025-04-07,801880,23.65,2.31,1.48
2025-04-07,801790,13.16,1.16,2.51
2025-04-07,801780,5.82,0.52,6.19
2025-04-07,801770,28.81,2.35,1.32
2025-04-07,801760,35.04,2.24,1.76
2025-04-07,801750,70.45,3.42,0.67
2025-04-07,801730,26.62,2.04,1.86
2025-04-08,801180,33.08,0.66,1.66
2025-04-08,801170,14.9,1.23,2.74
2025-04-08,801160,16.78,1.47,2.73
2025-04-08,801150,28.75,2.37,1.69
2025-04-08,801050,18.11,1.97,1.99
2025-04-08,801110,13.9,2.29,3.52
2025-04-08,801080,47.97,3.13,0.63
2025-04-08,801040,27.95,0.93,2.23
2025-04-08,801030,22.21,1.67,1.96
2025-04-08,801010,19.44,2.47,1.24
2025-04-08,801120,20.72,4.36,3.64
2025-04-08,801710,24.74,1.07,3.82
2025-04-08,801890,28.91,2.21,1.28
2025-04-08,801880,23.31,2.27,1.5
2025-04-08,801790,13.36,1.18,2.47
2025-04-08,801770,28.52,2.33,1.34
2025-04-08,801760,35.24,2.25,1.75
2025-04-08,801750,70.86,3.44,0.66
2025-04-08,801730,26.71,2.05,1.85
2025-04-08,801780,5.92,0.53,6.09
2025-04-09,801180,34.54,0.69,1.59
2025-04-09,801160,16.89,1.48,2.71
2025-04-09,801150,28.98,2.38,1.68
2025-04-09,801120,21.12,4.43,3.59
2025-04-09,801050,18.31,1.99,1.97
2025-04-09,801080,49.56,3.23,0.61
2025-04-09,801040,28.17,0.94,2.21
2025-04-09,801030,22.45,1.69,1.94
2025-04-09,801010,19.7,2.48,1.24
2025-04-09,801110,14.01,2.3,3.51
2025-04-09,801170,15.4,1.26,2.67
2025-04-09,801710,25.73,1.1,3.72
2025-04-09,801890,29.66,2.27,1.25
2025-04-09,801880,23.54,2.3,1.48
2025-04-09,801790,13.55,1.19,2.44
2025-04-09,801770,29.11,2.38,1.31
2025-04-09,801760,36.08,2.3,1.71
2025-04-09,801750,73.62,3.57,0.64
2025-04-09,801730,26.86,2.06,1.84
2025-04-09,801780,5.86,0.52,6.15
2025-04-10,801180,35.2,0.71,1.55
2025-04-10,801160,16.93,1.49,2.71
2025-04-10,801150,29.57,2.43,1.65
2025-04-10,801120,21.26,4.45,3.57
2025-04-10,801050,18.92,2.06,1.9
2025-04-10,801080,50.83,3.31,0.59
2025-04-10,801040,28.22,0.95,2.2
2025-04-10,801030,22.92,1.72,1.9
2025-04-10,801010,19.79,2.5,1.23
2025-04-10,801110,14.31,2.35,3.43
2025-04-10,801170,15.59,1.28,2.63
2025-04-10,801710,25.93,1.11,3.69
2025-04-10,801890,30.43,2.33,1.22
2025-04-10,801880,24.29,2.37,1.44
2025-04-10,801790,13.75,1.21,2.41
2025-04-10,801780,5.9,0.52,6.1
2025-04-10,801760,37.38,2.38,1.65
2025-04-10,801750,75.15,3.64,0.62
2025-04-10,801730,27.5,2.11,1.8
2025-04-10,801770,29.82,2.44,1.28
2025-04-11,801180,34.89,0.7,1.57
2025-04-11,801170,15.53,1.27,2.64
2025-04-11,801160,16.83,1.48,2.72
2025-04-11,801150,29.69,2.44,1.64
2025-04-11,801080,52.63,3.43,0.57
2025-04-11,801120,21.18,4.43,3.58
2025-04-11,801110,14.32,2.35,3.43
2025-04-11,801050,19.06,2.08,1.89
2025-04-11,801040,29.21,0.95,2.19
2025-04-11,801030,23.07,1.73,1.88
2025-04-11,801010,19.15,2.42,1.27
2025-04-11,801710,25.76,1.1,3.72
2025-04-11,801890,30.62,2.36,1.21
2025-04-11,801880,24.45,2.42,1.41
2025-04-11,801780,5.91,0.53,6.09
2025-04-11,801770,30.04,2.45,1.27
2025-04-11,801760,37.18,2.38,1.66
2025-04-11,801750,75.65,3.67,0.62
2025-04-11,801730,27.82,2.13,1.78
2025-04-11,801790,13.73,1.21,2.41
2025-04-14,801180,34.92,0.7,1.56
2025-04-14,801170,15.62,1.28,2.64
2025-04-14,801150,30.01,2.47,1.62
2025-04-14,801120,21.1,4.42,3.6
2025-04-14,801080,53.08,3.46,0.57
2025-04-14,801050,19.61,2.12,1.84
2025-04-14,801040,30.15,0.96,2.17
2025-04-14,801030,23.35,1.75,1.86
2025-04-14,801010,19.2,2.43,1.26
2025-04-14,801110,14.23,2.34,3.45
2025-04-14,801160,17.11,1.5,2.69
2025-04-14,801710,25.9,1.1,3.71
2025-04-14,801890,30.89,2.38,1.19
2025-04-14,801880,24.89,2.46,1.38
2025-04-14,801790,13.78,1.21,2.4
2025-04-14,801780,5.95,0.53,6.05
2025-04-14,801760,37.99,2.41,1.63
2025-04-14,801750,75.42,3.7,0.61
2025-04-14,801730,28.03,2.15,1.76
2025-04-14,801770,30.36,2.48,1.25
2025-04-15,801180,34.27,0.69,1.58
2025-04-15,801170,15.48,1.27,2.66
2025-04-15,801150,30.02,2.47,1.63
2025-04-15,801080,52.57,3.42,0.57
2025-04-15,801110,14.43,2.37,3.4
2025-04-15,801050,19.45,2.1,1.85
2025-04-15,801040,29.88,0.95,2.19
2025-04-15,801030,23.47,1.74,1.86
2025-04-15,801010,19.07,2.42,1.27
2025-04-15,801120,21.2,4.44,3.58
2025-04-15,801160,17.24,1.5,2.67
2025-04-15,801710,25.81,1.1,3.72
2025-04-15,801890,30.8,2.38,1.2
2025-04-15,801880,24.86,2.46,1.38
2025-04-15,801790,13.76,1.21,2.4
2025-04-15,801770,30.25,2.47,1.26
2025-04-15,801760,38.36,2.44,1.62
2025-04-15,801750,75.28,3.67,0.62
2025-04-15,801730,28.11,2.14,1.76
2025-04-15,801780,6.04,0.54,5.94
2025-04-16,801180,34.38,0.7,1.57
2025-04-16,801170,15.66,1.28,2.63
2025-04-16,801160,17.21,1.51,2.67
2025-04-16,801150,29.71,2.44,1.64
2025-04-16,801080,51.82,3.4,0.57
2025-04-16,801120,21.29,4.45,3.57
2025-04-16,801110,14.33,2.35,3.43
2025-04-16,801050,19.4,2.1,1.86
2025-04-16,801040,29.73,0.95,2.2
2025-04-16,801030,23.16,1.72,1.88
2025-04-16,801010,18.91,2.4,1.28
2025-04-16,801890,30.3,2.34,1.22
2025-04-16,801880,24.44,2.42,1.4
2025-04-16,801710,25.83,1.09,3.75
2025-04-16,801780,6.1,0.54,5.89
2025-04-16,801770,29.85,2.44,1.46
2025-04-16,801760,37.99,2.41,1.63
2025-04-16,801750,74.3,3.62,0.62
2025-04-16,801730,27.77,2.11,1.78
2025-04-16,801790,13.73,1.21,2.44
2025-04-17,801180,35.18,0.71,1.54
2025-04-17,801170,15.87,1.29,2.55
2025-04-17,801160,17.17,1.51,2.67
2025-04-17,801150,29.72,2.44,1.64
2025-04-17,801080,52.03,3.41,0.57
2025-04-17,801110,14.31,2.35,3.43
2025-04-17,801050,19.31,2.09,1.87
2025-04-17,801040,29.74,0.95,2.2
2025-04-17,801030,23.28,1.73,1.87
2025-04-17,801120,21.45,4.48,3.54
2025-04-17,801010,18.88,2.4,1.28
2025-04-17,801710,26.15,1.1,3.7
2025-04-17,801880,24.23,2.4,1.42
2025-04-17,801790,13.75,1.21,2.43
2025-04-17,801890,30.27,2.34,1.22
2025-04-17,801770,29.76,2.43,1.46
2025-04-17,801760,37.99,2.41,1.63
2025-04-17,801750,74.44,3.63,0.64
2025-04-17,801730,27.76,2.1,1.78
2025-04-17,801780,6.11,0.54,5.88
2025-04-18,801180,35.72,0.72,1.51
2025-04-18,801170,15.76,1.28,2.57
2025-04-18,801160,17.1,1.5,2.68
2025-04-18,801150,29.56,2.43,1.65
2025-04-18,801110,14.34,2.36,3.41
2025-04-18,801080,51.98,3.4,0.57
2025-04-18,801050,19.17,2.08,1.87
2025-04-18,801040,29.66,0.95,2.19
2025-04-18,801030,23.28,1.73,1.87
2025-04-18,801010,18.59,2.36,1.3
2025-04-18,801120,21.23,4.44,3.6
2025-04-18,801890,30.19,2.34,1.22
2025-04-18,801710,26.15,1.1,3.71
2025-04-18,801880,24.28,2.39,1.42
2025-04-18,801790,13.83,1.22,2.42
2025-04-18,801770,30.21,2.46,1.44
2025-04-18,801760,38.17,2.42,1.63
2025-04-18,801750,74.67,3.64,0.64
2025-04-18,801730,27.74,2.11,1.78
2025-04-18,801780,6.15,0.55,5.99
2025-04-21,801180,36.75,0.72,1.52
2025-04-21,801170,15.79,1.28,2.58
2025-04-21,801160,17.17,1.51,2.67
2025-04-21,801150,30.49,2.47,1.58
2025-04-21,801050,19.81,2.15,1.77
2025-04-21,801110,14.5,2.38,3.37
2025-04-21,801080,52.71,3.45,0.56
2025-04-21,801040,29.36,0.96,2.14
2025-04-21,801030,23.67,1.75,1.84
2025-04-21,801010,18.55,2.37,1.29
2025-04-21,801120,21.07,4.41,3.62
2025-04-21,801710,26.56,1.11,3.7
2025-04-21,801890,30.84,2.38,1.19
2025-04-21,801880,24.76,2.44,1.38
2025-04-21,801790,13.87,1.22,2.41
2025-04-21,801770,30.25,2.48,1.42
2025-04-21,801760,39.16,2.47,1.59
2025-04-21,801750,79.82,3.73,0.62
2025-04-21,801730,28.47,2.15,1.75
2025-04-21,801780,6.08,0.54,6.05
2025-04-22,801170,15.95,1.29,2.55
2025-04-22,801160,17.18,1.51,2.67
2025-04-22,801150,31.11,2.49,1.57
2025-04-22,801120,21.04,4.4,3.64
2025-04-22,801050,19.74,2.14,1.77
2025-04-22,801080,52.11,3.43,0.57
2025-04-22,801040,29.14,0.96,2.15
2025-04-22,801030,23.66,1.76,1.84
2025-04-22,801010,18.39,2.37,1.29
2025-04-22,801180,37.5,0.73,1.51
2025-04-22,801110,14.48,2.39,3.37
2025-04-22,801890,30.45,2.36,1.2
2025-04-22,801880,24.62,2.43,1.38
2025-04-22,801790,13.9,1.22,2.4
2025-04-22,801780,6.12,0.54,6.01
2025-04-22,801760,39.41,2.44,1.61
2025-04-22,801750,78.81,3.69,0.62
2025-04-22,801730,28.68,2.13,2.17
2025-04-22,801710,26.72,1.12,3.66
2025-04-22,801770,29.93,2.46,1.43
2025-04-23,801180,36.93,0.72,1.53
2025-04-23,801170,15.91,1.29,2.56
2025-04-23,801160,17.09,1.5,2.68
2025-04-23,801150,30.96,2.47,1.58
2025-04-23,801050,19.49,2.11,1.8
2025-04-23,801110,14.58,2.4,3.34
2025-04-23,801080,52.6,3.45,0.56
2025-04-23,801040,29.19,0.96,2.14
2025-04-23,801030,23.79,1.77,1.65
2025-04-23,801010,18.16,2.34,1.3
2025-04-23,801120,20.98,4.39,3.61
2025-04-23,801710,26.59,1.11,3.68
2025-04-23,801880,25.4,2.51,1.33
2025-04-23,801790,13.92,1.23,2.4
2025-04-23,801890,31.09,2.42,1.17
2025-04-23,801770,29.68,2.48,1.41
2025-04-23,801760,39.57,2.44,1.62
2025-04-23,801750,78.71,3.72,0.62
2025-04-23,801730,29.18,2.16,2.14
2025-04-23,801780,6.09,0.54,6.03
2025-04-24,801180,37.07,0.72,1.52
2025-04-24,801170,15.91,1.28,2.57
2025-04-24,801160,17.34,1.52,2.65
2025-04-24,801150,30.9,2.48,1.57
2025-04-24,801110,14.6,2.41,3.34
2025-04-24,801080,51.8,3.4,0.56
2025-04-24,801050,19.36,2.09,1.75
2025-04-24,801040,29.06,0.96,2.35
2025-04-24,801030,24.07,1.76,1.66
2025-04-24,801010,16.27,2.32,1.3
2025-04-24,801120,20.98,4.38,3.61
2025-04-24,801710,26.16,1.1,3.7
2025-04-24,801890,30.75,2.39,1.19
2025-04-24,801880,25.12,2.48,1.34
2025-04-24,801790,13.88,1.22,2.38
2025-04-24,801770,29.09,2.42,1.44
2025-04-24,801760,38.92,2.4,1.64
2025-04-24,801750,76.94,3.64,0.63
2025-04-24,801730,29.04,2.15,2.15
2025-04-24,801780,6.17,0.55,5.95
2025-04-25,801170,15.9,1.28,2.57
2025-04-25,801160,17.57,1.54,2.62
2025-04-25,801150,30.67,2.45,1.58
2025-04-25,801120,20.91,4.37,3.62
2025-04-25,801050,19.34,2.08,1.75
2025-04-25,801080,52.36,3.41,0.56
2025-04-25,801040,32.08,0.96,2.33
2025-04-25,801030,23.95,1.76,1.65
2025-04-25,801010,20.8,2.29,1.31
2025-04-25,801180,36.54,0.72,1.53
2025-04-25,801110,14.61,2.41,3.33
2025-04-25,801890,30.94,2.4,1.18
2025-04-25,801790,13.95,1.23,2.37
2025-04-25,801780,6.13,0.54,6.08
2025-04-25,801880,25.34,2.49,1.34
2025-04-25,801760,38.68,2.42,1.63
2025-04-25,801750,77.99,3.67,0.63
2025-04-25,801730,29.11,2.15,2.14
2025-04-25,801710,27.25,1.1,3.7
2025-04-25,801770,29.33,2.44,1.42
2025-04-28,801180,34.45,0.7,1.59
2025-04-28,801170,15.83,1.27,2.58
2025-04-28,801160,17.69,1.54,2.6
2025-04-28,801150,30.9,2.44,1.57
2025-04-28,801110,14.4,2.34,3.33
2025-04-28,801080,51.68,3.37,0.57
2025-04-28,801050,19.32,2.05,1.76
2025-04-28,801040,34.53,0.96,2.32
2025-04-28,801030,23.87,1.74,1.67
2025-04-28,801010,21.94,2.25,1.3
2025-04-28,801120,20.95,4.26,3.59
2025-04-28,801710,27.3,1.08,3.74
2025-04-28,801880,25.09,2.4,1.35
2025-04-28,801790,13.77,1.22,2.38
2025-04-28,801890,30.91,2.37,1.19
2025-04-28,801770,29.05,2.42,1.43
2025-04-28,801760,41.38,2.42,1.63
2025-04-28,801750,77.66,3.65,0.63
2025-04-28,801730,28.57,2.14,2.13
2025-04-28,801780,6.19,0.55,6.02
2025-04-29,801180,38.92,0.71,1.59
2025-04-29,801160,17.83,1.49,2.66
2025-04-29,801150,31.27,2.44,1.57
2025-04-29,801010,21.45,2.25,1.3
2025-04-29,801110,14.52,2.35,3.3
2025-04-29,801080,52.02,3.38,0.56
2025-04-29,801050,19.2,2.04,1.76
2025-04-29,801040,34.53,0.96,2.32
2025-04-29,801030,24.09,1.74,1.65
2025-04-29,801120,21.02,4.23,3.6
2025-04-29,801170,15.74,1.26,2.59
2025-04-29,801710,27.56,1.1,3.83
2025-04-29,801890,31.52,2.38,1.18
2025-04-29,801880,25.23,2.39,1.35
2025-04-29,801790,13.72,1.21,2.39
2025-04-29,801770,29.17,2.45,1.43
2025-04-29,801760,41.8,2.46,1.61
2025-04-29,801750,79.76,3.67,0.62
2025-04-29,801730,28.43,2.13,2.14
2025-04-29,801780,6.17,0.54,6.04
2025-04-30,801180,39.93,0.72,1.6
2025-04-30,801160,18.01,1.47,2.66
2025-04-30,801150,31.67,2.46,1.59
2025-04-30,801120,21.79,4.1,3.64
2025-04-30,801050,19.15,2.03,1.77
2025-04-30,801080,52.66,3.42,0.57
2025-04-30,801040,34.05,0.95,2.35
2025-04-30,801030,24.05,1.73,1.65
2025-04-30,801010,21.39,2.26,1.3
2025-04-30,801110,14.53,2.29,3.3
2025-04-30,801170,15.85,1.23,2.61
2025-04-30,801710,27.34,1.09,3.85
2025-04-30,801890,32.18,2.4,1.16
2025-04-30,801880,26.39,2.4,1.32
2025-04-30,801790,13.73,1.15,2.39
2025-04-30,801770,29.48,2.47,1.4
2025-04-30,801760,42.37,2.49,1.59
2025-04-30,801750,81.54,3.76,0.64
2025-04-30,801730,28.82,2.16,2.12
2025-04-30,801780,6.04,0.53,6.22
2025-05-06,801180,40.02,0.73,1.58
2025-05-06,801170,15.9,1.25,2.52
2025-05-06,801150,32.35,2.48,1.58
2025-05-06,801120,21.97,4.12,3.63
2025-05-06,801050,18.1,2.08,1.72
2025-05-06,801080,51.36,3.51,0.56
2025-05-06,801040,34.3,0.97,2.3
2025-05-06,801030,23.93,1.77,1.61
2025-05-06,801010,16.75,2.28,1.29
2025-05-06,801110,13.98,2.32,3.26
2025-05-06,801160,17.9,1.49,2.63
2025-05-06,801710,26.04,1.1,3.68
2025-05-06,801890,31.69,2.47,1.13
2025-05-06,801880,26.15,2.46,1.29
2025-05-06,801790,13.4,1.17,2.36
2025-05-06,801780,6.03,0.53,6.23
2025-05-06,801760,39.7,2.56,1.54
2025-05-06,801750,81.69,3.9,0.61
2025-05-06,801730,28.48,2.2,1.64
2025-05-06,801770,28.97,2.56,1.35
2025-05-07,801180,40.44,0.74,1.56
2025-05-07,801170,16.01,1.26,2.5
2025-05-07,801160,17.96,1.49,2.63
2025-05-07,801150,32.31,2.48,1.57
2025-05-07,801080,51.17,3.49,0.56
2025-05-07,801120,22.06,4.13,3.61
2025-05-07,801110,14.05,2.33,3.24
2025-05-07,801050,18.18,2.09,1.72
2025-05-07,801040,34.59,0.98,2.28
2025-05-07,801030,24.19,1.79,1.59
2025-05-07,801010,16.87,2.3,1.28
2025-05-07,801710,26.24,1.11,3.65
2025-05-07,801890,31.88,2.49,1.12
2025-05-07,801880,26.17,2.46,1.29
2025-05-07,801780,6.12,0.53,6.14
2025-05-07,801770,29.0,2.56,1.35
2025-05-07,801760,39.54,2.54,1.55
2025-05-07,801750,81.32,3.88,0.61
2025-05-07,801730,28.74,2.22,1.63
2025-05-07,801790,13.5,1.18,2.34
2025-05-08,801180,40.39,0.74,1.56
2025-05-08,801170,15.97,1.26,2.56
2025-05-08,801160,18.03,1.5,2.62
2025-05-08,801150,32.4,2.48,1.57
2025-05-08,801110,14.18,2.35,3.21
2025-05-08,801080,51.41,3.51,0.56
2025-05-08,801050,18.1,2.08,1.72
2025-05-08,801040,34.46,0.98,2.29
2025-05-08,801030,24.15,1.79,1.6
2025-05-08,801010,16.85,2.3,1.28
2025-05-08,801120,22.22,4.16,3.59
2025-05-08,801890,32.21,2.51,1.11
2025-05-08,801710,26.29,1.12,3.64
2025-05-08,801880,26.34,2.47,1.28
2025-05-08,801790,13.58,1.18,2.33
2025-05-08,801770,29.76,2.63,1.31
2025-05-08,801760,39.94,2.57,1.53
2025-05-08,801750,81.94,3.91,0.6
2025-05-08,801730,29.2,2.26,1.6
2025-05-08,801780,6.18,0.54,6.07
2025-05-09,801170,15.95,1.26,2.57
2025-05-09,801160,18.13,1.51,2.6
2025-05-09,801150,32.26,2.48,1.58
2025-05-09,801120,22.28,4.17,3.58
2025-05-09,801050,17.99,2.07,1.75
2025-05-09,801080,50.24,3.44,0.57
2025-05-09,801040,34.17,0.97,2.52
2025-05-09,801030,23.91,1.77,1.61
2025-05-09,801010,16.78,2.29,1.28
2025-05-09,801180,39.73,0.72,1.59
2025-05-09,801110,14.25,2.36,3.19
2025-05-09,801890,31.82,2.48,1.12
2025-05-09,801790,13.57,1.19,2.35
2025-05-09,801780,6.27,0.55,6.08
2025-05-09,801880,26.1,2.45,1.43
2025-05-09,801760,39.23,2.52,1.56
2025-05-09,801750,80.29,3.83,0.62
2025-05-09,801730,29.01,2.24,1.61
2025-05-09,801710,26.28,1.11,3.64
2025-05-09,801770,29.37,2.59,1.32
2025-05-12,801180,40.0,0.73,1.58
2025-05-12,801170,16.09,1.27,2.55
2025-05-12,801160,18.08,1.5,2.6
2025-05-12,801150,32.16,2.47,1.53
2025-05-12,801110,14.46,2.4,3.13
2025-05-12,801080,51.12,3.5,0.56
2025-05-12,801050,18.18,2.09,1.75
2025-05-12,801040,34.28,0.97,2.11
2025-05-12,801030,24.19,1.79,1.59
2025-05-12,801010,16.69,2.27,1.29
2025-05-12,801120,22.4,4.19,3.56
2025-05-12,801710,26.34,1.12,3.64
2025-05-12,801880,26.61,2.5,1.41
2025-05-12,801790,13.85,1.21,2.31
2025-05-12,801890,32.56,2.54,1.1
2025-05-12,801770,29.86,2.64,1.29
2025-05-12,801760,39.55,2.54,1.55
2025-05-12,801750,81.73,3.9,0.61
2025-05-12,801730,29.79,2.3,1.55
2025-05-12,801780,6.28,0.55,6.04
2025-05-13,801180,39.89,0.73,1.58
2025-05-13,801170,16.21,1.28,2.53
2025-05-13,801160,18.14,1.51,2.6
2025-05-13,801150,32.46,2.49,1.52
2025-05-13,801110,14.46,2.4,3.13
2025-05-13,801080,50.79,3.47,0.56
2025-05-13,801050,18.19,2.09,1.75
2025-05-13,801040,34.38,0.97,2.13
2025-05-13,801030,24.34,1.79,1.64
2025-05-13,801120,22.31,4.18,3.57
2025-05-13,801010,16.67,2.27,1.29
2025-05-13,801710,26.33,1.12,3.64
2025-05-13,801880,26.48,2.49,1.45
2025-05-13,801790,13.78,1.2,2.32
2025-05-13,801890,32.34,2.52,1.11
2025-05-13,801770,29.69,2.62,1.3
2025-05-13,801760,39.38,2.53,1.56
2025-05-13,801750,81.08,3.87,0.62
2025-05-13,801730,29.93,2.31,1.55
2025-05-13,801780,6.37,0.56,5.95
2025-05-14,801180,40.1,0.73,1.57
2025-05-14,801170,16.49,1.3,2.49
2025-05-14,801160,18.2,1.51,2.59
2025-05-14,801150,32.49,2.49,1.53
2025-05-14,801010,16.88,2.3,1.27
2025-05-14,801110,14.45,2.4,3.14
2025-05-14,801080,50.91,3.48,0.58
2025-05-14,801050,18.33,2.11,1.73
2025-05-14,801040,34.5,0.97,2.12
2025-05-14,801030,24.49,1.8,1.63
2025-05-14,801120,22.69,4.25,3.52
2025-05-14,801890,32.22,2.51,1.11
2025-05-14,801710,26.37,1.12,3.63
2025-05-14,801880,26.51,2.49,1.51
2025-05-14,801790,14.33,1.25,2.23
2025-05-14,801770,29.91,2.64,1.29
2025-05-14,801760,39.61,2.55,1.55
2025-05-14,801750,81.78,3.9,0.62
2025-05-14,801730,29.88,2.31,1.55
2025-05-14,801780,6.43,0.56,5.91
2025-05-15,801170,16.41,1.29,2.4
2025-05-15,801160,18.22,1.51,2.53
2025-05-15,801150,32.43,2.49,1.53
2025-05-15,801120,22.63,4.24,3.52
2025-05-15,801050,18.09,2.08,1.76
2025-05-15,801080,49.83,3.41,0.59
2025-05-15,801040,34.25,0.97,2.14
2025-05-15,801030,24.29,1.79,1.59
2025-05-15,801010,16.9,2.3,1.28
2025-05-15,801180,39.64,0.72,1.59
2025-05-15,801110,14.27,2.36,3.57
2025-05-15,801890,31.69,2.47,1.13
2025-05-15,801790,14.08,1.23,2.27
2025-05-15,801780,6.42,0.56,5.91
2025-05-15,801880,26.25,2.47,1.54
2025-05-15,801760,38.86,2.5,1.58
2025-05-15,801750,79.36,3.79,0.64
2025-05-15,801730,29.37,2.27,1.58
2025-05-15,801710,26.19,1.11,3.65
2025-05-15,801770,29.19,2.58,1.32
2025-05-16,801180,39.61,0.72,1.59
2025-05-16,801170,16.28,1.28,2.39
2025-05-16,801160,18.14,1.51,2.54
2025-05-16,801150,32.65,2.51,1.52
2025-05-16,801110,14.25,2.36,2.22
2025-05-16,801080,49.88,3.41,0.6
2025-05-16,801050,18.09,2.08,1.81
2025-05-16,801040,34.06,0.96,2.15
2025-05-16,801030,24.42,1.8,1.57
2025-05-16,801010,16.77,2.29,1.28
2025-05-16,801120,22.39,4.19,3.57
2025-05-16,801710,26.21,1.11,3.64
2025-05-16,801880,26.74,2.51,1.51
2025-05-16,801790,13.91,1.21,2.3
2025-05-16,801890,31.94,2.49,1.13
2025-05-16,801770,29.34,2.59,1.32
2025-05-16,801760,38.94,2.51,1.57
2025-05-16,801750,79.3,3.79,0.65
2025-05-16,801730,29.42,2.27,1.57
2025-05-16,801780,6.36,0.56,5.98
2025-05-19,801180,40.31,0.73,1.57
2025-05-19,801170,16.42,1.29,2.34
2025-05-19,801160,18.3,1.52,2.5
2025-05-19,801150,32.59,2.5,1.5
2025-05-19,801110,14.33,2.38,2.21
2025-05-19,801080,49.95,3.42,0.59
2025-05-19,801050,18.05,2.07,1.73
2025-05-19,801040,34.32,0.97,2.14
2025-05-19,801030,24.51,1.81,1.55
2025-05-19,801010,16.91,2.31,1.27
2025-05-19,801120,22.19,4.16,3.6
2025-05-19,801710,26.39,1.12,3.57
2025-05-19,801890,31.93,2.49,1.08
2025-05-19,801880,26.66,2.5,1.31
2025-05-19,801790,13.9,1.21,2.3
2025-05-19,801770,29.29,2.59,1.32
2025-05-19,801760,39.12,2.52,1.57
2025-05-19,801750,79.44,3.79,0.64
2025-05-19,801730,29.46,2.28,1.58
2025-05-19,801780,6.34,0.55,6.0
2025-05-20,801180,40.27,0.73,1.57
2025-05-20,801170,16.45,1.29,2.34
2025-05-20,801160,18.49,1.54,2.48
2025-05-20,801150,33.12,2.54,1.48
2025-05-20,801050,18.14,2.08,1.76
2025-05-20,801110,14.57,2.42,2.17
2025-05-20,801080,50.3,3.44,0.59
2025-05-20,801040,34.28,0.97,2.15
2025-05-20,801030,24.54,1.81,1.56
2025-05-20,801010,17.14,2.34,1.25
2025-05-20,801120,22.34,4.19,3.58
2025-05-20,801710,26.42,1.12,3.57
2025-05-20,801890,32.04,2.5,1.08
2025-05-20,801880,26.97,2.53,1.3
2025-05-20,801790,13.94,1.22,2.29
2025-05-20,801770,29.51,2.61,1.31
2025-05-20,801760,39.89,2.57,1.54
2025-05-20,801750,79.57,3.8,0.76
2025-05-20,801730,29.56,2.29,1.58
2025-05-20,801780,6.35,0.55,5.99
2025-05-21,801180,40.06,0.73,1.58
2025-05-21,801170,16.54,1.3,2.38
2025-05-21,801160,18.54,1.54,2.48
2025-05-21,801150,33.34,2.56,1.54
2025-05-21,801050,18.5,2.13,1.73
2025-05-21,801110,14.53,2.41,2.18
2025-05-21,801080,49.84,3.41,0.58
2025-05-21,801040,34.25,0.97,2.15
2025-05-21,801030,24.53,1.81,1.62
2025-05-21,801010,17.1,2.33,1.27
2025-05-21,801120,22.33,4.18,3.58
2025-05-21,801710,26.46,1.12,3.74
2025-05-21,801890,31.78,2.48,1.09
2025-05-21,801880,27.12,2.55,1.28
2025-05-21,801790,13.91,1.22,2.29
2025-05-21,801770,29.34,2.59,1.32
2025-05-21,801760,39.55,2.54,1.62
2025-05-21,801750,79.08,3.78,0.75
2025-05-21,801730,29.9,2.32,1.54
2025-05-21,801780,6.4,0.56,5.94
2025-05-22,801180,39.5,0.72,1.6
2025-05-22,801170,16.53,1.3,2.26
2025-05-22,801160,18.42,1.53,2.5
2025-05-22,801150,33.1,2.54,1.56
2025-05-22,801050,18.31,2.1,1.78
2025-05-22,801110,14.54,2.41,2.22
2025-05-22,801080,49.55,3.39,0.59
2025-05-22,801040,33.94,0.96,2.16
2025-05-22,801030,24.11,1.78,1.75
2025-05-22,801010,16.94,2.31,1.3
2025-05-22,801120,22.25,4.17,3.6
2025-05-22,801710,26.17,1.11,3.78
2025-05-22,801890,31.45,2.45,1.09
2025-05-22,801880,27.0,2.54,1.29
2025-05-22,801790,13.79,1.21,2.31
2025-05-22,801770,29.12,2.57,1.33
2025-05-22,801760,39.59,2.55,1.56
2025-05-22,801750,78.34,3.74,0.62
2025-05-22,801730,29.51,2.29,1.56
2025-05-22,801780,6.46,0.56,5.88
2025-05-23,801180,39.04,0.71,1.62
2025-05-23,801170,16.26,1.28,2.29
2025-05-23,801160,18.18,1.51,2.52
2025-05-23,801150,33.25,2.55,1.57
2025-05-23,801080,48.8,3.34,0.6
2025-05-23,801110,14.43,2.39,2.24
2025-05-23,801050,18.3,2.1,1.75
2025-05-23,801040,33.77,0.95,2.17
2025-05-23,801030,24.12,1.78,1.68
2025-05-23,801120,22.12,4.14,3.59
2025-05-23,801010,16.72,2.28,1.39
2025-05-23,801710,25.93,1.1,3.3
2025-05-23,801890,31.16,2.43,1.13
2025-05-23,801880,27.12,2.55,1.28
2025-05-23,801790,13.59,1.2,2.34
2025-05-23,801770,28.7,2.53,1.35
2025-05-23,801780,6.4,0.56,5.94
2025-05-23,801730,29.15,2.26,1.57
2025-05-23,801750,76.8,3.67,0.64
2025-05-23,801760,38.89,2.5,1.59
2025-05-26,801180,39.12,0.71,1.65
2025-05-26,801170,16.39,1.29,2.22
2025-05-26,801160,18.29,1.52,2.49
2025-05-26,801120,21.99,4.12,3.62
2025-05-26,801110,14.33,2.38,2.23
2025-05-26,801080,49.21,3.37,0.57
2025-05-26,801050,18.36,2.11,1.72
2025-05-26,801040,33.83,0.95,2.11
2025-05-26,801030,24.17,1.78,1.66
2025-05-26,801010,16.8,2.29,1.52
2025-05-26,801150,32.92,2.52,1.57
2025-05-26,801710,25.98,1.1,3.28
2025-05-26,801890,31.38,2.45,1.13
2025-05-26,801880,26.61,2.5,1.22
2025-05-26,801790,13.61,1.2,2.34
2025-05-26,801770,29.01,2.56,1.34
2025-05-26,801760,39.72,2.56,1.55
2025-05-26,801750,77.85,3.72,0.6
2025-05-26,801730,28.95,2.24,1.56
2025-05-26,801780,6.35,0.55,5.99
2025-05-27,801180,39.37,0.72,1.65
2025-05-27,801170,16.38,1.29,2.22
2025-05-27,801160,18.28,1.52,2.52
2025-05-27,801120,22.03,4.12,3.62
2025-05-27,801050,17.98,2.07,1.77
2025-05-27,801080,48.58,3.32,0.58
2025-05-27,801040,33.66,0.95,2.12
2025-05-27,801030,24.29,1.79,1.66
2025-05-27,801010,16.89,2.3,1.51
2025-05-27,801110,14.29,2.37,2.29
2025-05-27,801150,33.24,2.55,1.57
2025-05-27,801710,25.98,1.1,3.36
2025-05-27,801890,31.09,2.43,1.14
2025-05-27,801880,26.32,2.47,1.25
2025-05-27,801790,13.59,1.2,2.34
2025-05-27,801780,6.38,0.56,5.93
2025-05-27,801760,39.52,2.54,1.6
2025-05-27,801750,77.26,3.69,0.61
2025-05-27,801730,28.79,2.23,1.59
2025-05-27,801770,28.79,2.54,1.35
2025-05-28,801180,39.12,0.71,1.66
2025-05-28,801170,16.49,1.3,2.21
2025-05-28,801160,18.23,1.51,2.53
2025-05-28,801150,33.12,2.54,1.59
2025-05-28,801080,48.4,3.31,0.59
2025-05-28,801120,22.12,4.14,3.59
2025-05-28,801110,14.36,2.38,2.28
2025-05-28,801050,17.98,2.07,1.77
2025-05-28,801040,33.46,0.94,2.21
2025-05-28,801030,24.11,1.78,1.67
2025-05-28,801010,16.76,2.28,1.5
2025-05-28,801710,25.92,1.1,3.51
2025-05-28,801890,31.15,2.43,1.18
2025-05-28,801880,26.12,2.45,1.28
2025-05-28,801780,6.37,0.56,5.94
2025-05-28,801770,28.98,2.56,1.37
2025-05-28,801760,39.46,2.54,1.6
2025-05-28,801750,76.76,3.67,0.62
2025-05-28,801730,28.63,2.22,1.61
2025-05-28,801790,13.54,1.19,2.35
2025-05-29,801180,39.49,0.72,1.64
2025-05-29,801170,16.59,1.3,2.2
2025-05-29,801160,18.25,1.52,2.58
2025-05-29,801150,33.9,2.6,1.54
2025-05-29,801120,22.07,4.13,3.6
2025-05-29,801080,49.42,3.38,0.58
2025-05-29,801050,18.04,2.07,1.77
2025-05-29,801040,33.61,0.95,2.2
2025-05-29,801030,24.3,1.79,1.67
2025-05-29,801010,16.82,2.29,1.52
2025-05-29,801110,14.36,2.38,2.22
2025-05-29,801710,26.1,1.11,3.54
2025-05-29,801890,31.58,2.46,1.18
2025-05-29,801880,26.45,2.48,1.27
2025-05-29,801790,13.69,1.21,2.32
2025-05-29,801780,6.36,0.55,5.95
2025-05-29,801760,40.14,2.58,1.56
2025-05-29,801750,79.48,3.8,0.6
2025-05-29,801730,28.85,2.24,1.6
2025-05-29,801770,29.5,2.6,1.35
2025-05-30,801180,39.43,0.72,1.64
2025-05-30,801170,16.54,1.3,2.24
2025-05-30,801150,34.03,2.61,1.48
2025-05-30,801080,48.52,3.32,0.61
2025-05-30,801110,14.29,2.37,2.2
2025-05-30,801050,17.86,2.05,1.8
2025-05-30,801040,33.55,0.95,2.2
2025-05-30,801030,23.98,1.77,1.73
2025-05-30,801010,17.03,2.32,1.52
2025-05-30,801120,21.87,4.1,3.63
2025-05-30,801160,18.15,1.51,2.63
2025-05-30,801710,26.09,1.1,3.36
2025-05-30,801890,31.03,2.42,1.25
2025-05-30,801880,25.95,2.44,1.27
2025-05-30,801790,13.62,1.2,2.34
2025-05-30,801770,29.16,2.58,1.43
2025-05-30,801760,39.62,2.55,1.57
2025-05-30,801750,78.2,3.73,0.64
2025-05-30,801730,28.44,2.2,1.64
2025-05-30,801780,6.4,0.56,5.89
2025-06-03,801180,39.31,0.72,1.65
2025-06-03,801170,16.58,1.3,2.21
2025-06-03,801160,18.1,1.5,2.61
2025-06-03,801150,34.63,2.66,1.42
2025-06-03,801080,48.66,3.33,0.57
2025-06-03,801120,21.85,4.09,3.61
2025-06-03,801110,13.99,2.32,2.24
2025-06-03,801050,18.07,2.08,1.62
2025-06-03,801040,33.08,0.93,2.12
2025-06-03,801030,24.14,1.78,1.54
2025-06-03,801010,17.33,2.36,1.47
2025-06-03,801890,30.98,2.42,1.17
2025-06-03,801880,25.88,2.43,1.26
2025-06-03,801710,25.95,1.1,3.14
2025-06-03,801780,6.52,0.57,5.78
2025-06-03,801770,29.07,2.57,1.41
2025-06-03,801760,40.16,2.58,1.54
2025-06-03,801750,78.37,3.76,0.6
2025-06-03,801730,28.47,2.21,1.57
2025-06-03,801790,13.75,1.21,2.29
2025-06-04,801180,39.7,0.72,1.62
2025-06-04,801170,16.48,1.3,2.23
2025-06-04,801160,18.08,1.5,2.63
2025-06-04,801150,34.82,2.67,1.41
2025-06-04,801080,49.24,3.37,0.57
2025-06-04,801110,14.05,2.33,2.26
2025-06-04,801050,18.31,2.11,1.6
2025-06-04,801040,33.48,0.94,2.02
2025-06-04,801030,24.36,1.79,1.52
2025-06-04,801120,21.95,4.11,3.61
2025-06-04,801010,17.45,2.38,1.47
2025-06-04,801710,26.31,1.11,3.17
2025-06-04,801880,25.98,2.44,1.25
2025-06-04,801790,13.88,1.22,2.27
2025-06-04,801890,31.14,2.43,1.17
2025-06-04,801770,29.6,2.62,1.38
2025-06-04,801760,40.48,2.6,1.54
2025-06-04,801750,79.01,3.79,0.6
2025-06-04,801730,28.73,2.23,1.54
2025-06-04,801780,6.53,0.57,5.77
2025-06-05,801180,39.72,0.72,1.62
2025-06-05,801170,16.43,1.29,2.28
2025-06-05,801160,18.08,1.5,2.62
2025-06-05,801150,34.47,2.64,1.46
2025-06-05,801010,17.14,2.33,1.52
2025-06-05,801110,14.03,2.33,2.25
2025-06-05,801080,50.38,3.45,0.56
2025-06-05,801050,18.24,2.1,1.61
2025-06-05,801040,33.37,0.94,2.06
2025-06-05,801030,24.4,1.8,1.53
2025-06-05,801120,21.84,4.09,3.7
2025-06-05,801790,14.01,1.23,2.25
2025-06-05,801710,26.08,1.1,3.2
2025-06-05,801880,26.16,2.46,1.26
2025-06-05,801890,31.47,2.45,1.17
2025-06-05,801770,30.37,2.68,1.31
2025-06-05,801780,6.48,0.57,5.87
2025-06-05,801760,41.01,2.64,1.54
2025-06-05,801750,80.73,3.87,0.59
2025-06-05,801730,28.87,2.24,1.53
2025-06-06,801180,39.77,0.72,1.62
2025-06-06,801160,18.14,1.5,2.61
2025-06-06,801150,34.41,2.64,1.46
2025-06-06,801120,21.64,4.05,3.77
2025-06-06,801050,18.46,2.13,1.6
2025-06-06,801080,50.28,3.44,0.57
2025-06-06,801040,33.48,0.94,2.03
2025-06-06,801030,24.58,1.81,1.56
2025-06-06,801010,17.18,2.34,1.52
2025-06-06,801110,14.03,2.33,2.26
2025-06-06,801170,16.43,1.29,2.29
2025-06-06,801710,26.28,1.11,3.14
2025-06-06,801890,31.36,2.44,1.23
2025-06-06,801880,25.99,2.44,1.27
2025-06-06,801790,13.89,1.22,2.27
2025-06-06,801770,30.67,2.71,1.44
2025-06-06,801760,40.65,2.61,1.52
2025-06-06,801750,80.38,3.86,0.62
2025-06-06,801730,28.82,2.23,1.54
2025-06-06,801780,6.5,0.57,5.88
2025-06-09,801180,39.79,0.72,1.56
2025-06-09,801170,16.39,1.29,2.26
2025-06-09,801150,35.18,2.7,1.35
2025-06-09,801120,21.55,4.04,3.76
2025-06-09,801050,18.54,2.14,1.44
2025-06-09,801080,50.57,3.46,0.51
2025-06-09,801040,33.74,0.95,2.02
2025-06-09,801030,24.85,1.83,1.42
2025-06-09,801010,17.48,2.38,1.47
2025-06-09,801110,14.04,2.33,2.25
2025-06-09,801160,18.16,1.51,2.58
2025-06-09,801710,26.29,1.11,3.09
2025-06-09,801890,31.58,2.46,1.16
2025-06-09,801880,26.0,2.44,1.19
2025-06-09,801790,14.06,1.24,2.21
2025-06-09,801780,6.51,0.57,5.57
2025-06-09,801760,41.03,2.64,1.47
2025-06-09,801750,81.1,3.89,0.59
2025-06-09,801730,29.04,2.25,1.45
2025-06-09,801770,31.01,2.74,1.31
2025-06-10,801180,39.66,0.72,1.58
2025-06-10,801170,16.42,1.3,2.25
2025-06-10,801160,18.16,1.51,2.58
2025-06-10,801150,35.29,2.71,1.36
2025-06-10,801080,49.74,3.4,0.53
2025-06-10,801120,21.39,4.01,3.79
2025-06-10,801110,13.96,2.31,2.26
2025-06-10,801050,18.56,2.14,1.44
2025-06-10,801040,33.63,0.95,2.03
2025-06-10,801030,24.67,1.82,1.43
2025-06-10,801010,17.47,2.38,1.48
2025-06-10,801710,26.0,1.1,3.12
2025-06-10,801890,31.23,2.43,1.18
2025-06-10,801880,25.81,2.42,1.22
2025-06-10,801780,6.54,0.57,5.55
2025-06-10,801770,30.57,2.7,1.34
2025-06-10,801760,41.09,2.64,1.47
2025-06-10,801750,79.59,3.82,0.61
2025-06-10,801730,28.81,2.23,1.47
2025-06-10,801790,13.9,1.22,2.24
2025-06-11,801180,39.9,0.73,1.57
2025-06-11,801170,16.46,1.3,2.25
2025-06-11,801160,18.17,1.51,2.57
2025-06-11,801150,35.14,2.7,1.42
2025-06-11,801110,14.02,2.32,2.31
2025-06-11,801080,49.91,3.41,0.53
2025-06-11,801010,17.82,2.43,1.46
2025-06-11,801050,18.95,2.18,1.45
2025-06-11,801040,33.94,0.96,2.17
2025-06-11,801030,24.73,1.82,1.51
2025-06-11,801120,21.44,4.02,3.78
2025-06-11,801890,31.35,2.44,1.28
2025-06-11,801710,26.12,1.1,3.11
2025-06-11,801880,26.25,2.47,1.23
2025-06-11,801790,14.17,1.25,2.22
2025-06-11,801770,30.48,2.69,1.42
2025-06-11,801760,41.76,2.69,1.45
2025-06-11,801750,79.91,3.83,0.61
2025-06-11,801730,29.11,2.26,1.49
2025-06-11,801780,6.56,0.57,5.54
2025-06-12,801180,39.68,0.72,1.6
2025-06-12,801170,16.46,1.3,2.28
2025-06-12,801150,35.6,2.73,1.4
2025-06-12,801120,21.2,3.97,3.81
2025-06-12,801050,19.21,2.21,1.27
2025-06-12,801080,49.78,3.4,0.53
2025-06-12,801040,33.82,0.95,2.16
2025-06-12,801030,24.74,1.82,1.52
2025-06-12,801010,17.61,2.4,1.49
2025-06-12,801110,13.77,2.28,4.01
2025-06-12,801160,18.1,1.5,2.58
2025-06-12,801710,26.05,1.1,3.12
2025-06-12,801890,31.36,2.44,1.29
2025-06-12,801880,26.33,2.47,1.24
2025-06-12,801790,14.2,1.25,2.24
2025-06-12,801770,30.8,2.72,1.41
2025-06-12,801760,42.3,2.72,1.46
2025-06-12,801750,79.82,3.84,0.6
2025-06-12,801730,29.05,2.25,1.52
2025-06-12,801780,6.58,0.57,5.7
2025-06-13,801180,39.09,0.71,1.62
2025-06-13,801170,16.4,1.29,2.32
2025-06-13,801160,18.18,1.51,2.58
2025-06-13,801150,34.88,2.68,1.45
2025-06-13,801010,17.44,2.38,1.5
2025-06-13,801110,13.58,2.25,4.1
2025-06-13,801080,49.32,3.37,0.56
2025-06-13,801050,19.13,2.21,1.55
2025-06-13,801040,33.51,0.95,2.22
2025-06-13,801030,24.59,1.81,1.53
2025-06-13,801120,20.7,3.88,3.89
2025-06-13,801890,30.99,2.42,1.31
2025-06-13,801710,25.55,1.08,3.49
2025-06-13,801880,25.81,2.42,1.28
2025-06-13,801790,14.06,1.24,2.29
2025-06-13,801770,30.47,2.69,1.42
2025-06-13,801760,41.24,2.65,1.55
2025-06-13,801750,78.29,3.76,0.6
2025-06-13,801730,28.69,2.22,1.62
2025-06-13,801780,6.52,0.57,5.76
2025-06-16,801180,39.81,0.72,1.58
2025-06-16,801170,16.4,1.29,2.21
2025-06-16,801010,17.32,2.36,1.46
2025-06-16,801150,34.78,2.67,1.37
2025-06-16,801110,13.57,2.25,3.99
2025-06-16,801120,20.66,3.87,3.85
2025-06-16,801080,49.73,3.4,0.53
2025-06-16,801050,19.05,2.2,1.55
2025-06-16,801040,33.48,0.94,1.55
2025-06-16,801030,24.67,1.82,1.5
2025-06-16,801160,18.17,1.51,2.58
2025-06-16,801710,25.61,1.08,3.41
2025-06-16,801890,31.04,2.42,1.25
2025-06-16,801880,25.76,2.41,1.24
2025-06-16,801780,6.61,0.59,5.2
2025-06-16,801770,31.12,2.75,1.33
2025-06-16,801760,42.35,2.73,1.1
2025-06-16,801750,79.85,3.84,0.58
2025-06-16,801790,14.21,1.25,2.23
2025-06-16,801730,28.84,2.24,1.4
2025-06-17,801180,39.7,0.72,1.58
2025-06-17,801160,18.32,1.52,2.57
2025-06-17,801150,34.27,2.63,1.43
2025-06-17,801120,20.65,3.87,3.87
2025-06-17,801050,19.05,2.19,1.55
2025-06-17,801080,49.7,3.4,0.53
2025-06-17,801040,33.65,0.95,1.55
2025-06-17,801030,24.63,1.81,1.57
2025-06-17,801010,17.3,2.36,1.48
2025-06-17,801110,13.64,2.26,3.98
2025-06-17,801170,16.48,1.3,2.28
2025-06-17,801710,25.72,1.09,3.4
2025-06-17,801890,31.04,2.42,1.26
2025-06-17,801880,25.62,2.4,1.26
2025-06-17,801790,14.24,1.25,2.23
2025-06-17,801770,31.08,2.75,1.34
2025-06-17,801760,41.84,2.69,1.11
2025-06-17,801750,79.81,3.84,0.58
2025-06-17,801730,28.89,2.24,1.4
2025-06-17,801780,6.6,0.58,5.2
2025-06-18,801180,39.16,0.71,1.6
2025-06-18,801160,18.28,1.52,2.61
2025-06-18,801150,34.0,2.61,1.45
2025-06-18,801120,20.67,3.87,3.86
2025-06-18,801050,18.95,2.18,1.49
2025-06-18,801080,50.52,3.45,0.55
2025-06-18,801040,33.28,0.94,1.52
2025-06-18,801030,24.45,1.8,1.59
2025-06-18,801010,17.14,2.33,1.49
2025-06-18,801110,13.65,2.26,3.98
2025-06-18,801170,16.41,1.29,2.41
2025-06-18,801710,25.41,1.07,3.43
2025-06-18,801890,31.1,2.42,1.28
2025-06-18,801880,25.71,2.41,1.3
2025-06-18,801790,14.08,1.24,2.25
2025-06-18,801780,6.66,0.59,5.16
2025-06-18,801760,41.5,2.67,1.12
2025-06-18,801750,79.63,3.83,0.57
2025-06-18,801730,28.98,2.25,1.39
2025-06-18,801770,31.51,2.79,1.32
2025-06-19,801180,38.46,0.7,1.63
2025-06-19,801170,16.19,1.28,2.51
2025-06-19,801160,18.11,1.5,2.63
2025-06-19,801150,33.38,2.56,1.47
2025-06-19,801080,50.22,3.43,0.56
2025-06-19,801120,20.52,3.84,3.88
2025-06-19,801110,13.51,2.24,4.01
2025-06-19,801050,18.59,2.14,1.54
2025-06-19,801040,32.82,0.92,1.54
2025-06-19,801030,24.14,1.78,1.64
2025-06-19,801010,16.95,2.31,1.52
2025-06-19,801710,25.11,1.06,3.37
2025-06-19,801890,30.62,2.39,1.3
2025-06-19,801880,25.35,2.38,1.32
2025-06-19,801780,6.65,0.59,5.17
2025-06-19,801770,31.26,2.76,1.36
2025-06-19,801760,41.33,2.66,1.13
2025-06-19,801750,78.25,3.76,0.58
2025-06-19,801730,28.56,2.21,1.44
2025-06-19,801790,13.83,1.22,2.3
2025-06-20,801180,38.43,0.7,1.63
2025-06-20,801170,16.31,1.29,2.51
2025-06-20,801150,33.39,2.56,1.49
2025-06-20,801120,20.67,3.87,3.02
2025-06-20,801080,49.86,3.41,0.54
2025-06-20,801050,18.46,2.13,1.63
2025-06-20,801040,32.88,0.93,1.53
2025-06-20,801030,24.02,1.77,1.64
2025-06-20,801010,16.9,2.3,1.41
2025-06-20,801110,13.55,2.25,3.98
2025-06-20,801160,17.99,1.49,2.57
2025-06-20,801710,25.19,1.07,3.19
2025-06-20,801890,30.31,2.36,1.31
2025-06-20,801880,25.18,2.36,1.33
2025-06-20,801790,13.9,1.22,2.28
2025-06-20,801780,6.7,0.6,5.61
2025-06-20,801760,40.55,2.61,1.17
2025-06-20,801750,76.81,3.69,0.57
2025-06-20,801730,28.43,2.2,1.41
2025-06-20,801770,30.97,2.74,1.4
2025-06-23,801180,38.65,0.7,1.6
2025-06-23,801170,16.33,1.29,2.35
2025-06-23,801150,33.67,2.58,1.45
2025-06-23,801080,50.35,3.44,0.53
2025-06-23,801110,13.49,2.24,3.99
2025-06-23,801050,18.65,2.15,1.59
2025-06-23,801040,32.85,0.93,1.62
2025-06-23,801030,24.24,1.79,1.62
2025-06-23,801010,16.95,2.31,1.4
2025-06-23,801120,20.51,3.84,3.0
2025-06-23,801160,18.01,1.49,2.53
2025-06-23,801710,25.27,1.07,3.17
2025-06-23,801890,30.53,2.38,1.2
2025-06-23,801880,25.26,2.37,1.31
2025-06-23,801790,14.05,1.24,2.25
2025-06-23,801770,31.02,2.74,1.39
2025-06-23,801760,40.75,2.62,1.09
2025-06-23,801750,78.57,3.78,0.55
2025-06-23,801730,28.75,2.23,1.35
2025-06-23,801780,6.78,0.61,5.5
2025-06-24,801180,39.13,0.71,1.58
2025-06-24,801170,16.37,1.29,2.35
2025-06-24,801160,18.06,1.5,2.53
2025-06-24,801150,34.03,2.61,1.44
2025-06-24,801080,51.23,3.5,0.53
2025-06-24,801120,20.73,3.88,2.97
2025-06-24,801110,13.73,2.28,3.94
2025-06-24,801050,18.8,2.17,1.57
2025-06-24,801040,33.21,0.94,1.6
2025-06-24,801030,24.61,1.81,1.6
2025-06-24,801010,17.1,2.33,1.4
2025-06-24,801890,31.26,2.44,1.18
2025-06-24,801880,25.91,2.43,1.27
2025-06-24,801710,25.67,1.09,3.12
2025-06-24,801780,6.8,0.61,5.48
2025-06-24,801770,31.49,2.78,1.37
2025-06-24,801760,41.55,2.67,1.07
2025-06-24,801750,80.46,3.87,0.54
2025-06-24,801730,29.56,2.29,1.33
2025-06-24,801790,14.43,1.27,2.19
2025-06-25,801180,39.68,0.72,1.55
2025-06-25,801170,16.34,1.3,2.78
2025-06-25,801160,18.2,1.51,2.55
2025-06-25,801150,34.17,2.62,1.43
2025-06-25,801080,52.04,3.56,0.55
2025-06-25,801110,13.89,2.3,3.89
2025-06-25,801050,18.97,2.19,1.57
2025-06-25,801040,33.46,0.94,1.66
2025-06-25,801030,24.7,1.82,1.6
2025-06-25,801120,20.78,3.89,2.97
2025-06-25,801010,17.15,2.34,1.39
2025-06-25,801710,25.86,1.1,2.45
2025-06-25,801880,26.29,2.46,1.26
2025-06-25,801790,15.07,1.33,2.1
2025-06-25,801890,31.58,2.46,1.19
2025-06-25,801770,31.83,2.81,1.36
2025-06-25,801760,41.88,2.69,1.01
2025-06-25,801750,82.89,3.99,0.52
2025-06-25,801730,30.06,2.33,1.29
2025-06-25,801780,6.97,0.63,5.43
2025-06-26,801180,39.5,0.72,1.6
2025-06-26,801170,16.25,1.29,2.76
2025-06-26,801160,18.19,1.51,2.58
2025-06-26,801150,33.82,2.6,1.45
2025-06-26,801110,13.86,2.3,3.92
2025-06-26,801080,51.68,3.54,0.56
2025-06-26,801010,17.07,2.34,1.64
2025-06-26,801050,18.99,2.19,1.59
2025-06-26,801040,33.22,0.94,1.71
2025-06-26,801030,24.63,1.82,1.6
2025-06-26,801120,20.66,3.99,3.75
2025-06-26,801890,31.43,2.45,1.22
2025-06-26,801710,25.8,1.1,2.53
2025-06-26,801880,25.91,2.43,1.26
2025-06-26,801790,14.9,1.31,2.12
2025-06-26,801770,32.05,2.84,1.35
2025-06-26,801760,41.78,2.69,1.02
2025-06-26,801750,83.15,4.0,0.53
2025-06-26,801730,29.83,2.31,1.31
2025-06-26,801780,7.04,0.63,5.44
2025-06-27,801180,39.61,0.72,1.6
2025-06-27,801160,18.0,1.5,2.54
2025-06-27,801150,33.9,2.6,1.39
2025-06-27,801120,20.49,3.97,3.75
2025-06-27,801050,19.41,2.24,1.71
2025-06-27,801080,52.2,3.58,0.55
2025-06-27,801040,33.43,0.94,1.72
2025-06-27,801030,24.76,1.83,1.57
2025-06-27,801010,17.04,2.35,1.8
2025-06-27,801110,13.82,2.29,3.91
2025-06-27,801170,16.23,1.29,2.77
2025-06-27,801710,25.79,1.1,3.01
2025-06-27,801890,31.55,2.46,1.19
2025-06-27,801880,25.9,2.43,1.28
2025-06-27,801790,14.83,1.31,2.15
2025-06-27,801770,32.63,2.89,1.42
2025-06-27,801760,41.76,2.69,1.0
2025-06-27,801750,82.82,3.98,0.53
2025-06-27,801730,29.9,2.32,1.36
2025-06-27,801780,6.85,0.62,5.6
2025-06-30,801180,39.8,0.72,1.59
2025-06-30,801170,16.21,1.29,2.61
2025-06-30,801150,34.23,2.63,1.35
2025-06-30,801120,20.59,3.99,3.72
2025-06-30,801050,19.42,2.24,1.69
2025-06-30,801080,52.95,3.63,0.53
2025-06-30,801040,33.6,0.95,1.7
2025-06-30,801030,24.98,1.84,1.55
2025-06-30,801010,17.1,2.36,1.77
2025-06-30,801110,13.86,2.3,3.89
2025-06-30,801160,18.07,1.5,2.5
2025-06-30,801710,25.9,1.11,2.98
2025-06-30,801890,31.91,2.49,1.16
2025-06-30,801880,26.09,2.45,1.2
2025-06-30,801790,14.72,1.31,2.73
2025-06-30,801780,6.83,0.62,5.44
2025-06-30,801760,42.95,2.76,1.0
2025-06-30,801750,83.76,4.03,0.52
2025-06-30,801730,30.32,2.35,1.31
2025-06-30,801770,33.26,2.95,1.39
2025-07-01,801180,39.7,0.72,1.59
2025-07-01,801170,16.24,1.29,2.61
2025-07-01,801160,18.35,1.52,2.48
2025-07-01,801150,34.85,2.68,1.32
2025-07-01,801080,53.01,3.63,0.53
2025-07-01,801120,20.55,3.98,3.73
2025-07-01,801110,13.89,2.31,3.88
2025-07-01,801050,19.71,2.28,1.67
2025-07-01,801040,33.86,0.95,1.69
2025-07-01,801030,25.14,1.85,1.55
2025-07-01,801010,17.19,2.37,1.76
2025-07-01,801710,26.16,1.12,2.95
2025-07-01,801890,31.93,2.49,1.16
2025-07-01,801880,26.09,2.45,1.2
2025-07-01,801780,6.93,0.63,5.36
2025-07-01,801770,33.12,2.94,1.4
2025-07-01,801760,42.8,2.75,1.01
2025-07-01,801750,82.75,3.98,0.53
2025-07-01,801730,30.21,2.34,1.32
2025-07-01,801790,14.67,1.3,2.74
2025-07-02,801180,39.91,0.73,1.58
2025-07-02,801170,16.22,1.29,2.61
2025-07-02,801160,18.35,1.52,2.47
2025-07-02,801150,34.52,2.65,1.34
2025-07-02,801110,13.98,2.32,3.85
2025-07-02,801080,51.96,3.56,0.55
2025-07-02,801010,17.33,2.39,1.75
2025-07-02,801050,19.86,2.3,1.65
2025-07-02,801040,35.03,0.99,1.63
2025-07-02,801030,25.2,1.86,1.54
2025-07-02,801120,20.56,3.98,3.73
2025-07-02,801890,31.84,2.48,1.16
2025-07-02,801710,26.54,1.13,2.91
2025-07-02,801880,25.91,2.43,1.21
2025-07-02,801790,14.61,1.3,2.75
2025-07-02,801770,32.47,2.88,1.43
2025-07-02,801760,42.5,2.73,0.98
2025-07-02,801750,81.45,3.92,0.54
2025-07-02,801730,30.34,2.35,1.3
2025-07-02,801780,6.99,0.63,5.3
2025-07-03,801180,39.91,0.73,1.58
2025-07-03,801170,16.17,1.29,2.62
2025-07-03,801150,34.98,2.69,1.32
2025-07-03,801120,20.59,3.99,3.73
2025-07-03,801050,19.93,2.3,1.69
2025-07-03,801080,52.84,3.62,0.55
2025-07-03,801040,34.98,0.99,1.63
2025-07-03,801030,25.27,1.86,1.54
2025-07-03,801010,17.45,2.4,1.74
2025-07-03,801110,14.05,2.33,3.83
2025-07-03,801160,18.37,1.53,2.52
2025-07-03,801710,26.78,1.14,2.88
2025-07-03,801890,31.98,2.49,1.16
2025-07-03,801880,26.09,2.44,1.2
2025-07-03,801790,14.67,1.3,2.75
2025-07-03,801770,32.91,2.92,1.41
2025-07-03,801760,42.53,2.74,0.98
2025-07-03,801750,81.88,3.94,0.53
2025-07-03,801730,30.77,2.39,1.28
2025-07-03,801780,6.99,0.63,5.31
2025-07-04,801180,39.74,0.72,1.59
2025-07-04,801170,16.19,1.29,2.62
2025-07-04,801160,18.49,1.54,2.5
2025-07-04,801150,35.12,2.7,1.35
2025-07-04,801010,17.48,2.41,1.73
2025-07-04,801110,14.06,2.33,3.84
2025-07-04,801080,52.63,3.6,0.56
2025-07-04,801050,19.61,2.27,1.74
2025-07-04,801040,35.16,0.99,1.55
2025-07-04,801030,24.98,1.84,1.58
2025-07-04,801120,20.62,3.99,3.72
2025-07-04,801890,31.68,2.47,1.11
2025-07-04,801710,26.79,1.14,2.88
2025-07-04,801880,25.95,2.43,1.21
2025-07-04,801790,14.73,1.31,2.7
2025-07-04,801770,32.64,2.89,1.43
2025-07-04,801760,42.94,2.76,0.98
2025-07-04,801750,81.86,3.94,0.54
2025-07-04,801730,30.52,2.37,1.34
2025-07-04,801780,7.12,0.64,5.23
2025-07-07,801730,30.49,2.36,1.27
2025-07-07,801750,81.96,3.94,0.53
2025-07-07,801760,43.25,2.78,0.97
2025-07-07,801770,32.38,2.87,1.43
2025-07-07,801890,31.68,2.47,1.09
2025-07-07,801790,14.76,1.31,2.7
2025-07-07,801880,25.92,2.43,1.22
2025-07-07,801710,27.06,1.16,2.85
2025-07-07,801780,7.15,0.65,5.13
2025-07-07,801010,17.41,2.4,1.66
2025-07-07,801030,25.12,1.85,1.54
2025-07-07,801040,35.14,0.99,1.55
2025-07-07,801050,19.49,2.25,1.74
2025-07-07,801080,52.3,3.58,0.55
2025-07-07,801110,13.96,2.32,3.86
2025-07-07,801150,34.78,2.67,1.33
2025-07-07,801160,18.84,1.56,2.35
2025-07-07,801170,16.2,1.29,2.56
2025-07-07,801180,40.4,0.73,1.38
2025-07-07,801120,20.5,3.97,3.74
2025-07-08,801180,40.8,0.74,1.38
2025-07-08,801170,16.24,1.29,2.56
2025-07-08,801160,18.76,1.56,2.38
2025-07-08,801150,34.89,2.68,1.33
2025-07-08,801050,19.72,2.28,1.72
2025-07-08,801110,13.98,2.32,3.86
2025-07-08,801080,53.49,3.66,0.54
2025-07-08,801040,35.73,1.01,1.53
2025-07-08,801030,25.46,1.88,1.53
2025-07-08,801010,17.48,2.41,1.66
2025-07-08,801120,20.6,3.99,3.72
2025-07-08,801710,27.6,1.18,2.8
2025-07-08,801890,32.13,2.5,1.08
2025-07-08,801880,26.1,2.45,1.21
2025-07-08,801790,14.9,1.32,2.67
2025-07-08,801770,33.36,2.96,1.39
2025-07-08,801760,44.0,2.83,0.96
2025-07-08,801750,83.39,4.01,0.52
2025-07-08,801730,31.2,2.42,1.25
2025-07-08,801780,7.13,0.64,5.14
2025-07-09,801170,16.26,1.3,2.56
2025-07-09,801160,18.75,1.56,2.47
2025-07-09,801150,35.05,2.69,1.31
2025-07-09,801120,20.67,4.0,3.71
2025-07-09,801050,19.28,2.23,1.7
2025-07-09,801080,53.04,3.63,0.55
2025-07-09,801040,35.51,1.0,1.54
2025-07-09,801030,25.26,1.86,1.56
2025-07-09,801010,17.59,2.42,1.66
2025-07-09,801180,40.79,0.74,1.36
2025-07-09,801110,13.89,2.31,3.88
2025-07-09,801890,32.09,2.5,1.14
2025-07-09,801880,25.96,2.43,1.23
2025-07-09,801790,14.81,1.32,2.7
2025-07-09,801780,7.16,0.65,5.14
2025-07-09,801760,44.58,2.87,0.98
2025-07-09,801750,83.13,4.0,0.52
2025-07-09,801730,31.25,2.42,1.25
2025-07-09,801710,27.54,1.18,2.84
2025-07-09,801770,33.42,2.96,1.39
2025-07-10,801180,42.1,0.77,1.32
2025-07-10,801170,16.38,1.3,2.53
2025-07-10,801160,18.69,1.55,2.55
2025-07-10,801150,35.31,2.71,1.3
2025-07-10,801050,19.47,2.25,1.67
2025-07-10,801110,13.89,2.31,3.9
2025-07-10,801080,52.93,3.63,0.54
2025-07-10,801040,36.14,1.02,1.52
2025-07-10,801030,25.42,1.87,1.55
2025-07-10,801010,17.6,2.43,1.66
2025-07-10,801120,20.73,4.02,3.7
2025-07-10,801710,27.8,1.19,2.83
2025-07-10,801880,25.8,2.42,1.23
2025-07-10,801790,15.01,1.33,2.68
2025-07-10,801890,32.09,2.5,1.15
2025-07-10,801770,33.4,2.96,1.39
2025-07-10,801760,44.34,2.85,0.99
2025-07-10,801750,82.96,3.99,0.52
2025-07-10,801730,31.36,2.43,1.26
2025-07-10,801780,7.22,0.65,4.84
2025-07-11,801180,42.17,0.77,1.32
2025-07-11,801170,16.31,1.3,2.67
2025-07-11,801160,18.69,1.55,2.51
2025-07-11,801150,35.79,2.75,1.27
2025-07-11,801110,14.01,2.33,3.86
2025-07-11,801080,53.2,3.64,0.55
2025-07-11,801050,19.8,2.29,1.66
2025-07-11,801040,36.84,1.04,1.5
2025-07-11,801030,25.37,1.87,1.53
2025-07-11,801010,17.69,2.44,1.65
2025-07-11,801120,20.8,4.03,3.69
2025-07-11,801710,27.64,1.18,2.85
2025-07-11,801890,32.29,2.51,1.13
2025-07-11,801880,25.83,2.42,1.23
2025-07-11,801790,15.31,1.36,2.63
2025-07-11,801770,33.38,2.96,1.39
2025-07-11,801760,44.26,2.85,0.98
2025-07-11,801750,84.59,4.07,0.51
2025-07-11,801730,31.3,2.43,1.26
2025-07-11,801780,7.05,0.64,5.1
2025-07-14,801170,16.33,1.3,2.46
2025-07-14,801160,18.89,1.57,2.42
2025-07-14,801150,35.96,2.76,1.22
2025-07-14,801120,20.81,4.03,3.25
2025-07-14,801050,19.92,2.3,1.64
2025-07-14,801080,53.19,3.64,0.51
2025-07-14,801040,36.86,1.04,1.38
2025-07-14,801030,25.51,1.88,1.5
2025-07-14,801010,17.68,2.44,1.65
2025-07-14,801180,41.62,0.76,1.27
2025-07-14,801110,14.16,2.35,3.82
2025-07-14,801890,32.69,2.55,1.11
2025-07-14,801790,15.16,1.35,2.52
2025-07-14,801780,7.08,0.64,4.09
2025-07-14,801880,25.94,2.43,1.15
2025-07-14,801760,43.71,2.81,0.91
2025-07-14,801750,83.82,4.03,0.51
2025-07-14,801730,31.37,2.43,1.25
2025-07-14,801710,27.8,1.19,2.67
2025-07-14,801770,33.51,2.97,1.36
2025-07-15,801180,41.21,0.75,1.28
2025-07-15,801170,16.18,1.29,2.64
2025-07-15,801160,18.58,1.54,2.46
2025-07-15,801150,35.92,2.76,1.22
2025-07-15,801110,14.24,2.36,3.8
2025-07-15,801080,53.66,3.68,0.51
2025-07-15,801050,19.75,2.28,1.65
2025-07-15,801040,36.39,1.03,1.4
2025-07-15,801030,25.28,1.86,1.53
2025-07-15,801010,17.39,2.4,1.68
2025-07-15,801120,20.6,3.99,3.29
2025-07-15,801710,27.44,1.17,2.72
2025-07-15,801890,32.64,2.54,1.11
2025-07-15,801880,26.1,2.45,1.14
2025-07-15,801790,15.07,1.34,2.53
2025-07-15,801770,35.08,3.11,1.3
2025-07-15,801760,43.71,2.81,0.92
2025-07-15,801750,85.05,4.09,0.51
2025-07-15,801730,31.15,2.41,1.07
2025-07-15,801780,7.02,0.63,4.13
2025-07-16,801180,41.09,0.75,1.29
2025-07-16,801170,16.2,1.29,2.62
2025-07-16,801160,18.55,1.54,2.43
2025-07-16,801150,36.28,2.78,1.21
2025-07-16,801050,19.66,2.27,1.66
2025-07-16,801110,14.22,2.36,3.81
2025-07-16,801080,53.47,3.66,0.51
2025-07-16,801040,35.91,1.01,1.43
2025-07-16,801030,25.26,1.86,1.53
2025-07-16,801010,17.26,2.42,1.62
2025-07-16,801120,20.67,4.0,3.28
2025-07-16,801710,27.39,1.17,2.72
2025-07-16,801890,32.88,2.56,1.1
2025-07-16,801880,26.38,2.47,1.17
2025-07-16,801790,15.0,1.33,2.58
2025-07-16,801770,35.22,3.12,1.1
2025-07-16,801760,43.61,2.81,0.96
2025-07-16,801750,84.96,4.09,0.51
2025-07-16,801730,31.08,2.41,1.04
2025-07-16,801780,6.96,0.63,4.41
2025-07-17,801170,16.14,1.29,2.87
2025-07-17,801160,18.5,1.54,2.23
2025-07-17,801150,36.93,2.83,1.18
2025-07-17,801120,20.79,4.03,3.23
2025-07-17,801050,19.75,2.28,1.66
2025-07-17,801080,54.65,3.74,0.5
2025-07-17,801040,36.43,1.03,1.45
2025-07-17,801030,25.47,1.87,1.52
2025-07-17,801010,17.31,2.43,1.61
2025-07-17,801180,41.06,0.75,1.41
2025-07-17,801110,14.27,2.37,3.79
2025-07-17,801890,33.21,2.59,1.09
2025-07-17,801880,26.73,2.5,1.15
2025-07-17,801790,15.07,1.34,2.54
2025-07-17,801780,6.93,0.63,4.28
2025-07-17,801760,43.67,2.81,0.93
2025-07-17,801750,86.0,4.14,0.5
2025-07-17,801730,31.32,2.43,1.03
2025-07-17,801710,27.67,1.18,2.6
2025-07-17,801770,36.05,3.2,1.06
2025-07-18,801180,41.25,0.75,1.34
2025-07-18,801170,16.28,1.3,2.79
2025-07-18,801160,18.44,1.53,2.87
2025-07-18,801150,37.25,2.86,1.2
2025-07-18,801050,20.17,2.33,1.6
2025-07-18,801110,14.28,2.37,3.8
2025-07-18,801080,54.38,3.73,0.52
2025-07-18,801040,36.93,1.04,1.43
2025-07-18,801030,25.83,1.9,1.5
2025-07-18,801010,17.38,2.44,1.6
2025-07-18,801120,20.94,4.06,3.5
2025-07-18,801710,27.59,1.18,2.6
2025-07-18,801890,33.24,2.59,1.08
2025-07-18,801880,26.69,2.5,1.16
2025-07-18,801790,15.12,1.34,2.63
2025-07-18,801770,35.94,3.19,1.06
2025-07-18,801760,43.22,2.78,0.95
2025-07-18,801750,86.34,4.16,0.49
2025-07-18,801730,31.46,2.44,1.03
2025-07-18,801780,6.98,0.63,4.09
2025-07-21,801180,41.62,0.76,1.26
2025-07-21,801170,16.42,1.31,2.74
2025-07-21,801160,18.62,1.55,2.32
2025-07-21,801150,37.31,2.86,1.18
2025-07-21,801050,20.66,2.39,1.5
2025-07-21,801110,14.28,2.37,3.81
2025-07-21,801080,54.64,3.74,0.52
2025-07-21,801040,38.22,1.08,1.38
2025-07-21,801030,26.41,1.94,1.46
2025-07-21,801010,17.75,2.49,1.57
2025-07-21,801120,20.95,4.06,3.49
2025-07-21,801710,29.28,1.25,2.46
2025-07-21,801890,33.91,2.64,1.06
2025-07-21,801880,26.9,2.52,1.12
2025-07-21,801790,15.25,1.35,2.61
2025-07-21,801770,35.98,3.19,1.01
2025-07-21,801760,43.43,2.8,0.92
2025-07-21,801750,86.07,4.14,0.49
2025-07-21,801730,32.11,2.49,1.0
2025-07-21,801780,6.92,0.62,4.03
2025-07-22,801170,16.59,1.32,2.72
2025-07-22,801160,18.72,1.56,2.37
2025-07-22,801150,37.35,2.87,1.18
2025-07-22,801120,21.32,4.13,3.43
2025-07-22,801050,21.08,2.43,1.51
2025-07-22,801080,54.51,3.73,0.52
2025-07-22,801040,39.23,1.1,1.34
2025-07-22,801030,26.83,1.97,1.44
2025-07-22,801010,18.09,2.54,1.54
2025-07-22,801180,42.08,0.77,1.25
2025-07-22,801110,14.35,2.38,3.79
2025-07-22,801890,34.33,2.67,1.05
2025-07-22,801790,15.23,1.35,2.62
2025-07-22,801780,6.85,0.62,4.08
2025-07-22,801880,26.92,2.52,1.12
2025-07-22,801760,43.36,2.79,0.93
2025-07-22,801750,85.45,4.11,0.5
2025-07-22,801730,32.74,2.54,0.98
2025-07-22,801710,30.62,1.31,2.35
2025-07-22,801770,35.84,3.18,1.01
2025-07-23,801180,41.86,0.76,1.33
2025-07-23,801170,16.59,1.32,2.68
2025-07-23,801160,18.93,1.56,2.39
2025-07-23,801150,37.33,2.86,1.17
2025-07-23,801110,14.44,2.4,3.76
2025-07-23,801080,54.5,3.73,0.52
2025-07-23,801050,21.0,2.43,1.52
2025-07-23,801040,39.22,1.1,1.35
2025-07-23,801030,26.61,1.96,1.45
2025-07-23,801010,18.02,2.53,1.55
2025-07-23,801120,21.3,4.13,3.43
2025-07-23,801710,29.91,1.28,2.43
2025-07-23,801890,33.89,2.64,1.06
2025-07-23,801880,26.77,2.51,1.19
2025-07-23,801790,15.43,1.37,2.58
2025-07-23,801770,35.75,3.17,1.02
2025-07-23,801760,43.37,2.79,0.93
2025-07-23,801750,85.59,4.12,0.5
2025-07-23,801730,32.35,2.51,0.99
2025-07-23,801780,6.88,0.62,4.06
2025-07-24,801170,16.84,1.34,2.59
2025-07-24,801160,18.91,1.55,2.37
2025-07-24,801150,38.05,2.92,1.15
2025-07-24,801120,21.45,4.15,3.41
2025-07-24,801050,21.58,2.49,1.5
2025-07-24,801080,55.2,3.78,0.51
2025-07-24,801040,40.23,1.13,1.32
2025-07-24,801030,26.86,1.98,1.44
2025-07-24,801010,18.05,2.53,1.55
2025-07-24,801180,42.66,0.78,1.11
2025-07-24,801110,14.5,2.41,3.76
2025-07-24,801880,27.21,2.54,1.19
2025-07-24,801890,34.25,2.67,1.06
2025-07-24,801790,15.74,1.4,2.53
2025-07-24,801780,6.78,0.61,4.17
2025-07-24,801760,43.89,2.83,0.92
2025-07-24,801750,86.78,4.18,0.49
2025-07-24,801730,32.71,2.54,0.98
2025-07-24,801710,30.39,1.3,2.39
2025-07-24,801770,35.71,3.17,1.02
2025-07-25,801160,18.77,1.54,2.39
2025-07-25,801180,42.93,0.78,1.09
2025-07-25,801150,37.98,2.91,1.16
2025-07-25,801170,16.76,1.34,2.61
2025-07-25,801010,18.01,2.53,1.56
2025-07-25,801120,21.09,4.09,3.46
2025-07-25,801110,14.34,2.38,4.13
2025-07-25,801080,55.97,3.83,0.51
2025-07-25,801050,21.53,2.49,1.42
2025-07-25,801040,39.76,1.12,1.31
2025-07-25,801030,26.9,1.98,1.41
2025-07-25,801710,29.88,1.28,2.43
2025-07-25,801890,34.09,2.65,1.17
2025-07-25,801880,27.17,2.53,1.35
2025-07-25,801780,6.77,0.61,4.08
2025-07-25,801770,35.66,3.16,1.08
2025-07-25,801760,44.01,2.84,0.91
2025-07-25,801750,87.91,4.23,0.49
2025-07-25,801730,32.44,2.52,0.99
2025-07-25,801790,15.65,1.39,2.57
2025-07-28,801180,43.08,0.78,1.11
2025-07-28,801170,16.53,1.32,2.62
2025-07-28,801160,18.7,1.54,2.35
2025-07-28,801150,38.54,2.96,1.14
2025-07-28,801010,17.94,2.52,1.56
2025-07-28,801110,14.29,2.37,4.13
2025-07-28,801080,56.57,3.87,0.5
2025-07-28,801050,21.42,2.48,1.39
2025-07-28,801040,39.16,1.1,1.33
2025-07-28,801030,26.96,1.98,1.39
2025-07-28,801120,20.97,4.06,3.48
2025-07-28,801710,29.87,1.28,2.41
2025-07-28,801890,34.25,2.67,1.1
2025-07-28,801880,27.22,2.54,1.34
2025-07-28,801780,6.78,0.61,4.08
2025-07-28,801770,36.11,3.2,1.06
2025-07-28,801760,43.98,2.83,0.91
2025-07-28,801750,87.79,4.22,0.49
2025-07-28,801730,32.57,2.52,0.96
2025-07-28,801790,15.89,1.41,1.97
2025-07-29,801180,43.22,0.79,1.1
2025-07-29,801170,16.47,1.31,2.63
2025-07-29,801160,18.67,1.53,2.36
2025-07-29,801150,39.35,3.02,1.11
2025-07-29,801110,14.23,2.36,4.15
2025-07-29,801080,57.38,3.93,0.49
2025-07-29,801050,21.36,2.47,1.4
2025-07-29,801040,40.17,1.13,1.29
2025-07-29,801030,26.98,1.98,1.39
2025-07-29,801010,17.7,2.47,1.58
2025-07-29,801120,20.91,4.05,3.5
2025-07-29,801710,29.91,1.28,2.41
2025-07-29,801890,34.31,2.67,1.1
2025-07-29,801880,27.13,2.53,1.52
2025-07-29,801790,15.86,1.41,1.98
2025-07-29,801770,37.3,3.31,1.03
2025-07-29,801760,44.18,2.85,0.9
2025-07-29,801750,88.29,4.25,0.49
2025-07-29,801730,32.91,2.55,0.95
2025-07-29,801780,6.7,0.6,4.13
2025-07-30,801170,16.52,1.32,2.64
2025-07-30,801160,18.74,1.54,2.34
2025-07-30,801150,39.33,3.02,1.12
2025-07-30,801120,21.1,4.09,3.49
2025-07-30,801050,21.23,2.45,1.41
2025-07-30,801080,57.02,3.9,0.5
2025-07-30,801040,41.02,1.15,1.27
2025-07-30,801030,27.08,1.99,1.38
2025-07-30,801010,17.8,2.49,1.58
2025-07-30,801180,42.88,0.78,1.09
2025-07-30,801110,14.27,2.37,4.14
2025-07-30,801890,34.01,2.65,1.11
2025-07-30,801790,15.8,1.4,1.99
2025-07-30,801780,6.74,0.61,4.1
2025-07-30,801880,26.78,2.5,1.4
2025-07-30,801760,44.63,2.88,0.89
2025-07-30,801750,86.87,4.18,0.49
2025-07-30,801730,32.16,2.49,0.96
2025-07-30,801710,29.86,1.28,2.42
2025-07-30,801770,36.95,3.28,1.03
2025-07-31,801180,41.53,0.75,0.6
2025-07-31,801170,16.16,1.29,2.73
2025-07-31,801160,18.38,1.51,2.39
2025-07-31,801150,39.11,3.01,1.14
2025-07-31,801110,13.99,2.32,4.22
2025-07-31,801080,56.63,3.88,0.54
2025-07-31,801050,20.55,2.38,1.45
2025-07-31,801040,39.34,1.11,1.32
2025-07-31,801030,26.52,1.95,1.41
2025-07-31,801010,17.49,2.45,1.5
2025-07-31,801120,20.66,4.0,3.57
2025-07-31,801710,29.33,1.25,2.46
2025-07-31,801890,33.79,2.63,1.11
2025-07-31,801880,26.4,2.46,1.44
2025-07-31,801790,15.4,1.37,2.04
2025-07-31,801770,36.96,3.28,1.03
2025-07-31,801760,44.08,2.84,0.9
2025-07-31,801750,87.2,4.2,0.48
2025-07-31,801730,31.37,2.4,0.99
2025-07-31,801780,6.7,0.61,4.12
2025-08-01,801180,41.44,0.75,0.59
2025-08-01,801170,16.22,1.29,2.7
2025-08-01,801160,18.42,1.51,2.39
2025-08-01,801150,39.1,3.0,1.13
2025-08-01,801050,20.54,2.37,1.45
2025-08-01,801110,14.06,2.34,4.14
2025-08-01,801080,56.09,3.84,0.56
2025-08-01,801040,38.83,1.09,1.34
2025-08-01,801030,26.53,1.95,1.42
2025-08-01,801010,17.47,2.44,1.5
2025-08-01,801120,20.66,4.0,3.56
2025-08-01,801710,29.18,1.25,2.47
2025-08-01,801890,33.8,2.63,1.11
2025-08-01,801880,26.51,2.47,1.43
2025-08-01,801790,15.28,1.36,2.05
2025-08-01,801770,36.59,3.24,1.04
2025-08-01,801760,44.38,2.86,0.9
2025-08-01,801750,87.75,4.22,0.48
2025-08-01,801730,31.54,2.41,0.98
2025-08-01,801780,6.72,0.61,4.11
2025-08-04,801170,16.28,1.3,2.69
2025-08-04,801160,18.48,1.52,2.31
2025-08-04,801150,39.3,3.02,1.14
2025-08-04,801120,20.7,4.0,3.54
2025-08-04,801050,20.92,2.42,1.43
2025-08-04,801080,56.56,3.87,0.55
2025-08-04,801040,38.83,1.09,1.34
2025-08-04,801030,26.68,1.96,1.41
2025-08-04,801010,17.55,2.45,1.49
2025-08-04,801180,41.47,0.75,0.59
2025-08-04,801110,14.18,2.36,4.15
2025-08-04,801890,34.44,2.68,1.09
2025-08-04,801880,26.72,2.49,1.42
2025-08-04,801790,15.31,1.36,2.05
2025-08-04,801780,6.77,0.61,4.08
2025-08-04,801760,44.98,2.9,0.88
2025-08-04,801750,88.28,4.26,0.48
2025-08-04,801730,31.76,2.43,0.98
2025-08-04,801710,29.16,1.24,2.47
2025-08-04,801770,36.65,3.25,1.04
2025-08-05,801180,41.93,0.76,0.58
2025-08-05,801170,16.38,1.31,2.7
2025-08-05,801160,18.57,1.53,2.3
2025-08-05,801150,39.36,3.02,1.13
2025-08-05,801050,21.01,2.43,1.42
2025-08-05,801110,14.32,2.38,4.11
2025-08-05,801080,56.85,3.89,0.55
2025-08-05,801040,39.38,1.11,1.32
2025-08-05,801030,26.9,1.98,1.4
2025-08-05,801010,17.71,2.48,1.48
2025-08-05,801120,20.87,4.04,3.51
2025-08-05,801710,29.25,1.25,2.46
2025-08-05,801890,34.76,2.71,1.08
2025-08-05,801880,27.04,2.52,1.4
2025-08-05,801790,15.49,1.38,2.03
2025-08-05,801770,37.1,3.29,1.03
2025-08-05,801760,45.57,2.94,0.87
2025-08-05,801750,88.43,4.27,0.48
2025-08-05,801730,31.95,2.44,0.97
2025-08-05,801780,6.88,0.62,4.02
2025-08-06,801180,41.98,0.76,0.6
2025-08-06,801170,16.38,1.31,2.7
2025-08-06,801160,18.58,1.53,2.3
2025-08-06,801150,39.12,3.01,1.14
2025-08-06,801050,21.24,2.45,1.41
2025-08-06,801110,14.45,2.4,4.07
2025-08-06,801080,57.36,3.93,0.54
2025-08-06,801040,39.39,1.11,1.32
2025-08-06,801030,27.08,1.99,1.39
2025-08-06,801010,17.74,2.48,1.48
2025-08-06,801120,20.86,4.03,3.52
2025-08-06,801710,29.17,1.25,2.47
2025-08-06,801880,27.33,2.55,1.39
2025-08-06,801790,15.52,1.38,2.02
2025-08-06,801890,35.45,2.76,1.05
2025-08-06,801770,37.28,3.31,1.02
2025-08-06,801760,45.8,2.95,0.87
2025-08-06,801750,89.53,4.32,0.47
2025-08-06,801730,32.18,2.46,0.96
2025-08-06,801780,6.87,0.62,4.02
2025-08-07,801180,42.37,0.77,0.61
2025-08-07,801170,16.5,1.32,2.68
2025-08-07,801160,18.6,1.53,2.29
2025-08-07,801150,38.75,2.98,1.14
2025-08-07,801010,17.78,2.48,1.48
2025-08-07,801110,14.41,2.39,4.08
2025-08-07,801080,57.67,3.95,0.54
2025-08-07,801050,21.5,2.48,1.39
2025-08-07,801040,39.33,1.11,1.32
2025-08-07,801030,27.02,1.99,1.38
2025-08-07,801120,20.9,4.04,3.51
2025-08-07,801710,29.17,1.25,2.47
2025-08-07,801890,35.43,2.76,1.06
2025-08-07,801880,27.29,2.54,1.39
2025-08-07,801780,6.9,0.62,4.01
2025-08-07,801770,37.11,3.29,1.03
2025-08-07,801760,45.92,2.96,0.86
2025-08-07,801750,89.37,4.31,0.47
2025-08-07,801730,31.94,2.44,0.97
2025-08-07,801790,15.49,1.38,2.02
2025-08-08,801180,42.36,0.77,0.63
2025-08-08,801170,16.54,1.32,2.71
2025-08-08,801160,18.73,1.54,2.39
2025-08-08,801150,38.77,2.98,1.14
2025-08-08,801110,14.4,2.39,4.14
2025-08-08,801080,57.0,3.67,0.54
2025-08-08,801050,21.72,2.51,1.45
2025-08-08,801040,39.79,1.12,1.3
2025-08-08,801030,27.11,1.99,1.38
2025-08-08,801010,17.91,2.5,1.47
2025-08-08,801120,20.79,4.02,3.7
2025-08-08,801710,29.51,1.26,2.44
2025-08-08,801890,35.59,2.77,1.07
2025-08-08,801880,27.18,2.53,1.39
2025-08-08,801790,15.37,1.37,2.1
2025-08-08,801770,37.06,3.28,1.03
2025-08-08,801760,45.54,2.93,0.87
2025-08-08,801750,87.26,4.21,0.48
2025-08-08,801730,32.15,2.46,0.96
2025-08-08,801780,6.87,0.62,4.02
2025-08-11,801180,42.89,0.78,0.59
2025-08-11,801170,16.51,1.32,2.68
2025-08-11,801160,18.67,1.53,2.29
2025-08-11,801150,39.3,3.02,1.1
2025-08-11,801050,21.8,2.52,1.37
2025-08-11,801110,14.48,2.41,4.07
2025-08-11,801080,57.98,3.97,0.53
2025-08-11,801040,39.76,1.12,1.3
2025-08-11,801030,27.46,2.02,1.36
2025-08-11,801010,17.93,2.5,1.46
2025-08-11,801120,21.09,4.08,3.64
2025-08-11,801710,29.91,1.28,2.41
2025-08-11,801890,36.05,2.81,1.04
2025-08-11,801880,27.49,2.56,1.38
2025-08-11,801790,15.49,1.38,2.04
2025-08-11,801770,37.8,3.35,1.01
2025-08-11,801760,45.86,2.95,0.86
2025-08-11,801750,88.95,4.29,0.47
2025-08-11,801730,32.79,2.51,0.94
2025-08-11,801780,6.82,0.62,4.04
2025-08-12,801170,16.5,1.32,2.68
2025-08-12,801160,18.7,1.54,2.29
2025-08-12,801150,39.2,3.01,1.1
2025-08-12,801120,21.0,4.06,3.66
2025-08-12,801050,21.72,2.51,1.37
2025-08-12,801080,59.06,4.04,0.52
2025-08-12,801040,39.42,1.11,1.32
2025-08-12,801030,27.47,2.02,1.36
2025-08-12,801010,17.94,2.5,1.46
2025-08-12,801180,43.26,0.79,0.59
2025-08-12,801110,14.59,2.42,4.04
2025-08-12,801890,36.09,2.81,1.04
2025-08-12,801880,27.59,2.57,1.37
2025-08-12,801790,15.59,1.39,2.03
2025-08-12,801780,6.84,0.62,4.02
2025-08-12,801760,45.89,2.95,0.86
2025-08-12,801750,89.48,4.32,0.47
2025-08-12,801730,32.74,2.5,0.94
2025-08-12,801710,29.77,1.27,2.42
2025-08-12,801770,38.68,3.43,0.98
2025-08-13,801180,44.76,0.78,0.58
2025-08-13,801170,16.58,1.32,2.64
2025-08-13,801160,18.62,1.53,2.28
2025-08-13,801150,39.89,3.07,1.08
2025-08-13,801050,22.23,2.57,1.34
2025-08-13,801110,14.42,2.4,4.1
2025-08-13,801080,60.29,4.13,0.51
2025-08-13,801040,39.47,1.11,1.31
2025-08-13,801030,27.46,2.02,1.36
2025-08-13,801010,17.91,2.5,1.54
2025-08-13,801120,20.92,4.0,3.68
2025-08-13,801710,29.94,1.28,2.4
2025-08-13,801880,27.98,2.6,1.35
2025-08-13,801790,15.77,1.4,2.02
2025-08-13,801890,36.54,2.85,1.03
2025-08-13,801770,40.61,3.59,0.94
2025-08-13,801760,46.26,2.98,0.86
2025-08-13,801750,90.37,4.37,0.46
2025-08-13,801730,33.29,2.54,0.93
2025-08-13,801780,6.77,0.61,4.06
2025-08-14,801180,44.52,0.78,0.59
2025-08-14,801170,16.45,1.31,2.67
2025-08-14,801160,18.49,1.52,2.29
2025-08-14,801150,39.48,3.03,1.09
2025-08-14,801110,14.37,2.4,4.12
2025-08-14,801080,59.83,4.1,0.52
2025-08-14,801050,22.02,2.54,1.35
2025-08-14,801040,38.69,1.09,1.34
2025-08-14,801030,27.05,1.99,1.38
2025-08-14,801010,17.73,2.47,1.56
2025-08-14,801120,20.88,3.99,3.68
2025-08-14,801710,29.66,1.27,2.42
2025-08-14,801890,36.05,2.81,1.13
2025-08-14,801880,27.62,2.57,1.37
2025-08-14,801790,15.86,1.41,2.04
2025-08-14,801770,39.75,3.51,0.96
2025-08-14,801760,45.78,2.95,0.87
2025-08-14,801750,89.87,4.34,0.47
2025-08-14,801730,33.08,2.53,0.94
2025-08-14,801780,6.77,0.61,4.07
2025-08-15,801170,16.56,1.32,2.67
2025-08-15,801160,18.59,1.53,2.2
2025-08-15,801150,39.94,3.07,1.08
2025-08-15,801120,20.89,3.99,3.68
2025-08-15,801050,22.51,2.6,1.32
2025-08-15,801080,61.03,4.18,0.51
2025-08-15,801040,38.93,1.1,1.33
2025-08-15,801030,27.63,2.03,1.35
2025-08-15,801010,17.89,2.5,1.54
2025-08-15,801180,45.46,0.79,0.57
2025-08-15,801110,14.53,2.42,4.11
2025-08-15,801890,36.72,2.86,1.02
2025-08-15,801790,16.36,1.45,2.05
2025-08-15,801780,6.67,0.6,4.13
2025-08-15,801880,28.05,2.61,1.35
2025-08-15,801760,46.01,2.96,0.86
2025-08-15,801750,92.02,4.45,0.46
2025-08-15,801730,34.01,2.6,0.92
2025-08-15,801710,30.29,1.29,2.36
2025-08-15,801770,39.98,3.53,0.95
2025-08-18,801180,45.25,0.79,0.56
2025-08-18,801170,16.64,1.32,2.66
2025-08-18,801160,18.69,1.54,2.19
2025-08-18,801150,40.37,3.1,1.07
2025-08-18,801110,14.64,2.44,3.76
2025-08-18,801080,62.55,4.29,0.46
2025-08-18,801050,22.53,2.6,1.32
2025-08-18,801040,39.24,1.1,1.32
2025-08-18,801030,27.87,2.05,1.34
2025-08-18,801010,18.04,2.51,1.53
2025-08-18,801120,21.0,4.02,3.66
2025-08-18,801710,30.58,1.31,2.34
2025-08-18,801880,28.43,2.65,1.33
2025-08-18,801790,16.5,1.46,1.96
2025-08-18,801890,37.2,2.9,1.01
2025-08-18,801770,41.74,3.68,0.91
2025-08-18,801760,47.02,3.03,0.84
2025-08-18,801750,95.13,4.6,0.44
2025-08-18,801730,34.45,2.63,0.9
2025-08-18,801780,6.69,0.6,4.11
2025-08-19,801180,45.55,0.8,0.55
2025-08-19,801170,16.62,1.32,2.7
2025-08-19,801160,18.7,1.54,2.26
2025-08-19,801150,40.15,3.09,1.09
2025-08-19,801110,14.77,2.46,3.73
2025-08-19,801080,62.42,4.27,0.46
2025-08-19,801050,22.45,2.59,1.33
2025-08-19,801040,39.2,1.1,1.32
2025-08-19,801030,27.78,2.04,1.35
2025-08-19,801010,18.16,2.53,1.52
2025-08-19,801120,21.22,4.06,3.63
2025-08-19,801710,30.48,1.3,2.35
2025-08-19,801890,37.31,2.9,1.01
2025-08-19,801880,28.59,2.66,1.32
2025-08-19,801790,16.23,1.44,2.0
2025-08-19,801770,42.52,3.75,0.89
2025-08-19,801760,46.79,3.01,0.84
2025-08-19,801750,95.26,4.61,0.44
2025-08-19,801730,34.39,2.62,0.9
2025-08-19,801780,6.7,0.61,4.11
2025-08-20,801180,45.62,0.8,0.76
2025-08-20,801160,18.76,1.54,2.25
2025-08-20,801150,40.13,3.09,1.09
2025-08-20,801120,21.52,4.12,3.58
2025-08-20,801050,22.71,2.62,1.31
2025-08-20,801080,63.89,4.37,0.45
2025-08-20,801040,39.51,1.11,1.31
2025-08-20,801030,28.09,2.06,1.33
2025-08-20,801010,18.29,2.55,1.51
2025-08-20,801110,14.79,2.46,3.73
2025-08-20,801170,16.81,1.33,2.67
2025-08-20,801710,30.61,1.31,2.34
2025-08-20,801890,37.7,2.93,1.0
2025-08-20,801880,29.17,2.72,1.3
2025-08-20,801790,16.42,1.46,1.98
2025-08-20,801770,42.77,3.77,0.89
2025-08-20,801760,47.13,3.04,0.84
2025-08-20,801750,95.82,4.63,0.44
2025-08-20,801730,34.55,2.64,0.97
2025-08-20,801780,6.73,0.61,4.08
2025-08-21,801180,45.49,0.8,0.76
2025-08-21,801160,18.93,1.56,2.23
2025-08-21,801150,40.22,3.08,1.09
2025-08-21,801120,21.47,4.11,3.59
2025-08-21,801050,22.58,2.61,1.32
2025-08-21,801080,63.48,4.35,0.45
2025-08-21,801040,39.74,1.12,1.3
2025-08-21,801030,28.3,2.08,1.32
2025-08-21,801010,18.57,2.56,1.49
2025-08-21,801110,14.75,2.46,3.74
2025-08-21,801170,16.87,1.34,2.66
2025-08-21,801710,30.67,1.31,2.34
2025-08-21,801890,37.32,2.9,1.01
2025-08-21,801880,29.0,2.71,1.31
2025-08-21,801790,16.35,1.45,1.97
2025-08-21,801780,6.77,0.61,4.06
2025-08-21,801760,47.49,3.06,0.83
2025-08-21,801750,96.06,4.65,0.44
2025-08-21,801730,34.31,2.61,0.98
2025-08-21,801770,42.7,3.77,0.89
2025-08-22,801180,45.69,0.8,0.76
2025-08-22,801170,16.87,1.34,2.66
2025-08-22,801160,18.95,1.56,2.25
2025-08-22,801150,40.45,3.1,1.08
2025-08-22,801080,66.66,4.57,0.43
2025-08-22,801120,21.58,4.13,3.6
2025-08-22,801110,14.85,2.47,3.71
2025-08-22,801050,22.8,2.63,1.31
2025-08-22,801040,39.71,1.12,1.31
2025-08-22,801030,28.45,2.09,1.3
2025-08-22,801010,18.56,2.56,1.49
2025-08-22,801710,31.18,1.33,2.3
2025-08-22,801890,37.74,2.94,1.0
2025-08-22,801880,29.4,2.74,1.29
2025-08-22,801780,6.75,0.61,4.07
2025-08-22,801770,44.32,3.91,0.85
2025-08-22,801760,48.34,3.11,1.05
2025-08-22,801750,99.3,4.81,0.42
2025-08-22,801730,34.89,2.65,0.97
2025-08-22,801790,16.8,1.49,1.9
2025-08-25,801180,47.2,0.83,0.73
2025-08-25,801170,17.01,1.35,2.65
2025-08-25,801150,41.28,3.16,1.06
2025-08-25,801120,22.13,4.25,3.34
2025-08-25,801080,68.07,4.66,0.42
2025-08-25,801050,23.88,2.76,1.24
2025-08-25,801040,40.82,1.15,1.27
2025-08-25,801030,28.76,2.12,1.28
2025-08-25,801010,18.79,2.59,1.47
2025-08-25,801110,15.08,2.51,3.65
2025-08-25,801160,19.12,1.57,2.23
2025-08-25,801710,31.87,1.36,2.25
2025-08-25,801890,38.36,2.99,0.98
2025-08-25,801880,29.61,2.77,1.28
2025-08-25,801790,16.96,1.51,1.95
2025-08-25,801780,6.8,0.61,4.04
2025-08-25,801760,48.93,3.15,1.03
2025-08-25,801750,100.61,4.88,0.42
2025-08-25,801730,35.56,2.72,0.95
2025-08-25,801770,46.49,4.1,0.81
2025-08-26,801180,47.03,0.83,0.73
2025-08-26,801170,17.12,1.36,2.64
2025-08-26,801150,40.84,3.12,1.07
2025-08-26,801080,67.95,4.64,0.42
2025-08-26,801110,15.11,2.52,3.65
2025-08-26,801050,23.84,2.74,1.25
2025-08-26,801040,40.41,1.14,1.28
2025-08-26,801030,29.15,2.15,1.27
2025-08-26,801010,19.29,2.65,1.43
2025-08-26,801120,22.12,4.25,3.34
2025-08-26,801160,19.1,1.57,2.23
2025-08-26,801710,31.72,1.36,2.26
2025-08-26,801890,38.46,2.99,0.98
2025-08-26,801880,29.74,2.78,1.27
2025-08-26,801790,16.78,1.49,1.98
2025-08-26,801770,46.1,4.04,0.82
2025-08-26,801760,49.65,3.2,1.01
2025-08-26,801750,101.4,4.95,0.41
2025-08-26,801730,35.48,2.71,0.96
2025-08-26,801780,6.76,0.61,4.06
2025-08-27,801180,45.38,0.8,0.76
2025-08-27,801170,16.8,1.33,2.69
2025-08-27,801160,18.86,1.55,2.26
2025-08-27,801150,39.72,3.04,1.1
2025-08-27,801080,67.69,4.62,0.42
2025-08-27,801120,21.6,4.15,3.42
2025-08-27,801110,14.86,2.48,3.71
2025-08-27,801050,23.58,2.72,1.26
2025-08-27,801040,39.54,1.11,1.31
2025-08-27,801030,28.48,2.1,1.3
2025-08-27,801010,18.98,2.61,1.46
2025-08-27,801890,37.68,2.92,1.0
2025-08-27,801880,29.06,2.72,1.3
2025-08-27,801710,30.76,1.31,2.78
2025-08-27,801780,6.64,0.6,4.14
2025-08-27,801770,46.91,4.1,0.81
2025-08-27,801760,48.54,3.13,1.02
2025-08-27,801750,100.09,4.88,0.42
2025-08-27,801730,34.78,2.65,0.98
2025-08-27,801790,16.33,1.44,1.88
2025-08-28,801180,45.9,0.81,0.71
2025-08-28,801170,16.9,1.34,2.67
2025-08-28,801160,18.85,1.55,2.26
2025-08-28,801150,39.64,3.03,1.1
2025-08-28,801080,71.46,4.86,0.4
2025-08-28,801110,14.99,2.5,3.68
2025-08-28,801050,23.89,2.75,1.24
2025-08-28,801040,39.53,1.11,1.31
2025-08-28,801030,28.63,2.11,1.29
2025-08-28,801120,21.52,4.17,3.43
2025-08-28,801010,18.84,2.61,1.47
2025-08-28,801710,31.02,1.33,2.74
2025-08-28,801880,29.14,2.72,1.3
2025-08-28,801790,16.57,1.46,1.85
2025-08-28,801890,38.12,2.96,0.98
2025-08-28,801770,50.33,4.4,0.76
2025-08-28,801760,48.91,3.16,1.01
2025-08-28,801750,102.14,4.97,0.41
2025-08-28,801730,35.22,2.69,0.97
2025-08-28,801780,6.66,0.6,4.13
2025-08-29,801180,45.66,0.81,0.72
2025-08-29,801170,16.61,1.32,2.72
2025-08-29,801160,18.82,1.55,2.26
2025-08-29,801150,40.2,3.08,1.08
2025-08-29,801010,18.94,2.62,1.46
2025-08-29,801110,14.71,2.47,3.58
2025-08-29,801080,70.91,4.82,0.4
2025-08-29,801050,24.53,2.82,1.21
2025-08-29,801040,39.61,1.11,1.31
2025-08-29,801030,28.83,2.12,1.28
2025-08-29,801120,22.04,4.31,3.35
2025-08-29,801890,38.15,2.96,0.98
2025-08-29,801710,31.09,1.34,2.74
2025-08-29,801880,29.51,2.75,1.28
2025-08-29,801790,16.67,1.46,1.84
2025-08-29,801770,49.96,4.35,0.77
2025-08-29,801760,48.97,3.16,1.03
2025-08-29,801750,100.6,4.88,0.41
2025-08-29,801730,36.35,2.77,0.94
2025-08-29,801780,6.61,0.58,4.16
2025-09-01,801180,65.1,0.82,0.71
2025-09-01,801160,19.13,1.56,2.26
2025-09-01,801150,41.15,3.16,1.05
2025-09-01,801120,22.04,4.31,3.36
2025-09-01,801050,24.35,2.91,1.17
2025-09-01,801080,68.22,4.89,0.4
2025-09-01,801040,39.02,1.12,1.31
2025-09-01,801030,29.04,2.13,1.27
2025-09-01,801010,18.77,2.62,1.45
2025-09-01,801110,14.49,2.51,3.6
2025-09-01,801170,16.78,1.31,2.73
2025-09-01,801710,29.48,1.34,2.73
2025-09-01,801890,36.64,2.99,0.97
2025-09-01,801880,29.88,2.73,1.29
2025-09-01,801790,15.56,1.43,1.86
2025-09-01,801770,49.25,4.58,0.82
2025-09-01,801760,47.13,3.18,1.02
2025-09-01,801750,97.64,4.9,0.41
2025-09-01,801730,35.39,2.8,0.93
2025-09-01,801780,6.47,0.55,4.2
2025-09-02,801180,64.63,0.81,0.72
2025-09-02,801170,16.67,1.3,2.75
2025-09-02,801150,40.74,3.13,1.07
2025-09-02,801120,22.04,4.31,3.36
2025-09-02,801050,24.1,2.88,1.18
2025-09-02,801080,65.63,4.7,0.41
2025-09-02,801040,38.61,1.1,1.32
2025-09-02,801030,28.44,2.08,1.3
2025-09-02,801010,18.65,2.61,1.46
2025-09-02,801110,14.62,2.53,3.57
2025-09-02,801160,19.34,1.58,2.23
2025-09-02,801710,28.8,1.31,2.79
2025-09-02,801890,36.26,2.96,0.98
2025-09-02,801880,29.98,2.74,1.28
2025-09-02,801790,15.39,1.42,1.88
2025-09-02,801780,6.6,0.56,4.12
2025-09-02,801760,46.23,3.12,1.04
2025-09-02,801750,93.69,4.71,0.43
2025-09-02,801730,34.9,2.76,0.95
2025-09-02,801770,46.44,4.32,0.87
2025-09-03,801180,63.79,0.8,0.72
2025-09-03,801170,16.51,1.29,2.77
2025-09-03,801160,19.09,1.56,2.26
2025-09-03,801150,40.87,3.13,1.08
2025-09-03,801080,64.82,4.65,0.42
2025-09-03,801120,21.76,4.26,3.4
2025-09-03,801110,14.43,2.5,3.62
2025-09-03,801050,23.91,2.86,1.19
2025-09-03,801040,37.95,1.08,1.35
2025-09-03,801030,28.02,2.05,1.32
2025-09-03,801010,18.27,2.55,1.49
2025-09-03,801710,28.35,1.29,2.84
2025-09-03,801890,35.72,2.91,1.0
2025-09-03,801880,29.56,2.7,1.3
2025-09-03,801780,6.53,0.56,4.16
2025-09-03,801770,47.21,4.39,0.78
2025-09-03,801760,46.18,3.12,1.04
2025-09-03,801750,91.13,4.58,0.44
2025-09-03,801730,35.41,2.8,0.93
2025-09-03,801790,14.92,1.38,1.94
2025-09-04,801180,63.08,0.79,0.73
2025-09-04,801170,16.54,1.29,2.77
2025-09-04,801160,19.11,1.56,2.26
2025-09-04,801150,39.79,3.05,1.11
2025-09-04,801110,14.26,2.47,3.66
2025-09-04,801080,61.55,4.41,0.44
2025-09-04,801010,18.32,2.56,1.49
2025-09-04,801050,23.03,2.76,1.24
2025-09-04,801040,37.4,1.07,1.37
2025-09-04,801030,27.72,2.03,1.33
2025-09-04,801120,21.74,4.25,3.4
2025-09-04,801890,34.77,2.83,1.03
2025-09-04,801710,28.16,1.28,2.85
2025-09-04,801880,28.96,2.64,1.33
2025-09-04,801790,14.86,1.37,1.95
2025-09-04,801770,43.19,4.02,0.96
2025-09-04,801760,45.35,3.06,1.07
2025-09-04,801750,88.28,4.43,0.46
2025-09-04,801730,35.29,2.79,0.94
2025-09-04,801780,6.58,0.56,4.12
2025-09-05,801180,63.65,0.8,0.73
2025-09-05,801170,16.62,1.3,2.75
2025-09-05,801150,40.75,3.12,1.1
2025-09-05,801120,21.84,4.27,3.39
2025-09-05,801050,24.04,2.88,1.22
2025-09-05,801080,64.23,4.61,0.42
2025-09-05,801040,37.78,1.08,1.35
2025-09-05,801030,28.49,2.08,1.3
2025-09-05,801010,18.5,2.59,1.47
2025-09-05,801110,14.49,2.51,3.6
2025-09-05,801160,19.32,1.58,2.24
2025-09-05,801710,28.63,1.3,2.84
2025-09-05,801890,35.83,2.92,0.99
2025-09-05,801880,29.63,2.7,1.3
2025-09-05,801790,14.98,1.38,1.94
2025-09-05,801770,45.58,4.24,0.91
2025-09-05,801760,46.48,3.14,1.02
2025-09-05,801750,90.04,4.52,0.45
2025-09-05,801730,37.84,2.99,0.88
2025-09-05,801780,6.52,0.56,4.16
2025-09-08,801180,64.24,0.81,0.72
2025-09-08,801170,16.93,1.32,2.7
2025-09-08,801160,19.58,1.6,2.21
2025-09-08,801150,41.34,3.17,1.09
2025-09-08,801010,19.0,2.66,1.43
2025-09-08,801110,14.68,2.54,3.53
2025-09-08,801080,64.25,4.61,0.42
2025-09-08,801050,24.04,2.88,1.21
2025-09-08,801040,38.44,1.1,1.32
2025-09-08,801030,29.28,2.14,1.25
2025-09-08,801120,22.13,4.33,3.34
2025-09-08,801890,36.69,2.99,0.97
2025-09-08,801710,29.06,1.32,2.8
2025-09-08,801880,29.98,2.73,1.28
2025-09-08,801790,14.88,1.37,1.94
2025-09-08,801770,43.97,4.09,0.94
2025-09-08,801760,47.56,3.22,1.0
2025-09-08,801750,90.8,4.56,0.45
2025-09-08,801730,38.19,3.02,0.87
2025-09-08,801780,6.48,0.55,4.2
2025-09-09,801180,65.29,0.82,0.71
2025-09-09,801170,16.87,1.32,2.71
2025-09-09,801160,19.51,1.59,2.22
2025-09-09,801150,40.56,3.11,1.11
2025-09-09,801080,62.51,4.48,0.43
2025-09-09,801110,14.67,2.53,3.55
2025-09-09,801050,24.24,2.9,1.2
2025-09-09,801040,38.48,1.1,1.32
2025-09-09,801030,29.06,2.13,1.26
2025-09-09,801120,22.16,4.33,3.34
2025-09-09,801010,18.88,2.64,1.44
2025-09-09,801710,29.04,1.32,2.8
2025-09-09,801890,36.28,2.96,0.98
2025-09-09,801880,30.03,2.74,1.28
2025-09-09,801790,14.88,1.37,1.94
2025-09-09,801770,43.14,4.01,0.96
2025-09-09,801760,47.58,3.22,1.0
2025-09-09,801750,88.92,4.46,0.47
2025-09-09,801730,37.68,2.98,0.88
2025-09-09,801780,6.53,0.56,4.17
2025-09-10,801180,65.63,0.82,0.7
2025-09-10,801170,16.86,1.32,2.7
2025-09-10,801160,19.43,1.58,2.23
2025-09-10,801150,40.38,3.1,1.06
2025-09-10,801050,24.03,2.87,1.21
2025-09-10,801110,14.62,2.53,3.56
2025-09-10,801080,63.63,4.56,0.43
2025-09-10,801040,38.24,1.09,1.33
2025-09-10,801030,28.77,2.11,1.27
2025-09-10,801010,18.91,2.64,1.46
2025-09-10,801120,22.2,4.34,3.33
2025-09-10,801710,29.11,1.33,2.8
2025-09-10,801890,36.35,2.96,0.98
2025-09-10,801880,29.94,2.73,1.3
2025-09-10,801790,14.86,1.37,1.95
2025-09-10,801770,44.65,4.16,0.92
2025-09-10,801760,48.41,3.28,0.98
2025-09-10,801750,89.59,4.5,0.46
2025-09-10,801730,37.23,2.94,0.89
2025-09-10,801780,6.54,0.56,4.16
2025-09-11,801180,66.46,0.83,0.7
2025-09-11,801170,16.91,1.32,2.7
2025-09-11,801160,19.55,1.59,2.21
2025-09-11,801150,40.48,3.1,1.05
2025-09-11,801050,24.48,2.93,1.19
2025-09-11,801110,14.73,2.54,3.53
2025-09-11,801080,67.45,4.84,0.41
2025-09-11,801040,38.63,1.1,1.4
2025-09-11,801030,29.11,2.13,1.26
2025-09-11,801010,19.44,2.72,1.42
2025-09-11,801120,22.3,4.36,3.32
2025-09-11,801710,29.57,1.35,2.75
2025-09-11,801890,37.17,3.03,0.96
2025-09-11,801880,30.35,2.77,1.32
2025-09-11,801790,15.26,1.4,1.9
2025-09-11,801770,47.99,4.47,0.86
2025-09-11,801760,48.63,3.29,0.97
2025-09-11,801750,92.93,4.66,0.45
2025-09-11,801730,38.14,3.01,0.87
2025-09-11,801780,6.57,0.56,4.14
2025-09-12,801170,16.91,1.32,2.7
2025-09-12,801160,19.52,1.67,2.03
2025-09-12,801150,40.6,3.11,1.06
2025-09-12,801120,22.08,4.31,3.32
2025-09-12,801050,24.96,2.98,1.17
2025-09-12,801080,68.16,4.9,0.41
2025-09-12,801040,39.19,1.12,1.38
2025-09-12,801030,29.12,2.13,1.25
2025-09-12,801010,19.4,2.71,1.42
2025-09-12,801180,66.62,0.85,0.69
2025-09-12,801110,14.56,2.51,3.59
2025-09-12,801890,37.06,3.02,0.96
2025-09-12,801790,15.03,1.38,1.92
2025-09-12,801780,6.47,0.55,4.21
2025-09-12,801880,30.14,2.75,1.33
2025-09-12,801760,48.51,3.28,0.97
2025-09-12,801750,93.16,4.68,0.45
2025-09-12,801730,38.06,3.01,0.87
2025-09-12,801710,29.36,1.34,2.77
2025-09-12,801770,46.93,4.37,0.8
2025-09-15,801180,68.17,0.85,0.68
2025-09-15,801170,16.95,1.33,2.69
2025-09-15,801160,19.48,1.66,2.03
2025-09-15,801150,40.62,3.11,1.06
2025-09-15,801110,14.57,2.52,3.59
2025-09-15,801080,68.16,4.9,0.41
2025-09-15,801050,24.76,2.96,1.18
2025-09-15,801040,38.97,1.11,1.39
2025-09-15,801030,29.02,2.12,1.26
2025-09-15,801010,19.76,2.76,1.4
2025-09-15,801120,22.04,4.31,3.33
2025-09-15,801710,29.49,1.34,2.76
2025-09-15,801890,37.07,3.02,0.96
2025-09-15,801880,30.59,2.79,1.32
2025-09-15,801790,14.98,1.38,1.93
2025-09-15,801770,46.2,4.3,0.81
2025-09-15,801760,49.52,3.35,0.94
2025-09-15,801750,92.99,4.66,0.45
2025-09-15,801730,38.91,3.07,0.85
2025-09-15,801780,6.42,0.55,4.25
2025-09-16,801180,69.07,0.86,0.67
2025-09-16,801170,17.08,1.34,2.76
2025-09-16,801160,19.42,1.66,2.04
2025-09-16,801150,40.6,3.11,1.07
2025-09-16,801050,24.52,2.93,1.19
2025-09-16,801110,14.64,2.53,3.57
2025-09-16,801080,69.05,4.96,0.4
2025-09-16,801040,38.91,1.11,1.39
2025-09-16,801030,29.0,2.12,1.26
2025-09-16,801010,19.5,2.73,1.42
2025-09-16,801120,21.95,4.29,3.34
2025-09-16,801710,29.48,1.34,2.76
2025-09-16,801890,37.82,3.08,0.94
2025-09-16,801880,31.11,2.84,1.29
2025-09-16,801790,14.95,1.38,1.93
2025-09-16,801770,46.53,4.33,0.81
2025-09-16,801760,49.54,3.35,0.94
2025-09-16,801750,94.94,4.76,0.44
2025-09-16,801730,39.03,3.08,0.85
2025-09-16,801780,6.34,0.54,4.39
2025-09-17,801170,17.13,1.34,2.75
2025-09-17,801160,19.5,1.66,2.04
2025-09-17,801150,40.51,3.11,1.08
2025-09-17,801120,21.84,4.27,3.36
2025-09-17,801050,24.56,2.94,1.19
2025-09-17,801080,69.89,5.02,0.4
2025-09-17,801040,38.97,1.11,1.39
2025-09-17,801030,29.06,2.13,1.27
2025-09-17,801010,19.3,2.7,1.44
2025-09-17,801180,69.59,0.87,0.66
2025-09-17,801110,14.89,2.57,3.51
2025-09-17,801890,38.33,3.12,0.93
2025-09-17,801880,31.8,2.9,1.26
2025-09-17,801790,15.03,1.38,1.92
2025-09-17,801780,6.32,0.54,4.41
2025-09-17,801760,49.81,3.37,0.93
2025-09-17,801750,95.49,4.78,0.43
2025-09-17,801730,40.04,3.16,0.83
2025-09-17,801710,29.5,1.34,2.76
2025-09-17,801770,46.74,4.35,0.8
2025-09-18,801180,68.07,0.85,0.68
2025-09-18,801170,16.86,1.32,2.8
2025-09-18,801160,19.19,1.64,2.08
2025-09-18,801150,40.33,3.09,1.09
2025-09-18,801050,23.68,2.83,1.24
2025-09-18,801110,14.84,2.56,3.53
2025-09-18,801080,70.55,5.07,0.39
2025-09-18,801040,38.19,1.09,1.42
2025-09-18,801030,28.72,2.1,1.28
2025-09-18,801010,18.89,2.64,1.47
2025-09-18,801120,21.49,4.2,3.41
2025-09-18,801710,29.18,1.33,2.79
2025-09-18,801880,31.69,2.89,1.27
2025-09-18,801790,14.61,1.35,1.99
2025-09-18,801890,38.09,3.11,0.93
2025-09-18,801770,46.83,4.36,0.8
2025-09-18,801760,48.7,3.3,0.95
2025-09-18,801750,94.26,4.72,0.44
2025-09-18,801730,39.45,3.12,0.85
2025-09-18,801780,6.2,0.53,4.51
2025-09-19,801180,68.32,0.85,0.68
2025-09-19,801170,16.97,1.33,2.78
2025-09-19,801160,19.1,1.63,2.09
2025-09-19,801150,39.77,3.05,1.11
2025-09-19,801110,14.78,2.55,3.54
2025-09-19,801080,70.07,5.04,0.4
2025-09-19,801050,23.96,2.87,1.21
2025-09-19,801040,38.08,1.09,1.42
2025-09-19,801030,28.77,2.1,1.29
2025-09-19,801010,18.88,2.64,1.47
2025-09-19,801120,21.53,4.2,3.41
2025-09-19,801710,29.5,1.34,2.76
2025-09-19,801890,37.88,3.09,0.94
2025-09-19,801880,31.1,2.84,1.29
2025-09-19,801790,14.48,1.33,2.01
2025-09-19,801770,47.16,4.39,0.81
2025-09-19,801760,49.09,3.31,0.97
2025-09-19,801750,93.08,4.66,0.45
2025-09-19,801730,39.24,3.1,0.85
2025-09-19,801780,6.2,0.53,4.52
2025-09-22,801180,68.29,0.85,0.68
2025-09-22,801170,16.8,1.31,2.8
2025-09-22,801160,19.03,1.62,2.08
2025-09-22,801150,39.73,3.05,1.09
2025-09-22,801050,24.2,2.89,1.2
2025-09-22,801110,14.68,2.54,3.56
2025-09-22,801080,72.7,5.23,0.38
2025-09-22,801040,37.99,1.08,1.43
2025-09-22,801030,28.59,2.09,1.3
2025-09-22,801010,18.7,2.62,1.49
2025-09-22,801120,21.27,4.15,3.45
2025-09-22,801710,29.21,1.33,2.79
2025-09-22,801890,38.2,3.11,0.93
2025-09-22,801880,31.33,2.86,1.28
2025-09-22,801790,14.6,1.34,1.99
2025-09-22,801770,47.32,4.4,0.81
2025-09-22,801760,48.71,3.29,0.98
2025-09-22,801750,94.65,4.74,0.42
2025-09-22,801730,39.35,3.11,0.85
2025-09-22,801780,6.14,0.53,4.56
2025-09-23,801170,16.74,1.31,2.81
2025-09-23,801160,19.11,1.63,2.08
2025-09-23,801150,38.96,2.99,1.12
2025-09-23,801120,21.13,4.13,3.49
2025-09-23,801050,24.02,2.87,1.21
2025-09-23,801080,72.65,5.22,0.38
2025-09-23,801040,37.31,1.06,1.47
2025-09-23,801030,28.2,2.06,1.32
2025-09-23,801010,18.58,2.6,1.5
2025-09-23,801180,66.98,0.84,0.69
2025-09-23,801110,14.69,2.54,3.57
2025-09-23,801890,37.9,3.09,0.94
2025-09-23,801880,31.2,2.85,1.29
2025-09-23,801790,14.41,1.33,2.01
2025-09-23,801780,6.23,0.53,4.49
2025-09-23,801760,48.22,3.26,1.01
2025-09-23,801750,92.33,4.62,0.44
2025-09-23,801730,39.53,3.12,0.84
2025-09-23,801710,28.93,1.32,2.82
2025-09-23,801770,47.33,4.4,0.81
2025-09-24,801180,68.49,0.86,0.67
2025-09-24,801170,16.82,1.32,2.81
2025-09-24,801160,19.18,1.64,2.07
2025-09-24,801150,39.59,3.04,1.12
2025-09-24,801050,24.36,2.91,1.2
2025-09-24,801110,14.82,2.56,3.54
2025-09-24,801080,74.64,5.37,0.37
2025-09-24,801040,37.67,1.07,1.46
2025-09-24,801030,28.65,2.09,1.33
2025-09-24,801010,18.69,2.61,1.49
2025-09-24,801120,21.15,4.13,3.49
2025-09-24,801710,29.15,1.33,2.81
2025-09-24,801880,31.31,2.86,1.28
2025-09-24,801790,14.52,1.34,2.0
2025-09-24,801890,38.6,3.15,0.93
2025-09-24,801770,47.32,4.4,0.81
2025-09-24,801760,49.47,3.35,0.99
2025-09-24,801750,94.7,4.74,0.44
2025-09-24,801730,40.69,3.21,0.82
2025-09-24,801780,6.21,0.53,4.51
2025-09-25,801180,67.93,0.85,0.68
2025-09-25,801170,16.65,1.3,2.85
2025-09-25,801160,19.09,1.63,2.08
2025-09-25,801150,39.69,3.04,1.12
2025-09-25,801110,14.66,2.53,3.57
2025-09-25,801080,74.57,5.37,0.37
2025-09-25,801050,24.82,2.97,1.17
2025-09-25,801040,37.65,1.07,1.38
2025-09-25,801030,28.54,2.09,1.34
2025-09-25,801010,18.46,2.58,1.53
2025-09-25,801120,21.02,4.11,3.51
2025-09-25,801710,29.13,1.33,2.81
2025-09-25,801890,38.49,3.14,0.93
2025-09-25,801880,31.27,2.85,1.28
2025-09-25,801790,14.5,1.34,2.0
2025-09-25,801770,48.28,4.49,0.79
2025-09-25,801760,50.59,3.42,0.96
2025-09-25,801750,96.22,4.82,0.43
2025-09-25,801730,41.35,3.27,0.81
2025-09-25,801780,6.17,0.53,4.54
2025-09-26,801170,16.62,1.3,2.86
2025-09-26,801160,19.16,1.63,2.07
2025-09-26,801150,38.92,2.98,1.17
2025-09-26,801120,20.99,4.1,3.5
2025-09-26,801050,24.83,2.97,1.17
2025-09-26,801080,72.55,5.22,0.38
2025-09-26,801040,37.72,1.08,1.22
2025-09-26,801030,28.52,2.08,1.34
2025-09-26,801010,18.52,2.59,1.53
2025-09-26,801180,68.06,0.85,0.68
2025-09-26,801110,14.69,2.54,3.57
2025-09-26,801890,37.6,3.07,0.96
2025-09-26,801790,14.47,1.33,2.01
2025-09-26,801780,6.18,0.53,4.56
2025-09-26,801880,31.11,2.84,1.29
2025-09-26,801760,49.29,3.34,1.0
2025-09-26,801750,92.9,4.67,0.44
2025-09-26,801730,40.8,3.22,0.82
2025-09-26,801710,28.92,1.32,2.8
2025-09-26,801770,47.06,4.38,0.81
2025-09-29,801180,68.65,0.86,0.67
2025-09-29,801170,16.61,1.3,2.89
2025-09-29,801160,19.22,1.64,2.08
2025-09-29,801150,38.98,2.99,1.16
2025-09-29,801110,14.76,2.55,3.53
2025-09-29,801080,73.69,5.31,0.37
2025-09-29,801050,25.77,3.08,1.13
2025-09-29,801040,38.68,1.1,1.19
2025-09-29,801030,28.99,2.12,1.32
2025-09-29,801010,18.55,2.6,1.53
2025-09-29,801120,21.25,4.15,3.45
2025-09-29,801710,29.29,1.33,2.45
2025-09-29,801880,31.48,2.87,1.27
2025-09-29,801790,15.01,1.39,1.93
2025-09-29,801890,38.26,3.12,0.93
2025-09-29,801770,47.66,4.43,0.8
2025-09-29,801760,49.36,3.34,0.88
2025-09-29,801750,94.16,4.73,0.43
2025-09-29,801730,42.03,3.32,0.79
2025-09-29,801780,6.15,0.53,4.59
2025-09-30,801180,70.11,0.88,0.66
2025-09-30,801170,16.62,1.3,2.89
2025-09-30,801160,19.22,1.64,2.07
2025-09-30,801150,39.54,3.03,1.15
2025-09-30,801010,18.54,2.59,1.53
2025-09-30,801120,21.15,4.13,3.47
2025-09-30,801110,14.72,2.54,3.54
2025-09-30,801080,74.54,5.37,0.37
2025-09-30,801050,26.61,3.18,1.23
2025-09-30,801040,39.1,1.12,1.18
2025-09-30,801030,29.28,2.14,1.31
2025-09-30,801770,46.77,4.35,0.81
2025-09-30,801710,29.33,1.33,2.58
2025-09-30,801890,38.26,3.12,0.94
2025-09-30,801880,31.69,2.89,1.27
2025-09-30,801780,6.1,0.52,4.62
2025-09-30,801760,49.34,3.34,0.88
2025-09-30,801750,95.27,4.79,0.44
2025-09-30,801730,42.76,3.38,0.8
2025-09-30,801790,14.84,1.37,1.96
2025-10-09,801170,16.67,1.31,2.85
2025-10-09,801160,19.72,1.68,2.02
2025-10-09,801150,39.6,3.04,1.15
2025-10-09,801120,21.09,4.12,3.48
2025-10-09,801050,28.65,3.43,1.12
2025-10-09,801080,76.2,5.49,0.36
2025-10-09,801040,40.42,1.15,1.14
2025-10-09,801030,29.82,2.18,1.28
2025-10-09,801010,18.56,2.6,1.53
2025-10-09,801180,69.13,0.87,0.67
2025-10-09,801110,14.76,2.55,3.53
2025-10-09,801890,38.77,3.16,0.92
2025-10-09,801790,14.86,1.37,1.95
2025-10-09,801780,6.09,0.52,4.63
2025-10-09,801880,31.56,2.88,1.27
2025-10-09,801760,48.72,3.29,0.88
2025-10-09,801750,97.16,4.88,0.43
2025-10-09,801730,43.63,3.45,0.78
2025-10-09,801710,29.55,1.34,2.56
2025-10-09,801770,46.99,4.37,0.81
2025-10-10,801180,69.53,0.87,0.66
2025-10-10,801170,16.81,1.32,2.83
2025-10-10,801160,19.88,1.7,2.01
2025-10-10,801150,39.05,2.99,1.16
2025-10-10,801110,14.65,2.53,3.56
2025-10-10,801080,72.56,5.22,0.38
2025-10-10,801050,27.81,3.33,1.16
2025-10-10,801040,40.75,1.16,1.13
2025-10-10,801030,29.86,2.18,1.28
2025-10-10,801010,18.74,2.62,1.51
2025-10-10,801120,21.12,4.12,3.46
2025-10-10,801710,30.12,1.37,2.52
2025-10-10,801890,38.19,3.11,0.94
2025-10-10,801880,31.31,2.85,1.28
2025-10-10,801790,14.92,1.38,1.94
2025-10-10,801770,46.03,4.28,0.82
2025-10-10,801760,47.57,3.22,0.9
2025-10-10,801750,93.56,4.7,0.45
2025-10-10,801730,41.67,3.29,0.82
2025-10-10,801780,6.12,0.52,4.61
2025-10-13,801180,69.33,0.87,0.67
2025-10-13,801170,16.74,1.32,2.62
2025-10-13,801160,19.81,1.69,2.02
2025-10-13,801150,38.47,2.95,1.16
2025-10-13,801050,28.74,3.44,1.12
2025-10-13,801110,14.39,2.49,3.62
2025-10-13,801080,72.64,5.23,0.39
2025-10-13,801040,41.43,1.18,1.27
2025-10-13,801030,29.59,2.16,1.29
2025-10-13,801010,18.72,2.62,1.52
2025-10-13,801120,20.9,4.08,3.51
2025-10-13,801710,29.77,1.35,2.55
2025-10-13,801890,37.85,3.09,0.94
2025-10-13,801880,30.58,2.79,1.37
2025-10-13,801790,14.74,1.36,1.96
2025-10-13,801770,45.84,4.26,0.85
2025-10-13,801760,46.87,3.17,0.92
2025-10-13,801750,93.67,4.71,0.5
2025-10-13,801730,41.37,3.27,0.82
2025-10-13,801780,6.17,0.53,4.45
2025-10-14,801170,16.81,1.32,2.62
2025-10-14,801160,19.93,1.7,2.02
2025-10-14,801150,37.87,2.9,1.18
2025-10-14,801120,21.26,4.15,3.45
2025-10-14,801050,27.69,3.31,1.16
2025-10-14,801080,69.29,4.99,0.41
2025-10-14,801040,41.32,1.18,1.28
2025-10-14,801030,28.97,2.12,1.32
2025-10-14,801010,18.76,2.62,1.52
2025-10-14,801180,69.19,0.87,0.67
2025-10-14,801110,14.32,2.47,3.64
2025-10-14,801890,37.17,3.03,0.96
2025-10-14,801880,30.11,2.74,1.4
2025-10-14,801790,14.8,1.37,1.95
2025-10-14,801780,6.32,0.55,4.35
2025-10-14,801760,46.13,3.12,0.94
2025-10-14,801750,90.94,4.57,0.51
2025-10-14,801730,40.41,3.19,0.84
2025-10-14,801710,29.63,1.35,2.56
2025-10-14,801770,43.55,4.05,0.89
2025-10-15,801180,69.27,0.87,0.67
2025-10-15,801170,16.93,1.33,2.62
2025-10-15,801160,20.01,1.71,2.0
2025-10-15,801150,38.65,2.96,1.16
2025-10-15,801050,28.1,3.36,1.14
2025-10-15,801110,14.52,2.51,3.59
2025-10-15,801080,70.91,5.1,0.4
2025-10-15,801040,41.22,1.17,1.33
2025-10-15,801030,29.19,2.13,1.31
2025-10-15,801010,18.76,2.62,1.52
2025-10-15,801120,21.42,4.18,3.43
2025-10-15,801710,30.09,1.37,2.62
2025-10-15,801890,37.87,3.09,1.01
2025-10-15,801880,30.85,2.81,1.37
2025-10-15,801790,15.02,1.39,1.94
2025-10-15,801770,44.17,4.11,0.88
2025-10-15,801760,46.4,3.14,0.93
2025-10-15,801750,92.3,4.64,0.5
2025-10-15,801730,41.51,3.28,0.82
2025-10-15,801780,6.35,0.55,4.4
2025-10-16,801180,68.73,0.86,0.67
2025-10-16,801170,16.97,1.33,2.61
2025-10-16,801160,19.96,1.7,2.02
2025-10-16,801150,38.74,2.97,1.15
2025-10-16,801050,27.52,3.29,1.17
2025-10-16,801110,14.43,2.49,3.61
2025-10-16,801080,70.46,5.07,0.4
2025-10-16,801040,40.33,1.15,1.36
2025-10-16,801030,28.67,2.09,1.33
2025-10-16,801010,18.46,2.58,1.88
2025-10-16,801120,21.63,4.22,3.39
2025-10-16,801710,29.52,1.34,2.67
2025-10-16,801880,30.64,2.79,1.38
2025-10-16,801790,15.02,1.39,1.94
2025-10-16,801890,37.38,3.05,1.03
2025-10-16,801770,44.51,4.14,0.87
2025-10-16,801760,45.81,3.1,0.94
2025-10-16,801750,91.21,4.58,0.51
2025-10-16,801730,41.56,3.29,0.81
2025-10-16,801780,6.44,0.56,4.43
2025-10-17,801180,67.9,0.85,0.7
2025-10-17,801170,16.88,1.33,2.64
2025-10-17,801160,19.76,1.69,2.04
2025-10-17,801150,38.08,2.92,1.19
2025-10-17,801010,18.33,2.56,1.9
2025-10-17,801110,14.25,2.46,3.66
2025-10-17,801080,67.51,4.86,0.42
2025-10-17,801050,26.96,3.22,1.23
2025-10-17,801040,40.0,1.14,1.37
2025-10-17,801030,28.1,2.05,1.33
2025-10-17,801120,21.31,4.16,3.44
2025-10-17,801710,28.88,1.31,2.73
2025-10-17,801890,36.0,2.93,1.07
2025-10-17,801880,29.56,2.69,1.42
2025-10-17,801780,6.42,0.55,4.44
2025-10-17,801770,43.31,4.03,0.9
2025-10-17,801760,44.62,3.02,1.06
2025-10-17,801750,88.23,4.43,0.52
2025-10-17,801730,39.5,3.12,0.87
2025-10-17,801790,14.72,1.36,2.0
2025-10-20,801180,68.25,0.86,0.68
2025-10-20,801170,17.11,1.34,2.63
2025-10-20,801160,19.84,1.69,2.03
2025-10-20,801150,38.29,2.94,1.18
2025-10-20,801110,14.39,2.49,3.62
2025-10-20,801080,68.48,4.91,0.41
2025-10-20,801050,26.59,3.08,1.25
2025-10-20,801040,40.08,1.14,1.36
2025-10-20,801030,28.27,2.07,1.34
2025-10-20,801010,18.17,2.54,1.92
2025-10-20,801120,21.28,4.16,3.45
2025-10-20,801710,29.09,1.32,2.71
2025-10-20,801890,36.5,2.97,1.05
2025-10-20,801880,29.87,2.72,1.32
2025-10-20,801790,14.79,1.37,1.65
2025-10-20,801770,44.72,4.16,0.86
2025-10-20,801760,44.89,3.03,1.06
2025-10-20,801750,88.82,4.46,0.52
2025-10-20,801730,40.08,3.17,0.89
2025-10-20,801780,6.41,0.55,4.45
2025-10-21,801180,69.78,0.88,0.67
2025-10-21,801170,17.16,1.35,2.62
2025-10-21,801160,19.95,1.7,2.02
2025-10-21,801150,38.66,2.97,1.18
2025-10-21,801050,26.97,3.12,1.23
2025-10-21,801110,14.51,2.51,3.59
2025-10-21,801080,70.88,5.08,0.4
2025-10-21,801040,40.48,1.15,1.34
2025-10-21,801030,28.59,2.09,1.33
2025-10-21,801010,18.31,2.55,1.9
2025-10-21,801120,21.33,4.17,3.44
2025-10-21,801710,29.46,1.34,2.67
2025-10-21,801890,37.26,3.04,1.03
2025-10-21,801880,30.08,2.75,1.3
2025-10-21,801790,14.93,1.38,1.64
2025-10-21,801770,46.93,4.37,0.82
2025-10-21,801760,45.69,3.09,1.04
2025-10-21,801750,90.17,4.53,0.51
2025-10-21,801730,40.83,3.2,0.88
2025-10-21,801780,6.43,0.56,4.43
2025-10-22,801170,17.09,1.34,2.63
2025-10-22,801160,19.89,1.7,2.03
2025-10-22,801150,38.51,2.95,1.19
2025-10-22,801120,21.26,4.15,3.45
2025-10-22,801050,26.61,3.08,1.25
2025-10-22,801080,70.44,5.05,0.4
2025-10-22,801040,40.37,1.15,1.35
2025-10-22,801030,28.42,2.07,1.34
2025-10-22,801010,18.1,2.51,1.92
2025-10-22,801180,70.31,0.88,0.66
2025-10-22,801110,14.63,2.53,3.56
2025-10-22,801890,37.33,3.04,1.02
2025-10-22,801880,29.93,2.73,1.3
2025-10-22,801790,14.83,1.38,1.64
2025-10-22,801780,6.5,0.56,4.39
2025-10-22,801760,45.96,3.11,1.04
2025-10-22,801750,89.62,4.5,0.52
2025-10-22,801730,40.29,3.16,0.89
2025-10-22,801710,29.51,1.34,2.66
2025-10-22,801770,46.9,4.38,0.82
2025-10-23,801180,69.61,0.87,0.67
2025-10-23,801170,17.17,1.35,2.62
2025-10-23,801160,20.07,1.71,2.01
2025-10-23,801150,38.28,2.94,1.19
2025-10-23,801050,26.88,3.13,1.25
2025-10-23,801110,14.71,2.54,3.55
2025-10-23,801080,69.98,5.02,0.41
2025-10-23,801040,40.52,1.15,1.34
2025-10-23,801030,28.67,2.09,1.33
2025-10-23,801010,18.15,2.51,1.91
2025-10-23,801120,21.35,4.17,3.44
2025-10-23,801710,29.23,1.32,2.68
2025-10-23,801880,29.92,2.73,1.31
2025-10-23,801790,14.97,1.39,1.62
2025-10-23,801890,37.22,3.03,1.02
2025-10-23,801770,46.18,4.3,0.84
2025-10-23,801760,46.33,3.13,1.03
2025-10-23,801750,90.1,4.52,0.51
2025-10-23,801730,40.53,3.17,0.88
2025-10-23,801780,6.54,0.56,4.36
2025-10-24,801180,68.9,0.86,0.68
2025-10-24,801170,17.01,1.34,2.96
2025-10-24,801160,19.99,1.7,2.02
2025-10-24,801150,38.35,2.94,1.18
2025-10-24,801110,14.71,2.54,3.52
2025-10-24,801080,73.28,5.25,0.39
2025-10-24,801050,27.27,3.17,1.23
2025-10-24,801040,40.14,1.14,1.36
2025-10-24,801030,28.76,2.09,1.33
2025-10-24,801010,18.12,2.51,1.92
2025-10-24,801120,21.1,4.12,3.48
2025-10-24,801710,29.34,1.33,2.67
2025-10-24,801890,37.65,3.05,1.01
2025-10-24,801880,30.26,2.76,1.38
2025-10-24,801790,15.02,1.4,1.96
2025-10-24,801770,48.39,4.53,0.87
2025-10-24,801760,46.5,3.15,1.04
2025-10-24,801750,91.78,4.6,0.51
2025-10-24,801730,41.42,3.24,0.87
2025-10-24,801780,6.51,0.56,4.38
2025-10-27,801170,17.07,1.35,2.9
2025-10-27,801160,20.23,1.72,1.99
2025-10-27,801150,38.69,2.94,1.17
2025-10-27,801120,21.06,4.11,3.49
2025-10-27,801050,27.92,3.21,1.2
2025-10-27,801080,75.41,5.39,0.38
2025-10-27,801040,40.91,1.16,1.34
2025-10-27,801030,29.07,2.1,1.31
2025-10-27,801010,18.46,2.56,1.88
2025-10-27,801180,68.83,0.86,0.68
2025-10-27,801110,14.82,2.55,3.5
2025-10-27,801890,38.04,3.08,0.99
2025-10-27,801790,15.13,1.41,1.91
2025-10-27,801780,6.51,0.56,4.38
2025-10-27,801880,30.47,2.77,1.38
2025-10-27,801760,46.06,3.11,1.05
2025-10-27,801750,92.71,4.64,0.5
2025-10-27,801730,41.7,3.25,0.84
2025-10-27,801710,29.67,1.34,2.64
2025-10-27,801770,49.96,4.68,0.84
2025-10-28,801180,68.79,0.86,0.68
2025-10-28,801170,17.12,1.35,2.9
2025-10-28,801160,20.17,1.71,2.0
2025-10-28,801150,38.4,2.91,1.18
2025-10-28,801110,14.84,2.56,3.49
2025-10-28,801080,75.11,5.34,0.38
2025-10-28,801050,27.16,3.11,1.24
2025-10-28,801040,40.36,1.15,1.36
2025-10-28,801030,29.09,2.1,1.32
2025-10-28,801010,18.38,2.54,1.89
2025-10-28,801120,21.06,4.1,3.49
2025-10-28,801710,29.65,1.35,2.64
2025-10-28,801880,30.42,2.76,1.38
2025-10-28,801790,15.06,1.4,1.98
2025-10-28,801890,37.82,3.05,1.0
2025-10-28,801770,50.0,4.66,0.84
2025-10-28,801760,45.87,3.1,1.07
2025-10-28,801750,92.86,4.62,0.5
2025-10-28,801730,41.61,3.24,0.84
2025-10-28,801780,6.5,0.56,4.38
2025-10-29,801180,69.17,0.86,0.67
2025-10-29,801170,17.18,1.35,2.88
2025-10-29,801160,20.42,1.71,2.05
2025-10-29,801150,38.57,2.92,1.18
2025-10-29,801110,14.88,2.56,3.49
2025-10-29,801080,76.01,5.37,0.37
2025-10-29,801050,28.33,3.23,1.19
2025-10-29,801040,40.86,1.16,1.34
2025-10-29,801030,29.53,2.13,1.3
2025-10-29,801010,18.49,2.56,1.88
2025-10-29,801120,20.94,4.07,3.51
2025-10-29,801710,29.98,1.36,2.61
2025-10-29,801890,38.22,3.08,0.99
2025-10-29,801880,30.64,2.78,1.37
2025-10-29,801790,15.38,1.41,1.94
2025-10-29,801770,50.03,4.66,0.84
2025-10-29,801760,46.28,3.11,1.06
2025-10-29,801750,93.59,4.66,0.5
2025-10-29,801730,43.64,3.39,0.8
2025-10-29,801780,6.37,0.55,4.47
2025-10-30,801170,17.23,1.35,2.88
2025-10-30,801160,20.45,1.71,2.04
2025-10-30,801150,37.9,2.86,1.19
2025-10-30,801120,20.88,3.99,3.52
2025-10-30,801050,28.55,3.23,1.2
2025-10-30,801080,74.25,5.21,0.38
2025-10-30,801040,41.25,1.17,1.32
2025-10-30,801030,29.28,2.1,1.31
2025-10-30,801010,18.34,2.54,1.89
2025-10-30,801180,68.21,0.85,0.68
2025-10-30,801110,14.82,2.53,3.5
2025-10-30,801890,37.76,3.04,1.0
2025-10-30,801790,15.14,1.38,1.97
2025-10-30,801780,6.38,0.55,4.47
2025-10-30,801880,30.34,2.74,1.39
2025-10-30,801760,45.41,3.03,1.08
2025-10-30,801750,92.43,4.61,0.5
2025-10-30,801730,43.47,3.37,0.81
2025-10-30,801710,29.51,1.34,2.67
2025-10-30,801770,48.62,4.48,0.87
2025-10-31,801180,68.54,0.87,0.68
2025-10-31,801170,17.15,1.32,2.9
2025-10-31,801160,20.2,1.66,2.07
2025-10-31,801150,38.8,2.92,1.17
2025-10-31,801110,14.83,2.47,3.5
2025-10-31,801080,72.02,4.99,0.4
2025-10-31,801050,28.06,3.16,1.22
2025-10-31,801040,41.17,1.17,1.32
2025-10-31,801030,29.44,2.11,1.3
2025-10-31,801010,18.52,2.57,1.87
2025-10-31,801120,21.05,3.97,3.49
2025-10-31,801710,29.72,1.34,2.66
2025-10-31,801890,37.65,3.02,1.0
2025-10-31,801880,30.41,2.72,1.37
2025-10-31,801790,14.94,1.34,2.0
2025-10-31,801770,46.66,4.28,0.84
2025-10-31,801760,46.47,3.08,1.06
2025-10-31,801750,93.43,4.65,0.5
2025-10-31,801730,43.15,3.33,0.81
2025-10-31,801780,6.37,0.54,4.48
2025-11-03,801180,63.71,0.87,0.68
2025-11-03,801170,18.33,1.33,2.84
2025-11-03,801160,20.27,1.67,1.98
2025-11-03,801150,38.97,2.91,1.17
2025-11-03,801050,25.21,3.13,1.23
2025-11-03,801110,14.55,2.46,3.52
2025-11-03,801080,65.75,4.99,0.4
2025-11-03,801040,33.1,1.19,1.29
2025-11-03,801030,28.58,2.11,1.3
2025-11-03,801010,24.09,2.6,2.1
2025-11-03,801120,21.9,3.98,3.48
2025-11-03,801710,28.4,1.34,2.66
2025-11-03,801890,37.32,3.02,1.0
2025-11-03,801880,29.44,2.71,1.37
2025-11-03,801790,12.95,1.34,2.0
2025-11-03,801770,43.41,4.3,0.83
2025-11-03,801760,44.89,3.18,1.02
2025-11-03,801750,91.55,4.7,0.49
2025-11-03,801730,40.68,3.36,0.8
2025-11-03,801780,6.42,0.55,4.37
2025-11-04,801170,18.24,1.33,2.86
2025-11-04,801160,20.32,1.67,1.98
2025-11-04,801150,38.27,2.86,1.19
2025-11-04,801120,21.69,3.95,3.51
2025-11-04,801050,24.46,3.03,1.27
2025-11-04,801080,64.89,4.92,0.4
2025-11-04,801040,33.1,1.19,1.29
2025-11-04,801030,28.14,2.08,1.33
2025-11-04,801010,23.86,2.58,2.12
2025-11-04,801180,63.52,0.87,0.68
2025-11-04,801110,14.46,2.44,3.55
2025-11-04,801890,36.95,2.98,1.02
2025-11-04,801880,29.04,2.67,1.39
2025-11-04,801790,12.93,1.34,2.0
2025-11-04,801780,6.55,0.56,4.28
2025-11-04,801760,44.76,3.17,1.02
2025-11-04,801750,90.28,4.64,0.5
2025-11-04,801730,39.85,3.29,0.82
2025-11-04,801710,28.13,1.33,2.69
2025-11-04,801770,42.99,4.26,0.84
2025-11-05,801180,63.89,0.87,0.68
2025-11-05,801170,18.32,1.33,2.85
2025-11-05,801160,20.44,1.68,1.97
2025-11-05,801150,38.25,2.86,1.19
2025-11-05,801050,24.61,3.05,1.26
2025-11-05,801110,14.53,2.45,3.53
2025-11-05,801080,64.77,4.91,0.4
2025-11-05,801040,33.29,1.2,1.29
2025-11-05,801030,28.34,2.09,1.32
2025-11-05,801010,24.01,2.59,2.11
2025-11-05,801120,21.63,3.94,3.52
2025-11-05,801710,28.41,1.34,2.67
2025-11-05,801890,37.11,2.99,1.01
2025-11-05,801880,29.01,2.67,1.39
2025-11-05,801790,12.87,1.33,2.02
2025-11-05,801770,42.8,4.24,0.84
2025-11-05,801760,44.57,3.15,1.02
2025-11-05,801750,89.36,4.59,0.5
2025-11-05,801730,41.21,3.41,0.8
2025-11-05,801780,6.55,0.56,4.29
2025-11-06,801180,63.72,0.87,0.68
2025-11-06,801170,18.31,1.33,2.85
2025-11-06,801160,20.6,1.69,1.95
2025-11-06,801150,38.25,2.86,1.2
2025-11-06,801050,25.37,3.14,1.23
2025-11-06,801110,14.76,2.49,3.47
2025-11-06,801080,66.74,5.06,0.39
2025-11-06,801040,33.87,1.22,1.27
2025-11-06,801030,28.9,2.14,1.3
2025-11-06,801010,23.92,2.58,2.12
2025-11-06,801120,21.7,3.95,3.51
2025-11-06,801710,28.4,1.34,2.67
2025-11-06,801880,29.54,2.72,1.37
2025-11-06,801790,13.02,1.35,2.0
2025-11-06,801890,37.66,3.04,1.0
2025-11-06,801770,43.83,4.34,0.82
2025-11-06,801760,43.97,3.11,1.07
2025-11-06,801750,90.04,4.62,0.5
2025-11-06,801730,41.9,3.46,0.79
2025-11-06,801780,6.52,0.56,4.3
2025-11-07,801180,63.56,0.87,0.68
2025-11-07,801170,18.38,1.34,2.84
2025-11-07,801160,20.61,1.7,1.95
2025-11-07,801150,38.12,2.85,1.2
2025-11-07,801010,23.99,2.59,2.12
2025-11-07,801110,14.59,2.46,3.61
2025-11-07,801080,65.88,5.0,0.4
2025-11-07,801050,25.53,3.16,1.22
2025-11-07,801040,33.94,1.22,1.26
2025-11-07,801030,29.51,2.19,1.26
2025-11-07,801120,21.7,3.95,3.51
2025-11-07,801710,28.76,1.36,2.64
2025-11-07,801890,37.41,3.02,1.01
2025-11-07,801880,29.21,2.69,1.38
2025-11-07,801780,6.52,0.55,4.28
2025-11-07,801770,43.62,4.32,0.83
2025-11-07,801760,43.59,3.08,1.08
2025-11-07,801750,88.4,4.53,0.51
2025-11-07,801730,42.29,3.5,0.78
2025-11-07,801790,12.93,1.34,2.01
2025-11-10,801180,64.23,0.88,0.67
2025-11-10,801170,18.65,1.36,2.61
2025-11-10,801160,20.65,1.7,1.95
2025-11-10,801150,38.6,2.88,1.17
2025-11-10,801110,14.7,2.48,3.56
2025-11-10,801080,65.54,4.97,0.39
2025-11-10,801050,25.63,3.17,1.22
2025-11-10,801040,33.78,1.22,1.27
2025-11-10,801030,29.97,2.22,1.24
2025-11-10,801010,24.48,2.64,2.04
2025-11-10,801120,22.39,4.08,3.4
2025-11-10,801710,28.93,1.36,2.63
2025-11-10,801890,37.14,3.0,1.01
2025-11-10,801880,29.1,2.67,1.39
2025-11-10,801790,13.09,1.36,1.99
2025-11-10,801770,43.4,4.3,0.83
2025-11-10,801760,43.8,3.1,1.05
2025-11-10,801750,88.54,4.54,0.51
2025-11-10,801730,41.82,3.46,0.79
2025-11-10,801780,6.56,0.56,4.25
2025-11-11,801180,64.75,0.88,0.67
2025-11-11,801170,18.64,1.36,2.61
2025-11-11,801160,20.7,1.7,1.94
2025-11-11,801150,38.58,2.88,1.17
2025-11-11,801050,25.33,3.13,1.24
2025-11-11,801110,14.67,2.48,3.57
2025-11-11,801080,64.33,4.88,0.4
2025-11-11,801040,33.99,1.22,1.26
2025-11-11,801030,30.13,2.23,1.24
2025-11-11,801010,24.63,2.66,2.03
2025-11-11,801120,22.41,4.08,3.39
2025-11-11,801710,29.04,1.37,2.62
2025-11-11,801890,37.07,2.99,1.01
2025-11-11,801880,28.97,2.66,1.4
2025-11-11,801790,12.96,1.34,2.01
2025-11-11,801770,42.43,4.2,0.85
2025-11-11,801760,43.57,3.08,1.05
2025-11-11,801750,87.29,4.48,0.52
2025-11-11,801730,41.86,3.46,0.79
2025-11-11,801780,6.58,0.56,4.24
2025-11-12,801170,18.62,1.36,2.61
2025-11-12,801160,20.63,1.7,1.97
2025-11-12,801150,38.81,2.9,1.18
2025-11-12,801120,22.46,4.09,3.39
2025-11-12,801050,25.32,3.13,1.24
2025-11-12,801080,64.04,4.86,0.41
2025-11-12,801040,33.73,1.22,1.27
2025-11-12,801030,29.97,2.22,1.24
2025-11-12,801010,24.54,2.65,2.04
2025-11-12,801180,64.36,0.88,0.67
2025-11-12,801110,14.85,2.51,3.53
2025-11-12,801890,36.61,2.95,1.02
2025-11-12,801880,28.74,2.64,1.4
2025-11-12,801790,12.96,1.34,2.02
2025-11-12,801780,6.61,0.56,4.21
2025-11-12,801760,43.51,3.08,1.05
2025-11-12,801750,86.4,4.43,0.52
2025-11-12,801730,40.96,3.38,0.8
2025-11-12,801710,28.83,1.36,2.64
2025-11-12,801770,42.66,4.23,0.85
2025-11-13,801180,65.02,0.89,0.67
2025-11-13,801170,18.74,1.36,2.59
2025-11-13,801160,20.58,1.69,1.97
2025-11-13,801150,39.31,2.94,1.17
2025-11-13,801050,26.34,3.26,1.19
2025-11-13,801110,14.89,2.51,3.52
2025-11-13,801080,64.65,4.9,0.4
2025-11-13,801040,34.3,1.24,1.25
2025-11-13,801030,30.77,2.28,1.21
2025-11-13,801010,24.73,2.67,2.02
2025-11-13,801120,22.57,4.11,3.37
2025-11-13,801710,29.19,1.38,2.58
2025-11-13,801880,28.98,2.66,1.39
2025-11-13,801790,13.11,1.36,2.0
2025-11-13,801890,36.92,2.98,1.02
2025-11-13,801770,42.57,4.22,0.85
2025-11-13,801760,43.94,3.11,1.04
2025-11-13,801750,87.31,4.47,0.52
2025-11-13,801730,42.72,3.53,0.77
2025-11-13,801780,6.61,0.56,4.22
2025-11-14,801180,65.28,0.89,0.66
2025-11-14,801170,18.71,1.36,2.6
2025-11-14,801160,20.48,1.68,2.0
2025-11-14,801150,39.36,2.94,1.16
2025-11-14,801110,14.76,2.49,3.55
2025-11-14,801080,62.59,4.75,0.42
2025-11-14,801050,25.81,3.19,1.22
2025-11-14,801040,34.25,1.23,1.25
2025-11-14,801030,30.31,2.25,1.23
2025-11-14,801010,24.65,2.66,2.03
2025-11-14,801120,22.31,4.06,3.41
2025-11-14,801710,28.95,1.37,2.61
2025-11-14,801890,36.56,2.95,1.03
2025-11-14,801880,28.63,2.63,1.41
2025-11-14,801790,12.96,1.34,2.01
2025-11-14,801770,41.52,4.11,0.87
2025-11-14,801760,43.01,3.04,1.07
2025-11-14,801750,85.71,4.39,0.53
2025-11-14,801730,41.95,3.46,0.79
2025-11-14,801780,6.63,0.56,4.12
2025-11-17,801170,18.56,1.35,2.62
2025-11-17,801160,20.36,1.67,2.01
2025-11-17,801150,38.68,2.89,1.18
2025-11-17,801120,22.38,4.07,3.4
2025-11-17,801050,25.63,3.17,1.22
2025-11-17,801080,62.7,4.76,0.42
2025-11-17,801040,34.36,1.24,1.25
2025-11-17,801030,30.55,2.26,1.2
2025-11-17,801010,24.51,2.64,2.04
2025-11-17,801180,65.93,0.9,0.66
2025-11-17,801110,14.63,2.47,3.58
2025-11-17,801890,36.66,2.96,1.03
2025-11-17,801790,12.81,1.33,2.04
2025-11-17,801780,6.54,0.56,4.2
2025-11-17,801880,28.62,2.63,1.41
2025-11-17,801760,43.04,3.05,1.07
2025-11-17,801750,87.13,4.46,0.52
2025-11-17,801730,41.64,3.44,0.79
2025-11-17,801710,28.71,1.36,2.62
2025-11-17,801770,41.98,4.16,0.86
2025-11-18,801180,64.74,0.88,0.67
2025-11-18,801170,18.29,1.33,2.66
2025-11-18,801160,20.13,1.66,2.03
2025-11-18,801150,38.34,2.87,1.19
2025-11-18,801110,14.52,2.45,3.83
2025-11-18,801080,62.8,4.77,0.41
2025-11-18,801050,24.91,3.08,1.26
2025-11-18,801040,33.38,1.2,1.29
2025-11-18,801030,29.72,2.2,1.23
2025-11-18,801010,24.34,2.63,2.07
2025-11-18,801120,22.39,4.07,3.4
2025-11-18,801710,28.33,1.34,2.66
2025-11-18,801880,28.29,2.6,1.43
2025-11-18,801790,12.8,1.33,2.04
2025-11-18,801890,36.47,2.94,1.03
2025-11-18,801770,41.97,4.16,0.86
2025-11-18,801760,43.71,3.09,1.05
2025-11-18,801750,87.97,4.51,0.51
2025-11-18,801730,40.42,3.34,0.82
2025-11-18,801780,6.52,0.55,4.25
2025-11-19,801180,63.39,0.86,0.68
2025-11-19,801170,18.2,1.33,2.67
2025-11-19,801160,20.08,1.65,2.03
2025-11-19,801150,37.86,2.83,1.21
2025-11-19,801010,24.37,2.63,1.95
2025-11-19,801110,14.45,2.44,3.85
2025-11-19,801080,62.27,4.73,0.42
2025-11-19,801050,25.51,3.16,1.23
2025-11-19,801040,33.36,1.2,1.29
2025-11-19,801030,29.81,2.21,1.23
2025-11-19,801120,22.3,4.06,3.41
2025-11-19,801710,27.85,1.32,2.74
2025-11-19,801890,36.11,2.91,1.04
2025-11-19,801880,28.11,2.58,1.44
2025-11-19,801790,12.84,1.33,2.04
2025-11-19,801770,42.17,4.18,0.86
2025-11-19,801760,42.96,3.04,1.07
2025-11-19,801750,86.77,4.45,0.52
2025-11-19,801730,40.39,3.33,0.82
2025-11-19,801780,6.58,0.56,4.19
2025-11-20,801180,63.6,0.86,0.68
2025-11-20,801170,18.14,1.32,2.68
2025-11-20,801160,20.04,1.65,2.04
2025-11-20,801150,37.68,2.82,1.22
2025-11-20,801080,61.8,4.69,0.42
2025-11-20,801110,14.48,2.44,3.84
2025-11-20,801050,25.41,3.14,1.24
2025-11-20,801040,33.33,1.2,1.29
2025-11-20,801030,29.43,2.18,1.24
2025-11-20,801120,22.18,4.04,3.43
2025-11-20,801010,24.19,2.61,1.96
2025-11-20,801710,28.25,1.34,2.7
2025-11-20,801890,35.83,2.89,1.09
2025-11-20,801880,27.76,2.55,1.46
2025-11-20,801790,12.78,1.33,2.04
2025-11-20,801770,42.39,4.2,0.85
2025-11-20,801760,42.55,3.01,1.08
2025-11-20,801750,85.98,4.41,0.51
2025-11-20,801730,39.59,3.27,0.83
2025-11-20,801780,6.63,0.56,4.23
2025-11-21,801180,61.53,0.84,0.7
2025-11-21,801170,17.77,1.29,2.74
2025-11-21,801160,19.6,1.61,2.09
2025-11-21,801150,36.69,2.74,1.25
2025-11-21,801080,58.98,4.48,0.44
2025-11-21,801120,21.99,4.0,3.46
2025-11-21,801110,14.43,2.44,3.85
2025-11-21,801050,24.08,2.98,1.3
2025-11-21,801040,31.85,1.15,1.35
2025-11-21,801030,28.06,2.08,1.3
2025-11-21,801010,23.8,2.57,2.0
2025-11-21,801710,27.35,1.3,2.79
2025-11-21,801890,34.88,2.81,1.12
2025-11-21,801880,27.25,2.5,1.49
2025-11-21,801780,6.57,0.56,4.31
2025-11-21,801770,40.45,4.01,0.89
2025-11-21,801760,42.39,2.99,1.08
2025-11-21,801750,83.44,4.27,0.53
2025-11-21,801730,37.58,3.1,0.88
2025-11-21,801790,12.38,1.28,2.11
2025-11-24,801180,61.69,0.84,0.7
2025-11-24,801170,17.72,1.29,2.74
2025-11-24,801160,19.55,1.61,2.09
2025-11-24,801150,37.15,2.78,1.23
2025-11-24,801110,14.43,2.44,3.85
2025-11-24,801080,59.35,4.51,0.43
2025-11-24,801050,23.96,2.96,1.3
2025-11-24,801040,31.77,1.14,1.35
2025-11-24,801030,28.05,2.08,1.28
2025-11-24,801120,21.87,3.98,3.48
2025-11-24,801010,23.94,2.58,1.99
2025-11-24,801710,27.39,1.3,2.79
2025-11-24,801890,35.35,2.85,1.11
2025-11-24,801880,27.49,2.53,1.47
2025-11-24,801790,12.38,1.28,2.11
2025-11-24,801770,40.66,4.03,0.89
2025-11-24,801760,43.84,3.1,1.04
2025-11-24,801750,85.47,4.38,0.52
2025-11-24,801730,37.76,3.12,0.87
2025-11-24,801780,6.52,0.55,4.34
2025-11-25,801180,62.32,0.85,0.7
2025-11-25,801170,18.0,1.3,2.71
2025-11-25,801150,37.51,2.8,1.22
2025-11-25,801080,60.64,4.6,0.42
2025-11-25,801110,14.5,2.45,3.83
2025-11-25,801050,24.55,3.04,1.27
2025-11-25,801040,31.99,1.15,1.34
2025-11-25,801030,28.37,2.1,1.27
2025-11-25,801010,23.98,2.59,1.98
2025-11-25,801120,21.88,3.98,3.47
2025-11-25,801160,19.65,1.62,2.08
2025-11-25,801710,27.82,1.32,2.74
2025-11-25,801890,35.66,2.88,1.1
2025-11-25,801880,27.64,2.54,1.46
2025-11-25,801790,12.47,1.29,2.09
2025-11-25,801770,42.09,4.17,0.86
2025-11-25,801760,45.08,3.18,1.06
2025-11-25,801750,86.37,4.42,0.51
2025-11-25,801730,38.36,3.17,0.86
2025-11-25,801780,6.6,0.56,4.29
2025-11-26,801180,62.12,0.84,0.68
2025-11-26,801170,18.0,1.3,2.72
2025-11-26,801160,19.62,1.61,2.09
2025-11-26,801150,37.8,2.82,1.18
2025-11-26,801080,61.61,4.68,0.42
2025-11-26,801120,21.93,3.99,3.47
2025-11-26,801110,14.64,2.47,3.8
2025-11-26,801050,24.48,3.03,1.27
2025-11-26,801040,31.85,1.15,1.35
2025-11-26,801030,28.22,2.09,1.28
2025-11-26,801010,23.82,2.57,1.99
2025-11-26,801890,35.76,2.88,1.1
2025-11-26,801880,27.78,2.55,1.45
2025-11-26,801710,27.83,1.32,2.74
2025-11-26,801780,6.55,0.56,4.33
2025-11-26,801770,44.08,4.37,0.82
2025-11-26,801760,44.72,3.16,1.06
2025-11-26,801750,86.0,4.41,0.51
2025-11-26,801730,38.35,3.16,0.86
2025-11-26,801790,12.46,1.29,2.11
2025-11-27,801180,61.73,0.84,0.69
2025-11-27,801170,17.92,1.3,2.73
2025-11-27,801160,19.72,1.62,2.08
2025-11-27,801150,37.65,2.81,1.19
2025-11-27,801080,61.78,4.69,0.42
2025-11-27,801120,21.91,3.98,3.47
2025-11-27,801110,14.65,2.47,3.79
2025-11-27,801050,24.54,3.03,1.26
2025-11-27,801040,31.77,1.14,1.35
2025-11-27,801030,28.51,2.11,1.26
2025-11-27,801010,23.8,2.57,1.99
2025-11-27,801710,27.62,1.31,2.76
2025-11-27,801890,35.73,2.88,1.1
2025-11-27,801880,27.73,2.55,1.45
2025-11-27,801780,6.58,0.56,4.3
2025-11-27,801770,43.97,4.35,0.82
2025-11-27,801760,44.09,3.11,1.06
2025-11-27,801750,85.29,4.37,0.52
2025-11-27,801730,38.4,3.17,0.86
2025-11-27,801790,12.45,1.29,2.11
2025-11-28,801180,61.97,0.84,0.69
2025-11-28,801170,17.99,1.3,2.72
2025-11-28,801160,19.78,1.63,2.07
2025-11-28,801150,37.71,2.82,1.19
2025-11-28,801110,14.69,2.48,3.78
2025-11-28,801080,62.58,4.75,0.41
2025-11-28,801050,24.9,3.08,1.26
2025-11-28,801040,32.29,1.16,1.33
2025-11-28,801030,28.88,2.14,1.25
2025-11-28,801120,22.02,4.0,3.45
2025-11-28,801010,24.18,2.61,1.96
2025-11-28,801710,27.91,1.32,2.73
2025-11-28,801890,36.23,2.92,1.08
2025-11-28,801880,28.06,2.58,1.45
2025-11-28,801790,12.47,1.29,2.1
2025-11-28,801770,44.03,4.36,0.82
2025-11-28,801760,44.18,3.12,1.09
2025-11-28,801750,86.0,4.4,0.51
2025-11-28,801730,38.89,3.21,0.85
2025-11-28,801780,6.53,0.56,4.35
2025-12-01,801180,61.94,0.84,0.69
2025-12-01,801160,19.85,1.63,2.06
2025-12-01,801150,37.84,2.83,1.17
2025-12-01,801120,22.05,4.01,3.45
2025-12-01,801050,25.61,3.17,1.22
2025-12-01,801080,63.62,4.83,0.4
2025-12-01,801040,32.57,1.17,1.32
2025-12-01,801030,29.02,2.15,1.24
2025-12-01,801010,24.07,2.6,1.97
2025-12-01,801110,14.76,2.49,3.77
2025-12-01,801170,18.22,1.32,2.68
2025-12-01,801710,28.2,1.34,2.7
2025-12-01,801890,36.46,2.94,1.08
2025-12-01,801880,28.39,2.61,1.43
2025-12-01,801790,12.48,1.29,2.08
2025-12-01,801770,45.3,4.49,0.8
2025-12-01,801760,44.6,3.15,1.07
2025-12-01,801750,86.57,4.43,0.51
2025-12-01,801730,39.14,3.23,0.85
2025-12-01,801780,6.58,0.56,4.25
2025-12-02,801180,61.98,0.84,0.69
2025-12-02,801170,18.13,1.31,2.7
2025-12-02,801150,37.36,2.8,1.19
2025-12-02,801080,63.15,4.79,0.4
2025-12-02,801110,14.83,2.5,3.75
2025-12-02,801050,25.26,3.12,1.23
2025-12-02,801040,32.43,1.17,1.33
2025-12-02,801030,28.82,2.13,1.25
2025-12-02,801010,24.0,2.59,1.97
2025-12-02,801120,21.92,3.98,3.47
2025-12-02,801160,19.85,1.63,2.06
2025-12-02,801710,28.29,1.34,2.7
2025-12-02,801890,36.15,2.92,1.09
2025-12-02,801880,28.27,2.6,1.43
2025-12-02,801790,12.4,1.29,2.09
2025-12-02,801770,45.43,4.5,0.79
2025-12-02,801760,43.82,3.09,1.09
2025-12-02,801750,85.44,4.37,0.52
2025-12-02,801730,38.7,3.19,0.85
2025-12-02,801780,6.58,0.56,4.25
2025-12-03,801180,61.03,0.83,0.7
2025-12-03,801170,18.25,1.32,2.68
2025-12-03,801150,37.27,2.79,1.18
2025-12-03,801080,62.51,4.75,0.41
2025-12-03,801110,14.88,2.51,3.74
2025-12-03,801050,25.43,3.14,1.22
2025-12-03,801040,32.24,1.16,1.33
2025-12-03,801030,28.7,2.13,1.26
2025-12-03,801010,23.8,2.57,1.99
2025-12-03,801120,21.76,3.96,3.49
2025-12-03,801160,19.86,1.63,2.05
2025-12-03,801710,28.12,1.33,2.71
2025-12-03,801890,36.09,2.91,1.09
2025-12-03,801880,28.03,2.58,1.45
2025-12-03,801790,12.29,1.27,2.11
2025-12-03,801770,44.92,4.45,0.8
2025-12-03,801760,42.57,3.01,1.13
2025-12-03,801750,83.49,4.27,0.53
2025-12-03,801730,38.31,3.16,0.86
2025-12-03,801780,6.52,0.55,4.29
2025-12-04,801180,60.57,0.82,0.7
2025-12-04,801170,18.2,1.32,2.68
2025-12-04,801160,19.81,1.63,2.1
2025-12-04,801150,37.28,2.79,1.18
2025-12-04,801080,63.02,4.79,0.4
2025-12-04,801120,21.5,3.91,3.53
2025-12-04,801110,14.91,2.52,3.73
2025-12-04,801050,25.51,3.15,1.22
2025-12-04,801040,32.0,1.15,1.34
2025-12-04,801030,28.43,2.11,1.27
2025-12-04,801010,23.6,2.55,2.01
2025-12-04,801890,36.41,2.94,1.08
2025-12-04,801880,28.15,2.59,1.44
2025-12-04,801710,27.92,1.32,2.78
2025-12-04,801780,6.49,0.55,4.32
2025-12-04,801770,45.15,4.47,0.8
2025-12-04,801760,42.43,3.0,1.13
2025-12-04,801750,83.36,4.27,0.53
2025-12-04,801730,38.42,3.17,0.86
2025-12-04,801790,12.33,1.28,2.1
2025-12-05,801180,60.66,0.82,0.7
2025-12-05,801170,18.21,1.32,2.68
2025-12-05,801150,37.48,2.8,1.18
2025-12-05,801080,63.26,4.81,0.4
2025-12-05,801110,14.96,2.53,3.72
2025-12-05,801050,26.24,3.24,1.19
2025-12-05,801040,32.39,1.17,1.33
2025-12-05,801030,28.87,2.14,1.25
2025-12-05,801010,23.83,2.57,1.99
2025-12-05,801120,21.6,3.93,3.52
2025-12-05,801160,19.81,1.63,2.1
2025-12-05,801710,28.27,1.34,2.73
2025-12-05,801880,28.46,2.62,1.43
2025-12-05,801790,12.76,1.32,2.03
2025-12-05,801890,37.27,3.01,1.05
2025-12-05,801770,45.72,4.53,0.79
2025-12-05,801760,42.55,3.0,1.13
2025-12-05,801750,84.54,4.33,0.52
2025-12-05,801730,39.05,3.22,0.85
2025-12-05,801780,6.45,0.55,4.34
2025-12-08,801150,37.53,2.81,1.17
2025-12-08,801180,60.96,0.83,0.7
2025-12-08,801170,18.24,1.32,2.68
2025-12-08,801160,19.72,1.62,2.11
2025-12-08,801120,21.43,3.89,3.55
2025-12-08,801110,14.95,2.52,3.72
2025-12-08,801080,64.86,4.93,0.39
2025-12-08,801050,26.42,3.27,1.18
2025-12-08,801040,32.3,1.16,1.33
2025-12-08,801030,28.93,2.14,1.25
2025-12-08,801010,23.89,2.58,1.96
2025-12-08,801890,37.77,3.05,1.03
2025-12-08,801880,28.55,2.62,1.39
2025-12-08,801710,28.39,1.34,2.72
2025-12-08,801780,6.45,0.55,4.34
2025-12-08,801770,47.91,4.75,0.75
2025-12-08,801760,42.92,3.03,1.12
2025-12-08,801750,85.79,4.39,0.51
2025-12-08,801730,39.57,3.27,0.83
2025-12-08,801790,13.01,1.35,1.99
2025-12-09,801180,59.68,0.81,0.71
2025-12-09,801170,18.03,1.3,2.71
2025-12-09,801160,19.66,1.62,2.11
2025-12-09,801150,37.23,2.78,1.18
2025-12-09,801080,65.37,4.97,0.39
2025-12-09,801120,21.22,3.86,3.58
2025-12-09,801110,14.74,2.49,3.77
2025-12-09,801050,25.62,3.17,1.22
2025-12-09,801040,31.5,1.14,1.36
2025-12-09,801030,28.57,2.12,1.26
2025-12-09,801010,23.58,2.54,1.98
2025-12-09,801710,27.96,1.33,2.75
2025-12-09,801890,37.53,3.03,1.03
2025-12-09,801880,28.38,2.61,1.4
2025-12-09,801780,6.45,0.55,4.34
2025-12-09,801770,48.99,4.85,0.74
2025-12-09,801760,42.86,3.03,1.12
2025-12-09,801750,84.91,4.35,0.53
2025-12-09,801730,39.4,3.25,0.84
2025-12-09,801790,12.83,1.33,2.02
2025-12-10,801180,61.19,0.83,0.69
2025-12-10,801170,18.17,1.31,2.68
2025-12-10,801160,19.7,1.62,2.11
2025-12-10,801150,37.32,2.79,1.18
2025-12-10,801010,23.79,2.57,1.97
2025-12-10,801110,14.79,2.5,3.76
2025-12-10,801080,65.1,4.95,0.39
2025-12-10,801050,26.0,3.21,1.2
2025-12-10,801040,31.66,1.14,1.36
2025-12-10,801030,28.6,2.12,1.26
2025-12-10,801120,21.24,3.86,3.57
2025-12-10,801710,28.16,1.33,2.73
2025-12-10,801890,37.84,3.05,1.02
2025-12-10,801880,28.64,2.63,1.38
2025-12-10,801790,12.87,1.33,2.01
2025-12-10,801770,49.59,4.91,0.73
2025-12-10,801760,43.3,3.06,1.11
2025-12-10,801750,84.39,4.32,0.53
2025-12-10,801730,38.99,3.23,0.84
2025-12-10,801780,6.35,0.54,4.41
2025-12-11,801180,59.32,0.81,0.72
2025-12-11,801170,17.91,1.3,2.72
2025-12-11,801160,19.6,1.61,2.13
2025-12-11,801150,37.05,2.77,1.19
2025-12-11,801050,25.84,3.19,1.19
2025-12-11,801110,14.62,2.47,3.8
2025-12-11,801080,63.93,4.86,0.39
2025-12-11,801040,31.16,1.12,1.38
2025-12-11,801030,28.24,2.09,1.28
2025-12-11,801010,23.6,2.55,1.98
2025-12-11,801120,21.15,3.85,3.59
2025-12-11,801710,27.95,1.32,2.75
2025-12-11,801890,37.36,3.01,1.04
2025-12-11,801880,28.38,2.61,1.4
2025-12-11,801790,12.74,1.32,2.03
2025-12-11,801770,48.04,4.76,0.75
2025-12-11,801760,42.4,2.99,1.13
2025-12-11,801750,82.71,4.23,0.55
2025-12-11,801730,38.91,3.22,0.84
2025-12-11,801780,6.36,0.54,4.56
2025-12-12,801180,59.07,0.8,0.73
2025-12-12,801170,17.93,1.3,2.72
2025-12-12,801160,19.79,1.63,2.14
2025-12-12,801150,37.11,2.78,1.19
2025-12-12,801050,26.23,3.24,1.24
2025-12-12,801110,14.67,2.48,3.79
2025-12-12,801080,65.14,4.95,0.39
2025-12-12,801040,31.45,1.13,1.37
2025-12-12,801030,28.23,2.09,1.26
2025-12-12,801010,23.82,2.57,1.96
2025-12-12,801120,21.24,3.86,3.57
2025-12-12,801710,27.83,1.32,2.77
2025-12-12,801890,37.79,3.05,1.02
2025-12-12,801880,28.49,2.62,1.39
2025-12-12,801790,12.87,1.33,2.07
2025-12-12,801770,48.6,4.81,0.74
2025-12-12,801760,42.7,3.01,1.12
2025-12-12,801750,83.48,4.27,0.54
2025-12-12,801730,39.47,3.27,0.83
2025-12-12,801780,6.34,0.54,4.55
2025-12-15,801170,18.0,1.3,2.67
2025-12-15,801160,19.78,1.63,2.13
2025-12-15,801150,36.66,2.74,1.2
2025-12-15,801120,21.38,3.89,3.55
2025-12-15,801050,26.1,3.22,1.24
2025-12-15,801080,63.58,4.83,0.4
2025-12-15,801040,31.74,1.14,1.35
2025-12-15,801030,28.42,2.11,1.25
2025-12-15,801010,24.12,2.6,1.96
2025-12-15,801180,58.54,0.8,0.73
2025-12-15,801110,14.69,2.48,3.78
2025-12-15,801890,37.27,3.01,1.04
2025-12-15,801790,13.07,1.36,2.02
2025-12-15,801780,6.33,0.54,4.79
2025-12-15,801880,28.21,2.59,1.4
2025-12-15,801760,42.0,2.97,1.14
2025-12-15,801750,82.42,4.22,0.55
2025-12-15,801730,39.0,3.23,0.84
2025-12-15,801710,28.1,1.33,2.74
2025-12-15,801770,47.68,4.72,0.76
2025-12-16,801180,57.96,0.79,0.73
2025-12-16,801170,17.92,1.3,2.69
2025-12-16,801160,19.55,1.61,2.16
2025-12-16,801150,36.03,2.7,1.22
2025-12-16,801110,14.6,2.46,3.81
2025-12-16,801080,62.61,4.76,0.4
2025-12-16,801050,25.36,3.13,1.28
2025-12-16,801040,31.19,1.12,1.37
2025-12-16,801030,27.95,2.07,1.28
2025-12-16,801010,23.99,2.59,1.97
2025-12-16,801120,21.38,3.89,3.55
2025-12-16,801710,27.7,1.31,2.78
2025-12-16,801890,36.43,2.94,1.06
2025-12-16,801880,28.02,2.58,1.41
2025-12-16,801790,12.99,1.35,2.03
2025-12-16,801770,46.27,4.58,0.78
2025-12-16,801760,41.0,2.89,1.17
2025-12-16,801750,81.46,4.17,0.55
2025-12-16,801730,37.97,3.15,0.87
2025-12-16,801780,6.3,0.54,4.81
2025-12-17,801180,58.02,0.79,0.73
2025-12-17,801170,18.11,1.31,2.66
2025-12-17,801160,19.6,1.61,2.15
2025-12-17,801150,36.5,2.73,1.21
2025-12-17,801050,26.15,3.23,1.24
2025-12-17,801110,14.72,2.48,3.78
2025-12-17,801080,64.16,4.88,0.39
2025-12-17,801040,30.74,1.12,1.33
2025-12-17,801030,28.57,2.12,1.26
2025-12-17,801010,23.85,2.57,1.98
2025-12-17,801120,21.47,3.91,3.68
2025-12-17,801710,27.86,1.32,2.76
2025-12-17,801890,37.0,2.98,1.04
2025-12-17,801880,28.24,2.6,1.4
2025-12-17,801790,13.24,1.37,1.99
2025-12-17,801770,48.62,4.82,0.74
2025-12-17,801760,41.82,2.95,1.15
2025-12-17,801750,82.71,4.23,0.55
2025-12-17,801730,38.75,3.21,0.85
2025-12-17,801780,6.31,0.54,4.85
2025-12-18,801170,18.2,1.32,2.64
2025-12-18,801160,19.62,1.61,2.15
2025-12-18,801150,36.6,2.74,1.2
2025-12-18,801120,21.4,3.89,3.95
2025-12-18,801050,26.13,3.23,1.24
2025-12-18,801080,63.16,4.8,0.4
2025-12-18,801040,30.67,1.12,1.33
2025-12-18,801030,28.6,2.12,1.26
2025-12-18,801010,23.81,2.57,1.99
2025-12-18,801180,57.7,0.78,0.74
2025-12-18,801110,14.63,2.47,3.8
2025-12-18,801890,36.78,2.97,1.05
2025-12-18,801790,13.18,1.37,2.02
2025-12-18,801780,6.43,0.55,4.75
2025-12-18,801880,28.04,2.58,1.41
2025-12-18,801760,42.12,2.97,1.14
2025-12-18,801750,82.3,4.21,0.55
2025-12-18,801730,37.89,3.14,0.87
2025-12-18,801710,27.79,1.32,2.77
2025-12-18,801770,47.84,4.74,0.76
2025-12-19,801180,58.86,0.8,0.72
2025-12-19,801170,18.29,1.32,2.63
2025-12-19,801160,19.67,1.62,2.14
2025-12-19,801150,37.07,2.77,1.18
2025-12-19,801110,14.69,2.48,3.78
2025-12-19,801080,63.01,4.79,0.4
2025-12-19,801050,26.64,3.29,1.22
2025-12-19,801040,31.26,1.14,1.31
2025-12-19,801030,29.0,2.15,1.24
2025-12-19,801120,21.46,3.9,4.55
2025-12-19,801010,24.02,2.59,1.97
2025-12-19,801710,28.05,1.33,2.75
2025-12-19,801890,37.22,3.0,1.04
2025-12-19,801880,28.44,2.61,1.39
2025-12-19,801780,6.4,0.54,4.77
2025-12-19,801770,48.17,4.77,0.75
2025-12-19,801760,42.69,3.01,1.12
2025-12-19,801750,82.97,4.25,0.54
2025-12-19,801730,38.23,3.17,0.86
2025-12-19,801790,13.24,1.37,2.01
2025-12-22,801180,59.38,0.81,0.72
2025-12-22,801170,18.46,1.34,2.6
2025-12-22,801160,19.64,1.61,2.14
2025-12-22,801150,36.99,2.77,1.19
2025-12-22,801110,14.72,2.48,3.78
2025-12-22,801080,64.65,4.91,0.39
2025-12-22,801050,27.27,3.37,1.19
2025-12-22,801040,31.54,1.15,1.29
2025-12-22,801030,29.36,2.18,1.22
2025-12-22,801010,24.18,2.61,1.96
2025-12-22,801120,21.44,3.9,3.92
2025-12-22,801770,50.26,4.98,0.72
2025-12-22,801710,28.3,1.34,2.72
2025-12-22,801890,37.62,3.03,1.03
2025-12-22,801880,28.7,2.64,1.37
2025-12-22,801780,6.37,0.54,4.8
2025-12-22,801760,42.42,2.99,1.13
2025-12-22,801750,83.49,4.27,0.54
2025-12-22,801730,38.58,3.2,0.84
2025-12-22,801790,13.24,1.37,1.93
2025-12-23,801180,58.67,0.8,0.72
2025-12-23,801170,18.36,1.33,2.61
2025-12-23,801160,19.62,1.61,2.15
2025-12-23,801150,36.82,2.75,1.19
2025-12-23,801050,27.38,3.38,1.19
2025-12-23,801110,14.68,2.48,3.79
2025-12-23,801080,64.99,4.94,0.39
2025-12-23,801040,31.45,1.15,1.3
2025-12-23,801030,29.42,2.18,1.22
2025-12-23,801010,24.04,2.59,1.97
2025-12-23,801120,21.33,3.88,3.94
2025-12-23,801710,28.54,1.35,2.7
2025-12-23,801890,37.59,3.03,1.03
2025-12-23,801880,28.43,2.61,1.39
2025-12-23,801790,13.27,1.38,1.93
2025-12-23,801770,49.96,4.95,0.72
2025-12-23,801760,42.29,2.98,1.13
2025-12-23,801750,82.57,4.25,0.55
2025-12-23,801730,39.01,3.24,0.83
2025-12-23,801780,6.39,0.54,4.78
2025-12-24,801170,18.38,1.33,2.62
2025-12-24,801160,19.72,1.62,2.13
2025-12-24,801150,36.89,2.76,1.19
2025-12-24,801120,21.25,3.86,3.96
2025-12-24,801050,27.54,3.4,1.18
2025-12-24,801080,66.53,5.05,0.38
2025-12-24,801040,31.69,1.16,1.29
2025-12-24,801030,29.85,2.21,1.2
2025-12-24,801010,23.83,2.57,1.99
2025-12-24,801180,59.06,0.81,0.72
2025-12-24,801110,14.68,2.48,3.78
2025-12-24,801890,38.02,3.08,1.01
2025-12-24,801790,13.31,1.38,1.94
2025-12-24,801780,6.37,0.54,4.79
2025-12-24,801880,28.64,2.63,1.38
2025-12-24,801760,42.28,2.98,1.13
2025-12-24,801750,83.68,4.3,0.54
2025-12-24,801730,39.4,3.27,0.82
2025-12-24,801710,29.03,1.38,2.65
2025-12-24,801770,50.54,5.01,0.72
2025-12-25,801180,59.52,0.81,0.71
2025-12-25,801170,18.49,1.34,2.6
2025-12-25,801160,19.78,1.63,2.13
2025-12-25,801150,37.07,2.78,1.18
2025-12-25,801110,14.78,2.49,3.75
2025-12-25,801080,66.72,5.07,0.38
2025-12-25,801050,27.32,3.37,1.19
2025-12-25,801040,31.85,1.16,1.28
2025-12-25,801030,30.07,2.23,1.19
2025-12-25,801120,21.43,3.9,3.92
2025-12-25,801010,23.97,2.59,1.98
2025-12-25,801710,29.22,1.39,2.64
2025-12-25,801890,38.66,3.12,0.99
2025-12-25,801880,29.02,2.67,1.35
2025-12-25,801780,6.36,0.54,4.92
2025-12-25,801770,50.47,5.0,0.72
2025-12-25,801760,42.58,3.0,1.12
2025-12-25,801750,84.4,4.34,0.53
2025-12-25,801730,39.66,3.29,0.82
2025-12-25,801790,13.45,1.4,1.91
2025-12-26,801180,59.76,0.82,0.71
2025-12-26,801170,18.55,1.34,2.59
2025-12-26,801160,19.85,1.63,2.12
2025-12-26,801150,36.95,2.77,1.18
2025-12-26,801110,14.71,2.48,3.78
2025-12-26,801080,66.27,5.03,0.38
2025-12-26,801050,28.34,3.5,1.15
2025-12-26,801040,32.28,1.18,1.26
2025-12-26,801030,30.28,2.24,1.18
2025-12-26,801010,24.09,2.6,1.97
2025-12-26,801120,21.34,3.88,3.94
2025-12-26,801770,50.18,4.98,0.72
2025-12-26,801710,29.32,1.39,2.63
2025-12-26,801890,38.8,3.14,0.99
2025-12-26,801880,29.17,2.68,1.34
2025-12-26,801780,6.34,0.54,4.94
2025-12-26,801760,42.58,3.0,1.12
2025-12-26,801750,84.75,4.36,0.53
2025-12-26,801730,40.21,3.34,0.81
2025-12-26,801790,13.51,1.4,1.9
2025-12-29,801170,18.49,1.34,2.59
2025-12-29,801160,19.57,1.61,2.14
2025-12-29,801150,36.55,2.74,1.19
2025-12-29,801120,21.11,3.84,3.99
2025-12-29,801050,27.78,3.43,1.15
2025-12-29,801080,66.54,5.05,0.38
2025-12-29,801040,32.17,1.17,1.27
2025-12-29,801030,30.13,2.23,1.19
2025-12-29,801010,24.27,2.62,1.96
2025-12-29,801180,59.41,0.81,0.72
2025-12-29,801110,14.68,2.48,3.79
2025-12-29,801880,29.24,2.69,1.34
2025-12-29,801890,38.83,3.14,0.99
2025-12-29,801790,13.42,1.39,1.91
2025-12-29,801780,6.4,0.54,4.89
2025-12-29,801760,42.48,3.0,1.12
2025-12-29,801750,84.87,4.37,0.53
2025-12-29,801730,39.76,3.3,0.81
2025-12-29,801710,28.99,1.37,2.66
2025-12-29,801770,49.95,4.95,0.72
2025-12-30,801180,58.59,0.8,0.72
2025-12-30,801170,18.3,1.32,2.61
2025-12-30,801160,19.39,1.59,2.16
2025-12-30,801150,36.36,2.72,1.2
2025-12-30,801010,24.13,2.64,1.94
2025-12-30,801120,20.98,3.82,4.01
2025-12-30,801110,14.81,2.5,3.75
2025-12-30,801080,66.92,5.08,0.38
2025-12-30,801050,28.15,3.47,1.13
2025-12-30,801040,32.03,1.17,1.27
2025-12-30,801030,30.27,2.24,1.18
2025-12-30,801770,50.14,4.97,0.72
2025-12-30,801710,28.85,1.37,2.67
2025-12-30,801880,29.64,2.73,1.32
2025-12-30,801890,39.33,3.18,0.98
2025-12-30,801780,6.39,0.54,4.9
2025-12-30,801760,42.81,3.02,1.12
2025-12-30,801750,85.02,4.37,0.53
2025-12-30,801730,39.71,3.3,0.82
2025-12-30,801790,13.33,1.38,1.92
2025-12-31,801180,59.26,0.81,0.72
2025-12-31,801170,18.42,1.33,2.6
2025-12-31,801160,19.32,1.59,2.17
2025-12-31,801150,36.21,2.71,1.2
2025-12-31,801030,30.18,2.24,1.18
2025-12-31,801120,20.86,3.79,4.03
2025-12-31,801110,14.82,2.5,3.75
2025-12-31,801080,66.26,5.03,0.38
2025-12-31,801050,28.46,3.51,1.12
2025-12-31,801040,32.03,1.17,1.27
2025-12-31,801770,49.47,4.9,0.73
2025-12-31,801710,28.86,1.37,2.67
2025-12-31,801730,39.36,3.27,0.82
2025-12-31,801750,85.71,4.41,0.53
2025-12-31,801760,43.42,3.06,1.11
2025-12-31,801780,6.4,0.54,4.89
2025-12-31,801790,13.27,1.38,1.92
2025-12-31,801880,29.51,2.72,1.32
2025-12-31,801890,39.31,3.18,0.98
2025-12-31,801010,23.87,2.61,1.66
