event_date,event_type,event_name,industry_code,direction,magnitude,window,t0,cum_ind_ret,cum_mkt_ret,CAR
2020-01-01,monetary_policy,央行宣布全面下调金融机构存款准备金率0.5个百分点（自1月6日起实施）,801780,,,1,2020-01-02,0.019152,0.011811,0.007341
2020-01-01,monetary_policy,央行宣布全面下调金融机构存款准备金率0.5个百分点（自1月6日起实施）,801790,,,1,2020-01-02,0.008843,0.011811,-0.002967
2020-01-01,monetary_policy,央行宣布全面下调金融机构存款准备金率0.5个百分点（自1月6日起实施）,801180,,,1,2020-01-02,0.002884,0.011811,-0.008926
2020-01-01,monetary_policy,央行宣布全面下调金融机构存款准备金率0.5个百分点（自1月6日起实施）,801780,,,5,2020-01-02,0.005886,0.016547,-0.010662
2020-01-01,monetary_policy,央行宣布全面下调金融机构存款准备金率0.5个百分点（自1月6日起实施）,801790,,,5,2020-01-02,-0.002579,0.016547,-0.019126
2020-01-01,monetary_policy,央行宣布全面下调金融机构存款准备金率0.5个百分点（自1月6日起实施）,801180,,,5,2020-01-02,0.00616,0.016547,-0.010388
2020-01-01,monetary_policy,央行宣布全面下调金融机构存款准备金率0.5个百分点（自1月6日起实施）,801780,,,20,2020-01-02,-0.087335,-0.048019,-0.039316
2020-01-01,monetary_policy,央行宣布全面下调金融机构存款准备金率0.5个百分点（自1月6日起实施）,801790,,,20,2020-01-02,-0.090115,-0.048019,-0.042097
2020-01-01,monetary_policy,央行宣布全面下调金融机构存款准备金率0.5个百分点（自1月6日起实施）,801180,,,20,2020-01-02,-0.13192,-0.048019,-0.083901
2020-02-03,monetary_policy,央行开展1.2万亿元逆回购操作并下调7天、14天逆回购中标利率10个基点（至2.4%、2.55%）,801780,,,1,2020-02-03,-0.046666,-0.054513,0.007846
2020-02-03,monetary_policy,央行开展1.2万亿元逆回购操作并下调7天、14天逆回购中标利率10个基点（至2.4%、2.55%）,801790,,,1,2020-02-03,-0.074885,-0.054513,-0.020372
2020-02-03,monetary_policy,央行开展1.2万亿元逆回购操作并下调7天、14天逆回购中标利率10个基点（至2.4%、2.55%）,801180,,,1,2020-02-03,-0.086917,-0.054513,-0.032405
2020-02-03,monetary_policy,央行开展1.2万亿元逆回购操作并下调7天、14天逆回购中标利率10个基点（至2.4%、2.55%）,801780,,,5,2020-02-03,-0.048759,-0.021953,-0.026806
2020-02-03,monetary_policy,央行开展1.2万亿元逆回购操作并下调7天、14天逆回购中标利率10个基点（至2.4%、2.55%）,801790,,,5,2020-02-03,-0.049032,-0.021953,-0.027079
2020-02-03,monetary_policy,央行开展1.2万亿元逆回购操作并下调7天、14天逆回购中标利率10个基点（至2.4%、2.55%）,801180,,,5,2020-02-03,-0.048573,-0.021953,-0.02662
2020-02-03,monetary_policy,央行开展1.2万亿元逆回购操作并下调7天、14天逆回购中标利率10个基点（至2.4%、2.55%）,801780,,,20,2020-02-03,-0.042284,0.016425,-0.058709
2020-02-03,monetary_policy,央行开展1.2万亿元逆回购操作并下调7天、14天逆回购中标利率10个基点（至2.4%、2.55%）,801790,,,20,2020-02-03,-0.009085,0.016425,-0.025511
2020-02-03,monetary_policy,央行开展1.2万亿元逆回购操作并下调7天、14天逆回购中标利率10个基点（至2.4%、2.55%）,801180,,,20,2020-02-03,0.025358,0.016425,0.008932
2020-02-17,monetary_policy,央行开展中期借贷便利（MLF）操作，1年期中标利率下调10个基点至3.15%,801780,,,1,2020-02-17,0.007426,0.017498,-0.010072
2020-02-17,monetary_policy,央行开展中期借贷便利（MLF）操作，1年期中标利率下调10个基点至3.15%,801790,,,1,2020-02-17,0.026638,0.017498,0.00914
2020-02-17,monetary_policy,央行开展中期借贷便利（MLF）操作，1年期中标利率下调10个基点至3.15%,801180,,,1,2020-02-17,-0.001573,0.017498,-0.019071
2020-02-17,monetary_policy,央行开展中期借贷便利（MLF）操作，1年期中标利率下调10个基点至3.15%,801780,,,5,2020-02-17,0.004154,0.036388,-0.032234
2020-02-17,monetary_policy,央行开展中期借贷便利（MLF）操作，1年期中标利率下调10个基点至3.15%,801790,,,5,2020-02-17,0.056504,0.036388,0.020116
2020-02-17,monetary_policy,央行开展中期借贷便利（MLF）操作，1年期中标利率下调10个基点至3.15%,801180,,,5,2020-02-17,-0.010474,0.036388,-0.046862
2020-02-17,monetary_policy,央行开展中期借贷便利（MLF）操作，1年期中标利率下调10个基点至3.15%,801780,,,20,2020-02-17,-0.058162,-0.065173,0.007011
2020-02-17,monetary_policy,央行开展中期借贷便利（MLF）操作，1年期中标利率下调10个基点至3.15%,801790,,,20,2020-02-17,-0.051695,-0.065173,0.013478
2020-02-17,monetary_policy,央行开展中期借贷便利（MLF）操作，1年期中标利率下调10个基点至3.15%,801180,,,20,2020-02-17,-0.03506,-0.065173,0.030114
2020-02-20,monetary_policy,LPR下调：1年期降至4.05%(-10bp)，5年期降至4.75%(-5bp),801780,+,高,1,2020-02-20,0.009175,0.024234,-0.015059
2020-02-20,monetary_policy,LPR下调：1年期降至4.05%(-10bp)，5年期降至4.75%(-5bp),801790,+,高,1,2020-02-20,0.035928,0.024234,0.011694
2020-02-20,monetary_policy,LPR下调：1年期降至4.05%(-10bp)，5年期降至4.75%(-5bp),801180,+,高,1,2020-02-20,0.001567,0.024234,-0.022667
2020-02-20,monetary_policy,LPR下调：1年期降至4.05%(-10bp)，5年期降至4.75%(-5bp),801780,+,高,5,2020-02-20,-0.0039,0.008285,-0.012185
2020-02-20,monetary_policy,LPR下调：1年期降至4.05%(-10bp)，5年期降至4.75%(-5bp),801790,+,高,5,2020-02-20,0.013485,0.008285,0.0052
2020-02-20,monetary_policy,LPR下调：1年期降至4.05%(-10bp)，5年期降至4.75%(-5bp),801180,+,高,5,2020-02-20,-0.000247,0.008285,-0.008532
2020-02-20,monetary_policy,LPR下调：1年期降至4.05%(-10bp)，5年期降至4.75%(-5bp),801780,+,高,20,2020-02-20,-0.113704,-0.114091,0.000387
2020-02-20,monetary_policy,LPR下调：1年期降至4.05%(-10bp)，5年期降至4.75%(-5bp),801790,+,高,20,2020-02-20,-0.111948,-0.114091,0.002143
2020-02-20,monetary_policy,LPR下调：1年期降至4.05%(-10bp)，5年期降至4.75%(-5bp),801180,+,高,20,2020-02-20,-0.101179,-0.114091,0.012912
2020-03-13,monetary_policy,央行宣布定向降准：对达到普惠金融考核标准的银行下调存款准备金率0.5-1个百分点，并对符合条件的股份制银行额外下调1个百分点,801780,,,1,2020-03-13,-0.039157,-0.056461,0.017304
2020-03-13,monetary_policy,央行宣布定向降准：对达到普惠金融考核标准的银行下调存款准备金率0.5-1个百分点，并对符合条件的股份制银行额外下调1个百分点,801790,,,1,2020-03-13,-0.061383,-0.056461,-0.004922
2020-03-13,monetary_policy,央行宣布定向降准：对达到普惠金融考核标准的银行下调存款准备金率0.5-1个百分点，并对符合条件的股份制银行额外下调1个百分点,801180,,,1,2020-03-13,-0.040294,-0.056461,0.016166
2020-03-13,monetary_policy,央行宣布定向降准：对达到普惠金融考核标准的银行下调存款准备金率0.5-1个百分点，并对符合条件的股份制银行额外下调1个百分点,801780,,,5,2020-03-13,-0.068475,-0.075346,0.006871
2020-03-13,monetary_policy,央行宣布定向降准：对达到普惠金融考核标准的银行下调存款准备金率0.5-1个百分点，并对符合条件的股份制银行额外下调1个百分点,801790,,,5,2020-03-13,-0.083917,-0.075346,-0.008571
2020-03-13,monetary_policy,央行宣布定向降准：对达到普惠金融考核标准的银行下调存款准备金率0.5-1个百分点，并对符合条件的股份制银行额外下调1个百分点,801180,,,5,2020-03-13,-0.084315,-0.075346,-0.008969
2020-03-13,monetary_policy,央行宣布定向降准：对达到普惠金融考核标准的银行下调存款准备金率0.5-1个百分点，并对符合条件的股份制银行额外下调1个百分点,801780,,,20,2020-03-13,-0.058567,-0.050027,-0.00854
2020-03-13,monetary_policy,央行宣布定向降准：对达到普惠金融考核标准的银行下调存款准备金率0.5-1个百分点，并对符合条件的股份制银行额外下调1个百分点,801790,,,20,2020-03-13,-0.09131,-0.050027,-0.041282
2020-03-13,monetary_policy,央行宣布定向降准：对达到普惠金融考核标准的银行下调存款准备金率0.5-1个百分点，并对符合条件的股份制银行额外下调1个百分点,801180,,,20,2020-03-13,-0.069322,-0.050027,-0.019295
2020-03-30,monetary_policy,央行开展500亿元7天逆回购操作，中标利率下调20个基点至2.2%,801780,,,1,2020-03-30,-0.014759,-0.006444,-0.008315
2020-03-30,monetary_policy,央行开展500亿元7天逆回购操作，中标利率下调20个基点至2.2%,801790,,,1,2020-03-30,-0.012584,-0.006444,-0.00614
2020-03-30,monetary_policy,央行开展500亿元7天逆回购操作，中标利率下调20个基点至2.2%,801180,,,1,2020-03-30,-0.021947,-0.006444,-0.015504
2020-03-30,monetary_policy,央行开展500亿元7天逆回购操作，中标利率下调20个基点至2.2%,801780,,,5,2020-03-30,-0.003973,0.023709,-0.027682
2020-03-30,monetary_policy,央行开展500亿元7天逆回购操作，中标利率下调20个基点至2.2%,801790,,,5,2020-03-30,0.005467,0.023709,-0.018241
2020-03-30,monetary_policy,央行开展500亿元7天逆回购操作，中标利率下调20个基点至2.2%,801180,,,5,2020-03-30,0.007518,0.023709,-0.01619
2020-03-30,monetary_policy,央行开展500亿元7天逆回购操作，中标利率下调20个基点至2.2%,801780,,,20,2020-03-30,-0.000112,0.037489,-0.037601
2020-03-30,monetary_policy,央行开展500亿元7天逆回购操作，中标利率下调20个基点至2.2%,801790,,,20,2020-03-30,0.003736,0.037489,-0.033753
2020-03-30,monetary_policy,央行开展500亿元7天逆回购操作，中标利率下调20个基点至2.2%,801180,,,20,2020-03-30,-0.002979,0.037489,-0.040468
2020-04-03,monetary_policy,央行宣布对中小银行定向降准1个百分点（分4月15日、5月15日两次实施），并将金融机构超额存款准备金利率由0.72%下调至0.35%,801780,,,1,2020-04-03,0.005127,0.017001,-0.011873
2020-04-03,monetary_policy,央行宣布对中小银行定向降准1个百分点（分4月15日、5月15日两次实施），并将金融机构超额存款准备金利率由0.72%下调至0.35%,801790,,,1,2020-04-03,0.006642,0.017001,-0.010359
2020-04-03,monetary_policy,央行宣布对中小银行定向降准1个百分点（分4月15日、5月15日两次实施），并将金融机构超额存款准备金利率由0.72%下调至0.35%,801180,,,1,2020-04-03,0.013514,0.017001,-0.003487
2020-04-03,monetary_policy,央行宣布对中小银行定向降准1个百分点（分4月15日、5月15日两次实施），并将金融机构超额存款准备金利率由0.72%下调至0.35%,801780,,,5,2020-04-03,-0.008795,0.005014,-0.013809
2020-04-03,monetary_policy,央行宣布对中小银行定向降准1个百分点（分4月15日、5月15日两次实施），并将金融机构超额存款准备金利率由0.72%下调至0.35%,801790,,,5,2020-04-03,-0.006258,0.005014,-0.011272
2020-04-03,monetary_policy,央行宣布对中小银行定向降准1个百分点（分4月15日、5月15日两次实施），并将金融机构超额存款准备金利率由0.72%下调至0.35%,801180,,,5,2020-04-03,0.000379,0.005014,-0.004635
2020-04-03,monetary_policy,央行宣布对中小银行定向降准1个百分点（分4月15日、5月15日两次实施），并将金融机构超额存款准备金利率由0.72%下调至0.35%,801780,,,20,2020-04-03,0.019426,0.050974,-0.031548
2020-04-03,monetary_policy,央行宣布对中小银行定向降准1个百分点（分4月15日、5月15日两次实施），并将金融机构超额存款准备金利率由0.72%下调至0.35%,801790,,,20,2020-04-03,0.02087,0.050974,-0.030104
2020-04-03,monetary_policy,央行宣布对中小银行定向降准1个百分点（分4月15日、5月15日两次实施），并将金融机构超额存款准备金利率由0.72%下调至0.35%,801180,,,20,2020-04-03,0.013522,0.050974,-0.037452
2020-04-15,monetary_policy,央行开展中期借贷便利（MLF）操作，1年期中标利率下调20个基点至2.95%,801780,,,1,2020-04-15,-0.008283,-0.006095,-0.002188
2020-04-15,monetary_policy,央行开展中期借贷便利（MLF）操作，1年期中标利率下调20个基点至2.95%,801790,,,1,2020-04-15,-0.004587,-0.006095,0.001509
2020-04-15,monetary_policy,央行开展中期借贷便利（MLF）操作，1年期中标利率下调20个基点至2.95%,801180,,,1,2020-04-15,-0.0107,-0.006095,-0.004605
2020-04-15,monetary_policy,央行开展中期借贷便利（MLF）操作，1年期中标利率下调20个基点至2.95%,801780,,,5,2020-04-15,-0.007982,0.003577,-0.011559
2020-04-15,monetary_policy,央行开展中期借贷便利（MLF）操作，1年期中标利率下调20个基点至2.95%,801790,,,5,2020-04-15,-0.001076,0.003577,-0.004653
2020-04-15,monetary_policy,央行开展中期借贷便利（MLF）操作，1年期中标利率下调20个基点至2.95%,801180,,,5,2020-04-15,-0.014138,0.003577,-0.017715
2020-04-15,monetary_policy,央行开展中期借贷便利（MLF）操作，1年期中标利率下调20个基点至2.95%,801780,,,20,2020-04-15,0.006259,0.025411,-0.019152
2020-04-15,monetary_policy,央行开展中期借贷便利（MLF）操作，1年期中标利率下调20个基点至2.95%,801790,,,20,2020-04-15,-0.005944,0.025411,-0.031355
2020-04-15,monetary_policy,央行开展中期借贷便利（MLF）操作，1年期中标利率下调20个基点至2.95%,801180,,,20,2020-04-15,-0.006961,0.025411,-0.032371
2020-04-20,monetary_policy,LPR下调：1年期降至3.85%(-20bp)，5年期降至4.65%(-10bp),801780,+,高,1,2020-04-20,-0.007102,-0.008189,0.001086
2020-04-20,monetary_policy,LPR下调：1年期降至3.85%(-20bp)，5年期降至4.65%(-10bp),801790,+,高,1,2020-04-20,-0.008131,-0.008189,5.8e-05
2020-04-20,monetary_policy,LPR下调：1年期降至3.85%(-20bp)，5年期降至4.65%(-10bp),801180,+,高,1,2020-04-20,-0.013179,-0.008189,-0.004991
2020-04-20,monetary_policy,LPR下调：1年期降至3.85%(-20bp)，5年期降至4.65%(-10bp),801710,+,高,1,2020-04-20,0.030326,-0.008189,0.038514
2020-04-20,monetary_policy,LPR下调：1年期降至3.85%(-20bp)，5年期降至4.65%(-10bp),801780,+,高,5,2020-04-20,0.003641,-0.004354,0.007995
2020-04-20,monetary_policy,LPR下调：1年期降至3.85%(-20bp)，5年期降至4.65%(-10bp),801790,+,高,5,2020-04-20,-0.026371,-0.004354,-0.022017
2020-04-20,monetary_policy,LPR下调：1年期降至3.85%(-20bp)，5年期降至4.65%(-10bp),801180,+,高,5,2020-04-20,-0.011587,-0.004354,-0.007232
2020-04-20,monetary_policy,LPR下调：1年期降至3.85%(-20bp)，5年期降至4.65%(-10bp),801710,+,高,5,2020-04-20,0.015414,-0.004354,0.019768
2020-04-20,monetary_policy,LPR下调：1年期降至3.85%(-20bp)，5年期降至4.65%(-10bp),801780,+,高,20,2020-04-20,0.015505,0.019354,-0.003849
2020-04-20,monetary_policy,LPR下调：1年期降至3.85%(-20bp)，5年期降至4.65%(-10bp),801790,+,高,20,2020-04-20,-0.014618,0.019354,-0.033971
2020-04-20,monetary_policy,LPR下调：1年期降至3.85%(-20bp)，5年期降至4.65%(-10bp),801180,+,高,20,2020-04-20,-0.01352,0.019354,-0.032873
2020-04-20,monetary_policy,LPR下调：1年期降至3.85%(-20bp)，5年期降至4.65%(-10bp),801710,+,高,20,2020-04-20,0.02398,0.019354,0.004626
2020-06-12,capital_market_policy,证监会发布创业板改革并试点注册制相关制度规则（首发注册管理办法等，试行）,801790,,,1,2020-06-12,-0.013119,-0.010235,-0.002884
2020-06-12,capital_market_policy,证监会发布创业板改革并试点注册制相关制度规则（首发注册管理办法等，试行）,801780,,,1,2020-06-12,-0.012962,-0.010235,-0.002728
2020-06-12,capital_market_policy,证监会发布创业板改革并试点注册制相关制度规则（首发注册管理办法等，试行）,801750,,,1,2020-06-12,-0.004939,-0.010235,0.005296
2020-06-12,capital_market_policy,证监会发布创业板改革并试点注册制相关制度规则（首发注册管理办法等，试行）,801790,,,5,2020-06-12,0.019054,0.025733,-0.006679
2020-06-12,capital_market_policy,证监会发布创业板改革并试点注册制相关制度规则（首发注册管理办法等，试行）,801780,,,5,2020-06-12,-0.006943,0.025733,-0.032675
2020-06-12,capital_market_policy,证监会发布创业板改革并试点注册制相关制度规则（首发注册管理办法等，试行）,801750,,,5,2020-06-12,0.025233,0.025733,-0.0005
2020-06-12,capital_market_policy,证监会发布创业板改革并试点注册制相关制度规则（首发注册管理办法等，试行）,801790,,,20,2020-06-12,0.284836,0.20291,0.081926
2020-06-12,capital_market_policy,证监会发布创业板改革并试点注册制相关制度规则（首发注册管理办法等，试行）,801780,,,20,2020-06-12,0.061909,0.20291,-0.141001
2020-06-12,capital_market_policy,证监会发布创业板改革并试点注册制相关制度规则（首发注册管理办法等，试行）,801750,,,20,2020-06-12,0.239415,0.20291,0.036505
2020-08-04,industry_policy,国务院印发《新时期促进集成电路产业和软件产业高质量发展的若干政策》（国发〔2020〕8号）,801080,,,1,2020-08-04,-0.008602,0.001215,-0.009817
2020-08-04,industry_policy,国务院印发《新时期促进集成电路产业和软件产业高质量发展的若干政策》（国发〔2020〕8号）,801750,,,1,2020-08-04,0.000322,0.001215,-0.000893
2020-08-04,industry_policy,国务院印发《新时期促进集成电路产业和软件产业高质量发展的若干政策》（国发〔2020〕8号）,801770,,,1,2020-08-04,-0.001636,0.001215,-0.002852
2020-08-04,industry_policy,国务院印发《新时期促进集成电路产业和软件产业高质量发展的若干政策》（国发〔2020〕8号）,801080,,,5,2020-08-04,-0.05485,-0.018764,-0.036086
2020-08-04,industry_policy,国务院印发《新时期促进集成电路产业和软件产业高质量发展的若干政策》（国发〔2020〕8号）,801750,,,5,2020-08-04,-0.045037,-0.018764,-0.026273
2020-08-04,industry_policy,国务院印发《新时期促进集成电路产业和软件产业高质量发展的若干政策》（国发〔2020〕8号）,801770,,,5,2020-08-04,-0.04209,-0.018764,-0.023326
2020-08-04,industry_policy,国务院印发《新时期促进集成电路产业和软件产业高质量发展的若干政策》（国发〔2020〕8号）,801080,,,20,2020-08-04,-0.034611,0.014841,-0.049452
2020-08-04,industry_policy,国务院印发《新时期促进集成电路产业和软件产业高质量发展的若干政策》（国发〔2020〕8号）,801750,,,20,2020-08-04,-0.029355,0.014841,-0.044196
2020-08-04,industry_policy,国务院印发《新时期促进集成电路产业和软件产业高质量发展的若干政策》（国发〔2020〕8号）,801770,,,20,2020-08-04,-0.034193,0.014841,-0.049034
2020-08-17,geopolitical,美国商务部BIS扩大对华为的外国直接产品规则(FDPR)，并新增38家华为关联实体至出口管制实体清单,801080,,,1,2020-08-17,0.014588,0.022983,-0.008395
2020-08-17,geopolitical,美国商务部BIS扩大对华为的外国直接产品规则(FDPR)，并新增38家华为关联实体至出口管制实体清单,801880,,,1,2020-08-17,0.033832,0.022983,0.010848
2020-08-17,geopolitical,美国商务部BIS扩大对华为的外国直接产品规则(FDPR)，并新增38家华为关联实体至出口管制实体清单,801110,,,1,2020-08-17,0.008651,0.022983,-0.014332
2020-08-17,geopolitical,美国商务部BIS扩大对华为的外国直接产品规则(FDPR)，并新增38家华为关联实体至出口管制实体清单,801890,,,1,2020-08-17,0.027793,0.022983,0.00481
2020-08-17,geopolitical,美国商务部BIS扩大对华为的外国直接产品规则(FDPR)，并新增38家华为关联实体至出口管制实体清单,801750,,,1,2020-08-17,0.02114,0.022983,-0.001844
2020-08-17,geopolitical,美国商务部BIS扩大对华为的外国直接产品规则(FDPR)，并新增38家华为关联实体至出口管制实体清单,801770,,,1,2020-08-17,0.021137,0.022983,-0.001846
2020-08-17,geopolitical,美国商务部BIS扩大对华为的外国直接产品规则(FDPR)，并新增38家华为关联实体至出口管制实体清单,801080,,,5,2020-08-17,0.012222,0.010887,0.001334
2020-08-17,geopolitical,美国商务部BIS扩大对华为的外国直接产品规则(FDPR)，并新增38家华为关联实体至出口管制实体清单,801880,,,5,2020-08-17,0.008525,0.010887,-0.002362
2020-08-17,geopolitical,美国商务部BIS扩大对华为的外国直接产品规则(FDPR)，并新增38家华为关联实体至出口管制实体清单,801110,,,5,2020-08-17,-0.012191,0.010887,-0.023078
2020-08-17,geopolitical,美国商务部BIS扩大对华为的外国直接产品规则(FDPR)，并新增38家华为关联实体至出口管制实体清单,801890,,,5,2020-08-17,0.020019,0.010887,0.009132
2020-08-17,geopolitical,美国商务部BIS扩大对华为的外国直接产品规则(FDPR)，并新增38家华为关联实体至出口管制实体清单,801750,,,5,2020-08-17,0.005825,0.010887,-0.005062
2020-08-17,geopolitical,美国商务部BIS扩大对华为的外国直接产品规则(FDPR)，并新增38家华为关联实体至出口管制实体清单,801770,,,5,2020-08-17,0.000145,0.010887,-0.010742
2020-08-17,geopolitical,美国商务部BIS扩大对华为的外国直接产品规则(FDPR)，并新增38家华为关联实体至出口管制实体清单,801080,,,20,2020-08-17,-0.040196,-0.011388,-0.028807
2020-08-17,geopolitical,美国商务部BIS扩大对华为的外国直接产品规则(FDPR)，并新增38家华为关联实体至出口管制实体清单,801880,,,20,2020-08-17,0.007036,-0.011388,0.018425
2020-08-17,geopolitical,美国商务部BIS扩大对华为的外国直接产品规则(FDPR)，并新增38家华为关联实体至出口管制实体清单,801110,,,20,2020-08-17,-0.034548,-0.011388,-0.02316
2020-08-17,geopolitical,美国商务部BIS扩大对华为的外国直接产品规则(FDPR)，并新增38家华为关联实体至出口管制实体清单,801890,,,20,2020-08-17,0.006116,-0.011388,0.017504
2020-08-17,geopolitical,美国商务部BIS扩大对华为的外国直接产品规则(FDPR)，并新增38家华为关联实体至出口管制实体清单,801750,,,20,2020-08-17,-0.043113,-0.011388,-0.031725
2020-08-17,geopolitical,美国商务部BIS扩大对华为的外国直接产品规则(FDPR)，并新增38家华为关联实体至出口管制实体清单,801770,,,20,2020-08-17,-0.073948,-0.011388,-0.062559
2020-09-22,industry_policy,双碳目标宣布：2030年碳达峰、2060年碳中和,801730,+,高,1,2020-09-22,0.006902,-0.008335,0.015236
2020-09-22,industry_policy,双碳目标宣布：2030年碳达峰、2060年碳中和,801160,+,高,1,2020-09-22,-0.010676,-0.008335,-0.002341
2020-09-22,industry_policy,双碳目标宣布：2030年碳达峰、2060年碳中和,801050,+,高,1,2020-09-22,-0.031604,-0.008335,-0.023269
2020-09-22,industry_policy,双碳目标宣布：2030年碳达峰、2060年碳中和,801770,+,高,1,2020-09-22,-0.012012,-0.008335,-0.003678
2020-09-22,industry_policy,双碳目标宣布：2030年碳达峰、2060年碳中和,801730,+,高,5,2020-09-22,-0.012016,-0.021236,0.009221
2020-09-22,industry_policy,双碳目标宣布：2030年碳达峰、2060年碳中和,801160,+,高,5,2020-09-22,-0.043156,-0.021236,-0.02192
2020-09-22,industry_policy,双碳目标宣布：2030年碳达峰、2060年碳中和,801050,+,高,5,2020-09-22,-0.065283,-0.021236,-0.044047
2020-09-22,industry_policy,双碳目标宣布：2030年碳达峰、2060年碳中和,801770,+,高,5,2020-09-22,-0.047797,-0.021236,-0.026561
2020-09-22,industry_policy,双碳目标宣布：2030年碳达峰、2060年碳中和,801730,+,高,20,2020-09-22,0.065873,0.009772,0.056101
2020-09-22,industry_policy,双碳目标宣布：2030年碳达峰、2060年碳中和,801160,+,高,20,2020-09-22,-0.038721,0.009772,-0.048493
2020-09-22,industry_policy,双碳目标宣布：2030年碳达峰、2060年碳中和,801050,+,高,20,2020-09-22,-0.02613,0.009772,-0.035902
2020-09-22,industry_policy,双碳目标宣布：2030年碳达峰、2060年碳中和,801770,+,高,20,2020-09-22,-0.04073,0.009772,-0.050502
2020-11-05,industry_policy,国家组织冠脉支架集中带量采购在天津开标并产生拟中选结果（首次高值医用耗材国家集采，10个品种中选）,801150,,,1,2020-11-05,-0.019753,0.01497,-0.034723
2020-11-05,industry_policy,国家组织冠脉支架集中带量采购在天津开标并产生拟中选结果（首次高值医用耗材国家集采，10个品种中选）,801150,,,5,2020-11-05,-0.028674,0.019695,-0.04837
2020-11-05,industry_policy,国家组织冠脉支架集中带量采购在天津开标并产生拟中选结果（首次高值医用耗材国家集采，10个品种中选）,801150,,,20,2020-11-05,-0.029262,0.050565,-0.079827
2020-11-10,industry_policy,市场监管总局发布《关于平台经济领域的反垄断指南（征求意见稿）》公开征求意见,801760,,,1,2020-11-10,-0.032788,-0.015348,-0.017441
2020-11-10,industry_policy,市场监管总局发布《关于平台经济领域的反垄断指南（征求意见稿）》公开征求意见,801750,,,1,2020-11-10,-0.041143,-0.015348,-0.025796
2020-11-10,industry_policy,市场监管总局发布《关于平台经济领域的反垄断指南（征求意见稿）》公开征求意见,801760,,,5,2020-11-10,-0.043771,-0.017378,-0.026394
2020-11-10,industry_policy,市场监管总局发布《关于平台经济领域的反垄断指南（征求意见稿）》公开征求意见,801750,,,5,2020-11-10,-0.050599,-0.017378,-0.033221
2020-11-10,industry_policy,市场监管总局发布《关于平台经济领域的反垄断指南（征求意见稿）》公开征求意见,801760,,,20,2020-11-10,-0.037906,0.005727,-0.043633
2020-11-10,industry_policy,市场监管总局发布《关于平台经济领域的反垄断指南（征求意见稿）》公开征求意见,801750,,,20,2020-11-10,-0.04896,0.005727,-0.054687
2020-12-18,geopolitical,美国商务部BIS将中芯国际(SMIC)等逾60家中国实体列入出口管制实体清单(合计77家),801080,,,1,2020-12-18,0.0129,0.005852,0.007048
2020-12-18,geopolitical,美国商务部BIS将中芯国际(SMIC)等逾60家中国实体列入出口管制实体清单(合计77家),801880,,,1,2020-12-18,0.049058,0.005852,0.043206
2020-12-18,geopolitical,美国商务部BIS将中芯国际(SMIC)等逾60家中国实体列入出口管制实体清单(合计77家),801110,,,1,2020-12-18,-0.006113,0.005852,-0.011965
2020-12-18,geopolitical,美国商务部BIS将中芯国际(SMIC)等逾60家中国实体列入出口管制实体清单(合计77家),801890,,,1,2020-12-18,0.001146,0.005852,-0.004706
2020-12-18,geopolitical,美国商务部BIS将中芯国际(SMIC)等逾60家中国实体列入出口管制实体清单(合计77家),801750,,,1,2020-12-18,0.001901,0.005852,-0.003951
2020-12-18,geopolitical,美国商务部BIS将中芯国际(SMIC)等逾60家中国实体列入出口管制实体清单(合计77家),801770,,,1,2020-12-18,-0.003797,0.005852,-0.009649
2020-12-18,geopolitical,美国商务部BIS将中芯国际(SMIC)等逾60家中国实体列入出口管制实体清单(合计77家),801080,,,5,2020-12-18,0.009377,0.00489,0.004487
2020-12-18,geopolitical,美国商务部BIS将中芯国际(SMIC)等逾60家中国实体列入出口管制实体清单(合计77家),801880,,,5,2020-12-18,0.015755,0.00489,0.010864
2020-12-18,geopolitical,美国商务部BIS将中芯国际(SMIC)等逾60家中国实体列入出口管制实体清单(合计77家),801110,,,5,2020-12-18,0.010235,0.00489,0.005345
2020-12-18,geopolitical,美国商务部BIS将中芯国际(SMIC)等逾60家中国实体列入出口管制实体清单(合计77家),801890,,,5,2020-12-18,0.007716,0.00489,0.002826
2020-12-18,geopolitical,美国商务部BIS将中芯国际(SMIC)等逾60家中国实体列入出口管制实体清单(合计77家),801750,,,5,2020-12-18,-0.051392,0.00489,-0.056282
2020-12-18,geopolitical,美国商务部BIS将中芯国际(SMIC)等逾60家中国实体列入出口管制实体清单(合计77家),801770,,,5,2020-12-18,-0.046431,0.00489,-0.051321
2020-12-18,geopolitical,美国商务部BIS将中芯国际(SMIC)等逾60家中国实体列入出口管制实体清单(合计77家),801080,,,20,2020-12-18,0.138275,0.09986,0.038416
2020-12-18,geopolitical,美国商务部BIS将中芯国际(SMIC)等逾60家中国实体列入出口管制实体清单(合计77家),801880,,,20,2020-12-18,0.07018,0.09986,-0.029679
2020-12-18,geopolitical,美国商务部BIS将中芯国际(SMIC)等逾60家中国实体列入出口管制实体清单(合计77家),801110,,,20,2020-12-18,0.089484,0.09986,-0.010375
2020-12-18,geopolitical,美国商务部BIS将中芯国际(SMIC)等逾60家中国实体列入出口管制实体清单(合计77家),801890,,,20,2020-12-18,0.082548,0.09986,-0.017311
2020-12-18,geopolitical,美国商务部BIS将中芯国际(SMIC)等逾60家中国实体列入出口管制实体清单(合计77家),801750,,,20,2020-12-18,0.009291,0.09986,-0.090569
2020-12-18,geopolitical,美国商务部BIS将中芯国际(SMIC)等逾60家中国实体列入出口管制实体清单(合计77家),801770,,,20,2020-12-18,0.008697,0.09986,-0.091162
2020-12-31,capital_market_policy,沪深交易所发布退市制度改革相关业务规则（退市新规），当日施行,801790,,,1,2020-12-31,0.030197,0.030116,8.1e-05
2020-12-31,capital_market_policy,沪深交易所发布退市制度改革相关业务规则（退市新规），当日施行,801780,,,1,2020-12-31,-0.008224,0.030116,-0.03834
2020-12-31,capital_market_policy,沪深交易所发布退市制度改革相关业务规则（退市新规），当日施行,801750,,,1,2020-12-31,0.048358,0.030116,0.018241
2020-12-31,capital_market_policy,沪深交易所发布退市制度改革相关业务规则（退市新规），当日施行,801790,,,5,2020-12-31,0.033914,0.074646,-0.040732
2020-12-31,capital_market_policy,沪深交易所发布退市制度改革相关业务规则（退市新规），当日施行,801780,,,5,2020-12-31,0.020507,0.074646,-0.054139
2020-12-31,capital_market_policy,沪深交易所发布退市制度改革相关业务规则（退市新规），当日施行,801750,,,5,2020-12-31,0.014912,0.074646,-0.059735
2020-12-31,capital_market_policy,沪深交易所发布退市制度改革相关业务规则（退市新规），当日施行,801790,,,20,2020-12-31,-0.038987,0.046591,-0.085578
2020-12-31,capital_market_policy,沪深交易所发布退市制度改革相关业务规则（退市新规），当日施行,801780,,,20,2020-12-31,0.076457,0.046591,0.029865
2020-12-31,capital_market_policy,沪深交易所发布退市制度改革相关业务规则（退市新规），当日施行,801750,,,20,2020-12-31,-0.020927,0.046591,-0.067518
2021-02-07,industry_policy,国务院反垄断委员会印发《关于平台经济领域的反垄断指南》正式稿,801760,,,1,2021-02-08,0.021386,0.036991,-0.015605
2021-02-07,industry_policy,国务院反垄断委员会印发《关于平台经济领域的反垄断指南》正式稿,801750,,,1,2021-02-08,0.034523,0.036991,-0.002468
2021-02-07,industry_policy,国务院反垄断委员会印发《关于平台经济领域的反垄断指南》正式稿,801760,,,5,2021-02-08,0.046829,0.020775,0.026054
2021-02-07,industry_policy,国务院反垄断委员会印发《关于平台经济领域的反垄断指南》正式稿,801750,,,5,2021-02-08,0.069743,0.020775,0.048968
2021-02-07,industry_policy,国务院反垄断委员会印发《关于平台经济领域的反垄断指南》正式稿,801760,,,20,2021-02-08,-0.034386,-0.081677,0.047291
2021-02-07,industry_policy,国务院反垄断委员会印发《关于平台经济领域的反垄断指南》正式稿,801750,,,20,2021-02-08,-0.036168,-0.081677,0.045509
2021-04-10,industry_policy,市场监管总局对阿里巴巴集团作出反垄断行政处罚决定（罚款182.28亿元，按2019年销售额4%计）,801760,,,1,2021-04-12,-0.021448,-0.019004,-0.002444
2021-04-10,industry_policy,市场监管总局对阿里巴巴集团作出反垄断行政处罚决定（罚款182.28亿元，按2019年销售额4%计）,801750,,,1,2021-04-12,-0.013325,-0.019004,0.005679
2021-04-10,industry_policy,市场监管总局对阿里巴巴集团作出反垄断行政处罚决定（罚款182.28亿元，按2019年销售额4%计）,801760,,,5,2021-04-12,0.012154,0.010263,0.001891
2021-04-10,industry_policy,市场监管总局对阿里巴巴集团作出反垄断行政处罚决定（罚款182.28亿元，按2019年销售额4%计）,801750,,,5,2021-04-12,0.0355,0.010263,0.025236
2021-04-10,industry_policy,市场监管总局对阿里巴巴集团作出反垄断行政处罚决定（罚款182.28亿元，按2019年销售额4%计）,801760,,,20,2021-04-12,-0.008142,-0.008413,0.000272
2021-04-10,industry_policy,市场监管总局对阿里巴巴集团作出反垄断行政处罚决定（罚款182.28亿元，按2019年销售额4%计）,801750,,,20,2021-04-12,-0.022618,-0.008413,-0.014205
2021-06-23,industry_policy,第五批国家组织药品集中带量采购在上海开标（251个品种、148家企业中选，平均降价约56%）,801150,,,1,2021-06-23,-0.015607,0.006602,-0.022209
2021-06-23,industry_policy,第五批国家组织药品集中带量采购在上海开标（251个品种、148家企业中选，平均降价约56%）,801150,,,5,2021-06-23,0.015831,0.019891,-0.00406
2021-06-23,industry_policy,第五批国家组织药品集中带量采购在上海开标（251个品种、148家企业中选，平均降价约56%）,801150,,,20,2021-06-23,0.0112,0.004273,0.006928
2021-07-09,monetary_policy,央行宣布全面下调金融机构存款准备金率0.5个百分点（自7月15日起实施）,801780,,,1,2021-07-09,-0.013254,0.008736,-0.02199
2021-07-09,monetary_policy,央行宣布全面下调金融机构存款准备金率0.5个百分点（自7月15日起实施）,801790,,,1,2021-07-09,0.008136,0.008736,-0.0006
2021-07-09,monetary_policy,央行宣布全面下调金融机构存款准备金率0.5个百分点（自7月15日起实施）,801180,,,1,2021-07-09,-0.008959,0.008736,-0.017695
2021-07-09,monetary_policy,央行宣布全面下调金融机构存款准备金率0.5个百分点（自7月15日起实施）,801780,,,5,2021-07-09,-0.012967,0.001281,-0.014248
2021-07-09,monetary_policy,央行宣布全面下调金融机构存款准备金率0.5个百分点（自7月15日起实施）,801790,,,5,2021-07-09,0.0059,0.001281,0.004619
2021-07-09,monetary_policy,央行宣布全面下调金融机构存款准备金率0.5个百分点（自7月15日起实施）,801180,,,5,2021-07-09,-0.018072,0.001281,-0.019353
2021-07-09,monetary_policy,央行宣布全面下调金融机构存款准备金率0.5个百分点（自7月15日起实施）,801780,,,20,2021-07-09,-0.073347,-0.014786,-0.058561
2021-07-09,monetary_policy,央行宣布全面下调金融机构存款准备金率0.5个百分点（自7月15日起实施）,801790,,,20,2021-07-09,-0.022009,-0.014786,-0.007223
2021-07-09,monetary_policy,央行宣布全面下调金融机构存款准备金率0.5个百分点（自7月15日起实施）,801180,,,20,2021-07-09,-0.073135,-0.014786,-0.058349
2021-07-26,industry_policy,教育双减政策：学科类培训机构不得上市融资,801760,-,高,1,2021-07-26,-0.06526,-0.066398,0.001138
2021-07-26,industry_policy,教育双减政策：学科类培训机构不得上市融资,801760,-,高,5,2021-07-26,-0.047413,-0.030553,-0.01686
2021-07-26,industry_policy,教育双减政策：学科类培训机构不得上市融资,801760,-,高,20,2021-07-26,-0.05497,-0.034173,-0.020797
2021-09-02,capital_market_policy,国家在服贸会致辞中宣布设立北京证券交易所,801790,,,1,2021-09-02,0.00559,-0.005421,0.011011
2021-09-02,capital_market_policy,国家在服贸会致辞中宣布设立北京证券交易所,801780,,,1,2021-09-02,0.012732,-0.005421,0.018153
2021-09-02,capital_market_policy,国家在服贸会致辞中宣布设立北京证券交易所,801750,,,1,2021-09-02,0.001844,-0.005421,0.007265
2021-09-02,capital_market_policy,国家在服贸会致辞中宣布设立北京证券交易所,801790,,,5,2021-09-02,0.039275,0.02065,0.018625
2021-09-02,capital_market_policy,国家在服贸会致辞中宣布设立北京证券交易所,801780,,,5,2021-09-02,0.02385,0.02065,0.0032
2021-09-02,capital_market_policy,国家在服贸会致辞中宣布设立北京证券交易所,801750,,,5,2021-09-02,0.023072,0.02065,0.002422
2021-09-02,capital_market_policy,国家在服贸会致辞中宣布设立北京证券交易所,801790,,,20,2021-09-02,-0.021259,-0.009978,-0.011282
2021-09-02,capital_market_policy,国家在服贸会致辞中宣布设立北京证券交易所,801780,,,20,2021-09-02,0.02555,-0.009978,0.035528
2021-09-02,capital_market_policy,国家在服贸会致辞中宣布设立北京证券交易所,801750,,,20,2021-09-02,-0.017365,-0.009978,-0.007387
2021-10-08,industry_policy,市场监管总局对美团作出反垄断行政处罚决定（罚款34.42亿元，按2020年中国境内销售额3%计）,801760,,,1,2021-10-11,0.00854,-0.009352,0.017892
2021-10-08,industry_policy,市场监管总局对美团作出反垄断行政处罚决定（罚款34.42亿元，按2020年中国境内销售额3%计）,801750,,,1,2021-10-11,-0.000828,-0.009352,0.008523
2021-10-08,industry_policy,市场监管总局对美团作出反垄断行政处罚决定（罚款34.42亿元，按2020年中国境内销售额3%计）,801760,,,5,2021-10-11,0.008474,-0.01119,0.019664
2021-10-08,industry_policy,市场监管总局对美团作出反垄断行政处罚决定（罚款34.42亿元，按2020年中国境内销售额3%计）,801750,,,5,2021-10-11,0.006217,-0.01119,0.017407
2021-10-08,industry_policy,市场监管总局对美团作出反垄断行政处罚决定（罚款34.42亿元，按2020年中国境内销售额3%计）,801760,,,20,2021-10-11,0.052925,-0.023161,0.076087
2021-10-08,industry_policy,市场监管总局对美团作出反垄断行政处罚决定（罚款34.42亿元，按2020年中国境内销售额3%计）,801750,,,20,2021-10-11,0.037823,-0.023161,0.060984
2021-11-26,industry_policy,国家组织胰岛素专项集中带量采购产生拟中选结果（42个产品、11家企业中选，平均降价约48%）,801150,,,1,2021-11-26,0.002022,-0.009194,0.011217
2021-11-26,industry_policy,国家组织胰岛素专项集中带量采购产生拟中选结果（42个产品、11家企业中选，平均降价约48%）,801150,,,5,2021-11-26,-0.017485,0.000935,-0.01842
2021-11-26,industry_policy,国家组织胰岛素专项集中带量采购产生拟中选结果（42个产品、11家企业中选，平均降价约48%）,801150,,,20,2021-11-26,-0.024955,0.005086,-0.030041
2021-12-03,industry_policy,2021年国家医保药品目录谈判调整结果公布（新增74种药品，谈判新增药品平均降价约61.7%）,801150,,,1,2021-12-03,-0.012387,0.007508,-0.019894
2021-12-03,industry_policy,2021年国家医保药品目录谈判调整结果公布（新增74种药品，谈判新增药品平均降价约61.7%）,801150,,,5,2021-12-03,0.015509,0.040969,-0.025461
2021-12-03,industry_policy,2021年国家医保药品目录谈判调整结果公布（新增74种药品，谈判新增药品平均降价约61.7%）,801150,,,20,2021-12-03,0.028561,0.017341,0.01122
2021-12-06,monetary_policy,央行全面降准0.5个百分点，释放长期资金约1.2万亿元,801780,+,高,1,2021-12-06,0.014116,0.004302,0.009814
2021-12-06,monetary_policy,央行全面降准0.5个百分点，释放长期资金约1.2万亿元,801790,+,高,1,2021-12-06,0.018123,0.004302,0.013821
2021-12-06,monetary_policy,央行全面降准0.5个百分点，释放长期资金约1.2万亿元,801180,+,高,1,2021-12-06,0.012887,0.004302,0.008585
2021-12-06,monetary_policy,央行全面降准0.5个百分点，释放长期资金约1.2万亿元,801780,+,高,5,2021-12-06,0.015149,0.037295,-0.022146
2021-12-06,monetary_policy,央行全面降准0.5个百分点，释放长期资金约1.2万亿元,801790,+,高,5,2021-12-06,0.042257,0.037295,0.004962
2021-12-06,monetary_policy,央行全面降准0.5个百分点，释放长期资金约1.2万亿元,801180,+,高,5,2021-12-06,0.01479,0.037295,-0.022505
2021-12-06,monetary_policy,央行全面降准0.5个百分点，释放长期资金约1.2万亿元,801780,+,高,20,2021-12-06,-0.013404,0.003417,-0.016821
2021-12-06,monetary_policy,央行全面降准0.5个百分点，释放长期资金约1.2万亿元,801790,+,高,20,2021-12-06,0.031179,0.003417,0.027762
2021-12-06,monetary_policy,央行全面降准0.5个百分点，释放长期资金约1.2万亿元,801180,+,高,20,2021-12-06,0.050598,0.003417,0.047181
2021-12-20,monetary_policy,LPR下调：1年期降至3.80%(-5bp)，5年期维持4.65%不变,801780,+,中,1,2021-12-20,0.002801,-0.00833,0.011131
2021-12-20,monetary_policy,LPR下调：1年期降至3.80%(-5bp)，5年期维持4.65%不变,801790,+,中,1,2021-12-20,0.000191,-0.00833,0.008522
2021-12-20,monetary_policy,LPR下调：1年期降至3.80%(-5bp)，5年期维持4.65%不变,801780,+,中,5,2021-12-20,-0.013515,-0.007152,-0.006363
2021-12-20,monetary_policy,LPR下调：1年期降至3.80%(-5bp)，5年期维持4.65%不变,801790,+,中,5,2021-12-20,-0.015035,-0.007152,-0.007883
2021-12-20,monetary_policy,LPR下调：1年期降至3.80%(-5bp)，5年期维持4.65%不变,801780,+,中,20,2021-12-20,0.020065,-0.028541,0.048605
2021-12-20,monetary_policy,LPR下调：1年期降至3.80%(-5bp)，5年期维持4.65%不变,801790,+,中,20,2021-12-20,-0.035846,-0.028541,-0.007306
2022-01-17,monetary_policy,中国人民银行下调1年期MLF利率10个基点至2.85%、7天期逆回购利率10个基点至2.10%（含7000亿元MLF操作）,801780,,,1,2022-01-17,0.019468,0.018324,0.001143
2022-01-17,monetary_policy,中国人民银行下调1年期MLF利率10个基点至2.85%、7天期逆回购利率10个基点至2.10%（含7000亿元MLF操作）,801790,,,1,2022-01-17,0.009779,0.018324,-0.008545
2022-01-17,monetary_policy,中国人民银行下调1年期MLF利率10个基点至2.85%、7天期逆回购利率10个基点至2.10%（含7000亿元MLF操作）,801180,,,1,2022-01-17,0.029921,0.018324,0.011596
2022-01-17,monetary_policy,中国人民银行下调1年期MLF利率10个基点至2.85%、7天期逆回购利率10个基点至2.10%（含7000亿元MLF操作）,801780,,,5,2022-01-17,0.042011,0.012695,0.029316
2022-01-17,monetary_policy,中国人民银行下调1年期MLF利率10个基点至2.85%、7天期逆回购利率10个基点至2.10%（含7000亿元MLF操作）,801790,,,5,2022-01-17,0.018958,0.012695,0.006263
2022-01-17,monetary_policy,中国人民银行下调1年期MLF利率10个基点至2.85%、7天期逆回购利率10个基点至2.10%（含7000亿元MLF操作）,801180,,,5,2022-01-17,0.030827,0.012695,0.018132
2022-01-17,monetary_policy,中国人民银行下调1年期MLF利率10个基点至2.85%、7天期逆回购利率10个基点至2.10%（含7000亿元MLF操作）,801780,,,20,2022-01-17,0.050783,-0.019552,0.070335
2022-01-17,monetary_policy,中国人民银行下调1年期MLF利率10个基点至2.85%、7天期逆回购利率10个基点至2.10%（含7000亿元MLF操作）,801790,,,20,2022-01-17,-0.016893,-0.019552,0.002659
2022-01-17,monetary_policy,中国人民银行下调1年期MLF利率10个基点至2.85%、7天期逆回购利率10个基点至2.10%（含7000亿元MLF操作）,801180,,,20,2022-01-17,0.02095,-0.019552,0.040502
2022-01-20,monetary_policy,LPR双降：1年期降至3.70%(-10bp)，5年期降至4.60%(-5bp),801780,+,高,1,2022-01-20,0.016831,-0.000223,0.017054
2022-01-20,monetary_policy,LPR双降：1年期降至3.70%(-10bp)，5年期降至4.60%(-5bp),801790,+,高,1,2022-01-20,0.013154,-0.000223,0.013376
2022-01-20,monetary_policy,LPR双降：1年期降至3.70%(-10bp)，5年期降至4.60%(-5bp),801180,+,高,1,2022-01-20,-0.012423,-0.000223,-0.012201
2022-01-20,monetary_policy,LPR双降：1年期降至3.70%(-10bp)，5年期降至4.60%(-5bp),801710,+,高,1,2022-01-20,-0.024139,-0.000223,-0.023917
2022-01-20,monetary_policy,LPR双降：1年期降至3.70%(-10bp)，5年期降至4.60%(-5bp),801780,+,高,5,2022-01-20,-0.004189,-0.033575,0.029385
2022-01-20,monetary_policy,LPR双降：1年期降至3.70%(-10bp)，5年期降至4.60%(-5bp),801790,+,高,5,2022-01-20,-0.03041,-0.033575,0.003165
2022-01-20,monetary_policy,LPR双降：1年期降至3.70%(-10bp)，5年期降至4.60%(-5bp),801180,+,高,5,2022-01-20,-0.054167,-0.033575,-0.020592
2022-01-20,monetary_policy,LPR双降：1年期降至3.70%(-10bp)，5年期降至4.60%(-5bp),801710,+,高,5,2022-01-20,-0.07427,-0.033575,-0.040695
2022-01-20,monetary_policy,LPR双降：1年期降至3.70%(-10bp)，5年期降至4.60%(-5bp),801780,+,高,20,2022-01-20,-0.004453,-0.052519,0.048066
2022-01-20,monetary_policy,LPR双降：1年期降至3.70%(-10bp)，5年期降至4.60%(-5bp),801790,+,高,20,2022-01-20,-0.066626,-0.052519,-0.014107
2022-01-20,monetary_policy,LPR双降：1年期降至3.70%(-10bp)，5年期降至4.60%(-5bp),801180,+,高,20,2022-01-20,-0.051287,-0.052519,0.001231
2022-01-20,monetary_policy,LPR双降：1年期降至3.70%(-10bp)，5年期降至4.60%(-5bp),801710,+,高,20,2022-01-20,-0.080937,-0.052519,-0.028418
2022-01-24,monetary_policy,中国人民银行下调14天期逆回购利率10个基点,801780,,,1,2022-01-24,-0.017885,-0.021104,0.003219
2022-01-24,monetary_policy,中国人民银行下调14天期逆回购利率10个基点,801790,,,1,2022-01-24,-0.036645,-0.021104,-0.015541
2022-01-24,monetary_policy,中国人民银行下调14天期逆回购利率10个基点,801180,,,1,2022-01-24,-0.026843,-0.021104,-0.005739
2022-01-24,monetary_policy,中国人民银行下调14天期逆回购利率10个基点,801780,,,5,2022-01-24,-0.005728,-0.030386,0.024658
2022-01-24,monetary_policy,中国人民银行下调14天期逆回购利率10个基点,801790,,,5,2022-01-24,-0.032032,-0.030386,-0.001646
2022-01-24,monetary_policy,中国人民银行下调14天期逆回购利率10个基点,801180,,,5,2022-01-24,-0.026054,-0.030386,0.004332
2022-01-24,monetary_policy,中国人民银行下调14天期逆回购利率10个基点,801780,,,20,2022-01-24,-0.026502,-0.041359,0.014857
2022-01-24,monetary_policy,中国人民银行下调14天期逆回购利率10个基点,801790,,,20,2022-01-24,-0.08089,-0.041359,-0.039531
2022-01-24,monetary_policy,中国人民银行下调14天期逆回购利率10个基点,801180,,,20,2022-01-24,-0.049434,-0.041359,-0.008075
2022-04-15,monetary_policy,央行降准0.25个百分点：释放长期资金约5300亿元,801780,+,中,1,2022-04-15,-0.016303,-0.006008,-0.010295
2022-04-15,monetary_policy,央行降准0.25个百分点：释放长期资金约5300亿元,801790,+,中,1,2022-04-15,-0.01621,-0.006008,-0.010201
2022-04-15,monetary_policy,央行降准0.25个百分点：释放长期资金约5300亿元,801180,+,中,1,2022-04-15,0.006727,-0.006008,0.012735
2022-04-15,monetary_policy,央行降准0.25个百分点：释放长期资金约5300亿元,801780,+,中,5,2022-04-15,-0.017469,-0.042542,0.025073
2022-04-15,monetary_policy,央行降准0.25个百分点：释放长期资金约5300亿元,801790,+,中,5,2022-04-15,-0.037718,-0.042542,0.004824
2022-04-15,monetary_policy,央行降准0.25个百分点：释放长期资金约5300亿元,801180,+,中,5,2022-04-15,-0.054184,-0.042542,-0.011641
2022-04-15,monetary_policy,央行降准0.25个百分点：释放长期资金约5300亿元,801780,+,中,20,2022-04-15,-0.072066,-0.017842,-0.054223
2022-04-15,monetary_policy,央行降准0.25个百分点：释放长期资金约5300亿元,801790,+,中,20,2022-04-15,-0.074056,-0.017842,-0.056213
2022-04-15,monetary_policy,央行降准0.25个百分点：释放长期资金约5300亿元,801180,+,中,20,2022-04-15,-0.074358,-0.017842,-0.056516
2022-04-25,monetary_policy,中国人民银行下调金融机构外汇存款准备金率1个百分点（9%→8%），5月15日起生效,801780,,,1,2022-04-25,-0.050058,-0.057093,0.007035
2022-04-25,monetary_policy,中国人民银行下调金融机构外汇存款准备金率1个百分点（9%→8%），5月15日起生效,801790,,,1,2022-04-25,-0.072932,-0.057093,-0.015839
2022-04-25,monetary_policy,中国人民银行下调金融机构外汇存款准备金率1个百分点（9%→8%），5月15日起生效,801180,,,1,2022-04-25,-0.053364,-0.057093,0.003729
2022-04-25,monetary_policy,中国人民银行下调金融机构外汇存款准备金率1个百分点（9%→8%），5月15日起生效,801780,,,5,2022-04-25,-0.057533,-0.024558,-0.032975
2022-04-25,monetary_policy,中国人民银行下调金融机构外汇存款准备金率1个百分点（9%→8%），5月15日起生效,801790,,,5,2022-04-25,-0.069881,-0.024558,-0.045323
2022-04-25,monetary_policy,中国人民银行下调金融机构外汇存款准备金率1个百分点（9%→8%），5月15日起生效,801180,,,5,2022-04-25,-0.0635,-0.024558,-0.038942
2022-04-25,monetary_policy,中国人民银行下调金融机构外汇存款准备金率1个百分点（9%→8%），5月15日起生效,801780,,,20,2022-04-25,-0.071116,0.013576,-0.084691
2022-04-25,monetary_policy,中国人民银行下调金融机构外汇存款准备金率1个百分点（9%→8%），5月15日起生效,801790,,,20,2022-04-25,-0.047687,0.013576,-0.061263
2022-04-25,monetary_policy,中国人民银行下调金融机构外汇存款准备金率1个百分点（9%→8%），5月15日起生效,801180,,,20,2022-04-25,-0.065652,0.013576,-0.079227
2022-05-20,monetary_policy,LPR非对称下调：1年期维持3.70%，5年期大降至4.45%(-15bp),801180,+,高,1,2022-05-20,-0.033792,0.013597,-0.047389
2022-05-20,monetary_policy,LPR非对称下调：1年期维持3.70%，5年期大降至4.45%(-15bp),801710,+,高,1,2022-05-20,0.017781,0.013597,0.004184
2022-05-20,monetary_policy,LPR非对称下调：1年期维持3.70%，5年期大降至4.45%(-15bp),801180,+,高,5,2022-05-20,-0.046048,0.000425,-0.046473
2022-05-20,monetary_policy,LPR非对称下调：1年期维持3.70%，5年期大降至4.45%(-15bp),801710,+,高,5,2022-05-20,-0.003521,0.000425,-0.003947
2022-05-20,monetary_policy,LPR非对称下调：1年期维持3.70%，5年期大降至4.45%(-15bp),801180,+,高,20,2022-05-20,-0.049536,0.082717,-0.132253
2022-05-20,monetary_policy,LPR非对称下调：1年期维持3.70%，5年期大降至4.45%(-15bp),801710,+,高,20,2022-05-20,0.051546,0.082717,-0.031171
2022-08-15,monetary_policy,中国人民银行下调1年期MLF利率10个基点至2.75%、7天期逆回购利率10个基点至2.0%（含4000亿元MLF操作）,801780,,,1,2022-08-15,-0.01265,-0.003177,-0.009473
2022-08-15,monetary_policy,中国人民银行下调1年期MLF利率10个基点至2.75%、7天期逆回购利率10个基点至2.0%（含4000亿元MLF操作）,801790,,,1,2022-08-15,-0.00987,-0.003177,-0.006693
2022-08-15,monetary_policy,中国人民银行下调1年期MLF利率10个基点至2.75%、7天期逆回购利率10个基点至2.0%（含4000亿元MLF操作）,801180,,,1,2022-08-15,0.011295,-0.003177,0.014472
2022-08-15,monetary_policy,中国人民银行下调1年期MLF利率10个基点至2.75%、7天期逆回购利率10个基点至2.0%（含4000亿元MLF操作）,801780,,,5,2022-08-15,-0.010965,-0.002328,-0.008638
2022-08-15,monetary_policy,中国人民银行下调1年期MLF利率10个基点至2.75%、7天期逆回购利率10个基点至2.0%（含4000亿元MLF操作）,801790,,,5,2022-08-15,-0.009075,-0.002328,-0.006747
2022-08-15,monetary_policy,中国人民银行下调1年期MLF利率10个基点至2.75%、7天期逆回购利率10个基点至2.0%（含4000亿元MLF操作）,801180,,,5,2022-08-15,0.037035,-0.002328,0.039362
2022-08-15,monetary_policy,中国人民银行下调1年期MLF利率10个基点至2.75%、7天期逆回购利率10个基点至2.0%（含4000亿元MLF操作）,801780,,,20,2022-08-15,0.020399,-0.019097,0.039496
2022-08-15,monetary_policy,中国人民银行下调1年期MLF利率10个基点至2.75%、7天期逆回购利率10个基点至2.0%（含4000亿元MLF操作）,801790,,,20,2022-08-15,0.021439,-0.019097,0.040536
2022-08-15,monetary_policy,中国人民银行下调1年期MLF利率10个基点至2.75%、7天期逆回购利率10个基点至2.0%（含4000亿元MLF操作）,801180,,,20,2022-08-15,0.080227,-0.019097,0.099324
2022-08-22,monetary_policy,LPR双降：1年期降至3.65%(-5bp)，5年期降至4.30%(-15bp),801780,+,高,1,2022-08-22,-0.010668,0.002411,-0.013079
2022-08-22,monetary_policy,LPR双降：1年期降至3.65%(-5bp)，5年期降至4.30%(-15bp),801790,+,高,1,2022-08-22,-0.001171,0.002411,-0.003582
2022-08-22,monetary_policy,LPR双降：1年期降至3.65%(-5bp)，5年期降至4.30%(-15bp),801180,+,高,1,2022-08-22,-0.005106,0.002411,-0.007517
2022-08-22,monetary_policy,LPR双降：1年期降至3.65%(-5bp)，5年期降至4.30%(-15bp),801710,+,高,1,2022-08-22,-0.02462,0.002411,-0.027031
2022-08-22,monetary_policy,LPR双降：1年期降至3.65%(-5bp)，5年期降至4.30%(-15bp),801780,+,高,5,2022-08-22,-0.009695,-0.014828,0.005133
2022-08-22,monetary_policy,LPR双降：1年期降至3.65%(-5bp)，5年期降至4.30%(-15bp),801790,+,高,5,2022-08-22,0.002558,-0.014828,0.017386
2022-08-22,monetary_policy,LPR双降：1年期降至3.65%(-5bp)，5年期降至4.30%(-15bp),801180,+,高,5,2022-08-22,-0.027859,-0.014828,-0.013031
2022-08-22,monetary_policy,LPR双降：1年期降至3.65%(-5bp)，5年期降至4.30%(-15bp),801710,+,高,5,2022-08-22,-0.044508,-0.014828,-0.02968
2022-08-22,monetary_policy,LPR双降：1年期降至3.65%(-5bp)，5年期降至4.30%(-15bp),801780,+,高,20,2022-08-22,0.00605,-0.052574,0.058623
2022-08-22,monetary_policy,LPR双降：1年期降至3.65%(-5bp)，5年期降至4.30%(-15bp),801790,+,高,20,2022-08-22,-0.046108,-0.052574,0.006465
2022-08-22,monetary_policy,LPR双降：1年期降至3.65%(-5bp)，5年期降至4.30%(-15bp),801180,+,高,20,2022-08-22,0.010419,-0.052574,0.062993
2022-08-22,monetary_policy,LPR双降：1年期降至3.65%(-5bp)，5年期降至4.30%(-15bp),801710,+,高,20,2022-08-22,-0.085598,-0.052574,-0.033024
2022-09-05,monetary_policy,中国人民银行下调金融机构外汇存款准备金率2个百分点（8%→6%），9月15日起生效,801780,,,1,2022-09-05,-0.000945,0.007125,-0.00807
2022-09-05,monetary_policy,中国人民银行下调金融机构外汇存款准备金率2个百分点（8%→6%），9月15日起生效,801790,,,1,2022-09-05,0.015665,0.007125,0.00854
2022-09-05,monetary_policy,中国人民银行下调金融机构外汇存款准备金率2个百分点（8%→6%），9月15日起生效,801180,,,1,2022-09-05,0.043831,0.007125,0.036706
2022-09-05,monetary_policy,中国人民银行下调金融机构外汇存款准备金率2个百分点（8%→6%），9月15日起生效,801780,,,5,2022-09-05,0.024862,0.021747,0.003115
2022-09-05,monetary_policy,中国人民银行下调金融机构外汇存款准备金率2个百分点（8%→6%），9月15日起生效,801790,,,5,2022-09-05,0.026919,0.021747,0.005172
2022-09-05,monetary_policy,中国人民银行下调金融机构外汇存款准备金率2个百分点（8%→6%），9月15日起生效,801180,,,5,2022-09-05,0.053559,0.021747,0.031812
2022-09-05,monetary_policy,中国人民银行下调金融机构外汇存款准备金率2个百分点（8%→6%），9月15日起生效,801780,,,20,2022-09-05,-0.02846,-0.073547,0.045087
2022-09-05,monetary_policy,中国人民银行下调金融机构外汇存款准备金率2个百分点（8%→6%），9月15日起生效,801790,,,20,2022-09-05,-0.093828,-0.073547,-0.020281
2022-09-05,monetary_policy,中国人民银行下调金融机构外汇存款准备金率2个百分点（8%→6%），9月15日起生效,801180,,,20,2022-09-05,-0.036306,-0.073547,0.037242
2022-10-07,geopolitical,美国商务部BIS发布对华先进计算芯片及半导体制造设备出口管制新规(EAR),801080,,,1,2022-10-10,-0.046465,-0.020289,-0.026176
2022-10-07,geopolitical,美国商务部BIS发布对华先进计算芯片及半导体制造设备出口管制新规(EAR),801880,,,1,2022-10-10,-0.011783,-0.020289,0.008506
2022-10-07,geopolitical,美国商务部BIS发布对华先进计算芯片及半导体制造设备出口管制新规(EAR),801110,,,1,2022-10-10,-0.016798,-0.020289,0.003491
2022-10-07,geopolitical,美国商务部BIS发布对华先进计算芯片及半导体制造设备出口管制新规(EAR),801890,,,1,2022-10-10,-0.007472,-0.020289,0.012817
2022-10-07,geopolitical,美国商务部BIS发布对华先进计算芯片及半导体制造设备出口管制新规(EAR),801750,,,1,2022-10-10,-0.022071,-0.020289,-0.001782
2022-10-07,geopolitical,美国商务部BIS发布对华先进计算芯片及半导体制造设备出口管制新规(EAR),801770,,,1,2022-10-10,-0.002088,-0.020289,0.018201
2022-10-07,geopolitical,美国商务部BIS发布对华先进计算芯片及半导体制造设备出口管制新规(EAR),801030,,,1,2022-10-10,-0.002146,-0.020289,0.018143
2022-10-07,geopolitical,美国商务部BIS发布对华先进计算芯片及半导体制造设备出口管制新规(EAR),801080,,,5,2022-10-10,0.043641,0.010914,0.032727
2022-10-07,geopolitical,美国商务部BIS发布对华先进计算芯片及半导体制造设备出口管制新规(EAR),801880,,,5,2022-10-10,0.040044,0.010914,0.02913
2022-10-07,geopolitical,美国商务部BIS发布对华先进计算芯片及半导体制造设备出口管制新规(EAR),801110,,,5,2022-10-10,-0.008335,0.010914,-0.019249
2022-10-07,geopolitical,美国商务部BIS发布对华先进计算芯片及半导体制造设备出口管制新规(EAR),801890,,,5,2022-10-10,0.084986,0.010914,0.074072
2022-10-07,geopolitical,美国商务部BIS发布对华先进计算芯片及半导体制造设备出口管制新规(EAR),801750,,,5,2022-10-10,0.091099,0.010914,0.080184
2022-10-07,geopolitical,美国商务部BIS发布对华先进计算芯片及半导体制造设备出口管制新规(EAR),801770,,,5,2022-10-10,0.062601,0.010914,0.051686
2022-10-07,geopolitical,美国商务部BIS发布对华先进计算芯片及半导体制造设备出口管制新规(EAR),801030,,,5,2022-10-10,0.042891,0.010914,0.031977
2022-10-07,geopolitical,美国商务部BIS发布对华先进计算芯片及半导体制造设备出口管制新规(EAR),801080,,,20,2022-10-10,0.103134,-0.007776,0.11091
2022-10-07,geopolitical,美国商务部BIS发布对华先进计算芯片及半导体制造设备出口管制新规(EAR),801880,,,20,2022-10-10,0.097379,-0.007776,0.105155
2022-10-07,geopolitical,美国商务部BIS发布对华先进计算芯片及半导体制造设备出口管制新规(EAR),801110,,,20,2022-10-10,-0.055496,-0.007776,-0.04772
2022-10-07,geopolitical,美国商务部BIS发布对华先进计算芯片及半导体制造设备出口管制新规(EAR),801890,,,20,2022-10-10,0.127883,-0.007776,0.13566
2022-10-07,geopolitical,美国商务部BIS发布对华先进计算芯片及半导体制造设备出口管制新规(EAR),801750,,,20,2022-10-10,0.174282,-0.007776,0.182058
2022-10-07,geopolitical,美国商务部BIS发布对华先进计算芯片及半导体制造设备出口管制新规(EAR),801770,,,20,2022-10-10,0.070987,-0.007776,0.078764
2022-10-07,geopolitical,美国商务部BIS发布对华先进计算芯片及半导体制造设备出口管制新规(EAR),801030,,,20,2022-10-10,0.037688,-0.007776,0.045465
2022-11-25,monetary_policy,央行降准0.25个百分点：释放长期资金约5000亿元,801780,+,中,1,2022-11-25,0.004715,-0.006273,0.010988
2022-11-25,monetary_policy,央行降准0.25个百分点：释放长期资金约5000亿元,801790,+,中,1,2022-11-25,-0.003493,-0.006273,0.00278
2022-11-25,monetary_policy,央行降准0.25个百分点：释放长期资金约5000亿元,801180,+,中,1,2022-11-25,0.042186,-0.006273,0.048459
2022-11-25,monetary_policy,央行降准0.25个百分点：释放长期资金约5000亿元,801710,+,中,1,2022-11-25,0.011558,-0.006273,0.017831
2022-11-25,monetary_policy,央行降准0.25个百分点：释放长期资金约5000亿元,801780,+,中,5,2022-11-25,0.033835,0.030382,0.003452
2022-11-25,monetary_policy,央行降准0.25个百分点：释放长期资金约5000亿元,801790,+,中,5,2022-11-25,0.042876,0.030382,0.012493
2022-11-25,monetary_policy,央行降准0.25个百分点：释放长期资金约5000亿元,801180,+,中,5,2022-11-25,0.082941,0.030382,0.052558
2022-11-25,monetary_policy,央行降准0.25个百分点：释放长期资金约5000亿元,801710,+,中,5,2022-11-25,0.03431,0.030382,0.003928
2022-11-25,monetary_policy,央行降准0.25个百分点：释放长期资金约5000亿元,801780,+,中,20,2022-11-25,0.035327,0.019008,0.016319
2022-11-25,monetary_policy,央行降准0.25个百分点：释放长期资金约5000亿元,801790,+,中,20,2022-11-25,0.024311,0.019008,0.005303
2022-11-25,monetary_policy,央行降准0.25个百分点：释放长期资金约5000亿元,801180,+,中,20,2022-11-25,0.034685,0.019008,0.015676
2022-11-25,monetary_policy,央行降准0.25个百分点：释放长期资金约5000亿元,801710,+,中,20,2022-11-25,0.010649,0.019008,-0.008359
2022-11-28,industry_policy,房地产金融16条：支持房企合理融资需求,801180,+,高,1,2022-11-28,0.074841,0.01924,0.055601
2022-11-28,industry_policy,房地产金融16条：支持房企合理融资需求,801780,+,高,1,2022-11-28,0.028222,0.01924,0.008982
2022-11-28,industry_policy,房地产金融16条：支持房企合理融资需求,801710,+,高,1,2022-11-28,0.032811,0.01924,0.013571
2022-11-28,industry_policy,房地产金融16条：支持房企合理融资需求,801180,+,高,5,2022-11-28,0.044672,0.045315,-0.000644
2022-11-28,industry_policy,房地产金融16条：支持房企合理融资需求,801780,+,高,5,2022-11-28,0.038961,0.045315,-0.006354
2022-11-28,industry_policy,房地产金融16条：支持房企合理融资需求,801710,+,高,5,2022-11-28,0.04826,0.045315,0.002945
2022-11-28,industry_policy,房地产金融16条：支持房企合理融资需求,801180,+,高,20,2022-11-28,-0.027223,0.017934,-0.045157
2022-11-28,industry_policy,房地产金融16条：支持房企合理融资需求,801780,+,高,20,2022-11-28,0.006077,0.017934,-0.011857
2022-11-28,industry_policy,房地产金融16条：支持房企合理融资需求,801710,+,高,20,2022-11-28,-0.012232,0.017934,-0.030166
2023-02-01,capital_market_policy,证监会就全面实行股票发行注册制主要制度规则公开征求意见,801790,,,1,2023-02-01,0.004008,0.005844,-0.001836
2023-02-01,capital_market_policy,证监会就全面实行股票发行注册制主要制度规则公开征求意见,801780,,,1,2023-02-01,-0.01094,0.005844,-0.016783
2023-02-01,capital_market_policy,证监会就全面实行股票发行注册制主要制度规则公开征求意见,801750,,,1,2023-02-01,0.026616,0.005844,0.020772
2023-02-01,capital_market_policy,证监会就全面实行股票发行注册制主要制度规则公开征求意见,801790,,,5,2023-02-01,-0.028206,-0.019418,-0.008788
2023-02-01,capital_market_policy,证监会就全面实行股票发行注册制主要制度规则公开征求意见,801780,,,5,2023-02-01,-0.028811,-0.019418,-0.009393
2023-02-01,capital_market_policy,证监会就全面实行股票发行注册制主要制度规则公开征求意见,801750,,,5,2023-02-01,0.039859,-0.019418,0.059277
2023-02-01,capital_market_policy,证监会就全面实行股票发行注册制主要制度规则公开征求意见,801790,,,20,2023-02-01,-0.007299,-0.007197,-0.000102
2023-02-01,capital_market_policy,证监会就全面实行股票发行注册制主要制度规则公开征求意见,801780,,,20,2023-02-01,-0.026111,-0.007197,-0.018915
2023-02-01,capital_market_policy,证监会就全面实行股票发行注册制主要制度规则公开征求意见,801750,,,20,2023-02-01,0.098719,-0.007197,0.105916
2023-02-17,capital_market_policy,证监会发布全面实行股票发行注册制相关制度规则（主板注册制正式落地）,801790,,,1,2023-02-17,0.021293,0.009772,0.011521
2023-02-17,capital_market_policy,证监会发布全面实行股票发行注册制相关制度规则（主板注册制正式落地）,801780,,,1,2023-02-17,0.018628,0.009772,0.008856
2023-02-17,capital_market_policy,证监会发布全面实行股票发行注册制相关制度规则（主板注册制正式落地）,801750,,,1,2023-02-17,-0.007534,0.009772,-0.017306
2023-02-17,capital_market_policy,证监会发布全面实行股票发行注册制相关制度规则（主板注册制正式落地）,801790,,,5,2023-02-17,0.000884,-0.007925,0.008809
2023-02-17,capital_market_policy,证监会发布全面实行股票发行注册制相关制度规则（主板注册制正式落地）,801780,,,5,2023-02-17,0.004458,-0.007925,0.012383
2023-02-17,capital_market_policy,证监会发布全面实行股票发行注册制相关制度规则（主板注册制正式落地）,801750,,,5,2023-02-17,-0.01959,-0.007925,-0.011665
2023-02-17,capital_market_policy,证监会发布全面实行股票发行注册制相关制度规则（主板注册制正式落地）,801790,,,20,2023-02-17,-0.028984,-0.032898,0.003915
2023-02-17,capital_market_policy,证监会发布全面实行股票发行注册制相关制度规则（主板注册制正式落地）,801780,,,20,2023-02-17,-0.012671,-0.032898,0.020227
2023-02-17,capital_market_policy,证监会发布全面实行股票发行注册制相关制度规则（主板注册制正式落地）,801750,,,20,2023-02-17,0.050864,-0.032898,0.083763
2023-03-17,monetary_policy,央行降准0.25个百分点：释放长期资金约5000亿元,801780,+,中,1,2023-03-17,-0.004393,-1.9e-05,-0.004374
2023-03-17,monetary_policy,央行降准0.25个百分点：释放长期资金约5000亿元,801790,+,中,1,2023-03-17,0.008723,-1.9e-05,0.008742
2023-03-17,monetary_policy,央行降准0.25个百分点：释放长期资金约5000亿元,801180,+,中,1,2023-03-17,0.001884,-1.9e-05,0.001903
2023-03-17,monetary_policy,央行降准0.25个百分点：释放长期资金约5000亿元,801780,+,中,5,2023-03-17,-0.001218,0.022313,-0.023531
2023-03-17,monetary_policy,央行降准0.25个百分点：释放长期资金约5000亿元,801790,+,中,5,2023-03-17,0.023212,0.022313,0.000899
2023-03-17,monetary_policy,央行降准0.25个百分点：释放长期资金约5000亿元,801180,+,中,5,2023-03-17,0.010679,0.022313,-0.011634
2023-03-17,monetary_policy,央行降准0.25个百分点：释放长期资金约5000亿元,801780,+,中,20,2023-03-17,0.031739,0.05337,-0.021631
2023-03-17,monetary_policy,央行降准0.25个百分点：释放长期资金约5000亿元,801790,+,中,20,2023-03-17,0.07526,0.05337,0.02189
2023-03-17,monetary_policy,央行降准0.25个百分点：释放长期资金约5000亿元,801180,+,中,20,2023-03-17,0.020508,0.05337,-0.032863
2023-05-21,geopolitical,中国网信办宣布美光公司(Micron)在华销售产品未通过网络安全审查,801080,,,1,2023-05-22,-0.019875,-0.007948,-0.011927
2023-05-21,geopolitical,中国网信办宣布美光公司(Micron)在华销售产品未通过网络安全审查,801750,,,1,2023-05-22,-0.021348,-0.007948,-0.013399
2023-05-21,geopolitical,中国网信办宣布美光公司(Micron)在华销售产品未通过网络安全审查,801770,,,1,2023-05-22,-0.030245,-0.007948,-0.022297
2023-05-21,geopolitical,中国网信办宣布美光公司(Micron)在华销售产品未通过网络安全审查,801080,,,5,2023-05-22,0.003397,-0.028038,0.031436
2023-05-21,geopolitical,中国网信办宣布美光公司(Micron)在华销售产品未通过网络安全审查,801750,,,5,2023-05-22,-0.013548,-0.028038,0.01449
2023-05-21,geopolitical,中国网信办宣布美光公司(Micron)在华销售产品未通过网络安全审查,801770,,,5,2023-05-22,0.017588,-0.028038,0.045626
2023-05-21,geopolitical,中国网信办宣布美光公司(Micron)在华销售产品未通过网络安全审查,801080,,,20,2023-05-22,0.054533,-0.003456,0.057988
2023-05-21,geopolitical,中国网信办宣布美光公司(Micron)在华销售产品未通过网络安全审查,801750,,,20,2023-05-22,0.144697,-0.003456,0.148153
2023-05-21,geopolitical,中国网信办宣布美光公司(Micron)在华销售产品未通过网络安全审查,801770,,,20,2023-05-22,0.21019,-0.003456,0.213646
2023-06-13,monetary_policy,中国人民银行下调7天期逆回购利率10个基点至1.90%,801780,,,1,2023-06-13,-0.013047,0.005096,-0.018144
2023-06-13,monetary_policy,中国人民银行下调7天期逆回购利率10个基点至1.90%,801790,,,1,2023-06-13,-0.00286,0.005096,-0.007957
2023-06-13,monetary_policy,中国人民银行下调7天期逆回购利率10个基点至1.90%,801180,,,1,2023-06-13,-0.006603,0.005096,-0.011699
2023-06-13,monetary_policy,中国人民银行下调7天期逆回购利率10个基点至1.90%,801780,,,5,2023-06-13,-0.034178,0.020759,-0.054936
2023-06-13,monetary_policy,中国人民银行下调7天期逆回购利率10个基点至1.90%,801790,,,5,2023-06-13,-0.009,0.020759,-0.029759
2023-06-13,monetary_policy,中国人民银行下调7天期逆回购利率10个基点至1.90%,801180,,,5,2023-06-13,-0.032976,0.020759,-0.053735
2023-06-13,monetary_policy,中国人民银行下调7天期逆回购利率10个基点至1.90%,801780,,,20,2023-06-13,-0.0415,0.014044,-0.055544
2023-06-13,monetary_policy,中国人民银行下调7天期逆回购利率10个基点至1.90%,801790,,,20,2023-06-13,0.005399,0.014044,-0.008645
2023-06-13,monetary_policy,中国人民银行下调7天期逆回购利率10个基点至1.90%,801180,,,20,2023-06-13,-0.047806,0.014044,-0.06185
2023-06-15,monetary_policy,中国人民银行下调1年期MLF利率10个基点至2.65%（含2370亿元MLF操作）,801780,,,1,2023-06-15,0.003047,0.025705,-0.022658
2023-06-15,monetary_policy,中国人民银行下调1年期MLF利率10个基点至2.65%（含2370亿元MLF操作）,801790,,,1,2023-06-15,0.015177,0.025705,-0.010528
2023-06-15,monetary_policy,中国人民银行下调1年期MLF利率10个基点至2.65%（含2370亿元MLF操作）,801180,,,1,2023-06-15,0.010002,0.025705,-0.015703
2023-06-15,monetary_policy,中国人民银行下调1年期MLF利率10个基点至2.65%（含2370亿元MLF操作）,801780,,,5,2023-06-15,-0.03976,-0.01406,-0.0257
2023-06-15,monetary_policy,中国人民银行下调1年期MLF利率10个基点至2.65%（含2370亿元MLF操作）,801790,,,5,2023-06-15,-0.042643,-0.01406,-0.028583
2023-06-15,monetary_policy,中国人民银行下调1年期MLF利率10个基点至2.65%（含2370亿元MLF操作）,801180,,,5,2023-06-15,-0.054121,-0.01406,-0.040061
2023-06-15,monetary_policy,中国人民银行下调1年期MLF利率10个基点至2.65%（含2370亿元MLF操作）,801780,,,20,2023-06-15,-0.041596,0.000815,-0.042412
2023-06-15,monetary_policy,中国人民银行下调1年期MLF利率10个基点至2.65%（含2370亿元MLF操作）,801790,,,20,2023-06-15,-0.000954,0.000815,-0.001769
2023-06-15,monetary_policy,中国人民银行下调1年期MLF利率10个基点至2.65%（含2370亿元MLF操作）,801180,,,20,2023-06-15,-0.047263,0.000815,-0.048078
2023-06-20,monetary_policy,LPR双降：1年期降至3.55%(-10bp)，5年期降至4.20%(-10bp),801780,+,高,1,2023-06-20,-0.008209,-0.017013,0.008804
2023-06-20,monetary_policy,LPR双降：1年期降至3.55%(-10bp)，5年期降至4.20%(-10bp),801790,+,高,1,2023-06-20,-0.023639,-0.017013,-0.006627
2023-06-20,monetary_policy,LPR双降：1年期降至3.55%(-10bp)，5年期降至4.20%(-10bp),801180,+,高,1,2023-06-20,-0.029373,-0.017013,-0.01236
2023-06-20,monetary_policy,LPR双降：1年期降至3.55%(-10bp)，5年期降至4.20%(-10bp),801710,+,高,1,2023-06-20,-0.042791,-0.017013,-0.025778
2023-06-20,monetary_policy,LPR双降：1年期降至3.55%(-10bp)，5年期降至4.20%(-10bp),801780,+,高,5,2023-06-20,-0.021519,-0.027745,0.006226
2023-06-20,monetary_policy,LPR双降：1年期降至3.55%(-10bp)，5年期降至4.20%(-10bp),801790,+,高,5,2023-06-20,-0.037476,-0.027745,-0.009731
2023-06-20,monetary_policy,LPR双降：1年期降至3.55%(-10bp)，5年期降至4.20%(-10bp),801180,+,高,5,2023-06-20,-0.02799,-0.027745,-0.000245
2023-06-20,monetary_policy,LPR双降：1年期降至3.55%(-10bp)，5年期降至4.20%(-10bp),801710,+,高,5,2023-06-20,-0.037776,-0.027745,-0.01003
2023-06-20,monetary_policy,LPR双降：1年期降至3.55%(-10bp)，5年期降至4.20%(-10bp),801780,+,高,20,2023-06-20,-0.028829,-0.027274,-0.001555
2023-06-20,monetary_policy,LPR双降：1年期降至3.55%(-10bp)，5年期降至4.20%(-10bp),801790,+,高,20,2023-06-20,-0.00747,-0.027274,0.019804
2023-06-20,monetary_policy,LPR双降：1年期降至3.55%(-10bp)，5年期降至4.20%(-10bp),801180,+,高,20,2023-06-20,-0.017814,-0.027274,0.00946
2023-06-20,monetary_policy,LPR双降：1年期降至3.55%(-10bp)，5年期降至4.20%(-10bp),801710,+,高,20,2023-06-20,-0.024263,-0.027274,0.003011
2023-06-21,industry_policy,财政部、税务总局、工信部公告延续和优化新能源汽车车辆购置税减免政策（2024-2025年免征、2026-2027年减半，单车最高3万元）,801730,,,1,2023-06-21,-0.013564,-0.029188,0.015624
2023-06-21,industry_policy,财政部、税务总局、工信部公告延续和优化新能源汽车车辆购置税减免政策（2024-2025年免征、2026-2027年减半，单车最高3万元）,801160,,,1,2023-06-21,0.023757,-0.029188,0.052946
2023-06-21,industry_policy,财政部、税务总局、工信部公告延续和优化新能源汽车车辆购置税减免政策（2024-2025年免征、2026-2027年减半，单车最高3万元）,801880,,,1,2023-06-21,-0.009481,-0.029188,0.019708
2023-06-21,industry_policy,财政部、税务总局、工信部公告延续和优化新能源汽车车辆购置税减免政策（2024-2025年免征、2026-2027年减半，单车最高3万元）,801050,,,1,2023-06-21,-0.026784,-0.029188,0.002405
2023-06-21,industry_policy,财政部、税务总局、工信部公告延续和优化新能源汽车车辆购置税减免政策（2024-2025年免征、2026-2027年减半，单车最高3万元）,801730,,,5,2023-06-21,0.017695,-0.020841,0.038536
2023-06-21,industry_policy,财政部、税务总局、工信部公告延续和优化新能源汽车车辆购置税减免政策（2024-2025年免征、2026-2027年减半，单车最高3万元）,801160,,,5,2023-06-21,0.026298,-0.020841,0.047139
2023-06-21,industry_policy,财政部、税务总局、工信部公告延续和优化新能源汽车车辆购置税减免政策（2024-2025年免征、2026-2027年减半，单车最高3万元）,801880,,,5,2023-06-21,0.011447,-0.020841,0.032289
2023-06-21,industry_policy,财政部、税务总局、工信部公告延续和优化新能源汽车车辆购置税减免政策（2024-2025年免征、2026-2027年减半，单车最高3万元）,801050,,,5,2023-06-21,-0.008985,-0.020841,0.011856
2023-06-21,industry_policy,财政部、税务总局、工信部公告延续和优化新能源汽车车辆购置税减免政策（2024-2025年免征、2026-2027年减半，单车最高3万元）,801730,,,20,2023-06-21,-0.032778,-0.026076,-0.006702
2023-06-21,industry_policy,财政部、税务总局、工信部公告延续和优化新能源汽车车辆购置税减免政策（2024-2025年免征、2026-2027年减半，单车最高3万元）,801160,,,20,2023-06-21,0.001382,-0.026076,0.027458
2023-06-21,industry_policy,财政部、税务总局、工信部公告延续和优化新能源汽车车辆购置税减免政策（2024-2025年免征、2026-2027年减半，单车最高3万元）,801880,,,20,2023-06-21,0.012738,-0.026076,0.038814
2023-06-21,industry_policy,财政部、税务总局、工信部公告延续和优化新能源汽车车辆购置税减免政策（2024-2025年免征、2026-2027年减半，单车最高3万元）,801050,,,20,2023-06-21,0.015947,-0.026076,0.042023
2023-07-03,geopolitical,商务部、海关总署发布对镓、锗相关物项实施出口管制的公告（自8月1日起施行）,801080,,,1,2023-07-03,0.02095,0.01472,0.00623
2023-07-03,geopolitical,商务部、海关总署发布对镓、锗相关物项实施出口管制的公告（自8月1日起施行）,801880,,,1,2023-07-03,0.042551,0.01472,0.027831
2023-07-03,geopolitical,商务部、海关总署发布对镓、锗相关物项实施出口管制的公告（自8月1日起施行）,801110,,,1,2023-07-03,0.002116,0.01472,-0.012604
2023-07-03,geopolitical,商务部、海关总署发布对镓、锗相关物项实施出口管制的公告（自8月1日起施行）,801890,,,1,2023-07-03,0.004872,0.01472,-0.009848
2023-07-03,geopolitical,商务部、海关总署发布对镓、锗相关物项实施出口管制的公告（自8月1日起施行）,801050,,,1,2023-07-03,0.018165,0.01472,0.003445
2023-07-03,geopolitical,商务部、海关总署发布对镓、锗相关物项实施出口管制的公告（自8月1日起施行）,801030,,,1,2023-07-03,0.005037,0.01472,-0.009683
2023-07-03,geopolitical,商务部、海关总署发布对镓、锗相关物项实施出口管制的公告（自8月1日起施行）,801080,,,5,2023-07-03,0.001716,0.000488,0.001228
2023-07-03,geopolitical,商务部、海关总署发布对镓、锗相关物项实施出口管制的公告（自8月1日起施行）,801880,,,5,2023-07-03,0.019482,0.000488,0.018994
2023-07-03,geopolitical,商务部、海关总署发布对镓、锗相关物项实施出口管制的公告（自8月1日起施行）,801110,,,5,2023-07-03,-0.026142,0.000488,-0.02663
2023-07-03,geopolitical,商务部、海关总署发布对镓、锗相关物项实施出口管制的公告（自8月1日起施行）,801890,,,5,2023-07-03,-0.015138,0.000488,-0.015626
2023-07-03,geopolitical,商务部、海关总署发布对镓、锗相关物项实施出口管制的公告（自8月1日起施行）,801050,,,5,2023-07-03,0.022911,0.000488,0.022423
2023-07-03,geopolitical,商务部、海关总署发布对镓、锗相关物项实施出口管制的公告（自8月1日起施行）,801030,,,5,2023-07-03,0.005241,0.000488,0.004753
2023-07-03,geopolitical,商务部、海关总署发布对镓、锗相关物项实施出口管制的公告（自8月1日起施行）,801080,,,20,2023-07-03,-0.008232,0.044809,-0.053042
2023-07-03,geopolitical,商务部、海关总署发布对镓、锗相关物项实施出口管制的公告（自8月1日起施行）,801880,,,20,2023-07-03,0.05737,0.044809,0.012561
2023-07-03,geopolitical,商务部、海关总署发布对镓、锗相关物项实施出口管制的公告（自8月1日起施行）,801110,,,20,2023-07-03,0.007122,0.044809,-0.037687
2023-07-03,geopolitical,商务部、海关总署发布对镓、锗相关物项实施出口管制的公告（自8月1日起施行）,801890,,,20,2023-07-03,-0.017388,0.044809,-0.062197
2023-07-03,geopolitical,商务部、海关总署发布对镓、锗相关物项实施出口管制的公告（自8月1日起施行）,801050,,,20,2023-07-03,0.052259,0.044809,0.00745
2023-07-03,geopolitical,商务部、海关总署发布对镓、锗相关物项实施出口管制的公告（自8月1日起施行）,801030,,,20,2023-07-03,0.039135,0.044809,-0.005674
2023-07-21,industry_policy,国务院常务会议审议通过《关于在超大特大城市积极稳步推进城中村改造的指导意见》,801180,,,1,2023-07-21,0.009934,-0.004831,0.014765
2023-07-21,industry_policy,国务院常务会议审议通过《关于在超大特大城市积极稳步推进城中村改造的指导意见》,801710,,,1,2023-07-21,-0.013544,-0.004831,-0.008712
2023-07-21,industry_policy,国务院常务会议审议通过《关于在超大特大城市积极稳步推进城中村改造的指导意见》,801780,,,1,2023-07-21,-0.004931,-0.004831,-9.9e-05
2023-07-21,industry_policy,国务院常务会议审议通过《关于在超大特大城市积极稳步推进城中村改造的指导意见》,801180,,,5,2023-07-21,0.115444,0.044209,0.071235
2023-07-21,industry_policy,国务院常务会议审议通过《关于在超大特大城市积极稳步推进城中村改造的指导意见》,801710,,,5,2023-07-21,0.068934,0.044209,0.024725
2023-07-21,industry_policy,国务院常务会议审议通过《关于在超大特大城市积极稳步推进城中村改造的指导意见》,801780,,,5,2023-07-21,0.062141,0.044209,0.017932
2023-07-21,industry_policy,国务院常务会议审议通过《关于在超大特大城市积极稳步推进城中村改造的指导意见》,801180,,,20,2023-07-21,0.077133,-0.01038,0.087514
2023-07-21,industry_policy,国务院常务会议审议通过《关于在超大特大城市积极稳步推进城中村改造的指导意见》,801710,,,20,2023-07-21,0.027577,-0.01038,0.037957
2023-07-21,industry_policy,国务院常务会议审议通过《关于在超大特大城市积极稳步推进城中村改造的指导意见》,801780,,,20,2023-07-21,0.019565,-0.01038,0.029945
2023-07-24,capital_market_policy,政治局会议：活跃资本市场，提振投资者信心,801790,+,高,1,2023-07-24,0.051715,0.024387,0.027328
2023-07-24,capital_market_policy,政治局会议：活跃资本市场，提振投资者信心,801780,+,高,1,2023-07-24,0.023892,0.024387,-0.000495
2023-07-24,capital_market_policy,政治局会议：活跃资本市场，提振投资者信心,801750,+,高,1,2023-07-24,0.029852,0.024387,0.005465
2023-07-24,capital_market_policy,政治局会议：活跃资本市场，提振投资者信心,801760,+,高,1,2023-07-24,0.01444,0.024387,-0.009947
2023-07-24,capital_market_policy,政治局会议：活跃资本市场，提振投资者信心,801790,+,高,5,2023-07-24,0.12276,0.050425,0.072335
2023-07-24,capital_market_policy,政治局会议：活跃资本市场，提振投资者信心,801780,+,高,5,2023-07-24,0.071818,0.050425,0.021393
2023-07-24,capital_market_policy,政治局会议：活跃资本市场，提振投资者信心,801750,+,高,5,2023-07-24,0.026283,0.050425,-0.024142
2023-07-24,capital_market_policy,政治局会议：活跃资本市场，提振投资者信心,801760,+,高,5,2023-07-24,-0.003414,0.050425,-0.053839
2023-07-24,capital_market_policy,政治局会议：活跃资本市场，提振投资者信心,801790,+,高,20,2023-07-24,0.061917,-0.024165,0.086081
2023-07-24,capital_market_policy,政治局会议：活跃资本市场，提振投资者信心,801780,+,高,20,2023-07-24,0.003862,-0.024165,0.028026
2023-07-24,capital_market_policy,政治局会议：活跃资本市场，提振投资者信心,801750,+,高,20,2023-07-24,-0.028648,-0.024165,-0.004484
2023-07-24,capital_market_policy,政治局会议：活跃资本市场，提振投资者信心,801760,+,高,20,2023-07-24,-0.068952,-0.024165,-0.044787
2023-08-09,geopolitical,美国总统签署第14105号行政令，建立对华半导体、量子信息、人工智能领域对外投资审查机制,801080,,,1,2023-08-09,-0.016253,-0.001009,-0.015244
2023-08-09,geopolitical,美国总统签署第14105号行政令，建立对华半导体、量子信息、人工智能领域对外投资审查机制,801750,,,1,2023-08-09,-0.008237,-0.001009,-0.007228
2023-08-09,geopolitical,美国总统签署第14105号行政令，建立对华半导体、量子信息、人工智能领域对外投资审查机制,801770,,,1,2023-08-09,-0.02743,-0.001009,-0.026421
2023-08-09,geopolitical,美国总统签署第14105号行政令，建立对华半导体、量子信息、人工智能领域对外投资审查机制,801080,,,5,2023-08-09,-0.072055,-0.040555,-0.0315
2023-08-09,geopolitical,美国总统签署第14105号行政令，建立对华半导体、量子信息、人工智能领域对外投资审查机制,801750,,,5,2023-08-09,-0.055347,-0.040555,-0.014792
2023-08-09,geopolitical,美国总统签署第14105号行政令，建立对华半导体、量子信息、人工智能领域对外投资审查机制,801770,,,5,2023-08-09,-0.056551,-0.040555,-0.015996
2023-08-09,geopolitical,美国总统签署第14105号行政令，建立对华半导体、量子信息、人工智能领域对外投资审查机制,801080,,,20,2023-08-09,-0.024345,-0.04214,0.017794
2023-08-09,geopolitical,美国总统签署第14105号行政令，建立对华半导体、量子信息、人工智能领域对外投资审查机制,801750,,,20,2023-08-09,-0.063973,-0.04214,-0.021833
2023-08-09,geopolitical,美国总统签署第14105号行政令，建立对华半导体、量子信息、人工智能领域对外投资审查机制,801770,,,20,2023-08-09,-0.056582,-0.04214,-0.014442
2023-08-15,monetary_policy,央行降息：MLF降15bp至2.50%、7天逆回购降10bp至1.80%,801780,+,高,1,2023-08-15,0.008846,-0.009744,0.01859
2023-08-15,monetary_policy,央行降息：MLF降15bp至2.50%、7天逆回购降10bp至1.80%,801790,+,高,1,2023-08-15,0.013479,-0.009744,0.023223
2023-08-15,monetary_policy,央行降息：MLF降15bp至2.50%、7天逆回购降10bp至1.80%,801180,+,高,1,2023-08-15,0.01485,-0.009744,0.024594
2023-08-15,monetary_policy,央行降息：MLF降15bp至2.50%、7天逆回购降10bp至1.80%,801710,+,高,1,2023-08-15,0.003114,-0.009744,0.012858
2023-08-15,monetary_policy,央行降息：MLF降15bp至2.50%、7天逆回购降10bp至1.80%,801780,+,高,5,2023-08-15,-1e-05,-0.025332,0.025323
2023-08-15,monetary_policy,央行降息：MLF降15bp至2.50%、7天逆回购降10bp至1.80%,801790,+,高,5,2023-08-15,-0.019282,-0.025332,0.00605
2023-08-15,monetary_policy,央行降息：MLF降15bp至2.50%、7天逆回购降10bp至1.80%,801180,+,高,5,2023-08-15,-0.021451,-0.025332,0.003881
2023-08-15,monetary_policy,央行降息：MLF降15bp至2.50%、7天逆回购降10bp至1.80%,801710,+,高,5,2023-08-15,-0.004065,-0.025332,0.021268
2023-08-15,monetary_policy,央行降息：MLF降15bp至2.50%、7天逆回购降10bp至1.80%,801780,+,高,20,2023-08-15,0.003769,-0.026139,0.029908
2023-08-15,monetary_policy,央行降息：MLF降15bp至2.50%、7天逆回购降10bp至1.80%,801790,+,高,20,2023-08-15,-0.040745,-0.026139,-0.014606
2023-08-15,monetary_policy,央行降息：MLF降15bp至2.50%、7天逆回购降10bp至1.80%,801180,+,高,20,2023-08-15,-0.041536,-0.026139,-0.015397
2023-08-15,monetary_policy,央行降息：MLF降15bp至2.50%、7天逆回购降10bp至1.80%,801710,+,高,20,2023-08-15,-0.017938,-0.026139,0.008201
2023-08-21,monetary_policy,LPR非对称下调：1年期降至3.45%(-10bp)，5年期维持4.20%,801780,+,中,1,2023-08-21,-0.005213,-0.006812,0.0016
2023-08-21,monetary_policy,LPR非对称下调：1年期降至3.45%(-10bp)，5年期维持4.20%,801790,+,中,1,2023-08-21,-0.016902,-0.006812,-0.01009
2023-08-21,monetary_policy,LPR非对称下调：1年期降至3.45%(-10bp)，5年期维持4.20%,801780,+,中,5,2023-08-21,0.011661,-0.008294,0.019955
2023-08-21,monetary_policy,LPR非对称下调：1年期降至3.45%(-10bp)，5年期维持4.20%,801790,+,中,5,2023-08-21,-0.001846,-0.008294,0.006448
2023-08-21,monetary_policy,LPR非对称下调：1年期降至3.45%(-10bp)，5年期维持4.20%,801780,+,中,20,2023-08-21,0.010149,-0.011923,0.022072
2023-08-21,monetary_policy,LPR非对称下调：1年期降至3.45%(-10bp)，5年期维持4.20%,801790,+,中,20,2023-08-21,-0.039693,-0.011923,-0.027771
2023-08-25,industry_policy,住建部、央行、金融监管总局联合发文推动落实购买首套房贷款“认房不用认贷”政策措施,801180,,,1,2023-08-25,0.052412,0.00784,0.044572
2023-08-25,industry_policy,住建部、央行、金融监管总局联合发文推动落实购买首套房贷款“认房不用认贷”政策措施,801710,,,1,2023-08-25,0.023992,0.00784,0.016152
2023-08-25,industry_policy,住建部、央行、金融监管总局联合发文推动落实购买首套房贷款“认房不用认贷”政策措施,801780,,,1,2023-08-25,0.024199,0.00784,0.016359
2023-08-25,industry_policy,住建部、央行、金融监管总局联合发文推动落实购买首套房贷款“认房不用认贷”政策措施,801180,,,5,2023-08-25,0.029858,0.018279,0.011579
2023-08-25,industry_policy,住建部、央行、金融监管总局联合发文推动落实购买首套房贷款“认房不用认贷”政策措施,801710,,,5,2023-08-25,0.040092,0.018279,0.021813
2023-08-25,industry_policy,住建部、央行、金融监管总局联合发文推动落实购买首套房贷款“认房不用认贷”政策措施,801780,,,5,2023-08-25,0.00506,0.018279,-0.013219
2023-08-25,industry_policy,住建部、央行、金融监管总局联合发文推动落实购买首套房贷款“认房不用认贷”政策措施,801180,,,20,2023-08-25,-0.025302,0.00256,-0.027862
2023-08-25,industry_policy,住建部、央行、金融监管总局联合发文推动落实购买首套房贷款“认房不用认贷”政策措施,801710,,,20,2023-08-25,0.008169,0.00256,0.005609
2023-08-25,industry_policy,住建部、央行、金融监管总局联合发文推动落实购买首套房贷款“认房不用认贷”政策措施,801780,,,20,2023-08-25,0.030737,0.00256,0.028177
2023-08-27,capital_market_policy,证监会：印花税减半、阶段性收紧IPO、规范减持,801790,+,高,1,2023-08-28,0.020758,0.021826,-0.001068
2023-08-27,capital_market_policy,证监会：印花税减半、阶段性收紧IPO、规范减持,801780,+,高,1,2023-08-28,0.001947,0.021826,-0.019878
2023-08-27,capital_market_policy,证监会：印花税减半、阶段性收紧IPO、规范减持,801790,+,高,5,2023-08-28,0.013439,0.037691,-0.024251
2023-08-27,capital_market_policy,证监会：印花税减半、阶段性收紧IPO、规范减持,801780,+,高,5,2023-08-28,0.016682,0.037691,-0.021008
2023-08-27,capital_market_policy,证监会：印花税减半、阶段性收紧IPO、规范减持,801790,+,高,20,2023-08-28,-0.022756,0.000537,-0.023293
2023-08-27,capital_market_policy,证监会：印花税减半、阶段性收紧IPO、规范减持,801780,+,高,20,2023-08-28,0.017871,0.000537,0.017334
2023-09-01,capital_market_policy,证监会及沪深交易所发布股票程序化交易报告制度相关规则,801790,,,1,2023-09-01,0.025154,0.022225,0.002929
2023-09-01,capital_market_policy,证监会及沪深交易所发布股票程序化交易报告制度相关规则,801780,,,1,2023-09-01,0.030355,0.022225,0.008129
2023-09-01,capital_market_policy,证监会及沪深交易所发布股票程序化交易报告制度相关规则,801750,,,1,2023-09-01,0.006175,0.022225,-0.01605
2023-09-01,capital_market_policy,证监会及沪深交易所发布股票程序化交易报告制度相关规则,801790,,,5,2023-09-01,0.018216,0.005547,0.012669
2023-09-01,capital_market_policy,证监会及沪深交易所发布股票程序化交易报告制度相关规则,801780,,,5,2023-09-01,0.017573,0.005547,0.012026
2023-09-01,capital_market_policy,证监会及沪深交易所发布股票程序化交易报告制度相关规则,801750,,,5,2023-09-01,-0.004959,0.005547,-0.010507
2023-09-01,capital_market_policy,证监会及沪深交易所发布股票程序化交易报告制度相关规则,801790,,,20,2023-09-01,-0.031679,-0.023921,-0.007757
2023-09-01,capital_market_policy,证监会及沪深交易所发布股票程序化交易报告制度相关规则,801780,,,20,2023-09-01,0.01851,-0.023921,0.042432
2023-09-01,capital_market_policy,证监会及沪深交易所发布股票程序化交易报告制度相关规则,801750,,,20,2023-09-01,-0.029753,-0.023921,-0.005832
2023-09-15,monetary_policy,央行降准0.25个百分点：释放长期资金约5000亿元,801780,+,中,1,2023-09-15,-0.003347,-0.001553,-0.001794
2023-09-15,monetary_policy,央行降准0.25个百分点：释放长期资金约5000亿元,801790,+,中,1,2023-09-15,-0.002308,-0.001553,-0.000755
2023-09-15,monetary_policy,央行降准0.25个百分点：释放长期资金约5000亿元,801180,+,中,1,2023-09-15,-0.007215,-0.001553,-0.005662
2023-09-15,monetary_policy,央行降准0.25个百分点：释放长期资金约5000亿元,801780,+,中,5,2023-09-15,0.010175,0.001453,0.008722
2023-09-15,monetary_policy,央行降准0.25个百分点：释放长期资金约5000亿元,801790,+,中,5,2023-09-15,0.015288,0.001453,0.013835
2023-09-15,monetary_policy,央行降准0.25个百分点：释放长期资金约5000亿元,801180,+,中,5,2023-09-15,-0.002224,0.001453,-0.003677
2023-09-15,monetary_policy,央行降准0.25个百分点：释放长期资金约5000亿元,801780,+,中,20,2023-09-15,-0.02621,-0.069442,0.043233
2023-09-15,monetary_policy,央行降准0.25个百分点：释放长期资金约5000亿元,801790,+,中,20,2023-09-15,-0.053196,-0.069442,0.016246
2023-09-15,monetary_policy,央行降准0.25个百分点：释放长期资金约5000亿元,801180,+,中,20,2023-09-15,-0.118886,-0.069442,-0.049443
2023-10-07,geopolitical,巴以冲突爆发：哈马斯袭击以色列引发中东局势骤紧,801030,+,高,1,2023-10-09,-0.008549,-0.008779,0.00023
2023-10-07,geopolitical,巴以冲突爆发：哈马斯袭击以色列引发中东局势骤紧,801040,+,高,1,2023-10-09,-0.010904,-0.008779,-0.002125
2023-10-07,geopolitical,巴以冲突爆发：哈马斯袭击以色列引发中东局势骤紧,801030,+,高,5,2023-10-09,-0.017396,-0.017054,-0.000342
2023-10-07,geopolitical,巴以冲突爆发：哈马斯袭击以色列引发中东局势骤紧,801040,+,高,5,2023-10-09,-0.013191,-0.017054,0.003863
2023-10-07,geopolitical,巴以冲突爆发：哈马斯袭击以色列引发中东局势骤紧,801030,+,高,20,2023-10-09,-0.004132,-0.015425,0.011293
2023-10-07,geopolitical,巴以冲突爆发：哈马斯袭击以色列引发中东局势骤紧,801040,+,高,20,2023-10-09,-0.022323,-0.015425,-0.006899
2023-10-17,geopolitical,美国商务部BIS更新并扩大对华先进计算芯片及半导体制造设备出口管制规则,801080,,,1,2023-10-17,-0.012762,-0.004417,-0.008345
2023-10-17,geopolitical,美国商务部BIS更新并扩大对华先进计算芯片及半导体制造设备出口管制规则,801880,,,1,2023-10-17,0.007206,-0.004417,0.011623
2023-10-17,geopolitical,美国商务部BIS更新并扩大对华先进计算芯片及半导体制造设备出口管制规则,801110,,,1,2023-10-17,0.002786,-0.004417,0.007204
2023-10-17,geopolitical,美国商务部BIS更新并扩大对华先进计算芯片及半导体制造设备出口管制规则,801890,,,1,2023-10-17,-0.019873,-0.004417,-0.015456
2023-10-17,geopolitical,美国商务部BIS更新并扩大对华先进计算芯片及半导体制造设备出口管制规则,801750,,,1,2023-10-17,-0.014057,-0.004417,-0.009639
2023-10-17,geopolitical,美国商务部BIS更新并扩大对华先进计算芯片及半导体制造设备出口管制规则,801770,,,1,2023-10-17,-0.016197,-0.004417,-0.011779
2023-10-17,geopolitical,美国商务部BIS更新并扩大对华先进计算芯片及半导体制造设备出口管制规则,801030,,,1,2023-10-17,-0.016183,-0.004417,-0.011765
2023-10-17,geopolitical,美国商务部BIS更新并扩大对华先进计算芯片及半导体制造设备出口管制规则,801080,,,5,2023-10-17,-0.041252,-0.038457,-0.002796
2023-10-17,geopolitical,美国商务部BIS更新并扩大对华先进计算芯片及半导体制造设备出口管制规则,801880,,,5,2023-10-17,-0.042206,-0.038457,-0.003749
2023-10-17,geopolitical,美国商务部BIS更新并扩大对华先进计算芯片及半导体制造设备出口管制规则,801110,,,5,2023-10-17,-0.030991,-0.038457,0.007465
2023-10-17,geopolitical,美国商务部BIS更新并扩大对华先进计算芯片及半导体制造设备出口管制规则,801890,,,5,2023-10-17,-0.052684,-0.038457,-0.014228
2023-10-17,geopolitical,美国商务部BIS更新并扩大对华先进计算芯片及半导体制造设备出口管制规则,801750,,,5,2023-10-17,-0.071454,-0.038457,-0.032997
2023-10-17,geopolitical,美国商务部BIS更新并扩大对华先进计算芯片及半导体制造设备出口管制规则,801770,,,5,2023-10-17,-0.08378,-0.038457,-0.045323
2023-10-17,geopolitical,美国商务部BIS更新并扩大对华先进计算芯片及半导体制造设备出口管制规则,801030,,,5,2023-10-17,-0.036711,-0.038457,0.001745
2023-10-17,geopolitical,美国商务部BIS更新并扩大对华先进计算芯片及半导体制造设备出口管制规则,801080,,,20,2023-10-17,0.062273,-0.012281,0.074554
2023-10-17,geopolitical,美国商务部BIS更新并扩大对华先进计算芯片及半导体制造设备出口管制规则,801880,,,20,2023-10-17,0.007949,-0.012281,0.020231
2023-10-17,geopolitical,美国商务部BIS更新并扩大对华先进计算芯片及半导体制造设备出口管制规则,801110,,,20,2023-10-17,-0.024452,-0.012281,-0.012171
2023-10-17,geopolitical,美国商务部BIS更新并扩大对华先进计算芯片及半导体制造设备出口管制规则,801890,,,20,2023-10-17,0.017172,-0.012281,0.029453
2023-10-17,geopolitical,美国商务部BIS更新并扩大对华先进计算芯片及半导体制造设备出口管制规则,801750,,,20,2023-10-17,0.047892,-0.012281,0.060173
2023-10-17,geopolitical,美国商务部BIS更新并扩大对华先进计算芯片及半导体制造设备出口管制规则,801770,,,20,2023-10-17,-0.020712,-0.012281,-0.008431
2023-10-17,geopolitical,美国商务部BIS更新并扩大对华先进计算芯片及半导体制造设备出口管制规则,801030,,,20,2023-10-17,0.008214,-0.012281,0.020495
2023-10-20,geopolitical,中国商务部、海关总署发布2023年第39号公告，对石墨相关物项实施出口管制(12月1日起施行),801080,,,1,2023-10-20,-0.040406,-0.016782,-0.023624
2023-10-20,geopolitical,中国商务部、海关总署发布2023年第39号公告，对石墨相关物项实施出口管制(12月1日起施行),801880,,,1,2023-10-20,-0.022136,-0.016782,-0.005354
2023-10-20,geopolitical,中国商务部、海关总署发布2023年第39号公告，对石墨相关物项实施出口管制(12月1日起施行),801110,,,1,2023-10-20,-0.020463,-0.016782,-0.003681
2023-10-20,geopolitical,中国商务部、海关总署发布2023年第39号公告，对石墨相关物项实施出口管制(12月1日起施行),801890,,,1,2023-10-20,-0.034427,-0.016782,-0.017645
2023-10-20,geopolitical,中国商务部、海关总署发布2023年第39号公告，对石墨相关物项实施出口管制(12月1日起施行),801050,,,1,2023-10-20,-0.025841,-0.016782,-0.009059
2023-10-20,geopolitical,中国商务部、海关总署发布2023年第39号公告，对石墨相关物项实施出口管制(12月1日起施行),801030,,,1,2023-10-20,-0.028364,-0.016782,-0.011581
2023-10-20,geopolitical,中国商务部、海关总署发布2023年第39号公告，对石墨相关物项实施出口管制(12月1日起施行),801080,,,5,2023-10-20,-0.00202,0.008162,-0.010182
2023-10-20,geopolitical,中国商务部、海关总署发布2023年第39号公告，对石墨相关物项实施出口管制(12月1日起施行),801880,,,5,2023-10-20,0.032993,0.008162,0.024832
2023-10-20,geopolitical,中国商务部、海关总署发布2023年第39号公告，对石墨相关物项实施出口管制(12月1日起施行),801110,,,5,2023-10-20,0.005706,0.008162,-0.002455
2023-10-20,geopolitical,中国商务部、海关总署发布2023年第39号公告，对石墨相关物项实施出口管制(12月1日起施行),801890,,,5,2023-10-20,0.009811,0.008162,0.001649
2023-10-20,geopolitical,中国商务部、海关总署发布2023年第39号公告，对石墨相关物项实施出口管制(12月1日起施行),801050,,,5,2023-10-20,0.020221,0.008162,0.012059
2023-10-20,geopolitical,中国商务部、海关总署发布2023年第39号公告，对石墨相关物项实施出口管制(12月1日起施行),801030,,,5,2023-10-20,0.024754,0.008162,0.016592
2023-10-20,geopolitical,中国商务部、海关总署发布2023年第39号公告，对石墨相关物项实施出口管制(12月1日起施行),801080,,,20,2023-10-20,0.071577,0.00977,0.061807
2023-10-20,geopolitical,中国商务部、海关总署发布2023年第39号公告，对石墨相关物项实施出口管制(12月1日起施行),801880,,,20,2023-10-20,0.060847,0.00977,0.051077
2023-10-20,geopolitical,中国商务部、海关总署发布2023年第39号公告，对石墨相关物项实施出口管制(12月1日起施行),801110,,,20,2023-10-20,0.000399,0.00977,-0.009371
2023-10-20,geopolitical,中国商务部、海关总署发布2023年第39号公告，对石墨相关物项实施出口管制(12月1日起施行),801890,,,20,2023-10-20,0.057427,0.00977,0.047657
2023-10-20,geopolitical,中国商务部、海关总署发布2023年第39号公告，对石墨相关物项实施出口管制(12月1日起施行),801050,,,20,2023-10-20,0.022793,0.00977,0.013023
2023-10-20,geopolitical,中国商务部、海关总署发布2023年第39号公告，对石墨相关物项实施出口管制(12月1日起施行),801030,,,20,2023-10-20,0.041889,0.00977,0.032118
2023-10-31,industry_policy,中央金融工作会议：加快建设金融强国（五年一度重磅会议）,801780,+,高,1,2023-10-31,0.00162,-0.003556,0.005177
2023-10-31,industry_policy,中央金融工作会议：加快建设金融强国（五年一度重磅会议）,801790,+,高,1,2023-10-31,0.000445,-0.003556,0.004002
2023-10-31,industry_policy,中央金融工作会议：加快建设金融强国（五年一度重磅会议）,801180,+,高,1,2023-10-31,-0.00532,-0.003556,-0.001764
2023-10-31,industry_policy,中央金融工作会议：加快建设金融强国（五年一度重磅会议）,801780,+,高,5,2023-10-31,0.004453,0.010042,-0.005589
2023-10-31,industry_policy,中央金融工作会议：加快建设金融强国（五年一度重磅会议）,801790,+,高,5,2023-10-31,0.032601,0.010042,0.022559
2023-10-31,industry_policy,中央金融工作会议：加快建设金融强国（五年一度重磅会议）,801180,+,高,5,2023-10-31,0.014919,0.010042,0.004878
2023-10-31,industry_policy,中央金融工作会议：加快建设金融强国（五年一度重磅会议）,801780,+,高,20,2023-10-31,-0.014614,-0.018207,0.003592
2023-10-31,industry_policy,中央金融工作会议：加快建设金融强国（五年一度重磅会议）,801790,+,高,20,2023-10-31,-0.019974,-0.018207,-0.001768
2023-10-31,industry_policy,中央金融工作会议：加快建设金融强国（五年一度重磅会议）,801180,+,高,20,2023-10-31,0.014831,-0.018207,0.033038
2024-01-24,monetary_policy,央行降准0.5pp+支农支小再贷款利率降25bp,801780,+,高,1,2024-01-24,0.031303,0.03434,-0.003038
2024-01-24,monetary_policy,央行降准0.5pp+支农支小再贷款利率降25bp,801790,+,高,1,2024-01-24,0.061118,0.03434,0.026778
2024-01-24,monetary_policy,央行降准0.5pp+支农支小再贷款利率降25bp,801180,+,高,1,2024-01-24,0.0918,0.03434,0.057459
2024-01-24,monetary_policy,央行降准0.5pp+支农支小再贷款利率降25bp,801710,+,高,1,2024-01-24,0.054313,0.03434,0.019972
2024-01-24,monetary_policy,央行降准0.5pp+支农支小再贷款利率降25bp,801780,+,高,5,2024-01-24,0.046981,-0.00513,0.052112
2024-01-24,monetary_policy,央行降准0.5pp+支农支小再贷款利率降25bp,801790,+,高,5,2024-01-24,0.024418,-0.00513,0.029548
2024-01-24,monetary_policy,央行降准0.5pp+支农支小再贷款利率降25bp,801180,+,高,5,2024-01-24,0.025638,-0.00513,0.030768
2024-01-24,monetary_policy,央行降准0.5pp+支农支小再贷款利率降25bp,801710,+,高,5,2024-01-24,0.002349,-0.00513,0.007479
2024-01-24,monetary_policy,央行降准0.5pp+支农支小再贷款利率降25bp,801780,+,高,20,2024-01-24,0.092908,0.08792,0.004989
2024-01-24,monetary_policy,央行降准0.5pp+支农支小再贷款利率降25bp,801790,+,高,20,2024-01-24,0.09052,0.08792,0.0026
2024-01-24,monetary_policy,央行降准0.5pp+支农支小再贷款利率降25bp,801180,+,高,20,2024-01-24,0.048979,0.08792,-0.038941
2024-01-24,monetary_policy,央行降准0.5pp+支农支小再贷款利率降25bp,801710,+,高,20,2024-01-24,0.046046,0.08792,-0.041873
2024-02-05,market_event,A股春节前急跌：沪指失守2700后V型反转,801790,-,高,1,2024-02-05,0.035136,0.041534,-0.006399
2024-02-05,market_event,A股春节前急跌：沪指失守2700后V型反转,801780,-,高,1,2024-02-05,0.02373,0.041534,-0.017804
2024-02-05,market_event,A股春节前急跌：沪指失守2700后V型反转,801750,-,高,1,2024-02-05,-0.012478,0.041534,-0.054012
2024-02-05,market_event,A股春节前急跌：沪指失守2700后V型反转,801080,-,高,1,2024-02-05,0.023275,0.041534,-0.018259
2024-02-05,market_event,A股春节前急跌：沪指失守2700后V型反转,801790,-,高,5,2024-02-05,0.060124,0.072721,-0.012597
2024-02-05,market_event,A股春节前急跌：沪指失守2700后V型反转,801780,-,高,5,2024-02-05,0.038589,0.072721,-0.034132
2024-02-05,market_event,A股春节前急跌：沪指失守2700后V型反转,801750,-,高,5,2024-02-05,0.106872,0.072721,0.034151
2024-02-05,market_event,A股春节前急跌：沪指失守2700后V型反转,801080,-,高,5,2024-02-05,0.111848,0.072721,0.039127
2024-02-05,market_event,A股春节前急跌：沪指失守2700后V型反转,801790,-,高,20,2024-02-05,0.090678,0.13142,-0.040741
2024-02-05,market_event,A股春节前急跌：沪指失守2700后V型反转,801780,-,高,20,2024-02-05,0.040581,0.13142,-0.090839
2024-02-05,market_event,A股春节前急跌：沪指失守2700后V型反转,801750,-,高,20,2024-02-05,0.273638,0.13142,0.142218
2024-02-05,market_event,A股春节前急跌：沪指失守2700后V型反转,801080,-,高,20,2024-02-05,0.257263,0.13142,0.125843
2024-02-07,capital_market_policy,证监会主席换帅：吴清接任易会满,801790,+,中,1,2024-02-07,0.024626,0.016076,0.00855
2024-02-07,capital_market_policy,证监会主席换帅：吴清接任易会满,801780,+,中,1,2024-02-07,-0.011636,0.016076,-0.027712
2024-02-07,capital_market_policy,证监会主席换帅：吴清接任易会满,801790,+,中,5,2024-02-07,0.049488,0.052838,-0.00335
2024-02-07,capital_market_policy,证监会主席换帅：吴清接任易会满,801780,+,中,5,2024-02-07,0.042703,0.052838,-0.010135
2024-02-07,capital_market_policy,证监会主席换帅：吴清接任易会满,801790,+,中,20,2024-02-07,0.026857,0.07565,-0.048793
2024-02-07,capital_market_policy,证监会主席换帅：吴清接任易会满,801780,+,中,20,2024-02-07,0.006726,0.07565,-0.068924
2024-02-20,monetary_policy,LPR非对称下调：1年期维持3.45%，5年期大降至3.95%(-25bp),801180,+,高,1,2024-02-20,0.030277,0.015589,0.014687
2024-02-20,monetary_policy,LPR非对称下调：1年期维持3.45%，5年期大降至3.95%(-25bp),801710,+,高,1,2024-02-20,0.022952,0.015589,0.007363
2024-02-20,monetary_policy,LPR非对称下调：1年期维持3.45%，5年期大降至3.95%(-25bp),801780,+,高,1,2024-02-20,0.034297,0.015589,0.018708
2024-02-20,monetary_policy,LPR非对称下调：1年期维持3.45%，5年期大降至3.95%(-25bp),801180,+,高,5,2024-02-20,0.051431,0.026729,0.024702
2024-02-20,monetary_policy,LPR非对称下调：1年期维持3.45%，5年期大降至3.95%(-25bp),801710,+,高,5,2024-02-20,0.041039,0.026729,0.01431
2024-02-20,monetary_policy,LPR非对称下调：1年期维持3.45%，5年期大降至3.95%(-25bp),801780,+,高,5,2024-02-20,0.015784,0.026729,-0.010944
2024-02-20,monetary_policy,LPR非对称下调：1年期维持3.45%，5年期大降至3.95%(-25bp),801180,+,高,20,2024-02-20,0.022075,0.051067,-0.028992
2024-02-20,monetary_policy,LPR非对称下调：1年期维持3.45%，5年期大降至3.95%(-25bp),801710,+,高,20,2024-02-20,0.046335,0.051067,-0.004732
2024-02-20,monetary_policy,LPR非对称下调：1年期维持3.45%，5年期大降至3.95%(-25bp),801780,+,高,20,2024-02-20,-0.004752,0.051067,-0.055819
2024-03-13,industry_policy,推动大规模设备更新和消费品以旧换新行动方案,801890,+,高,1,2024-03-13,-0.005834,-0.009804,0.003971
2024-03-13,industry_policy,推动大规模设备更新和消费品以旧换新行动方案,801040,+,高,1,2024-03-13,-0.005606,-0.009804,0.004198
2024-03-13,industry_policy,推动大规模设备更新和消费品以旧换新行动方案,801030,+,高,1,2024-03-13,-0.010048,-0.009804,-0.000244
2024-03-13,industry_policy,推动大规模设备更新和消费品以旧换新行动方案,801880,+,高,1,2024-03-13,0.007921,-0.009804,0.017726
2024-03-13,industry_policy,推动大规模设备更新和消费品以旧换新行动方案,801890,+,高,5,2024-03-13,0.016743,-0.003366,0.02011
2024-03-13,industry_policy,推动大规模设备更新和消费品以旧换新行动方案,801040,+,高,5,2024-03-13,0.013752,-0.003366,0.017119
2024-03-13,industry_policy,推动大规模设备更新和消费品以旧换新行动方案,801030,+,高,5,2024-03-13,0.018672,-0.003366,0.022039
2024-03-13,industry_policy,推动大规模设备更新和消费品以旧换新行动方案,801880,+,高,5,2024-03-13,0.039024,-0.003366,0.04239
2024-03-13,industry_policy,推动大规模设备更新和消费品以旧换新行动方案,801890,+,高,20,2024-03-13,-0.02054,-0.033817,0.013277
2024-03-13,industry_policy,推动大规模设备更新和消费品以旧换新行动方案,801040,+,高,20,2024-03-13,0.024239,-0.033817,0.058055
2024-03-13,industry_policy,推动大规模设备更新和消费品以旧换新行动方案,801030,+,高,20,2024-03-13,0.02627,-0.033817,0.060087
2024-03-13,industry_policy,推动大规模设备更新和消费品以旧换新行动方案,801880,+,高,20,2024-03-13,0.009403,-0.033817,0.04322
2024-04-12,capital_market_policy,国务院新国九条：推动资本市场高质量发展,801790,+,高,1,2024-04-12,-0.002134,0.012793,-0.014927
2024-04-12,capital_market_policy,国务院新国九条：推动资本市场高质量发展,801780,+,高,1,2024-04-12,0.012868,0.012793,7.5e-05
2024-04-12,capital_market_policy,国务院新国九条：推动资本市场高质量发展,801790,+,高,5,2024-04-12,0.007591,0.010678,-0.003087
2024-04-12,capital_market_policy,国务院新国九条：推动资本市场高质量发展,801780,+,高,5,2024-04-12,0.039109,0.010678,0.028432
2024-04-12,capital_market_policy,国务院新国九条：推动资本市场高质量发展,801790,+,高,20,2024-04-12,0.054409,0.034761,0.019648
2024-04-12,capital_market_policy,国务院新国九条：推动资本市场高质量发展,801780,+,高,20,2024-04-12,0.05702,0.034761,0.022259
2024-05-14,geopolitical,美国对华301关税：电动车100%+电池25%+太阳能50%,801880,-,高,1,2024-05-14,-0.006443,-0.010542,0.0041
2024-05-14,geopolitical,美国对华301关税：电动车100%+电池25%+太阳能50%,801730,-,高,1,2024-05-14,-0.015339,-0.010542,-0.004796
2024-05-14,geopolitical,美国对华301关税：电动车100%+电池25%+太阳能50%,801080,-,高,1,2024-05-14,-0.007356,-0.010542,0.003186
2024-05-14,geopolitical,美国对华301关税：电动车100%+电池25%+太阳能50%,801880,-,高,5,2024-05-14,-0.015039,0.00313,-0.018169
2024-05-14,geopolitical,美国对华301关税：电动车100%+电池25%+太阳能50%,801730,-,高,5,2024-05-14,-0.021358,0.00313,-0.024487
2024-05-14,geopolitical,美国对华301关税：电动车100%+电池25%+太阳能50%,801080,-,高,5,2024-05-14,0.01214,0.00313,0.00901
2024-05-14,geopolitical,美国对华301关税：电动车100%+电池25%+太阳能50%,801880,-,高,20,2024-05-14,-0.050527,-0.0329,-0.017627
2024-05-14,geopolitical,美国对华301关税：电动车100%+电池25%+太阳能50%,801730,-,高,20,2024-05-14,-0.067493,-0.0329,-0.034594
2024-05-14,geopolitical,美国对华301关税：电动车100%+电池25%+太阳能50%,801080,-,高,20,2024-05-14,0.034548,-0.0329,0.067448
2024-05-17,industry_policy,房地产新政5·17：取消房贷利率下限+首付15%+3000亿保障房再贷款,801180,+,高,1,2024-05-17,0.058346,0.013901,0.044446
2024-05-17,industry_policy,房地产新政5·17：取消房贷利率下限+首付15%+3000亿保障房再贷款,801710,+,高,1,2024-05-17,0.018979,0.013901,0.005078
2024-05-17,industry_policy,房地产新政5·17：取消房贷利率下限+首付15%+3000亿保障房再贷款,801780,+,高,1,2024-05-17,0.006949,0.013901,-0.006951
2024-05-17,industry_policy,房地产新政5·17：取消房贷利率下限+首付15%+3000亿保障房再贷款,801180,+,高,5,2024-05-17,0.017224,-0.010681,0.027905
2024-05-17,industry_policy,房地产新政5·17：取消房贷利率下限+首付15%+3000亿保障房再贷款,801710,+,高,5,2024-05-17,-0.021129,-0.010681,-0.010448
2024-05-17,industry_policy,房地产新政5·17：取消房贷利率下限+首付15%+3000亿保障房再贷款,801780,+,高,5,2024-05-17,0.004486,-0.010681,0.015168
2024-05-17,industry_policy,房地产新政5·17：取消房贷利率下限+首付15%+3000亿保障房再贷款,801180,+,高,20,2024-05-17,-0.082609,-0.028613,-0.053996
2024-05-17,industry_policy,房地产新政5·17：取消房贷利率下限+首付15%+3000亿保障房再贷款,801710,+,高,20,2024-05-17,-0.120753,-0.028613,-0.09214
2024-05-17,industry_policy,房地产新政5·17：取消房贷利率下限+首付15%+3000亿保障房再贷款,801780,+,高,20,2024-05-17,-0.046532,-0.028613,-0.017919
2024-05-24,capital_market_policy,证监会发布《上市公司股东减持股份管理暂行办法》及沪深北交易所配套细则,801790,,,1,2024-05-24,-0.006904,-0.001671,-0.005234
2024-05-24,capital_market_policy,证监会发布《上市公司股东减持股份管理暂行办法》及沪深北交易所配套细则,801780,,,1,2024-05-24,0.003444,-0.001671,0.005114
2024-05-24,capital_market_policy,证监会发布《上市公司股东减持股份管理暂行办法》及沪深北交易所配套细则,801750,,,1,2024-05-24,-0.014941,-0.001671,-0.01327
2024-05-24,capital_market_policy,证监会发布《上市公司股东减持股份管理暂行办法》及沪深北交易所配套细则,801790,,,5,2024-05-24,-0.02287,-0.016988,-0.005881
2024-05-24,capital_market_policy,证监会发布《上市公司股东减持股份管理暂行办法》及沪深北交易所配套细则,801780,,,5,2024-05-24,-0.014708,-0.016988,0.00228
2024-05-24,capital_market_policy,证监会发布《上市公司股东减持股份管理暂行办法》及沪深北交易所配套细则,801750,,,5,2024-05-24,-0.018269,-0.016988,-0.001281
2024-05-24,capital_market_policy,证监会发布《上市公司股东减持股份管理暂行办法》及沪深北交易所配套细则,801790,,,20,2024-05-24,-0.056138,-0.045302,-0.010835
2024-05-24,capital_market_policy,证监会发布《上市公司股东减持股份管理暂行办法》及沪深北交易所配套细则,801780,,,20,2024-05-24,-0.051353,-0.045302,-0.00605
2024-05-24,capital_market_policy,证监会发布《上市公司股东减持股份管理暂行办法》及沪深北交易所配套细则,801750,,,20,2024-05-24,-0.083212,-0.045302,-0.03791
2024-06-19,capital_market_policy,国资委：央企市值管理纳入业绩考核,801790,+,中,1,2024-06-19,-0.018408,-0.011933,-0.006475
2024-06-19,capital_market_policy,国资委：央企市值管理纳入业绩考核,801780,+,中,1,2024-06-19,0.005703,-0.011933,0.017636
2024-06-19,capital_market_policy,国资委：央企市值管理纳入业绩考核,801790,+,中,5,2024-06-19,-0.0275,-0.018424,-0.009075
2024-06-19,capital_market_policy,国资委：央企市值管理纳入业绩考核,801780,+,中,5,2024-06-19,0.009783,-0.018424,0.028208
2024-06-19,capital_market_policy,国资委：央企市值管理纳入业绩考核,801790,+,中,20,2024-06-19,-0.042708,-0.012411,-0.030297
2024-06-19,capital_market_policy,国资委：央企市值管理纳入业绩考核,801780,+,中,20,2024-06-19,0.038016,-0.012411,0.050427
2024-07-10,capital_market_policy,证监会批准中证金融暂停转融券业务、并上调融券保证金比例申请,801790,,,1,2024-07-10,0.013146,0.008244,0.004902
2024-07-10,capital_market_policy,证监会批准中证金融暂停转融券业务、并上调融券保证金比例申请,801780,,,1,2024-07-10,-0.018746,0.008244,-0.02699
2024-07-10,capital_market_policy,证监会批准中证金融暂停转融券业务、并上调融券保证金比例申请,801750,,,1,2024-07-10,0.025518,0.008244,0.017274
2024-07-10,capital_market_policy,证监会批准中证金融暂停转融券业务、并上调融券保证金比例申请,801790,,,5,2024-07-10,0.024448,0.017958,0.00649
2024-07-10,capital_market_policy,证监会批准中证金融暂停转融券业务、并上调融券保证金比例申请,801780,,,5,2024-07-10,0.006365,0.017958,-0.011593
2024-07-10,capital_market_policy,证监会批准中证金融暂停转融券业务、并上调融券保证金比例申请,801750,,,5,2024-07-10,0.001365,0.017958,-0.016594
2024-07-10,capital_market_policy,证监会批准中证金融暂停转融券业务、并上调融券保证金比例申请,801790,,,20,2024-07-10,0.030196,-0.028584,0.058779
2024-07-10,capital_market_policy,证监会批准中证金融暂停转融券业务、并上调融券保证金比例申请,801780,,,20,2024-07-10,-0.041599,-0.028584,-0.013016
2024-07-10,capital_market_policy,证监会批准中证金融暂停转融券业务、并上调融券保证金比例申请,801750,,,20,2024-07-10,-0.014535,-0.028584,0.014049
2024-07-22,monetary_policy,LPR双降：1年期降至3.35%(-10bp)，5年期降至3.85%(-10bp),801780,+,高,1,2024-07-22,-0.007061,-0.028013,0.020952
2024-07-22,monetary_policy,LPR双降：1年期降至3.35%(-10bp)，5年期降至3.85%(-10bp),801790,+,高,1,2024-07-22,-0.014217,-0.028013,0.013796
2024-07-22,monetary_policy,LPR双降：1年期降至3.35%(-10bp)，5年期降至3.85%(-10bp),801180,+,高,1,2024-07-22,-0.021307,-0.028013,0.006705
2024-07-22,monetary_policy,LPR双降：1年期降至3.35%(-10bp)，5年期降至3.85%(-10bp),801710,+,高,1,2024-07-22,-0.026435,-0.028013,0.001578
2024-07-22,monetary_policy,LPR双降：1年期降至3.35%(-10bp)，5年期降至3.85%(-10bp),801780,+,高,5,2024-07-22,-0.018741,-0.041897,0.023156
2024-07-22,monetary_policy,LPR双降：1年期降至3.35%(-10bp)，5年期降至3.85%(-10bp),801790,+,高,5,2024-07-22,-0.016084,-0.041897,0.025813
2024-07-22,monetary_policy,LPR双降：1年期降至3.35%(-10bp)，5年期降至3.85%(-10bp),801180,+,高,5,2024-07-22,-0.039905,-0.041897,0.001992
2024-07-22,monetary_policy,LPR双降：1年期降至3.35%(-10bp)，5年期降至3.85%(-10bp),801710,+,高,5,2024-07-22,-0.029343,-0.041897,0.012554
2024-07-22,monetary_policy,LPR双降：1年期降至3.35%(-10bp)，5年期降至3.85%(-10bp),801780,+,高,20,2024-07-22,0.006959,-0.05144,0.058399
2024-07-22,monetary_policy,LPR双降：1年期降至3.35%(-10bp)，5年期降至3.85%(-10bp),801790,+,高,20,2024-07-22,7.4e-05,-0.05144,0.051515
2024-07-22,monetary_policy,LPR双降：1年期降至3.35%(-10bp)，5年期降至3.85%(-10bp),801180,+,高,20,2024-07-22,-0.025651,-0.05144,0.025789
2024-07-22,monetary_policy,LPR双降：1年期降至3.35%(-10bp)，5年期降至3.85%(-10bp),801710,+,高,20,2024-07-22,-0.055163,-0.05144,-0.003723
2024-08-05,market_event,全球科技股黑色星期一：日股暴跌12.4%+美科技股急挫联动,801080,-,高,1,2024-08-05,-0.038579,-0.012236,-0.026342
2024-08-05,market_event,全球科技股黑色星期一：日股暴跌12.4%+美科技股急挫联动,801750,-,高,1,2024-08-05,-0.022715,-0.012236,-0.010479
2024-08-05,market_event,全球科技股黑色星期一：日股暴跌12.4%+美科技股急挫联动,801790,-,高,1,2024-08-05,-0.012354,-0.012236,-0.000118
2024-08-05,market_event,全球科技股黑色星期一：日股暴跌12.4%+美科技股急挫联动,801770,-,高,1,2024-08-05,-0.032616,-0.012236,-0.020379
2024-08-05,market_event,全球科技股黑色星期一：日股暴跌12.4%+美科技股急挫联动,801080,-,高,5,2024-08-05,-0.044977,-0.017293,-0.027684
2024-08-05,market_event,全球科技股黑色星期一：日股暴跌12.4%+美科技股急挫联动,801750,-,高,5,2024-08-05,-0.059496,-0.017293,-0.042203
2024-08-05,market_event,全球科技股黑色星期一：日股暴跌12.4%+美科技股急挫联动,801790,-,高,5,2024-08-05,-0.024783,-0.017293,-0.007489
2024-08-05,market_event,全球科技股黑色星期一：日股暴跌12.4%+美科技股急挫联动,801770,-,高,5,2024-08-05,-0.046777,-0.017293,-0.029484
2024-08-05,market_event,全球科技股黑色星期一：日股暴跌12.4%+美科技股急挫联动,801080,-,高,20,2024-08-05,-0.055273,-0.035274,-0.019999
2024-08-05,market_event,全球科技股黑色星期一：日股暴跌12.4%+美科技股急挫联动,801750,-,高,20,2024-08-05,-0.072842,-0.035274,-0.037568
2024-08-05,market_event,全球科技股黑色星期一：日股暴跌12.4%+美科技股急挫联动,801790,-,高,20,2024-08-05,-0.015338,-0.035274,0.019936
2024-08-05,market_event,全球科技股黑色星期一：日股暴跌12.4%+美科技股急挫联动,801770,-,高,20,2024-08-05,-0.058396,-0.035274,-0.023122
2024-08-15,geopolitical,商务部、海关总署发布对锑、超硬材料相关物项实施出口管制的公告（2024年第33号，自9月15日起施行）,801080,,,1,2024-08-15,0.009601,0.010998,-0.001397
2024-08-15,geopolitical,商务部、海关总署发布对锑、超硬材料相关物项实施出口管制的公告（2024年第33号，自9月15日起施行）,801880,,,1,2024-08-15,0.011094,0.010998,9.6e-05
2024-08-15,geopolitical,商务部、海关总署发布对锑、超硬材料相关物项实施出口管制的公告（2024年第33号，自9月15日起施行）,801110,,,1,2024-08-15,0.007057,0.010998,-0.003941
2024-08-15,geopolitical,商务部、海关总署发布对锑、超硬材料相关物项实施出口管制的公告（2024年第33号，自9月15日起施行）,801890,,,1,2024-08-15,0.008296,0.010998,-0.002702
2024-08-15,geopolitical,商务部、海关总署发布对锑、超硬材料相关物项实施出口管制的公告（2024年第33号，自9月15日起施行）,801050,,,1,2024-08-15,0.009546,0.010998,-0.001452
2024-08-15,geopolitical,商务部、海关总署发布对锑、超硬材料相关物项实施出口管制的公告（2024年第33号，自9月15日起施行）,801030,,,1,2024-08-15,-0.003244,0.010998,-0.014242
2024-08-15,geopolitical,商务部、海关总署发布对锑、超硬材料相关物项实施出口管制的公告（2024年第33号，自9月15日起施行）,801080,,,5,2024-08-15,-0.019343,0.001178,-0.020521
2024-08-15,geopolitical,商务部、海关总署发布对锑、超硬材料相关物项实施出口管制的公告（2024年第33号，自9月15日起施行）,801880,,,5,2024-08-15,-0.016462,0.001178,-0.017639
2024-08-15,geopolitical,商务部、海关总署发布对锑、超硬材料相关物项实施出口管制的公告（2024年第33号，自9月15日起施行）,801110,,,5,2024-08-15,0.014095,0.001178,0.012918
2024-08-15,geopolitical,商务部、海关总署发布对锑、超硬材料相关物项实施出口管制的公告（2024年第33号，自9月15日起施行）,801890,,,5,2024-08-15,-0.016832,0.001178,-0.01801
2024-08-15,geopolitical,商务部、海关总署发布对锑、超硬材料相关物项实施出口管制的公告（2024年第33号，自9月15日起施行）,801050,,,5,2024-08-15,0.009661,0.001178,0.008483
2024-08-15,geopolitical,商务部、海关总署发布对锑、超硬材料相关物项实施出口管制的公告（2024年第33号，自9月15日起施行）,801030,,,5,2024-08-15,-0.028261,0.001178,-0.029439
2024-08-15,geopolitical,商务部、海关总署发布对锑、超硬材料相关物项实施出口管制的公告（2024年第33号，自9月15日起施行）,801080,,,20,2024-08-15,-0.053389,-0.041328,-0.012061
2024-08-15,geopolitical,商务部、海关总署发布对锑、超硬材料相关物项实施出口管制的公告（2024年第33号，自9月15日起施行）,801880,,,20,2024-08-15,0.01622,-0.041328,0.057548
2024-08-15,geopolitical,商务部、海关总署发布对锑、超硬材料相关物项实施出口管制的公告（2024年第33号，自9月15日起施行）,801110,,,20,2024-08-15,0.006914,-0.041328,0.048242
2024-08-15,geopolitical,商务部、海关总署发布对锑、超硬材料相关物项实施出口管制的公告（2024年第33号，自9月15日起施行）,801890,,,20,2024-08-15,-0.020016,-0.041328,0.021312
2024-08-15,geopolitical,商务部、海关总署发布对锑、超硬材料相关物项实施出口管制的公告（2024年第33号，自9月15日起施行）,801050,,,20,2024-08-15,-0.048224,-0.041328,-0.006896
2024-08-15,geopolitical,商务部、海关总署发布对锑、超硬材料相关物项实施出口管制的公告（2024年第33号，自9月15日起施行）,801030,,,20,2024-08-15,-0.027176,-0.041328,0.014152
2024-09-09,capital_market_policy,证监会科八条：进一步强化科创板硬科技定位,801080,+,中,1,2024-09-09,0.003601,-0.011014,0.014615
2024-09-09,capital_market_policy,证监会科八条：进一步强化科创板硬科技定位,801750,+,中,1,2024-09-09,0.011157,-0.011014,0.022171
2024-09-09,capital_market_policy,证监会科八条：进一步强化科创板硬科技定位,801770,+,中,1,2024-09-09,0.01867,-0.011014,0.029684
2024-09-09,capital_market_policy,证监会科八条：进一步强化科创板硬科技定位,801790,+,中,1,2024-09-09,-0.00883,-0.011014,0.002184
2024-09-09,capital_market_policy,证监会科八条：进一步强化科创板硬科技定位,801080,+,中,5,2024-09-09,-0.033293,-0.018672,-0.014621
2024-09-09,capital_market_policy,证监会科八条：进一步强化科创板硬科技定位,801750,+,中,5,2024-09-09,-0.007525,-0.018672,0.011147
2024-09-09,capital_market_policy,证监会科八条：进一步强化科创板硬科技定位,801770,+,中,5,2024-09-09,0.016738,-0.018672,0.03541
2024-09-09,capital_market_policy,证监会科八条：进一步强化科创板硬科技定位,801790,+,中,5,2024-09-09,0.000422,-0.018672,0.019094
2024-09-09,capital_market_policy,证监会科八条：进一步强化科创板硬科技定位,801080,+,中,20,2024-09-09,0.261921,0.185756,0.076164
2024-09-09,capital_market_policy,证监会科八条：进一步强化科创板硬科技定位,801750,+,中,20,2024-09-09,0.409959,0.185756,0.224203
2024-09-09,capital_market_policy,证监会科八条：进一步强化科创板硬科技定位,801770,+,中,20,2024-09-09,0.254985,0.185756,0.069229
2024-09-09,capital_market_policy,证监会科八条：进一步强化科创板硬科技定位,801790,+,中,20,2024-09-09,0.341335,0.185756,0.155579
2024-09-24,monetary_policy,央行、金监总局、证监会联合发布一揽子金融政策,801780,+,高,1,2024-09-24,0.063141,0.058756,0.004385
2024-09-24,monetary_policy,央行、金监总局、证监会联合发布一揽子金融政策,801790,+,高,1,2024-09-24,0.084835,0.058756,0.026079
2024-09-24,monetary_policy,央行、金监总局、证监会联合发布一揽子金融政策,801180,+,高,1,2024-09-24,0.040719,0.058756,-0.018037
2024-09-24,monetary_policy,央行、金监总局、证监会联合发布一揽子金融政策,801750,+,高,1,2024-09-24,0.046206,0.058756,-0.01255
2024-09-24,monetary_policy,央行、金监总局、证监会联合发布一揽子金融政策,801780,+,高,5,2024-09-24,0.177577,0.324746,-0.147169
2024-09-24,monetary_policy,央行、金监总局、证监会联合发布一揽子金融政策,801790,+,高,5,2024-09-24,0.490547,0.324746,0.165801
2024-09-24,monetary_policy,央行、金监总局、证监会联合发布一揽子金融政策,801180,+,高,5,2024-09-24,0.342087,0.324746,0.017341
2024-09-24,monetary_policy,央行、金监总局、证监会联合发布一揽子金融政策,801750,+,高,5,2024-09-24,0.49703,0.324746,0.172284
2024-09-24,monetary_policy,央行、金监总局、证监会联合发布一揽子金融政策,801780,+,高,20,2024-09-24,0.136214,0.22158,-0.085367
2024-09-24,monetary_policy,央行、金监总局、证监会联合发布一揽子金融政策,801790,+,高,20,2024-09-24,0.372876,0.22158,0.151296
2024-09-24,monetary_policy,央行、金监总局、证监会联合发布一揽子金融政策,801180,+,高,20,2024-09-24,0.291298,0.22158,0.069718
2024-09-24,monetary_policy,央行、金监总局、证监会联合发布一揽子金融政策,801750,+,高,20,2024-09-24,0.46264,0.22158,0.24106
2024-09-26,capital_market_policy,政治局会议：促进房地产市场止跌回稳,801180,+,高,1,2024-09-26,0.154036,0.088828,0.065208
2024-09-26,capital_market_policy,政治局会议：促进房地产市场止跌回稳,801710,+,高,1,2024-09-26,0.118242,0.088828,0.029414
2024-09-26,capital_market_policy,政治局会议：促进房地产市场止跌回稳,801780,+,高,1,2024-09-26,0.027544,0.088828,-0.061284
2024-09-26,capital_market_policy,政治局会议：促进房地产市场止跌回稳,801180,+,高,5,2024-09-26,0.157985,0.17529,-0.017305
2024-09-26,capital_market_policy,政治局会议：促进房地产市场止跌回稳,801710,+,高,5,2024-09-26,0.165244,0.17529,-0.010046
2024-09-26,capital_market_policy,政治局会议：促进房地产市场止跌回稳,801780,+,高,5,2024-09-26,0.079728,0.17529,-0.095562
2024-09-26,capital_market_policy,政治局会议：促进房地产市场止跌回稳,801180,+,高,20,2024-09-26,0.299148,0.143908,0.15524
2024-09-26,capital_market_policy,政治局会议：促进房地产市场止跌回稳,801710,+,高,20,2024-09-26,0.273149,0.143908,0.129242
2024-09-26,capital_market_policy,政治局会议：促进房地产市场止跌回稳,801780,+,高,20,2024-09-26,0.049078,0.143908,-0.09483
2024-09-27,capital_market_policy,证监会并购六条：支持上市公司并购重组,801080,+,中,1,2024-09-27,0.200147,0.133284,0.066863
2024-09-27,capital_market_policy,证监会并购六条：支持上市公司并购重组,801750,+,中,1,2024-09-27,0.219933,0.133284,0.086648
2024-09-27,capital_market_policy,证监会并购六条：支持上市公司并购重组,801790,+,中,1,2024-09-27,0.18068,0.133284,0.047395
2024-09-27,capital_market_policy,证监会并购六条：支持上市公司并购重组,801030,+,中,1,2024-09-27,0.144534,0.133284,0.011249
2024-09-27,capital_market_policy,证监会并购六条：支持上市公司并购重组,801080,+,中,5,2024-09-27,0.199946,0.096422,0.103524
2024-09-27,capital_market_policy,证监会并购六条：支持上市公司并购重组,801750,+,中,5,2024-09-27,0.202372,0.096422,0.10595
2024-09-27,capital_market_policy,证监会并购六条：支持上市公司并购重组,801790,+,中,5,2024-09-27,0.173114,0.096422,0.076692
2024-09-27,capital_market_policy,证监会并购六条：支持上市公司并购重组,801030,+,中,5,2024-09-27,0.071243,0.096422,-0.02518
2024-09-27,capital_market_policy,证监会并购六条：支持上市公司并购重组,801080,+,中,20,2024-09-27,0.31462,0.097227,0.217393
2024-09-27,capital_market_policy,证监会并购六条：支持上市公司并购重组,801750,+,中,20,2024-09-27,0.312028,0.097227,0.214801
2024-09-27,capital_market_policy,证监会并购六条：支持上市公司并购重组,801790,+,中,20,2024-09-27,0.199906,0.097227,0.102679
2024-09-27,capital_market_policy,证监会并购六条：支持上市公司并购重组,801030,+,中,20,2024-09-27,0.122428,0.097227,0.025201
2024-10-21,monetary_policy,LPR双降：1年期降至3.10%(-25bp)，5年期降至3.60%(-25bp),801780,+,高,1,2024-10-21,-0.012255,0.00829,-0.020545
2024-10-21,monetary_policy,LPR双降：1年期降至3.10%(-25bp)，5年期降至3.60%(-25bp),801790,+,高,1,2024-10-21,-0.006499,0.00829,-0.014789
2024-10-21,monetary_policy,LPR双降：1年期降至3.10%(-25bp)，5年期降至3.60%(-25bp),801180,+,高,1,2024-10-21,0.013749,0.00829,0.005459
2024-10-21,monetary_policy,LPR双降：1年期降至3.10%(-25bp)，5年期降至3.60%(-25bp),801710,+,高,1,2024-10-21,0.020142,0.00829,0.011851
2024-10-21,monetary_policy,LPR双降：1年期降至3.10%(-25bp)，5年期降至3.60%(-25bp),801750,+,高,1,2024-10-21,0.004956,0.00829,-0.003335
2024-10-21,monetary_policy,LPR双降：1年期降至3.10%(-25bp)，5年期降至3.60%(-25bp),801780,+,高,5,2024-10-21,-0.024942,0.009916,-0.034858
2024-10-21,monetary_policy,LPR双降：1年期降至3.10%(-25bp)，5年期降至3.60%(-25bp),801790,+,高,5,2024-10-21,-0.00065,0.009916,-0.010567
2024-10-21,monetary_policy,LPR双降：1年期降至3.10%(-25bp)，5年期降至3.60%(-25bp),801180,+,高,5,2024-10-21,0.065413,0.009916,0.055497
2024-10-21,monetary_policy,LPR双降：1年期降至3.10%(-25bp)，5年期降至3.60%(-25bp),801710,+,高,5,2024-10-21,0.077958,0.009916,0.068042
2024-10-21,monetary_policy,LPR双降：1年期降至3.10%(-25bp)，5年期降至3.60%(-25bp),801750,+,高,5,2024-10-21,0.018971,0.009916,0.009055
2024-10-21,monetary_policy,LPR双降：1年期降至3.10%(-25bp)，5年期降至3.60%(-25bp),801780,+,高,20,2024-10-21,-0.020144,0.006406,-0.02655
2024-10-21,monetary_policy,LPR双降：1年期降至3.10%(-25bp)，5年期降至3.60%(-25bp),801790,+,高,20,2024-10-21,0.023716,0.006406,0.01731
2024-10-21,monetary_policy,LPR双降：1年期降至3.10%(-25bp)，5年期降至3.60%(-25bp),801180,+,高,20,2024-10-21,0.071223,0.006406,0.064817
2024-10-21,monetary_policy,LPR双降：1年期降至3.10%(-25bp)，5年期降至3.60%(-25bp),801710,+,高,20,2024-10-21,0.044825,0.006406,0.038418
2024-10-21,monetary_policy,LPR双降：1年期降至3.10%(-25bp)，5年期降至3.60%(-25bp),801750,+,高,20,2024-10-21,0.031493,0.006406,0.025086
2024-10-29,geopolitical,欧盟对中国电动车反补贴关税终裁：最高36.3%,801880,-,高,1,2024-10-29,0.00342,-0.018846,0.022266
2024-10-29,geopolitical,欧盟对中国电动车反补贴关税终裁：最高36.3%,801730,-,高,1,2024-10-29,-0.023002,-0.018846,-0.004156
2024-10-29,geopolitical,欧盟对中国电动车反补贴关税终裁：最高36.3%,801880,-,高,5,2024-10-29,0.041515,0.020286,0.021229
2024-10-29,geopolitical,欧盟对中国电动车反补贴关税终裁：最高36.3%,801730,-,高,5,2024-10-29,0.020918,0.020286,0.000633
2024-10-29,geopolitical,欧盟对中国电动车反补贴关税终裁：最高36.3%,801880,-,高,20,2024-10-29,-0.002977,-0.031273,0.028296
2024-10-29,geopolitical,欧盟对中国电动车反补贴关税终裁：最高36.3%,801730,-,高,20,2024-10-29,-0.023953,-0.031273,0.00732
2024-11-08,industry_policy,人大常委会10万亿化债方案：6万亿+4万亿置换隐性债务,801780,+,高,1,2024-11-08,-0.027898,-0.003513,-0.024385
2024-11-08,industry_policy,人大常委会10万亿化债方案：6万亿+4万亿置换隐性债务,801710,+,高,1,2024-11-08,-0.03009,-0.003513,-0.026577
2024-11-08,industry_policy,人大常委会10万亿化债方案：6万亿+4万亿置换隐性债务,801180,+,高,1,2024-11-08,-0.043042,-0.003513,-0.039529
2024-11-08,industry_policy,人大常委会10万亿化债方案：6万亿+4万亿置换隐性债务,801780,+,高,5,2024-11-08,-0.033668,-0.042662,0.008994
2024-11-08,industry_policy,人大常委会10万亿化债方案：6万亿+4万亿置换隐性债务,801710,+,高,5,2024-11-08,-0.075298,-0.042662,-0.032636
2024-11-08,industry_policy,人大常委会10万亿化债方案：6万亿+4万亿置换隐性债务,801180,+,高,5,2024-11-08,-0.119117,-0.042662,-0.076455
2024-11-08,industry_policy,人大常委会10万亿化债方案：6万亿+4万亿置换隐性债务,801780,+,高,20,2024-11-08,-0.004169,-0.041622,0.037454
2024-11-08,industry_policy,人大常委会10万亿化债方案：6万亿+4万亿置换隐性债务,801710,+,高,20,2024-11-08,-0.04945,-0.041622,-0.007828
2024-11-08,industry_policy,人大常委会10万亿化债方案：6万亿+4万亿置换隐性债务,801180,+,高,20,2024-11-08,-0.070029,-0.041622,-0.028407
2024-12-02,geopolitical,美BIS第三轮半导体出口管制：扩大实体清单+HBM芯片,801080,-,高,1,2024-12-02,0.005577,0.009015,-0.003438
2024-12-02,geopolitical,美BIS第三轮半导体出口管制：扩大实体清单+HBM芯片,801770,-,高,1,2024-12-02,0.018321,0.009015,0.009306
2024-12-02,geopolitical,美BIS第三轮半导体出口管制：扩大实体清单+HBM芯片,801080,-,高,5,2024-12-02,0.005536,0.012763,-0.007227
2024-12-02,geopolitical,美BIS第三轮半导体出口管制：扩大实体清单+HBM芯片,801770,-,高,5,2024-12-02,0.00889,0.012763,-0.003873
2024-12-02,geopolitical,美BIS第三轮半导体出口管制：扩大实体清单+HBM芯片,801080,-,高,20,2024-12-02,0.047364,0.021057,0.026307
2024-12-02,geopolitical,美BIS第三轮半导体出口管制：扩大实体清单+HBM芯片,801770,-,高,20,2024-12-02,0.074677,0.021057,0.05362
2024-12-03,geopolitical,中国商务部发布2024年第46号公告，加强镓、锗、锑及超硬材料等两用物项对美国出口管制,801080,,,1,2024-12-03,-0.01771,-0.004325,-0.013385
2024-12-03,geopolitical,中国商务部发布2024年第46号公告，加强镓、锗、锑及超硬材料等两用物项对美国出口管制,801880,,,1,2024-12-03,-0.005998,-0.004325,-0.001672
2024-12-03,geopolitical,中国商务部发布2024年第46号公告，加强镓、锗、锑及超硬材料等两用物项对美国出口管制,801110,,,1,2024-12-03,0.008211,-0.004325,0.012537
2024-12-03,geopolitical,中国商务部发布2024年第46号公告，加强镓、锗、锑及超硬材料等两用物项对美国出口管制,801890,,,1,2024-12-03,0.007296,-0.004325,0.011621
2024-12-03,geopolitical,中国商务部发布2024年第46号公告，加强镓、锗、锑及超硬材料等两用物项对美国出口管制,801050,,,1,2024-12-03,0.000752,-0.004325,0.005077
2024-12-03,geopolitical,中国商务部发布2024年第46号公告，加强镓、锗、锑及超硬材料等两用物项对美国出口管制,801030,,,1,2024-12-03,-0.014668,-0.004325,-0.010343
2024-12-03,geopolitical,中国商务部发布2024年第46号公告，加强镓、锗、锑及超硬材料等两用物项对美国出口管制,801080,,,5,2024-12-03,0.000257,0.01216,-0.011904
2024-12-03,geopolitical,中国商务部发布2024年第46号公告，加强镓、锗、锑及超硬材料等两用物项对美国出口管制,801880,,,5,2024-12-03,0.019256,0.01216,0.007095
2024-12-03,geopolitical,中国商务部发布2024年第46号公告，加强镓、锗、锑及超硬材料等两用物项对美国出口管制,801110,,,5,2024-12-03,0.033513,0.01216,0.021353
2024-12-03,geopolitical,中国商务部发布2024年第46号公告，加强镓、锗、锑及超硬材料等两用物项对美国出口管制,801890,,,5,2024-12-03,0.039135,0.01216,0.026975
2024-12-03,geopolitical,中国商务部发布2024年第46号公告，加强镓、锗、锑及超硬材料等两用物项对美国出口管制,801050,,,5,2024-12-03,0.009616,0.01216,-0.002545
2024-12-03,geopolitical,中国商务部发布2024年第46号公告，加强镓、锗、锑及超硬材料等两用物项对美国出口管制,801030,,,5,2024-12-03,0.007969,0.01216,-0.004192
2024-12-03,geopolitical,中国商务部发布2024年第46号公告，加强镓、锗、锑及超硬材料等两用物项对美国出口管制,801080,,,20,2024-12-03,-0.010888,-0.003222,-0.007666
2024-12-03,geopolitical,中国商务部发布2024年第46号公告，加强镓、锗、锑及超硬材料等两用物项对美国出口管制,801880,,,20,2024-12-03,-0.013441,-0.003222,-0.010219
2024-12-03,geopolitical,中国商务部发布2024年第46号公告，加强镓、锗、锑及超硬材料等两用物项对美国出口管制,801110,,,20,2024-12-03,0.016926,-0.003222,0.020148
2024-12-03,geopolitical,中国商务部发布2024年第46号公告，加强镓、锗、锑及超硬材料等两用物项对美国出口管制,801890,,,20,2024-12-03,-0.042812,-0.003222,-0.039589
2024-12-03,geopolitical,中国商务部发布2024年第46号公告，加强镓、锗、锑及超硬材料等两用物项对美国出口管制,801050,,,20,2024-12-03,-0.064236,-0.003222,-0.061013
2024-12-03,geopolitical,中国商务部发布2024年第46号公告，加强镓、锗、锑及超硬材料等两用物项对美国出口管制,801030,,,20,2024-12-03,-0.058324,-0.003222,-0.055101
2024-12-09,industry_policy,中央政治局会议：适度宽松货币政策+更加积极财政政策,801780,+,高,1,2024-12-09,0.014374,0.005662,0.008712
2024-12-09,industry_policy,中央政治局会议：适度宽松货币政策+更加积极财政政策,801790,+,高,1,2024-12-09,0.002227,0.005662,-0.003435
2024-12-09,industry_policy,中央政治局会议：适度宽松货币政策+更加积极财政政策,801180,+,高,1,2024-12-09,-0.020247,0.005662,-0.025909
2024-12-09,industry_policy,中央政治局会议：适度宽松货币政策+更加积极财政政策,801710,+,高,1,2024-12-09,0.009733,0.005662,0.004071
2024-12-09,industry_policy,中央政治局会议：适度宽松货币政策+更加积极财政政策,801780,+,高,5,2024-12-09,0.003946,-0.015428,0.019374
2024-12-09,industry_policy,中央政治局会议：适度宽松货币政策+更加积极财政政策,801790,+,高,5,2024-12-09,-0.036751,-0.015428,-0.021323
2024-12-09,industry_policy,中央政治局会议：适度宽松货币政策+更加积极财政政策,801180,+,高,5,2024-12-09,-0.029505,-0.015428,-0.014077
2024-12-09,industry_policy,中央政治局会议：适度宽松货币政策+更加积极财政政策,801710,+,高,5,2024-12-09,-0.010084,-0.015428,0.005345
2024-12-09,industry_policy,中央政治局会议：适度宽松货币政策+更加积极财政政策,801780,+,高,20,2024-12-09,0.026346,-0.044558,0.070904
2024-12-09,industry_policy,中央政治局会议：适度宽松货币政策+更加积极财政政策,801790,+,高,20,2024-12-09,-0.122253,-0.044558,-0.077695
2024-12-09,industry_policy,中央政治局会议：适度宽松货币政策+更加积极财政政策,801180,+,高,20,2024-12-09,-0.164675,-0.044558,-0.120117
2024-12-09,industry_policy,中央政治局会议：适度宽松货币政策+更加积极财政政策,801710,+,高,20,2024-12-09,-0.087374,-0.044558,-0.042816
2024-12-12,industry_policy,中央经济工作会议：明年实施更加积极有为的宏观政策,801780,+,高,1,2024-12-12,-0.007529,-0.013951,0.006422
2024-12-12,industry_policy,中央经济工作会议：明年实施更加积极有为的宏观政策,801790,+,高,1,2024-12-12,-0.018902,-0.013951,-0.004951
2024-12-12,industry_policy,中央经济工作会议：明年实施更加积极有为的宏观政策,801180,+,高,1,2024-12-12,-0.020608,-0.013951,-0.006657
2024-12-12,industry_policy,中央经济工作会议：明年实施更加积极有为的宏观政策,801710,+,高,1,2024-12-12,-0.003938,-0.013951,0.010014
2024-12-12,industry_policy,中央经济工作会议：明年实施更加积极有为的宏观政策,801880,+,高,1,2024-12-12,-0.013033,-0.013951,0.000918
2024-12-12,industry_policy,中央经济工作会议：明年实施更加积极有为的宏观政策,801780,+,高,5,2024-12-12,0.001825,-0.010872,0.012697
2024-12-12,industry_policy,中央经济工作会议：明年实施更加积极有为的宏观政策,801790,+,高,5,2024-12-12,-0.036692,-0.010872,-0.02582
2024-12-12,industry_policy,中央经济工作会议：明年实施更加积极有为的宏观政策,801180,+,高,5,2024-12-12,-0.068906,-0.010872,-0.058034
2024-12-12,industry_policy,中央经济工作会议：明年实施更加积极有为的宏观政策,801710,+,高,5,2024-12-12,-0.047842,-0.010872,-0.03697
2024-12-12,industry_policy,中央经济工作会议：明年实施更加积极有为的宏观政策,801880,+,高,5,2024-12-12,-0.02292,-0.010872,-0.012048
2024-12-12,industry_policy,中央经济工作会议：明年实施更加积极有为的宏观政策,801780,+,高,20,2024-12-12,0.015655,-0.064267,0.079922
2024-12-12,industry_policy,中央经济工作会议：明年实施更加积极有为的宏观政策,801790,+,高,20,2024-12-12,-0.145236,-0.064267,-0.080969
2024-12-12,industry_policy,中央经济工作会议：明年实施更加积极有为的宏观政策,801180,+,高,20,2024-12-12,-0.192307,-0.064267,-0.12804
2024-12-12,industry_policy,中央经济工作会议：明年实施更加积极有为的宏观政策,801710,+,高,20,2024-12-12,-0.124603,-0.064267,-0.060336
2024-12-12,industry_policy,中央经济工作会议：明年实施更加积极有为的宏观政策,801880,+,高,20,2024-12-12,-0.077934,-0.064267,-0.013667
2025-01-13,geopolitical,美国商务部BIS发布人工智能扩散框架(Framework for AI Diffusion)临时最终规则，管制先进AI芯片与模型权重出口,801080,,,1,2025-01-13,0.041317,0.023593,0.017725
2025-01-13,geopolitical,美国商务部BIS发布人工智能扩散框架(Framework for AI Diffusion)临时最终规则，管制先进AI芯片与模型权重出口,801750,,,1,2025-01-13,0.068904,0.023593,0.045312
2025-01-13,geopolitical,美国商务部BIS发布人工智能扩散框架(Framework for AI Diffusion)临时最终规则，管制先进AI芯片与模型权重出口,801770,,,1,2025-01-13,0.043488,0.023593,0.019896
2025-01-13,geopolitical,美国商务部BIS发布人工智能扩散框架(Framework for AI Diffusion)临时最终规则，管制先进AI芯片与模型权重出口,801080,,,5,2025-01-13,0.050921,0.02604,0.024881
2025-01-13,geopolitical,美国商务部BIS发布人工智能扩散框架(Framework for AI Diffusion)临时最终规则，管制先进AI芯片与模型权重出口,801750,,,5,2025-01-13,0.066166,0.02604,0.040126
2025-01-13,geopolitical,美国商务部BIS发布人工智能扩散框架(Framework for AI Diffusion)临时最终规则，管制先进AI芯片与模型权重出口,801770,,,5,2025-01-13,0.073199,0.02604,0.047158
2025-01-13,geopolitical,美国商务部BIS发布人工智能扩散框架(Framework for AI Diffusion)临时最终规则，管制先进AI芯片与模型权重出口,801080,,,20,2025-01-13,0.097165,0.048306,0.048858
2025-01-13,geopolitical,美国商务部BIS发布人工智能扩散框架(Framework for AI Diffusion)临时最终规则，管制先进AI芯片与模型权重出口,801750,,,20,2025-01-13,0.289064,0.048306,0.240758
2025-01-13,geopolitical,美国商务部BIS发布人工智能扩散框架(Framework for AI Diffusion)临时最终规则，管制先进AI芯片与模型权重出口,801770,,,20,2025-01-13,0.144962,0.048306,0.096656
2025-01-15,geopolitical,拜登末期AI芯片出口管制框架：分国别配额限制,801080,-,中,1,2025-01-15,-0.017829,-0.005276,-0.012553
2025-01-15,geopolitical,拜登末期AI芯片出口管制框架：分国别配额限制,801770,-,中,1,2025-01-15,0.013855,-0.005276,0.019131
2025-01-15,geopolitical,拜登末期AI芯片出口管制框架：分国别配额限制,801750,-,中,1,2025-01-15,-0.005161,-0.005276,0.000115
2025-01-15,geopolitical,拜登末期AI芯片出口管制框架：分国别配额限制,801080,-,中,5,2025-01-15,0.026198,-0.006157,0.032355
2025-01-15,geopolitical,拜登末期AI芯片出口管制框架：分国别配额限制,801770,-,中,5,2025-01-15,0.06321,-0.006157,0.069367
2025-01-15,geopolitical,拜登末期AI芯片出口管制框架：分国别配额限制,801750,-,中,5,2025-01-15,-0.002526,-0.006157,0.003631
2025-01-15,geopolitical,拜登末期AI芯片出口管制框架：分国别配额限制,801080,-,中,20,2025-01-15,0.097981,0.028361,0.06962
2025-01-15,geopolitical,拜登末期AI芯片出口管制框架：分国别配额限制,801770,-,中,20,2025-01-15,0.117063,0.028361,0.088702
2025-01-15,geopolitical,拜登末期AI芯片出口管制框架：分国别配额限制,801750,-,中,20,2025-01-15,0.234446,0.028361,0.206085
2025-01-27,industry_policy,DeepSeek-R1登顶全球应用榜：中国AI里程碑,801080,+,高,1,2025-01-27,-0.017293,-0.009857,-0.007436
2025-01-27,industry_policy,DeepSeek-R1登顶全球应用榜：中国AI里程碑,801750,+,高,1,2025-01-27,0.047147,-0.009857,0.057003
2025-01-27,industry_policy,DeepSeek-R1登顶全球应用榜：中国AI里程碑,801770,+,高,1,2025-01-27,-0.059138,-0.009857,-0.049281
2025-01-27,industry_policy,DeepSeek-R1登顶全球应用榜：中国AI里程碑,801760,+,高,1,2025-01-27,0.035628,-0.009857,0.045484
2025-01-27,industry_policy,DeepSeek-R1登顶全球应用榜：中国AI里程碑,801080,+,高,5,2025-01-27,0.034947,0.013116,0.021832
2025-01-27,industry_policy,DeepSeek-R1登顶全球应用榜：中国AI里程碑,801750,+,高,5,2025-01-27,0.149886,0.013116,0.13677
2025-01-27,industry_policy,DeepSeek-R1登顶全球应用榜：中国AI里程碑,801770,+,高,5,2025-01-27,0.010625,0.013116,-0.00249
2025-01-27,industry_policy,DeepSeek-R1登顶全球应用榜：中国AI里程碑,801760,+,高,5,2025-01-27,0.116052,0.013116,0.102936
2025-01-27,industry_policy,DeepSeek-R1登顶全球应用榜：中国AI里程碑,801080,+,高,20,2025-01-27,0.062672,0.01366,0.049012
2025-01-27,industry_policy,DeepSeek-R1登顶全球应用榜：中国AI里程碑,801750,+,高,20,2025-01-27,0.168878,0.01366,0.155218
2025-01-27,industry_policy,DeepSeek-R1登顶全球应用榜：中国AI里程碑,801770,+,高,20,2025-01-27,-0.004765,0.01366,-0.018425
2025-01-27,industry_policy,DeepSeek-R1登顶全球应用榜：中国AI里程碑,801760,+,高,20,2025-01-27,0.075613,0.01366,0.061953
2025-03-05,industry_policy,2025政府工作报告：GDP目标5%左右+财政赤字率4%,801780,+,高,1,2025-03-05,0.011642,0.018278,-0.006637
2025-03-05,industry_policy,2025政府工作报告：GDP目标5%左右+财政赤字率4%,801790,+,高,1,2025-03-05,0.028614,0.018278,0.010336
2025-03-05,industry_policy,2025政府工作报告：GDP目标5%左右+财政赤字率4%,801180,+,高,1,2025-03-05,0.008339,0.018278,-0.00994
2025-03-05,industry_policy,2025政府工作报告：GDP目标5%左右+财政赤字率4%,801780,+,高,5,2025-03-05,0.008702,0.010813,-0.002111
2025-03-05,industry_policy,2025政府工作报告：GDP目标5%左右+财政赤字率4%,801790,+,高,5,2025-03-05,0.012449,0.010813,0.001636
2025-03-05,industry_policy,2025政府工作报告：GDP目标5%左右+财政赤字率4%,801180,+,高,5,2025-03-05,-0.016472,0.010813,-0.027285
2025-03-05,industry_policy,2025政府工作报告：GDP目标5%左右+财政赤字率4%,801780,+,高,20,2025-03-05,0.031859,-0.000215,0.032073
2025-03-05,industry_policy,2025政府工作报告：GDP目标5%左右+财政赤字率4%,801790,+,高,20,2025-03-05,-1.1e-05,-0.000215,0.000204
2025-03-05,industry_policy,2025政府工作报告：GDP目标5%左右+财政赤字率4%,801180,+,高,20,2025-03-05,-0.051025,-0.000215,-0.050811
2025-04-02,geopolitical,特朗普宣布对等关税：对华累计加征54%关税,801080,-,高,1,2025-04-02,-0.025002,-0.006734,-0.018268
2025-04-02,geopolitical,特朗普宣布对等关税：对华累计加征54%关税,801110,-,高,1,2025-04-02,-0.021396,-0.006734,-0.014661
2025-04-02,geopolitical,特朗普宣布对等关税：对华累计加征54%关税,801880,-,高,1,2025-04-02,-0.018792,-0.006734,-0.012057
2025-04-02,geopolitical,特朗普宣布对等关税：对华累计加征54%关税,801030,-,高,1,2025-04-02,-0.008745,-0.006734,-0.002011
2025-04-02,geopolitical,特朗普宣布对等关税：对华累计加征54%关税,801050,-,高,1,2025-04-02,-0.021602,-0.006734,-0.014868
2025-04-02,geopolitical,特朗普宣布对等关税：对华累计加征54%关税,801890,-,高,1,2025-04-02,-0.0144,-0.006734,-0.007666
2025-04-02,geopolitical,特朗普宣布对等关税：对华累计加征54%关税,801080,-,高,5,2025-04-02,-0.096951,-0.039244,-0.057707
2025-04-02,geopolitical,特朗普宣布对等关税：对华累计加征54%关税,801110,-,高,5,2025-04-02,-0.073837,-0.039244,-0.034593
2025-04-02,geopolitical,特朗普宣布对等关税：对华累计加征54%关税,801880,-,高,5,2025-04-02,-0.092808,-0.039244,-0.053564
2025-04-02,geopolitical,特朗普宣布对等关税：对华累计加征54%关税,801030,-,高,5,2025-04-02,-0.065967,-0.039244,-0.026722
2025-04-02,geopolitical,特朗普宣布对等关税：对华累计加征54%关税,801050,-,高,5,2025-04-02,-0.072772,-0.039244,-0.033528
2025-04-02,geopolitical,特朗普宣布对等关税：对华累计加征54%关税,801890,-,高,5,2025-04-02,-0.093359,-0.039244,-0.054115
2025-04-02,geopolitical,特朗普宣布对等关税：对华累计加征54%关税,801080,-,高,20,2025-04-02,-0.023496,-0.020357,-0.003139
2025-04-02,geopolitical,特朗普宣布对等关税：对华累计加征54%关税,801110,-,高,20,2025-04-02,-0.027226,-0.020357,-0.006869
2025-04-02,geopolitical,特朗普宣布对等关税：对华累计加征54%关税,801880,-,高,20,2025-04-02,-0.009198,-0.020357,0.011159
2025-04-02,geopolitical,特朗普宣布对等关税：对华累计加征54%关税,801030,-,高,20,2025-04-02,-0.015167,-0.020357,0.00519
2025-04-02,geopolitical,特朗普宣布对等关税：对华累计加征54%关税,801050,-,高,20,2025-04-02,-0.024915,-0.020357,-0.004558
2025-04-02,geopolitical,特朗普宣布对等关税：对华累计加征54%关税,801890,-,高,20,2025-04-02,-0.019671,-0.020357,0.000686
2025-04-04,geopolitical,中国反制：对美所有商品加征34%关税,801010,-,高,1,2025-04-07,0.055058,-0.054576,0.109634
2025-04-04,geopolitical,中国反制：对美所有商品加征34%关税,801030,-,高,1,2025-04-07,-0.084912,-0.054576,-0.030336
2025-04-04,geopolitical,中国反制：对美所有商品加征34%关税,801050,-,高,1,2025-04-07,-0.093364,-0.054576,-0.038789
2025-04-04,geopolitical,中国反制：对美所有商品加征34%关税,801080,-,高,1,2025-04-07,-0.125475,-0.054576,-0.070899
2025-04-04,geopolitical,中国反制：对美所有商品加征34%关税,801010,-,高,5,2025-04-07,0.040978,-0.026508,0.067487
2025-04-04,geopolitical,中国反制：对美所有商品加征34%关税,801030,-,高,5,2025-04-07,-0.040066,-0.026508,-0.013558
2025-04-04,geopolitical,中国反制：对美所有商品加征34%关税,801050,-,高,5,2025-04-07,-0.020188,-0.026508,0.00632
2025-04-04,geopolitical,中国反制：对美所有商品加征34%关税,801080,-,高,5,2025-04-07,-0.031985,-0.026508,-0.005477
2025-04-04,geopolitical,中国反制：对美所有商品加征34%关税,801010,-,高,20,2025-04-07,0.017205,-0.002229,0.019434
2025-04-04,geopolitical,中国反制：对美所有商品加征34%关税,801030,-,高,20,2025-04-07,0.00288,-0.002229,0.005109
2025-04-04,geopolitical,中国反制：对美所有商品加征34%关税,801050,-,高,20,2025-04-07,-0.003185,-0.002229,-0.000956
2025-04-04,geopolitical,中国反制：对美所有商品加征34%关税,801080,-,高,20,2025-04-07,0.002834,-0.002229,0.005063
2025-04-07,market_event,A股黑色星期一：沪指跌7.34%创业板跌12.5%,801080,-,高,1,2025-04-07,-0.125475,-0.054576,-0.070899
2025-04-07,market_event,A股黑色星期一：沪指跌7.34%创业板跌12.5%,801790,-,高,1,2025-04-07,-0.076515,-0.054576,-0.02194
2025-04-07,market_event,A股黑色星期一：沪指跌7.34%创业板跌12.5%,801750,-,高,1,2025-04-07,-0.118812,-0.054576,-0.064236
2025-04-07,market_event,A股黑色星期一：沪指跌7.34%创业板跌12.5%,801730,-,高,1,2025-04-07,-0.11779,-0.054576,-0.063214
2025-04-07,market_event,A股黑色星期一：沪指跌7.34%创业板跌12.5%,801880,-,高,1,2025-04-07,-0.115027,-0.054576,-0.060451
2025-04-07,market_event,A股黑色星期一：沪指跌7.34%创业板跌12.5%,801080,-,高,5,2025-04-07,-0.031985,-0.026508,-0.005477
2025-04-07,market_event,A股黑色星期一：沪指跌7.34%创业板跌12.5%,801790,-,高,5,2025-04-07,-0.048343,-0.026508,-0.021835
2025-04-07,market_event,A股黑色星期一：沪指跌7.34%创业板跌12.5%,801750,-,高,5,2025-04-07,-0.049004,-0.026508,-0.022496
2025-04-07,market_event,A股黑色星期一：沪指跌7.34%创业板跌12.5%,801730,-,高,5,2025-04-07,-0.073561,-0.026508,-0.047053
2025-04-07,market_event,A股黑色星期一：沪指跌7.34%创业板跌12.5%,801880,-,高,5,2025-04-07,-0.038254,-0.026508,-0.011746
2025-04-07,market_event,A股黑色星期一：沪指跌7.34%创业板跌12.5%,801080,-,高,20,2025-04-07,0.002834,-0.002229,0.005063
2025-04-07,market_event,A股黑色星期一：沪指跌7.34%创业板跌12.5%,801790,-,高,20,2025-04-07,-0.01733,-0.002229,-0.015101
2025-04-07,market_event,A股黑色星期一：沪指跌7.34%创业板跌12.5%,801750,-,高,20,2025-04-07,0.004953,-0.002229,0.007182
2025-04-07,market_event,A股黑色星期一：沪指跌7.34%创业板跌12.5%,801730,-,高,20,2025-04-07,-0.023243,-0.002229,-0.021015
2025-04-07,market_event,A股黑色星期一：沪指跌7.34%创业板跌12.5%,801880,-,高,20,2025-04-07,0.017983,-0.002229,0.020211
2025-05-07,monetary_policy,央行一揽子宽松：降准0.5个百分点+降息10bp,801780,+,高,1,2025-05-07,0.026172,0.011646,0.014526
2025-05-07,monetary_policy,央行一揽子宽松：降准0.5个百分点+降息10bp,801790,+,高,1,2025-05-07,0.013119,0.011646,0.001474
2025-05-07,monetary_policy,央行一揽子宽松：降准0.5个百分点+降息10bp,801180,+,高,1,2025-05-07,0.009233,0.011646,-0.002413
2025-05-07,monetary_policy,央行一揽子宽松：降准0.5个百分点+降息10bp,801710,+,高,1,2025-05-07,0.009722,0.011646,-0.001924
2025-05-07,monetary_policy,央行一揽子宽松：降准0.5个百分点+降息10bp,801780,+,高,5,2025-05-07,0.066334,0.03536,0.030974
2025-05-07,monetary_policy,央行一揽子宽松：降准0.5个百分点+降息10bp,801790,+,高,5,2025-05-07,0.060078,0.03536,0.024718
2025-05-07,monetary_policy,央行一揽子宽松：降准0.5个百分点+降息10bp,801180,+,高,5,2025-05-07,0.002063,0.03536,-0.033296
2025-05-07,monetary_policy,央行一揽子宽松：降准0.5个百分点+降息10bp,801710,+,高,5,2025-05-07,0.012805,0.03536,-0.022555
2025-05-07,monetary_policy,央行一揽子宽松：降准0.5个百分点+降息10bp,801780,+,高,20,2025-05-07,0.075429,0.018121,0.057308
2025-05-07,monetary_policy,央行一揽子宽松：降准0.5个百分点+降息10bp,801790,+,高,20,2025-05-07,0.04158,0.018121,0.023459
2025-05-07,monetary_policy,央行一揽子宽松：降准0.5个百分点+降息10bp,801180,+,高,20,2025-05-07,-0.008283,0.018121,-0.026404
2025-05-07,monetary_policy,央行一揽子宽松：降准0.5个百分点+降息10bp,801710,+,高,20,2025-05-07,-0.00265,0.018121,-0.02077
2025-05-20,monetary_policy,LPR双降：1年期降至3.00%(-10bp)5年期降至3.50%(-10bp),801780,+,高,1,2025-05-20,0.00908,0.01012,-0.00104
2025-05-20,monetary_policy,LPR双降：1年期降至3.00%(-10bp)5年期降至3.50%(-10bp),801790,+,高,1,2025-05-20,0.000961,0.01012,-0.009159
2025-05-20,monetary_policy,LPR双降：1年期降至3.00%(-10bp)5年期降至3.50%(-10bp),801180,+,高,1,2025-05-20,-0.006411,0.01012,-0.016531
2025-05-20,monetary_policy,LPR双降：1年期降至3.00%(-10bp)5年期降至3.50%(-10bp),801710,+,高,1,2025-05-20,0.002062,0.01012,-0.008058
2025-05-20,monetary_policy,LPR双降：1年期降至3.00%(-10bp)5年期降至3.50%(-10bp),801780,+,高,5,2025-05-20,0.007072,-0.009736,0.016808
2025-05-20,monetary_policy,LPR双降：1年期降至3.00%(-10bp)5年期降至3.50%(-10bp),801790,+,高,5,2025-05-20,-0.01727,-0.009736,-0.007534
2025-05-20,monetary_policy,LPR双降：1年期降至3.00%(-10bp)5年期降至3.50%(-10bp),801180,+,高,5,2025-05-20,-0.023546,-0.009736,-0.01381
2025-05-20,monetary_policy,LPR双降：1年期降至3.00%(-10bp)5年期降至3.50%(-10bp),801710,+,高,5,2025-05-20,-0.020376,-0.009736,-0.01064
2025-05-20,monetary_policy,LPR双降：1年期降至3.00%(-10bp)5年期降至3.50%(-10bp),801780,+,高,20,2025-05-20,0.051272,-0.000561,0.051832
2025-05-20,monetary_policy,LPR双降：1年期降至3.00%(-10bp)5年期降至3.50%(-10bp),801790,+,高,20,2025-05-20,0.017884,-0.000561,0.018445
2025-05-20,monetary_policy,LPR双降：1年期降至3.00%(-10bp)5年期降至3.50%(-10bp),801180,+,高,20,2025-05-20,-0.029638,-0.000561,-0.029077
2025-05-20,monetary_policy,LPR双降：1年期降至3.00%(-10bp)5年期降至3.50%(-10bp),801710,+,高,20,2025-05-20,-0.042783,-0.000561,-0.042222
