event_date,event_name,industry_code,dispersion,realized_car_T1,realized_mdd_T1,realized_downside_T1,realized_t0_T1,pred_var_T1,pred_mdd_T1,pred_tail_T1,realized_car_T5,realized_mdd_T5,realized_downside_T5,realized_t0_T5,pred_var_T5,pred_mdd_T5,pred_tail_T5,realized_car_T20,realized_mdd_T20,realized_downside_T20,realized_t0_T20,pred_var_T20,pred_mdd_T20,pred_tail_T20,risk_lo_T1,risk_hi_T1,risk_lo_T5,risk_hi_T5,risk_lo_T20,risk_hi_T20
2020-01-01,央行宣布全面下调金融机构存款准备金率0.5个百分点（自1月6日起实施）,801780,0.0,0.007255633152433383,0.0,0.0,2020-01-02,-0.01126,0.00206,0.05,-0.010488055321817513,0.017615874153731986,0.010488055321817513,2020-01-02,-0.0051,0.00694,0.05,-0.0412994279540998,0.04820530112556351,0.0412994279540998,2020-01-02,-0.02306,0.0292,0.05,-0.0143,0.02076,-0.0099,0.06404,-0.03259,0.11322
2020-01-01,央行宣布全面下调金融机构存款准备金率0.5个百分点（自1月6日起实施）,801790,0.0,-0.0029325858917753633,0.005182133595176164,0.0029325858917753633,2020-01-02,-0.025,0.00636,0.05,-0.018814844001442177,0.018814844001442177,0.018814844001442177,2020-01-02,-0.01758,0.0124,0.05,-0.044219918179713824,0.044219918179713824,0.044219918179713824,2020-01-02,-0.06696,0.04946,0.05,-0.02979,0.02555,-0.02538,0.08476,-0.08128,0.12369
2020-01-01,央行宣布全面下调金融机构存款准备金率0.5个百分点（自1月6日起实施）,801180,0.0,-0.008822155107864993,0.008822155107864993,0.008822155107864993,2020-01-02,0.02947,0.0,0.05,-0.010218509827521705,0.016987756938784515,0.010218509827521705,2020-01-02,0.21371,0.0,0.05,-0.08813286606412729,0.08813286606412729,0.08813286606412729,2020-01-02,0.67192,0.00059,0.05,0.02493,0.07738,0.2052,0.32323,0.65264,0.88969
2020-02-03,央行开展1.2万亿元逆回购操作并下调7天、14天逆回购中标利率10个基,801780,0.0,0.008298686238954911,0.00588129531788335,0.0,2020-02-03,-0.01334,0.00293,0.05,-0.027407927678231747,0.04108575730954141,0.027407927678231747,2020-02-03,-0.00575,0.00678,0.05,-0.0577604605938149,0.08333121083634429,0.0577604605938149,2020-02-03,-0.03057,0.0343,0.05,-0.01628,0.01766,-0.01088,0.06629,-0.04006,0.11079
2020-02-03,央行开展1.2万亿元逆回购操作并下调7天、14天逆回购中标利率10个基,801790,0.0,-0.02154651536994656,0.02154651536994656,0.02154651536994656,2020-02-03,-0.0218,0.00585,0.05,-0.02768675299116785,0.02768675299116785,0.02768675299116785,2020-02-03,-0.02924,0.01497,0.05,-0.02509831468977386,0.039759844513955866,0.02509831468977386,2020-02-03,-0.11049,0.06845,0.05,-0.02578,0.02022,-0.03671,0.06562,-0.12533,0.08055
2020-02-03,央行开展1.2万亿元逆回购操作并下调7天、14天逆回购中标利率10个基,801180,0.0,-0.03427287466183282,0.03427287466183282,0.03427287466183282,2020-02-03,-0.01431,0.00242,0.05,-0.0272176541724366,0.045887645879753136,0.0272176541724366,2020-02-03,-0.00055,0.0078,0.05,0.00878801619547609,0.045887645879753136,0.0,2020-02-03,-0.00898,0.03611,0.05,-0.01858,0.03069,-0.00848,0.10156,-0.02535,0.18897
2020-02-17,央行开展中期借贷便利（MLF）操作，1年期中标利率下调10个基点至3.,801780,0.0,-0.009898428132562365,0.009898428132562365,0.009898428132562365,2020-02-17,-0.02139,0.0048,0.05,-0.03110226413028483,0.03110226413028483,0.03110226413028483,2020-02-17,-0.02095,0.01376,0.05,0.007500077676226402,0.03878697024722122,0.0,2020-02-17,-0.0572,0.04868,0.05,-0.02599,0.0272,-0.03057,0.09717,-0.07255,0.1464
2020-02-17,央行开展中期借贷便利（MLF）操作，1年期中标利率下调10个基点至3.,801790,0.0,0.008982864217110809,0.003019655269084304,0.0,2020-02-17,-0.02365,0.00463,0.05,0.019409568251636866,0.012402216246128164,0.0,2020-02-17,-0.02115,0.01527,0.05,0.014418069866958039,0.02548794960560268,0.0,2020-02-17,-0.12698,0.08828,0.05,-0.02952,0.03828,-0.03452,0.11677,-0.14997,0.13796
2020-02-17,央行开展中期借贷便利（MLF）操作，1年期中标利率下调10个基点至3.,801180,0.0,-0.01874258837107967,0.01874258837107967,0.01874258837107967,2020-02-17,-0.03093,0.00706,0.05,-0.04521675593460073,0.04521675593460073,0.04521675593460073,2020-02-17,-0.04739,0.02429,0.05,0.032212957991260005,0.04521675593460073,0.0,2020-02-17,-0.13574,0.08835,0.05,-0.03748,0.03821,-0.06069,0.10627,-0.15916,0.18735
2020-02-20,LPR下调：1年期降至4.05%(-10bp)，5年期降至4.75%(,801780,0.0,-0.014702496049377123,0.014702496049377123,0.014702496049377123,2020-02-20,-0.02105,0.00568,0.05,-0.012084757651854905,0.030044886218957956,0.012084757651854905,2020-02-20,-0.02571,0.01494,0.05,0.0004362859513677986,0.030044886218957956,0.0,2020-02-20,-0.099,0.06717,0.05,-0.02487,0.01932,-0.03263,0.06573,-0.11294,0.08081
2020-02-20,LPR下调：1年期降至4.05%(-10bp)，5年期降至4.75%(,801790,0.0,0.011417625449252178,0.007014848597007531,0.0,2020-02-20,-0.0621,0.03415,0.4945,0.005157676521937216,0.0131607137440617,0.0,2020-02-20,-0.18865,0.12626,0.354,0.0024185637087210665,0.02548794960560284,0.0,2020-02-20,-0.60484,0.48093,0.05,-0.06784,-0.00155,-0.19957,-0.0515,-0.6256,-0.33567
2020-02-20,LPR下调：1年期降至4.05%(-10bp)，5年期降至4.75%(,801180,0.0,-0.022130979369721193,0.022130979369721193,0.022130979369721193,2020-02-20,-0.0806,0.05256,0.5,-0.008461828056105514,0.03065026253471448,0.008461828056105514,2020-02-20,-0.28548,0.22022,0.5,0.014574341469017371,0.03185844867195174,0.0,2020-02-20,-0.88476,0.75224,0.5,-0.08633,-0.02014,-0.29612,-0.14546,-0.90093,-0.60225
2020-03-13,央行宣布定向降准：对达到普惠金融考核标准的银行下调存款准备金率0.5-,801780,0.0,0.018339213222795303,0.0,0.0,2020-03-13,-0.02196,0.00584,0.05,0.007431095445272096,0.018989075151966794,0.0,2020-03-13,-0.02442,0.01363,0.05,-0.008989355394086407,0.036783139357031244,0.008989355394086407,2020-03-13,-0.10279,0.07125,0.05,-0.02601,0.02072,-0.03175,0.07343,-0.118,0.08915
2020-03-13,央行宣布定向降准：对达到普惠金融考核标准的银行下调存款准备金率0.5-,801790,0.0,-0.005217048039054539,0.005731998917004858,0.005217048039054539,2020-03-13,-0.04729,0.01398,0.05,-0.009269186124774564,0.010368079439479302,0.009269186124774564,2020-03-13,-0.06441,0.03146,0.05,-0.04345642970669472,0.04504423021667116,0.04345642970669472,2020-03-13,-0.21827,0.12872,0.05,-0.05523,0.0364,-0.07769,0.11725,-0.24417,0.13806
2020-03-13,央行宣布定向降准：对达到普惠金融考核标准的银行下调存款准备金率0.5-,801180,0.0,0.01713367792793119,0.0,0.0,2020-03-13,-0.09038,0.05156,0.5,-0.009699658784834253,0.03185844867195166,0.009699658784834253,2020-03-13,-0.2994,0.2111,0.4515,-0.02031082024430697,0.040918911298826154,0.02031082024430697,2020-03-13,-0.8867,0.71206,0.05,-0.09833,-0.00645,-0.31368,-0.10796,-0.91493,-0.50923
2020-03-30,央行开展500亿元7天逆回购操作，中标利率下调20个基点至2.2%,801780,0.0,-0.008369163802945834,0.013883627748727033,0.008369163802945834,2020-03-30,-0.03434,0.01324,0.106,-0.02704081351825982,0.03245144432835695,0.02704081351825982,2020-03-30,-0.09502,0.04546,0.05,-0.03624216322199081,0.053517198712131536,0.03624216322199081,2020-03-30,-0.25139,0.16125,0.05,-0.03894,0.01412,-0.10446,0.04237,-0.27179,-0.01472
2020-03-30,央行开展500亿元7天逆回购操作，中标利率下调20个基点至2.2%,801790,0.0,-0.006180150367209758,0.006180150367209758,0.006180150367209758,2020-03-30,-0.03893,0.01115,0.05,-0.017818607906886053,0.017818607906886053,0.017818607906886053,2020-03-30,-0.08156,0.03875,0.05,-0.0325329771222006,0.03674619832503656,0.0325329771222006,2020-03-30,-0.25354,0.15113,0.05,-0.04564,0.03187,-0.09428,0.08228,-0.27751,0.0621
2020-03-30,央行开展500亿元7天逆回购操作，中标利率下调20个基点至2.2%,801180,0.0,-0.015604077390136695,0.015604077390136695,0.015604077390136695,2020-03-30,-0.04333,0.01376,0.05,-0.01581534819601249,0.01581534819601249,0.01581534819601249,2020-03-30,-0.09019,0.04192,0.05,-0.03900574911170862,0.03900574911170862,0.03900574911170862,2020-03-30,-0.15714,0.09204,0.05,-0.05017,0.02886,-0.10267,0.07595,-0.18309,0.181
2020-04-03,央行宣布对中小银行定向降准1个百分点（分4月15日、5月15日两次实施,801780,0.0,-0.011674891544911525,0.011674891544911525,0.011674891544911525,2020-04-03,-0.10304,0.07651,0.5,-0.013740487165386894,0.016099602774041655,0.013740487165386894,2020-04-03,-0.39349,0.33331,0.5,-0.03001828250692995,0.03319299920368446,0.03001828250692995,2020-04-03,-1.15783,0.99117,0.5,-0.10846,-0.04583,-0.40333,-0.2653,-1.17527,-0.92142
2020-04-03,央行宣布对中小银行定向降准1个百分点（分4月15日、5月15日两次实施,801790,0.0,-0.010185539055971526,0.010185539055971526,0.010185539055971526,2020-04-03,-0.04472,0.01199,0.05,-0.011216201675762871,0.011761389854762827,0.011216201675762871,2020-04-03,-0.05593,0.02739,0.05,-0.028644223574731065,0.029260226132648226,0.028644223574731065,2020-04-03,-0.19063,0.11559,0.05,-0.05289,0.04151,-0.07227,0.11593,-0.21569,0.11099
2020-04-03,央行宣布对中小银行定向降准1个百分点（分4月15日、5月15日两次实施,801180,0.0,-0.0034284906216632827,0.008165712198757523,0.0034284906216632827,2020-04-03,-0.0597,0.02742,0.143,-0.004612209733042438,0.013566051249675552,0.004612209733042438,2020-04-03,-0.14384,0.07891,0.05,-0.03563549622771811,0.04021962119262265,0.03563549622771811,2020-04-03,-0.37621,0.24181,0.05,-0.06646,0.01165,-0.15622,0.01214,-0.40134,-0.05157
2020-04-15,央行开展中期借贷便利（MLF）操作，1年期中标利率下调20个基点至2.,801780,0.0,-0.002201630593946846,0.004040903184810981,0.002201630593946846,2020-04-15,-0.04972,0.02153,0.2335,-0.011517595373333744,0.013339695558227341,0.011517595373333744,2020-04-15,-0.13746,0.07695,0.05,-0.01867702257334669,0.03732342710453418,0.01867702257334669,2020-04-15,-0.4326,0.30594,0.05,-0.05569,0.01328,-0.14895,0.00655,-0.45429,-0.14533
2020-04-15,央行开展中期借贷便利（MLF）操作，1年期中标利率下调20个基点至2.,801790,0.0,0.0015177608790597485,0.0006459311480295771,0.0,2020-04-15,-0.02421,0.00431,0.05,-0.0046366112754633315,0.01175080460456481,0.0046366112754633315,2020-04-15,-0.03726,0.02093,0.05,-0.030577695909561498,0.037506479675337524,0.030577695909561498,2020-04-15,-0.17613,0.11409,0.05,-0.03095,0.04686,-0.05069,0.13138,-0.20174,0.14078
2020-04-15,央行开展中期借贷便利（MLF）操作，1年期中标利率下调20个基点至2.,801180,0.0,-0.004633176824710539,0.0067341239867383385,0.004633176824710539,2020-04-15,-0.05773,0.02037,0.127,-0.01765211685916024,0.01765211685916024,0.01765211685916024,2020-04-15,-0.15707,0.08552,0.05,-0.03156885902426876,0.04125720663743382,0.03156885902426876,2020-04-15,-0.40445,0.26664,0.05,-0.06607,0.03028,-0.17168,0.01884,-0.43014,-0.07147
2020-04-20,LPR下调：1年期降至3.85%(-20bp)，5年期降至4.65%(,801780,0.0,0.0010950851804076844,0.006679350283065211,0.0,2020-04-20,-0.02534,0.00701,0.05,0.008030239425580232,0.010198174365278263,0.0,2020-04-20,-0.05471,0.0254,0.05,-0.0037756636502306318,0.03836673895211702,0.0037756636502306318,2020-04-20,-0.14477,0.08958,0.05,-0.02984,0.02215,-0.06529,0.06198,-0.16094,0.0705
2020-04-20,LPR下调：1年期降至3.85%(-20bp)，5年期降至4.65%(,801790,0.0,5.798251742983318e-05,0.004292978632327837,0.0,2020-04-20,-0.04515,0.01388,0.117,-0.02211300271950023,0.026367504366804947,0.02211300271950023,2020-04-20,-0.12986,0.06459,0.05,-0.03332632501751698,0.038362684907941855,0.03332632501751698,2020-04-20,-0.435,0.28694,0.05,-0.05248,0.03214,-0.14398,0.04879,-0.46374,-0.08257
2020-04-20,LPR下调：1年期降至3.85%(-20bp)，5年期降至4.65%(,801180,0.0,-0.0050320177893302676,0.0050320177893302676,0.0050320177893302676,2020-04-20,-0.05442,0.02265,0.142,-0.007264099194589813,0.008390750211420772,0.007264099194589813,2020-04-20,-0.12661,0.06492,0.05,-0.032249062202857615,0.03420602819303825,0.032249062202857615,2020-04-20,-0.36605,0.23468,0.05,-0.06121,0.01719,-0.13931,0.03815,-0.39386,-0.04342
2020-04-20,LPR下调：1年期降至3.85%(-20bp)，5年期降至4.65%(,801710,0.0,0.038832423930752036,0.0,0.0,2020-04-20,-0.03889,0.00745,0.05,0.01985483313448011,0.019294607182851968,0.0,2020-04-20,0.01043,0.01484,0.05,0.004538080692873425,0.034740319587901025,0.0,2020-04-20,0.08821,0.04289,0.05,-0.04877,0.06533,-0.00722,0.21641,0.05396,0.47094
2020-06-12,证监会发布创业板改革并试点注册制相关制度规则（首发注册管理办法等，试行,801790,0.0,-0.0029138920182216754,0.004841264484609975,0.0029138920182216754,2020-06-12,-0.06793,0.01979,0.0725,-0.006511220059412737,0.011204368409062027,0.006511220059412737,2020-06-12,-0.18508,0.08974,0.05,0.06810676190094811,0.03307261074880646,0.0,2020-06-12,-0.49696,0.29815,0.05,-0.07948,0.05385,-0.20847,0.09403,-0.53948,0.0506
2020-06-12,证监会发布创业板改革并试点注册制相关制度规则（首发注册管理办法等，试行,801780,0.0,-0.0027558889417429455,0.0027558889417429455,0.0027558889417429455,2020-06-12,-0.03577,0.00967,0.05,-0.03185555833881626,0.03185555833881626,0.03185555833881626,2020-06-12,-0.0744,0.03405,0.05,-0.1172165324166744,0.1172165324166744,0.1172165324166744,2020-06-12,-0.19733,0.11824,0.05,-0.04226,0.03271,-0.08643,0.07578,-0.22069,0.10463
2020-06-12,证监会发布创业板改革并试点注册制相关制度规则（首发注册管理办法等，试行,801750,0.0,0.005351022245621007,0.0033358009998391003,0.0,2020-06-12,-0.06771,0.01739,0.05,-0.00048764258846378805,0.012572352744442563,0.00048764258846378805,2020-06-12,-0.14885,0.06795,0.05,0.030346873361152715,0.051171357957987294,0.0,2020-06-12,-0.29594,0.17022,0.05,-0.08056,0.06792,-0.17279,0.16724,-0.34642,0.30717
2020-08-04,国务院印发《新时期促进集成电路产业和软件产业高质量发展的若干政策》（国,801080,0.0,-0.00980494600014814,0.018856471206779246,0.00980494600014814,2020-08-04,-0.03973,0.00703,0.05,-0.03677631491336031,0.03677631491336031,0.03677631491336031,2020-08-04,-0.05781,0.03223,0.05,-0.04872866533498632,0.05359258404459366,0.04872866533498632,2020-08-04,0.0019,0.07139,0.05,-0.05086,0.07774,-0.07816,0.217,-0.03941,0.55014
2020-08-04,国务院印发《新时期促进集成电路产业和软件产业高质量发展的若干政策》（国,801750,0.0,-0.0008923233553889132,0.010797160331979971,0.0008923233553889132,2020-08-04,-0.08328,0.02696,0.062,-0.026775669760197185,0.034595835344230656,0.026775669760197185,2020-08-04,-0.23502,0.11711,0.05,-0.043549562866863734,0.05266348819883686,0.043549562866863734,2020-08-04,-0.54313,0.3211,0.05,-0.09622,0.05325,-0.26017,0.08644,-0.59368,0.08073
2020-08-04,国务院印发《新时期促进集成电路产业和软件产业高质量发展的若干政策》（国,801770,0.0,-0.002848112064665842,0.010924384523793407,0.002848112064665842,2020-08-04,-0.05661,0.01544,0.05,-0.023772002621909705,0.023772002621909705,0.023772002621909705,2020-08-04,-0.13016,0.06047,0.05,-0.048316933787261984,0.049854918071323695,0.048316933787261984,2020-08-04,-0.40567,0.23471,0.05,-0.0668,0.05088,-0.14836,0.11984,-0.44613,0.12194
2020-08-17,美国商务部BIS扩大对华为的外国直接产品规则(FDPR)，并新增38家,801080,0.0,-0.008206329691945569,0.008206329691945569,0.008206329691945569,2020-08-17,-0.07821,0.01993,0.0755,0.0013199813794240178,0.02580848937530822,0.0,2020-08-17,-0.17301,0.07899,0.05,-0.029139116502377216,0.059257254372330266,0.029139116502377216,2020-08-17,-0.47429,0.26806,0.05,-0.09317,0.07962,-0.20284,0.16604,-0.52473,0.16667
2020-08-17,美国商务部BIS扩大对华为的外国直接产品规则(FDPR)，并新增38家,801880,0.0,0.010604747724827224,0.0,0.0,2020-08-17,-0.01495,0.00204,0.05,-0.002336426652778334,0.01280537658935405,0.002336426652778334,2020-08-17,0.0193,0.01006,0.05,0.01863690441801702,0.031703256787449334,0.0,2020-08-17,0.07945,0.0383,0.05,-0.0215,0.05409,0.0049,0.20676,0.05011,0.42346
2020-08-17,美国商务部BIS扩大对华为的外国直接产品规则(FDPR)，并新增38家,801110,0.0,-0.014010171398007643,0.014010171398007643,0.014010171398007643,2020-08-17,-0.07494,0.0234,0.059,-0.022829875292787016,0.022829875292787016,0.022829875292787016,2020-08-17,-0.14443,0.06911,0.05,-0.023426566672707594,0.03850048029339659,0.023426566672707594,2020-08-17,-0.34649,0.20233,0.05,-0.08694,0.05167,-0.16741,0.087,-0.38007,0.07179
2020-08-17,美国商务部BIS扩大对华为的外国直接产品规则(FDPR)，并新增38家,801890,0.0,0.00470176490251184,0.0019825812108422713,0.0,2020-08-17,-0.01438,0.00186,0.05,0.009033633158612275,0.006271779206355107,0.0,2020-08-17,0.02173,0.00895,0.05,0.01770557506882109,0.038958774825586184,0.0,2020-08-17,0.06971,0.04198,0.05,-0.02172,0.06307,0.00706,0.19552,0.03902,0.42692
2020-08-17,美国商务部BIS扩大对华为的外国直接产品规则(FDPR)，并新增38家,801750,0.0,-0.0018021152167050358,0.003917361373603656,0.0018021152167050358,2020-08-17,-0.03597,0.00597,0.05,-0.005007592935287963,0.015769528407170164,0.005007592935287963,2020-08-17,-0.03852,0.02648,0.05,-0.03209006499040423,0.05119095319215431,0.03209006499040423,2020-08-17,-0.08517,0.08768,0.05,-0.04696,0.07999,-0.06052,0.22118,-0.12291,0.41015
2020-08-17,美国商务部BIS扩大对华为的外国直接产品规则(FDPR)，并新增38家,801770,0.0,-0.001804215653892438,0.0018370385880123186,0.001804215653892438,2020-08-17,-0.05029,0.01218,0.05,-0.010626279735226674,0.012397635605481128,0.010626279735226674,2020-08-17,-0.10093,0.04598,0.05,-0.06327993746533855,0.07221183732046033,0.06327993746533855,2020-08-17,-0.31382,0.1815,0.05,-0.06036,0.056,-0.11996,0.13221,-0.35215,0.15908
2020-09-22,双碳目标宣布：2030年碳达峰、2060年碳中和,801730,0.0,0.015364118850954789,0.006154613888283311,0.0,2020-09-22,-0.05984,0.01694,0.082,0.009420688166290159,0.025656460200513383,0.0,2020-09-22,-0.1511,0.07163,0.05,0.055558075373705496,0.05905383191548719,0.0,2020-09-22,-0.39683,0.2357,0.05,-0.07027,0.05013,-0.17102,0.09745,-0.43706,0.09185
2020-09-22,双碳目标宣布：2030年碳达峰、2060年碳中和,801160,0.0,-0.0023609631905787687,0.0023609631905787687,0.0023609631905787687,2020-09-22,-0.03979,0.01296,0.1385,-0.02239524769348389,0.023652663674250674,0.02239524769348389,2020-09-22,-0.10788,0.05321,0.05,-0.0480236016526695,0.04926053000174735,0.0480236016526695,2020-09-22,-0.29236,0.18336,0.05,-0.04594,0.0251,-0.11934,0.04488,-0.314,-0.00777
2020-09-22,双碳目标宣布：2030年碳达峰、2060年碳中和,801050,0.0,-0.02346484002690763,0.02346484002690763,0.02346484002690763,2020-09-22,-0.0355,0.00688,0.05,-0.045002242881801324,0.05166077270977609,0.045002242881801324,2020-09-22,-0.05298,0.0281,0.05,-0.03555412213776943,0.05703016801069605,0.03555412213776943,2020-09-22,-0.11664,0.08872,0.05,-0.0444,0.05845,-0.0705,0.1604,-0.14817,0.3105
2020-09-22,双碳目标宣布：2030年碳达峰、2060年碳中和,801770,0.0,-0.0037085218456867075,0.0037085218456867075,0.0037085218456867075,2020-09-22,-0.04289,0.01141,0.05,-0.027137397966336962,0.03790694710989395,0.027137397966336962,2020-09-22,-0.09195,0.04285,0.05,-0.05001316826853386,0.05001316826853386,0.05001316826853386,2020-09-22,-0.26705,0.15441,0.05,-0.05079,0.04043,-0.10687,0.09569,-0.29619,0.1174
2020-11-05,国家组织冠脉支架集中带量采购在天津开标并产生拟中选结果（首次高值医用耗,801150,0.0,-0.03421076962584524,0.03421076962584524,0.03421076962584524,2020-11-05,-0.0412,0.00813,0.05,-0.04743552489360392,0.0539268377252643,0.04743552489360392,2020-11-05,-0.06262,0.0323,0.05,-0.07598474774427755,0.1045412604262681,0.07598474774427755,2020-11-05,-0.16767,0.1123,0.05,-0.05133,0.06569,-0.08157,0.18103,-0.2016,0.27914
2020-11-10,市场监管总局发布《关于平台经济领域的反垄断指南（征求意见稿）》公开征求,801760,0.0,-0.01771269605543857,0.01771269605543857,0.01771269605543857,2020-11-10,-0.05229,0.01367,0.067,-0.026860317556663627,0.026860317556663627,0.026860317556663627,2020-11-10,-0.13475,0.06386,0.05,-0.04338425492762066,0.06458361337269014,0.04338425492762066,2020-11-10,-0.33315,0.18596,0.05,-0.06206,0.05078,-0.15257,0.09436,-0.36634,0.1222
2020-11-10,市场监管总局发布《关于平台经济领域的反垄断指南（征求意见稿）》公开征求,801750,0.0,-0.026197799280991863,0.026197799280991863,0.026197799280991863,2020-11-10,-0.0364,0.00609,0.05,-0.03380874370487508,0.03380874370487508,0.03380874370487508,2020-11-10,-0.03731,0.02621,0.05,-0.05437528678774106,0.07581027109397531,0.05437528678774106,2020-11-10,-0.04951,0.07619,0.05,-0.04739,0.07959,-0.05735,0.22969,-0.08512,0.43072
2020-12-18,美国商务部BIS将中芯国际(SMIC)等逾60家中国实体列入出口管制实,801080,0.0,0.007007077450191135,0.002747835347773897,0.0,2020-12-18,-0.04216,0.01129,0.052,0.004464779494068649,0.009677642580791528,0.0,2020-12-18,-0.10396,0.04822,0.05,0.0349277988179828,0.041776925055541654,0.0,2020-12-18,-0.25781,0.14435,0.05,-0.04988,0.03921,-0.12013,0.08443,-0.28645,0.12142
2020-12-18,美国商务部BIS将中芯国际(SMIC)等逾60家中国实体列入出口管制实,801880,0.0,0.04295435230722755,0.0,0.0,2020-12-18,-0.03284,0.00739,0.05,0.010811527821513067,0.030819013712928094,0.0,2020-12-18,-0.0614,0.0296,0.05,-0.02698471103066824,0.07497273736891018,0.02698471103066824,2020-12-18,-0.07798,0.06683,0.05,-0.0399,0.04161,-0.07514,0.11927,-0.10677,0.27661
2020-12-18,美国商务部BIS将中芯国际(SMIC)等逾60家中国实体列入出口管制实,801110,0.0,-0.011895174616709525,0.012686513846927948,0.011895174616709525,2020-12-18,-0.03379,0.00686,0.05,0.0053192880794112885,0.012686513846927948,0.0,2020-12-18,-0.06115,0.02959,0.05,-0.009433355780581576,0.03130043188968418,0.009433355780581576,2020-12-18,-0.12543,0.08432,0.05,-0.04185,0.05122,-0.07596,0.12864,-0.15594,0.24711
2020-12-18,美国商务部BIS将中芯国际(SMIC)等逾60家中国实体列入出口管制实,801890,0.0,-0.0046784342048730165,0.007223753851135606,0.0046784342048730165,2020-12-18,-0.02272,0.00398,0.05,0.002812539253348012,0.008219256778405985,0.0,2020-12-18,-0.02692,0.01708,0.05,-0.015739634322097684,0.03994837490937183,0.015739634322097684,2020-12-18,-0.06065,0.05644,0.05,-0.02917,0.0454,-0.03973,0.12769,-0.08183,0.22411
2020-12-18,美国商务部BIS将中芯国际(SMIC)等逾60家中国实体列入出口管制实,801750,0.0,-0.00392792465256131,0.006270983522068341,0.00392792465256131,2020-12-18,-0.04438,0.01296,0.083,-0.056008394916478466,0.056008394916478466,0.056008394916478466,2020-12-18,-0.10992,0.05108,0.05,-0.0823456248586023,0.11909531739592205,0.0823456248586023,2020-12-18,-0.29531,0.17628,0.05,-0.05191,0.03499,-0.1241,0.08323,-0.3226,0.05382
2020-12-18,美国商务部BIS将中芯国际(SMIC)等逾60家中国实体列入出口管制实,801770,0.0,-0.009592440534495483,0.009592440534495483,0.009592440534495483,2020-12-18,-0.03277,0.00692,0.05,-0.05107106422247265,0.05107106422247265,0.05107106422247265,2020-12-18,-0.05719,0.0278,0.05,-0.08288532802769322,0.13344296889182194,0.08288532802769322,2020-12-18,-0.14431,0.09131,0.05,-0.04027,0.04635,-0.07163,0.12476,-0.1708,0.19411
2020-12-31,沪深交易所发布退市制度改革相关业务规则（退市新规），当日施行,801790,0.0,7.816723330655861e-05,0.013778558674511115,0.0,2020-12-31,-0.05632,0.01475,0.077,-0.03790287410674331,0.05123334827066126,0.03790287410674331,2020-12-31,-0.12969,0.06069,0.05,-0.08176872430170135,0.09717482039805397,0.08176872430170135,2020-12-31,-0.3547,0.20993,0.05,-0.06682,0.05452,-0.15127,0.10714,-0.39076,0.0785
2020-12-31,沪深交易所发布退市制度改革相关业务规则（退市新规），当日施行,801780,0.0,-0.03721918608806807,0.03721918608806807,0.03721918608806807,2020-12-31,-0.02629,0.00615,0.05,-0.050378703178755924,0.06677854187217247,0.050378703178755924,2020-12-31,-0.04623,0.02164,0.05,0.028535893962567727,0.06677854187217247,0.0,2020-12-31,-0.1085,0.07213,0.05,-0.03172,0.03109,-0.05637,0.08453,-0.12934,0.14544
2020-12-31,沪深交易所发布退市制度改革相关业务规则（退市新规），当日施行,801750,0.0,0.01770790689502766,0.0,0.0,2020-12-31,-0.0346,0.00799,0.05,-0.05558529373047283,0.09162137541553679,0.05558529373047283,2020-12-31,-0.06768,0.03136,0.05,-0.06451223058964795,0.09162137541553679,0.06451223058964795,2020-12-31,-0.22859,0.13658,0.05,-0.04185,0.04191,-0.08103,0.1091,-0.25466,0.11061
2021-02-07,国务院反垄断委员会印发《关于平台经济领域的反垄断指南》正式稿,801760,0.0,-0.01504815996884612,0.01504815996884612,0.01504815996884612,2021-02-08,-0.04185,0.01401,0.1155,0.0255237829366044,0.029538373094671,0.0,2021-02-08,-0.12349,0.06367,0.05,0.05149715686328804,0.04715909751359805,0.0,2021-02-08,-0.35831,0.23731,0.05,-0.04817,0.02487,-0.13686,0.03195,-0.38159,-0.05375
2021-02-07,国务院反垄断委员会印发《关于平台经济领域的反垄断指南》正式稿,801750,0.0,-0.002379532143332419,0.0029952305289947523,0.002379532143332419,2021-02-08,-0.04677,0.01568,0.11,0.04797102365895989,0.005842964869324452,0.0,2021-02-08,-0.12574,0.06309,0.05,0.04955682433537123,0.05013605887662152,0.0,2021-02-08,-0.42715,0.28871,0.05,-0.05382,0.02767,-0.13787,0.04041,-0.44942,-0.09795
2021-04-10,市场监管总局对阿里巴巴集团作出反垄断行政处罚决定（罚款182.28亿元,801760,0.0,-0.002491325602967498,0.0037519911332469405,0.002491325602967498,2021-04-12,-0.07743,0.03973,0.3985,0.0018713484846797357,0.012191156663453636,0.0,2021-04-12,-0.26304,0.17874,0.1945,0.00027385721133121876,0.03115572319487675,0.0,2021-04-12,-0.72132,0.55802,0.05,-0.08521,0.00468,-0.27758,-0.0776,-0.74764,-0.35947
2021-04-10,市场监管总局对阿里巴巴集团作出反垄断行政处罚决定（罚款182.28亿元,801750,0.0,0.005789285067536287,0.000516755234781674,0.0,2021-04-12,-0.03534,0.00868,0.05,0.024980008977421697,0.000516755234781674,0.0,2021-04-12,-0.06925,0.03179,0.05,-0.014325449821199987,0.06216083848287939,0.014325449821199987,2021-04-12,-0.16416,0.0964,0.05,-0.04233,0.03844,-0.08175,0.09278,-0.19076,0.14423
2021-06-23,第五批国家组织药品集中带量采购在上海开标（251个品种、148家企业中,801150,0.0,-0.02206316638070205,0.02206316638070205,0.02206316638070205,2021-06-23,-0.04024,0.00958,0.05,-0.003980662297703663,0.02206316638070205,0.003980662297703663,2021-06-23,-0.07035,0.03282,0.05,0.006898029872964395,0.04936603094907473,0.0,2021-06-23,-0.17583,0.10505,0.05,-0.04843,0.0462,-0.08594,0.11964,-0.20253,0.19777
2021-07-09,央行宣布全面下调金融机构存款准备金率0.5个百分点（自7月15日起实施,801780,0.0,-0.021799414237455572,0.021799414237455572,0.021799414237455572,2021-07-09,-0.03311,0.00973,0.05,-0.014229628018581741,0.03130343065940089,0.014229628018581741,2021-07-09,-0.06947,0.03188,0.05,-0.0594396870520032,0.07928445253929284,0.0594396870520032,2021-07-09,-0.15235,0.09162,0.05,-0.0387,0.02582,-0.08021,0.0654,-0.17466,0.12227
2021-07-09,央行宣布全面下调金融机构存款准备金率0.5个百分点（自7月15日起实施,801790,0.0,-0.000594870253132318,0.002900705539702221,0.000594870253132318,2021-07-09,-0.03814,0.01111,0.05,0.0046134095511685125,0.012534574200300123,0.0,2021-07-09,-0.10213,0.04947,0.05,-0.007331431956460799,0.03222493712898211,0.007331431956460799,2021-07-09,-0.2176,0.12396,0.05,-0.04462,0.03022,-0.11415,0.05681,-0.24004,0.08867
2021-07-09,央行宣布全面下调金融机构存款准备金率0.5个百分点（自7月15日起实施,801180,0.0,-0.01754146022798131,0.01963041485760452,0.01754146022798131,2021-07-09,-0.0313,0.00896,0.05,-0.019328167930918516,0.03232121388155162,0.019328167930918516,2021-07-09,-0.0647,0.03044,0.05,-0.05922421672723843,0.09607318244739531,0.05922421672723843,2021-07-09,-0.10645,0.0636,0.05,-0.0367,0.02569,-0.07569,0.06174,-0.12593,0.14184
2021-07-26,教育双减政策：学科类培训机构不得上市融资,801760,0.0,0.0012189395577613116,0.006374313425695055,0.0,2021-07-26,-0.0063,0.00087,0.05,-0.017391524613984966,0.01858780675879596,0.017391524613984966,2021-07-26,0.00221,0.00416,0.05,-0.02153245135039905,0.05609822817385792,0.02153245135039905,2021-07-26,0.03113,0.01439,0.05,-0.00894,0.0216,-0.00255,0.06588,0.02081,0.15621
2021-09-02,国家在服贸会致辞中宣布设立北京证券交易所,801790,0.0,0.011071031386131303,0.0,0.0,2021-09-02,0.03102,0.0,0.05,0.018248136815488758,0.006003801542425069,0.0,2021-09-02,0.2651,1e-05,0.05,-0.011395505026691621,0.04754236039153593,0.011395505026691621,2021-09-02,0.89564,0.00103,0.05,0.02381,0.10708,0.2514,0.42526,0.86969,1.2169
2021-09-02,国家在服贸会致辞中宣布设立北京证券交易所,801780,0.0,0.018252029570103856,0.0,0.0,2021-09-02,-0.04962,0.01978,0.129,0.0031348880079222763,0.020839745834629615,0.0,2021-09-02,-0.14991,0.08488,0.05,0.03588599882513832,0.050280313297565805,0.0,2021-09-02,-0.35761,0.23595,0.05,-0.05606,0.01833,-0.16182,0.00378,-0.3805,-0.06025
2021-09-02,国家在服贸会致辞中宣布设立北京证券交易所,801750,0.0,0.007304953699702077,0.004789412383166658,0.0,2021-09-02,-0.03611,0.01436,0.186,0.002372900453643023,0.009623964672984481,0.0,2021-09-02,-0.10958,0.06142,0.05,-0.007461702361824085,0.04283070127554971,0.007461702361824085,2021-09-02,-0.29183,0.19567,0.05,-0.0408,0.01343,-0.11861,0.00839,-0.30905,-0.06121
2021-10-08,市场监管总局对美团作出反垄断行政处罚决定（罚款34.42亿元，按202,801760,0.0,0.01806082848514845,0.010573955933472693,0.0,2021-10-11,-0.0243,0.00717,0.05,0.0198865384540321,0.014239979596114016,0.0,2021-10-11,-0.05033,0.02439,0.05,0.07789075051503214,0.03684726137578437,0.0,2021-10-11,-0.12384,0.07357,0.05,-0.02838,0.01878,-0.05737,0.03886,-0.13722,0.05013
2021-10-08,市场监管总局对美团作出反垄断行政处罚决定（罚款34.42亿元，按202,801750,0.0,0.008603898927660447,0.008022689223116074,0.0,2021-10-11,-0.01979,0.00476,0.05,0.017604183025479392,0.01260506114147435,0.0,2021-10-11,-0.03024,0.01521,0.05,0.06242974794485168,0.020420556736145835,0.0,2021-10-11,-0.05578,0.04214,0.05,-0.02377,0.02229,-0.03739,0.06844,-0.07027,0.14144
2021-11-26,国家组织胰岛素专项集中带量采购产生拟中选结果（42个产品、11家企业中,801150,0.0,0.011320643063293279,0.0,0.0,2021-11-26,-0.01419,0.00233,0.05,-0.018402704945708392,0.03244807766304937,0.018402704945708392,2021-11-26,-0.01447,0.01166,0.05,-0.02988926205903264,0.06297132731198699,0.02988926205903264,2021-11-26,-0.04805,0.04167,0.05,-0.01862,0.03246,-0.02218,0.08653,-0.06356,0.14889
2021-12-03,2021年国家医保药品目录谈判调整结果公布（新增74种药品，谈判新增药,801150,0.0,-0.019745840458911923,0.019745840458911923,0.019745840458911923,2021-12-03,-0.01474,0.00194,0.05,-0.02445866704490074,0.024908879072756962,0.02445866704490074,2021-12-03,0.01113,0.01004,0.05,0.011028873688273988,0.035953646945910855,0.0,2021-12-03,0.0942,0.03133,0.05,-0.02184,0.06023,-0.00317,0.17803,0.06886,0.41461
2021-12-06,央行全面降准0.5个百分点，释放长期资金约1.2万亿元,801780,0.0,0.009772192519554856,0.0,0.0,2021-12-06,-0.02793,0.00755,0.05,-0.021349651826960803,0.030820658933834687,0.021349651826960803,2021-12-06,-0.07088,0.03357,0.05,-0.01676414554995742,0.038459831777567094,0.01676414554995742,2021-12-06,-0.12482,0.07059,0.05,-0.033,0.02551,-0.08012,0.05125,-0.14263,0.11583
2021-12-06,央行全面降准0.5个百分点，释放长期资金约1.2万亿元,801790,0.0,0.013762159067263635,0.0,0.0,2021-12-06,-0.02524,0.00713,0.05,0.004783251228993368,0.00885701617283834,0.0,2021-12-06,-0.0516,0.02412,0.05,0.027667147272603554,0.019029387112255224,0.0,2021-12-06,-0.09054,0.05298,0.05,-0.02965,0.02121,-0.05972,0.0476,-0.1052,0.10337
2021-12-06,央行全面降准0.5个百分点，释放长期资金约1.2万亿元,801180,0.0,0.008548704730152679,0.0,0.0,2021-12-06,-0.0371,0.01129,0.05,-0.021695445614939524,0.029987793552503077,0.021695445614939524,2021-12-06,-0.07118,0.03379,0.05,0.04702061789856948,0.055557344450810085,0.0,2021-12-06,-0.11491,0.06863,0.05,-0.04317,0.02695,-0.08281,0.06714,-0.13788,0.15511
2021-12-20,LPR下调：1年期降至3.80%(-5bp)，5年期维持4.65%不变,801780,0.0,0.01122495488593378,0.002897137837518812,0.0,2021-12-20,-0.03553,0.01372,0.11,-0.0064087561184279496,0.020284588204562456,0.0064087561184279496,2021-12-20,-0.10995,0.06229,0.05,0.05003343962433848,0.02778001537103552,0.0,2021-12-20,-0.2688,0.17704,0.05,-0.04027,0.01452,-0.11874,0.00536,-0.2877,-0.04657
2021-12-20,LPR下调：1年期降至3.80%(-5bp)，5年期维持4.65%不变,801790,0.0,0.008593280917448709,0.0,0.0,2021-12-20,-0.0207,0.00689,0.087,-0.00793962995080455,0.019029387112255013,0.00793962995080455,2021-12-20,-0.0478,0.02296,0.05,-0.007520184176819322,0.024373368617777637,0.007520184176819322,2021-12-20,-0.15199,0.09296,0.05,-0.02385,0.01247,-0.05346,0.02852,-0.16388,-0.00051
2022-01-17,中国人民银行下调1年期MLF利率10个基点至2.85%、7天期逆回购利,801780,0.0,0.0011228370315643499,0.008604072539147634,0.0,2022-01-17,-0.03319,0.01999,0.5,0.028948494027518867,0.008604072539147634,0.0,2022-01-17,-0.11538,0.08569,0.5,0.07173741041147208,0.03560291477399304,0.0,2022-01-17,-0.3073,0.25073,0.05,-0.03589,-0.00469,-0.1204,-0.05142,-0.31711,-0.1824
2022-01-17,中国人民银行下调1年期MLF利率10个基点至2.85%、7天期逆回购利,801790,0.0,-0.00839125946240138,0.00839125946240138,0.00839125946240138,2022-01-17,-0.02446,0.01049,0.1215,0.006184282116681983,0.009150058801812428,0.0,2022-01-17,-0.07355,0.04357,0.05,0.002712399281111111,0.051478982210009676,0.0,2022-01-17,-0.16753,0.11018,0.05,-0.02743,0.00684,-0.07843,-0.00558,-0.17931,-0.03283
2022-01-17,中国人民银行下调1年期MLF利率10个基点至2.85%、7天期逆回购利,801180,0.0,0.01138761952639955,0.0,0.0,2022-01-17,-0.11927,0.08316,0.5,0.01790470688411072,0.01353419758816951,0.0,2022-01-17,-0.44029,0.35931,0.5,0.04130944474552711,0.04485434880411451,0.0,2022-01-17,-1.19747,0.97967,0.5,-0.12666,-0.04139,-0.4542,-0.26692,-1.22296,-0.85952
2022-01-20,LPR双降：1年期降至3.70%(-10bp)，5年期降至4.60%(,801780,0.0,0.017057577814708624,0.0,0.0,2022-01-20,-0.03063,0.01738,0.5,0.030406379017323015,0.00568192619535032,0.0,2022-01-20,-0.11098,0.07911,0.4105,0.050730082344647265,0.035602914773993154,0.0,2022-01-20,-0.31685,0.25519,0.05,-0.03335,-0.00198,-0.11608,-0.04209,-0.32736,-0.18158
2022-01-20,LPR双降：1年期降至3.70%(-10bp)，5年期降至4.60%(,801790,0.0,0.013379330066458195,0.0,0.0,2022-01-20,-0.02608,0.00942,0.134,0.0032746967184775766,0.01587610342059673,0.0,2022-01-20,-0.07837,0.04285,0.05,-0.014888956051188784,0.06447907764065818,0.014888956051188784,2022-01-20,-0.18089,0.11343,0.05,-0.02978,0.01289,-0.08519,0.00835,-0.19454,-0.01
2022-01-20,LPR双降：1年期降至3.70%(-10bp)，5年期降至4.60%(,801180,0.0,-0.012203276791179163,0.013534197588169539,0.012203276791179163,2022-01-20,-0.03834,0.01531,0.2185,-0.021307593958074356,0.02372661434424017,0.021307593958074356,2022-01-20,-0.11633,0.06702,0.05,0.001299527146580548,0.04485434880411439,0.0,2022-01-20,-0.26973,0.17304,0.05,-0.04331,0.01407,-0.12578,0.0013,-0.28785,-0.03457
2022-01-20,LPR双降：1年期降至3.70%(-10bp)，5年期降至4.60%(,801710,0.0,-0.023922019836070008,0.023922019836070008,0.023922019836070008,2022-01-20,-0.03398,0.01396,0.1295,-0.042109211035460836,0.042109211035460836,0.042109211035460836,2022-01-20,-0.09309,0.05089,0.05,-0.02999362996864474,0.05406479694892503,0.02999362996864474,2022-01-20,-0.21047,0.1316,0.05,-0.03827,0.01128,-0.10164,0.00907,-0.22448,-0.00938
2022-01-24,中国人民银行下调14天期逆回购利率10个基点,801780,0.0,0.003288437224961749,0.0026706987892433087,0.0,2022-01-24,-0.02898,0.01546,0.365,0.025431108222769172,0.0056819261953502,0.0,2022-01-24,-0.09226,0.06269,0.173,0.01549827774691015,0.04478669419492945,0.0,2022-01-24,-0.24178,0.18476,0.05,-0.03176,0.00037,-0.09754,-0.02777,-0.25238,-0.11391
2022-01-24,中国人民银行下调14天期逆回购利率10个基点,801790,0.0,-0.015876103420596754,0.015876103420596754,0.015876103420596754,2022-01-24,-0.01442,0.00434,0.05,-0.0016975937016866505,0.015876103420596754,0.0016975937016866505,2022-01-24,-0.03945,0.01937,0.05,-0.0412367655361674,0.07731867555809495,0.0412367655361674,2022-01-24,-0.05257,0.03215,0.05,-0.0168,0.01069,-0.04383,0.01849,-0.06119,0.06077
2022-01-24,中国人民银行下调14天期逆回购利率10个基点,801180,0.0,-0.005862444333053052,0.01269651258681571,0.005862444333053052,2022-01-24,-0.02855,0.00864,0.05,0.004467638667370322,0.01845987183838908,0.0,2022-01-24,-0.0584,0.02765,0.05,-0.008423229687048894,0.04485434880411453,0.008423229687048894,2022-01-24,-0.11511,0.06628,0.05,-0.03325,0.02099,-0.06763,0.05464,-0.13257,0.10763
2022-04-15,央行降准0.25个百分点：释放长期资金约5300亿元,801780,0.0,-0.010356781489953004,0.024516467393075038,0.010356781489953004,2022-04-15,-0.04045,0.01281,0.0615,0.026187064379190383,0.024516467393075038,0.0,2022-04-15,-0.11138,0.05678,0.05,-0.055208488437494374,0.08613715624686806,0.055208488437494374,2022-04-15,-0.25834,0.15295,0.05,-0.04685,0.02708,-0.12316,0.03595,-0.28111,0.02681
2022-04-15,央行降准0.25个百分点：释放长期资金约5300亿元,801790,0.0,-0.010263122643406009,0.020255605834414332,0.010263122643406009,2022-04-15,-0.03906,0.01109,0.05,0.005038772300381522,0.021604296669245317,0.0,2022-04-15,-0.09038,0.04233,0.05,-0.05723455062691729,0.07510715063123329,0.05723455062691729,2022-04-15,-0.17871,0.09927,0.05,-0.04585,0.03255,-0.10253,0.06741,-0.20362,0.13202
2022-04-15,央行降准0.25个百分点：释放长期资金约5300亿元,801180,0.0,0.012811890017370375,0.028388352916497932,0.0,2022-04-15,-0.08588,0.02818,0.0805,-0.012158712327008048,0.05887462554567647,0.012158712327008048,2022-04-15,-0.2193,0.10899,0.05,-0.05754225820057768,0.11383535568348477,0.05754225820057768,2022-04-15,-0.51912,0.2969,0.05,-0.09907,0.05333,-0.24527,0.08956,-0.57282,0.08777
2022-04-25,中国人民银行下调金融机构外汇存款准备金率1个百分点（9%→8%），5月,801780,0.0,0.007461426473742927,0.0,0.0,2022-04-25,0.00506,0.0003,0.05,-0.0338050298950503,0.04096083014635274,0.0338050298950503,2022-04-25,0.12968,0.0014,0.05,-0.0835570340160312,0.09034436267039184,0.0835570340160312,2022-04-25,0.46928,0.01127,0.05,-0.0031,0.09108,0.11472,0.32327,0.43986,0.84621
2022-04-25,中国人民银行下调金融机构外汇存款准备金率1个百分点（9%→8%），5月,801790,0.0,-0.016797668312617753,0.03007595702906545,0.016797668312617753,2022-04-25,-0.0321,0.00555,0.05,-0.046464463692549196,0.06748426958314947,0.046464463692549196,2022-04-25,-0.05331,0.02888,0.05,-0.06044232395114313,0.0751071506312333,0.06044232395114313,2022-04-25,-0.0617,0.07151,0.05,-0.04136,0.06567,-0.07114,0.17364,-0.09642,0.38676
2022-04-25,中国人民银行下调金融机构外汇存款准备金率1个百分点（9%→8%），5月,801180,0.0,0.003955180171717698,0.005047558243782002,0.0,2022-04-25,-0.09879,0.0281,0.0615,-0.039922766664889475,0.04468733292719707,0.039922766664889475,2022-04-25,-0.24356,0.11584,0.05,-0.07816605347624872,0.081797708971351,0.07816605347624872,2022-04-25,-0.57713,0.32451,0.05,-0.11592,0.08197,-0.28114,0.14263,-0.63722,0.14868
2022-05-20,LPR非对称下调：1年期维持3.70%，5年期大降至4.45%(-15,801180,0.0,-0.04675345282952259,0.04675345282952259,0.04675345282952259,2022-05-20,-0.11441,0.03267,0.058,-0.04645320927201946,0.04675345282952259,0.04645320927201946,2022-05-20,-0.28441,0.13501,0.05,-0.12214923300958203,0.1368437048295702,0.12214923300958203,2022-05-20,-0.66847,0.36581,0.05,-0.13419,0.09424,-0.31785,0.1622,-0.73478,0.20608
2022-05-20,LPR非对称下调：1年期维持3.70%，5年期大降至4.45%(-15,801710,0.0,0.004127623069881681,0.0,0.0,2022-05-20,-0.06176,0.01733,0.05,-0.0039449871555014004,0.010442761794777707,0.0039449871555014004,2022-05-20,-0.16407,0.07915,0.05,-0.02879000974245205,0.057431161922587105,0.02879000974245205,2022-05-20,-0.30078,0.16741,0.05,-0.07259,0.05257,-0.18385,0.09467,-0.33937,0.18697
2022-08-15,中国人民银行下调1年期MLF利率10个基点至2.75%、7天期逆回购利,801780,0.0,-0.009502778235770282,0.011774425491596685,0.009502778235770282,2022-08-15,-0.03756,0.01309,0.102,-0.008657925726831217,0.011774425491596685,0.008657925726831217,2022-08-15,-0.11322,0.06073,0.05,0.04026446712253029,0.018530542180876134,0.0,2022-08-15,-0.25144,0.15109,0.05,-0.04305,0.0203,-0.12447,0.02065,-0.27161,0.00872
2022-08-15,中国人民银行下调1年期MLF利率10个基点至2.75%、7天期逆回购利,801790,0.0,-0.006714802468026471,0.0072834238016712405,0.006714802468026471,2022-08-15,-0.02694,0.00703,0.05,-0.006762834773209048,0.009804535518978832,0.006762834773209048,2022-08-15,-0.06009,0.02803,0.05,0.041325198670091545,0.009804535518978832,0.0,2022-08-15,-0.12157,0.06939,0.05,-0.03199,0.02628,-0.06959,0.06092,-0.13864,0.11467
2022-08-15,中国人民银行下调1年期MLF利率10个基点至2.75%、7天期逆回购利,801180,0.0,0.014518229940834848,0.00264391253974805,0.0,2022-08-15,-0.14508,0.07133,0.2645,0.03945391827818123,0.0032665647529647453,0.0,2022-08-15,-0.46164,0.30042,0.0595,0.10125744211448406,0.024175938764608315,0.0,2022-08-15,-1.19376,0.85029,0.05,-0.16037,0.01629,-0.49215,-0.1053,-1.25279,-0.50497
2022-08-22,LPR双降：1年期降至3.65%(-5bp)，5年期降至4.30%(-,801780,0.0,-0.013047227186577137,0.013047227186577137,0.013047227186577137,2022-08-22,-0.03553,0.01524,0.162,0.005210504410922079,0.013047227186577137,0.0,2022-08-22,-0.10479,0.06025,0.05,0.061876479114945315,0.01853054218087605,0.0,2022-08-22,-0.25087,0.16062,0.05,-0.03984,0.00993,-0.11354,0.0015,-0.26656,-0.0396
2022-08-22,LPR双降：1年期降至3.65%(-5bp)，5年期降至4.30%(-,801790,0.0,-0.003573546999476984,0.009804535518978863,0.003573546999476984,2022-08-22,-0.04927,0.01733,0.0615,0.01764773243439932,0.009804535518978863,0.0,2022-08-22,-0.12144,0.06036,0.05,0.006824256558272124,0.03851416815888444,0.0,2022-08-22,-0.31311,0.18518,0.05,-0.05641,0.02605,-0.1364,0.04676,-0.34699,0.03095
2022-08-22,LPR双降：1年期降至3.65%(-5bp)，5年期降至4.30%(-,801180,0.0,-0.007498907788942688,0.007498907788942688,0.007498907788942688,2022-08-22,-0.08738,0.03622,0.0905,-0.013226705311762621,0.015683475418009407,0.013226705311762621,2022-08-22,-0.23682,0.13643,0.05,0.06648819125388816,0.02970245843562355,0.0,2022-08-22,-0.54282,0.34868,0.05,-0.09831,0.02804,-0.25784,0.00113,-0.58023,-0.09483
2022-08-22,LPR双降：1年期降至3.65%(-5bp)，5年期降至4.30%(-,801710,0.0,-0.026966329750872764,0.026966329750872764,0.026966329750872764,2022-08-22,-0.05068,0.01419,0.073,-0.030126821275031634,0.031745069492021716,0.030126821275031634,2022-08-22,-0.14722,0.07301,0.05,-0.0348565397296241,0.03741783439005253,0.0348565397296241,2022-08-22,-0.33498,0.20104,0.05,-0.05959,0.04336,-0.16761,0.05879,-0.36384,0.05963
2022-09-05,中国人民银行下调金融机构外汇存款准备金率2个百分点（8%→6%），9月,801780,0.0,-0.008012806623596491,0.013327524439263818,0.008012806623596491,2022-09-05,-0.00895,0.00128,0.05,0.003048708613328399,0.01853054218087618,0.0,2022-09-05,0.00862,0.00465,0.05,0.04866617365435255,0.021646874270459405,0.0,2022-09-05,0.08263,0.01353,0.05,-0.01245,0.02795,0.00187,0.09142,0.06975,0.24519
2022-09-05,中国人民银行下调金融机构外汇存款准备金率2个百分点（8%→6%），9月,801790,0.0,0.008479811445422314,0.00011973649214195865,0.0,2022-09-05,-0.03779,0.01249,0.05,0.005062246182246932,0.007870098656806292,0.0,2022-09-05,-0.09389,0.04553,0.05,-0.021890837486805093,0.05569020282505357,0.021890837486805093,2022-09-05,-0.22223,0.12892,0.05,-0.04356,0.0231,-0.10302,0.04014,-0.24281,0.03355
2022-09-05,中国人民银行下调金融机构外汇存款准备金率2个百分点（8%→6%），9月,801180,0.0,0.03644669005742096,0.0,0.0,2022-09-05,-0.0618,0.02354,0.1185,0.031134782386214033,0.024175938764608267,0.0,2022-09-05,-0.22754,0.12622,0.05,0.04019806817334515,0.055916082979531885,0.0,2022-09-05,-0.49689,0.31024,0.05,-0.07015,0.02632,-0.24654,0.01298,-0.54154,-0.0098
2022-10-07,美国商务部BIS发布对华先进计算芯片及半导体制造设备出口管制新规(EA,801080,0.0,-0.02671795861235382,0.02671795861235382,0.02671795861235382,2022-10-10,-0.01815,0.0026,0.05,0.03237338468450557,0.02671795861235382,0.0,2022-10-10,-0.0105,0.01383,0.05,0.11177908225063127,0.02671795861235382,0.0,2022-10-10,0.03753,0.04071,0.05,-0.02523,0.05661,-0.02387,0.1547,0.0102,0.37144
2022-10-07,美国商务部BIS发布对华先进计算芯片及半导体制造设备出口管制新规(EA,801880,0.0,0.008681967365031573,0.004679791848495762,0.0,2022-10-10,-0.03127,0.00495,0.05,0.028815800728368757,0.007631039441840457,0.0,2022-10-10,-0.03495,0.02584,0.05,0.10597952255066945,0.023567779419137604,0.0,2022-10-10,0.03139,0.0615,0.05,-0.04154,0.07711,-0.05618,0.22258,-0.00854,0.54984
2022-10-07,美国商务部BIS发布对华先进计算芯片及半导体制造设备出口管制新规(EA,801110,0.0,0.0035633376639130354,0.003011957234041876,0.0,2022-10-10,-0.0144,0.00246,0.05,-0.01904144999543811,0.025468639497960906,0.01904144999543811,2022-10-10,-0.01836,0.01123,0.05,-0.04809392445672145,0.0664110709192985,0.04809392445672145,2022-10-10,-0.01818,0.03306,0.05,-0.01862,0.03012,-0.02608,0.0801,-0.03428,0.17602
2022-10-07,美国商务部BIS发布对华先进计算芯片及半导体制造设备出口管制新规(EA,801890,0.0,0.013082329158581318,0.0,0.0,2022-10-10,-0.02983,0.00499,0.05,0.07327202935217536,0.0026562940132843285,0.0,2022-10-10,-0.01873,0.0186,0.05,0.13672292845761502,0.022006966205596508,0.0,2022-10-10,0.05607,0.04724,0.05,-0.03886,0.06539,-0.03715,0.19008,0.02383,0.48041
2022-10-07,美国商务部BIS发布对华先进计算芯片及半导体制造设备出口管制新规(EA,801750,0.0,-0.001818547798097092,0.004321386060498478,0.001818547798097092,2022-10-10,-0.01074,0.00138,0.05,0.07931873735331796,0.004321386060498478,0.0,2022-10-10,0.01783,0.007,0.05,0.18348520066240948,0.059475855112672726,0.0,2022-10-10,0.13215,0.02139,0.05,-0.01641,0.04915,0.00645,0.15771,0.10994,0.40713
2022-10-07,美国商务部BIS发布对华先进计算芯片及半导体制造设备出口管制新规(EA,801770,0.0,0.018577751245241858,0.0,0.0,2022-10-10,-0.01243,0.00176,0.05,0.05112843939226286,0.018126851764921476,0.0,2022-10-10,0.0107,0.00598,0.05,0.07938104231966059,0.05691888785724024,0.0,2022-10-10,0.12285,0.01501,0.05,-0.01739,0.0399,0.0024,0.12057,0.10595,0.3329
2022-10-07,美国商务部BIS发布对华先进计算芯片及半导体制造设备出口管制新规(EA,801030,0.0,0.018519154668193094,0.0,0.0,2022-10-10,-0.02026,0.00302,0.05,0.0316313862889992,0.002554378674278133,0.0,2022-10-10,0.00031,0.01176,0.05,0.04582100608026707,0.02631018980450032,0.0,2022-10-10,0.09355,0.03104,0.05,-0.02761,0.05736,-0.01274,0.16588,0.06837,0.41794
2022-11-25,央行降准0.25个百分点：释放长期资金约5000亿元,801780,0.0,0.011057418079604364,0.007363249957305571,0.0,2022-11-25,-0.01674,0.00439,0.05,0.003350612075590398,0.02353514269358554,0.0,2022-11-25,-0.04583,0.02273,0.05,0.016014116297352388,0.0303396636231786,0.0,2022-11-25,-0.09836,0.05491,0.05,-0.01986,0.01615,-0.05164,0.02573,-0.10964,0.04194
2022-11-25,央行降准0.25个百分点：释放长期资金约5000亿元,801790,0.0,0.0027972708611367914,0.006586917536047863,0.0,2022-11-25,-0.03066,0.00511,0.05,0.01212509276365914,0.009743153424737928,0.0,2022-11-25,-0.03858,0.02507,0.05,0.005203886938486946,0.041192178741208216,0.0,2022-11-25,0.0047,0.04599,0.05,-0.03996,0.06756,-0.05675,0.13636,-0.02379,0.33048
2022-11-25,央行降准0.25个百分点：释放长期资金约5000亿元,801180,0.0,0.04876458791031113,0.0,0.0,2022-11-25,-0.04868,0.0121,0.05,0.05100864851081566,0.0430896336295739,0.0,2022-11-25,-0.08472,0.04115,0.05,0.01538370286232671,0.07848088604998017,0.0,2022-11-25,-0.14245,0.09648,0.05,-0.0582,0.05182,-0.1047,0.15115,-0.18461,0.31062
2022-11-25,央行降准0.25个百分点：释放长期资金约5000亿元,801710,0.0,0.01794325324592072,0.0,0.0,2022-11-25,-0.03974,0.0122,0.0685,0.0038124053202492902,0.025687439699538715,0.0,2022-11-25,-0.115,0.05639,0.05,-0.00820312269737411,0.03994597778960435,0.00820312269737411,2022-11-25,-0.25136,0.14548,0.05,-0.04619,0.02835,-0.1268,0.04535,-0.27675,0.06915
2022-11-28,房地产金融16条：支持房企合理融资需求,801180,0.0,0.05455124030571823,0.0,0.0,2022-11-28,-0.03104,0.00627,0.05,-0.0006157739189416311,0.052313260955121295,0.0006157739189416311,2022-11-28,-0.04459,0.02563,0.05,-0.04436128377377069,0.09379584443029418,0.04436128377377069,2022-11-28,-0.01401,0.05543,0.05,-0.03848,0.04741,-0.05979,0.14283,-0.04413,0.36158
2022-11-28,房地产金融16条：支持房企合理融资需求,801780,0.0,0.008812911790504696,0.007363249957305529,0.0,2022-11-28,-0.01641,0.00528,0.05,-0.006078610747960456,0.02353514269358535,0.006078610747960456,2022-11-28,-0.03974,0.01886,0.05,-0.011647720943905981,0.03033966362317823,0.011647720943905981,2022-11-28,-0.07846,0.04366,0.05,-0.01897,0.01063,-0.04496,0.02426,-0.08907,0.04666
2022-11-28,房地产金融16条：支持房企合理融资需求,801710,0.0,0.013314405364928561,0.0,0.0,2022-11-28,-0.02153,0.0039,0.05,0.0028175641932464135,0.025687439699538715,0.0,2022-11-28,-0.04063,0.0203,0.05,-0.029634555357545778,0.0423846345172671,0.029634555357545778,2022-11-28,-0.03133,0.0439,0.05,-0.0274,0.04035,-0.05098,0.09444,-0.05352,0.2323
2023-02-01,证监会就全面实行股票发行注册制主要制度规则公开征求意见,801790,0.0,-0.0018248789302072188,0.014585430847014972,0.0018248789302072188,2023-02-01,-0.02304,0.00393,0.05,-0.008962210602572074,0.02163151972096678,0.008962210602572074,2023-02-01,-0.01636,0.01476,0.05,-0.00010323120535271624,0.025952588194225343,0.00010323120535271624,2023-02-01,0.02149,0.04068,0.05,-0.02982,0.04851,-0.02904,0.14503,-0.00275,0.33658
2023-02-01,证监会就全面实行股票发行注册制主要制度规则公开征求意见,801780,0.0,-0.01668583659756062,0.01668583659756062,0.01668583659756062,2023-02-01,-0.01771,0.00443,0.05,-0.009579278488460186,0.017050275181196395,0.009579278488460186,2023-02-01,-0.04306,0.02036,0.05,-0.019051693855064444,0.032323561527224154,0.019051693855064444,2023-02-01,-0.06281,0.03937,0.05,-0.02116,0.01864,-0.0494,0.04062,-0.07502,0.10173
2023-02-01,证监会就全面实行股票发行注册制主要制度规则公开征求意见,801750,0.0,0.020651762346894476,0.0,0.0,2023-02-01,-0.02745,0.00821,0.112,0.060450433950294924,0.009403526682732146,0.0,2023-02-01,-0.07557,0.03767,0.05,0.10668353861099744,0.037460973403307715,0.0,2023-02-01,-0.16883,0.09659,0.05,-0.03201,0.02063,-0.08529,0.03745,-0.18645,0.04942
2023-02-17,证监会发布全面实行股票发行注册制相关制度规则（主板注册制正式落地）,801790,0.0,0.01140921139659401,0.0,0.0,2023-02-17,-0.05079,0.01969,0.1125,0.008879373667922685,0.004992819560928569,0.0,2023-02-17,-0.15898,0.09384,0.05,0.004047674918263189,0.03284598956200777,0.0,2023-02-17,-0.36998,0.24731,0.05,-0.05755,0.02052,-0.16998,-0.0084,-0.39408,-0.08733
2023-02-17,证监会发布全面实行股票发行注册制相关制度规则（主板注册制正式落地）,801780,0.0,0.008769839096889775,0.0,0.0,2023-02-17,-0.0056,0.0007,0.05,0.01248217513530503,0.0013416280625802252,0.0,2023-02-17,0.01975,0.00315,0.05,0.02091554753648195,0.016010669348046427,0.0,2023-02-17,0.12897,0.01064,0.05,-0.00906,0.03082,0.01262,0.1027,0.11502,0.29425
2023-02-17,证监会发布全面实行股票发行注册制相关制度规则（主板注册制正式落地）,801750,0.0,-0.017138906352374583,0.023828927577722148,0.017138906352374583,2023-02-17,-0.03171,0.00795,0.05,-0.01175833847128993,0.03090833057962461,0.01175833847128993,2023-02-17,-0.08671,0.04072,0.05,0.08661218855199038,0.03090833057962461,0.0,2023-02-17,-0.19145,0.10788,0.05,-0.03786,0.03318,-0.09782,0.06639,-0.21613,0.10172
2023-03-17,央行降准0.25个百分点：释放长期资金约5000亿元,801780,0.0,-0.004374274096183073,0.0069865923843503985,0.004374274096183073,2023-03-17,-0.0216,0.00615,0.05,-0.023017352570677163,0.023017352570677163,0.023017352570677163,2023-03-17,-0.04931,0.0229,0.05,-0.020534914833938878,0.04658154643554646,0.020534914833938878,2023-03-17,-0.06874,0.04394,0.05,-0.02534,0.01789,-0.05627,0.04424,-0.08439,0.11435
2023-03-17,央行降准0.25个百分点：释放长期资金约5000亿元,801790,0.0,0.008741833789447817,0.005115832581614727,0.0,2023-03-17,-0.02435,0.00522,0.05,0.0008789458112892223,0.015327600582191072,0.0,2023-03-17,-0.03957,0.01936,0.05,0.020780866363288686,0.028086660835977904,0.0,2023-03-17,-0.05142,0.04651,0.05,-0.02984,0.03353,-0.04963,0.08694,-0.07152,0.19946
2023-03-17,央行降准0.25个百分点：释放长期资金约5000亿元,801180,0.0,0.0019030970541866754,0.0011516672665209137,0.0,2023-03-17,-0.06309,0.02618,0.112,-0.011380525654415496,0.019717760819309402,0.011380525654415496,2023-03-17,-0.17589,0.10208,0.05,-0.031197509601265105,0.052416754103905956,0.031197509601265105,2023-03-17,-0.44949,0.30632,0.05,-0.07099,0.02017,-0.19117,-0.00173,-0.47478,-0.11872
2023-05-21,中国网信办宣布美光公司(Micron)在华销售产品未通过网络安全审查,801080,0.0,-0.01202217264661709,0.012660753243858291,0.01202217264661709,2023-05-22,-0.01115,0.0015,0.05,0.032342364890868947,0.012660753243858291,0.0,2023-05-22,0.00048,0.00896,0.05,0.058189533841020324,0.03459131973878395,0.0,2023-05-22,0.05361,0.02806,0.05,-0.01619,0.04197,-0.00923,0.12607,0.03406,0.30725
2023-05-21,中国网信办宣布美光公司(Micron)在华销售产品未通过网络安全审查,801750,0.0,-0.013506668154528723,0.014047309900949156,0.013506668154528723,2023-05-22,-0.05498,0.013,0.05,0.014907936598907767,0.014047309900949156,0.0,2023-05-22,-0.12289,0.05657,0.05,0.14866677673388717,0.027889610762241557,0.0,2023-05-22,-0.26551,0.15136,0.05,-0.06625,0.06391,-0.14316,0.15031,-0.30554,0.27201
2023-05-21,中国网信办宣布美光公司(Micron)在华销售产品未通过网络安全审查,801770,0.0,-0.02247569991943843,0.02247569991943843,0.02247569991943843,2023-05-22,-0.07525,0.02306,0.05,0.0469423175027841,0.02247569991943843,0.0,2023-05-22,-0.19078,0.09367,0.05,0.21438682743072945,0.02247569991943843,0.0,2023-05-22,-0.37052,0.20865,0.05,-0.0875,0.05395,-0.21471,0.08946,-0.4105,0.15549
2023-06-13,中国人民银行下调7天期逆回购利率10个基点至1.90%,801780,0.0,-0.018051521959696837,0.018051521959696837,0.018051521959696837,2023-06-13,0.0463,0.0,0.05,-0.05381918360023075,0.05381918360023075,0.05381918360023075,2023-06-13,0.26681,0.0,0.05,-0.05477445430498773,0.05477445430498773,0.05477445430498773,2023-06-13,0.86232,1e-05,0.05,0.04278,0.08344,0.26,0.35044,0.84835,1.02654
2023-06-13,中国人民银行下调7天期逆回购利率10个基点至1.90%,801790,0.0,-0.007916239705182293,0.007916239705182293,0.007916239705182293,2023-06-13,-0.01962,0.00329,0.05,-0.029153856059076833,0.029153856059076833,0.029153856059076833,2023-06-13,-0.0062,0.01092,0.05,-0.008525406799950508,0.03667748279611538,0.008525406799950508,2023-06-13,-0.00578,0.04421,0.05,-0.02552,0.04262,-0.01677,0.13177,-0.02853,0.28326
2023-06-13,中国人民银行下调7天期逆回购利率10个基点至1.90%,801180,0.0,-0.011639794393886516,0.011639794393886516,0.011639794393886516,2023-06-13,-0.04534,0.02436,0.2805,-0.052641806253135526,0.052641806253135526,0.052641806253135526,2023-06-13,-0.1455,0.10064,0.081,-0.06099372669836178,0.06099372669836178,0.06099372669836178,2023-06-13,-0.37061,0.28695,0.05,-0.04966,0.00018,-0.15279,-0.04792,-0.38561,-0.18593
2023-06-15,中国人民银行下调1年期MLF利率10个基点至2.65%（含2370亿元,801780,0.0,-0.02209022610936906,0.02209022610936906,0.02209022610936906,2023-06-15,-0.01807,0.00519,0.05,-0.026066044562533586,0.036425191790017464,0.026066044562533586,2023-06-15,-0.04239,0.02078,0.05,-0.042376999049077546,0.042376999049077546,0.042376999049077546,2023-06-15,-0.07132,0.04102,0.05,-0.02118,0.0147,-0.04843,0.02974,-0.08353,0.0663
2023-06-15,中国人民银行下调1年期MLF利率10个基点至2.65%（含2370亿元,801790,0.0,-0.01026433975795693,0.01026433975795693,0.01026433975795693,2023-06-15,-0.02561,0.00571,0.05,-0.028990740743892407,0.028990740743892407,0.028990740743892407,2023-06-15,-0.05353,0.02496,0.05,-0.001767687066589474,0.028990740743892407,0.001767687066589474,2023-06-15,-0.08976,0.05889,0.05,-0.03116,0.03293,-0.06353,0.08536,-0.11126,0.16926
2023-06-15,中国人民银行下调1年期MLF利率10个基点至2.65%（含2370亿元,801180,0.0,-0.015309848588153874,0.015309848588153874,0.015309848588153874,2023-06-15,-0.02198,0.00758,0.05,-0.04063182376306673,0.041484887419262706,0.04063182376306673,2023-06-15,-0.05352,0.02765,0.05,-0.048038651078645245,0.05281943447943094,0.048038651078645245,2023-06-15,-0.14031,0.08527,0.05,-0.02522,0.01218,-0.05943,0.01897,-0.15199,0.00036
2023-06-20,LPR双降：1年期降至3.55%(-10bp)，5年期降至4.20%(,801780,0.0,0.008955870284497403,0.0040109398012877495,0.0,2023-06-20,-0.02172,0.00795,0.05,0.006403868081569231,0.0040109398012877495,0.0,2023-06-20,-0.0512,0.02558,0.05,-0.001598340294005851,0.02637330992606641,0.001598340294005851,2023-06-20,-0.08992,0.04988,0.05,-0.02477,0.01036,-0.0572,0.02229,-0.10136,0.05534
2023-06-20,LPR双降：1年期降至3.55%(-10bp)，5年期降至4.20%(,801790,0.0,-0.00674130723382238,0.00674130723382238,0.00674130723382238,2023-06-20,-0.01513,0.00292,0.05,-0.010008715919679112,0.013468437786469556,0.010008715919679112,2023-06-20,-0.02479,0.01301,0.05,0.020359362201274767,0.013468437786469556,0.0,2023-06-20,-0.00304,0.02764,0.05,-0.01894,0.02505,-0.03182,0.07147,-0.01775,0.18452
2023-06-20,LPR双降：1年期降至3.55%(-10bp)，5年期降至4.20%(,801180,0.0,-0.012573711066023896,0.01686973542129422,0.012573711066023896,2023-06-20,-0.05415,0.02698,0.1925,-0.0002514780595902488,0.01686973542129422,0.0002514780595902488,2023-06-20,-0.17358,0.11112,0.05,0.009725538017820945,0.04097571881333305,0.0,2023-06-20,-0.43442,0.3187,0.05,-0.05978,0.00522,-0.1859,-0.03468,-0.45852,-0.1751
2023-06-20,LPR双降：1年期降至3.55%(-10bp)，5年期降至4.20%(,801710,0.0,-0.026224246809493534,0.029411051135607047,0.026224246809493534,2023-06-20,-0.0165,0.00477,0.05,-0.010316548206636189,0.029411051135607047,0.010316548206636189,2023-06-20,-0.0491,0.02431,0.05,0.003095314000691518,0.03941020661852157,0.0,2023-06-20,-0.08824,0.05087,0.05,-0.01932,0.01326,-0.05427,0.0213,-0.09868,0.04898
2023-06-21,财政部、税务总局、工信部公告延续和优化新能源汽车车辆购置税减免政策（2,801730,0.0,0.0160939731669949,0.0,0.0,2023-06-21,-0.01035,0.00131,0.05,0.03935666717306985,0.0029634493297495384,0.0,2023-06-21,-0.02345,0.01699,0.05,-0.0068812571032770276,0.04448706179189545,0.0068812571032770276,2023-06-21,-0.02302,0.04849,0.05,-0.01615,0.05086,-0.03497,0.12641,-0.04661,0.26607
2023-06-21,财政部、税务总局、工信部公告延续和优化新能源汽车车辆购置税减免政策（2,801160,0.0,0.05453745856650927,0.0,0.0,2023-06-21,-0.01284,0.0041,0.05,0.04814242978180161,0.014181965427890443,0.0,2023-06-21,-0.02883,0.01398,0.05,0.028192839068235553,0.03294531833581521,0.0,2023-06-21,-0.06297,0.0353,0.05,-0.01485,0.00843,-0.03271,0.01944,-0.07004,0.03184
2023-06-21,财政部、税务总局、工信部公告延续和优化新能源汽车车辆购置税减免政策（2,801880,0.0,0.020300067365379926,0.0,0.0,2023-06-21,-0.00602,0.00076,0.05,0.03297590208929502,0.004744291684217325,0.0,2023-06-21,0.01742,0.00438,0.05,0.03985330524458952,0.03632207725730193,0.0,2023-06-21,0.13665,0.01388,0.05,-0.00967,0.03248,0.00929,0.11783,0.11887,0.33682
2023-06-21,财政部、税务总局、工信部公告延续和优化新能源汽车车辆购置税减免政策（2,801050,0.0,0.0024771208300171654,0.002064308022806105,0.0,2023-06-21,-0.07786,0.0436,0.5,0.012108519561222053,0.0033105542146120385,0.0,2023-06-21,-0.29978,0.22047,0.4685,0.04314848434995766,0.010311474706576208,0.0,2023-06-21,-0.79381,0.63852,0.05,-0.08489,-0.00371,-0.31388,-0.12754,-0.81904,-0.45333
2023-07-03,商务部、海关总署发布对镓、锗相关物项实施出口管制的公告（自8月1日起施,801080,0.0,0.0061398483028793915,0.009705169575096595,0.0,2023-07-03,-0.01393,0.00197,0.05,0.0012271406051960199,0.018498322610776448,0.0,2023-07-03,0.0093,0.00772,0.05,-0.05076687730726681,0.08250878262036912,0.05076687730726681,2023-07-03,0.10106,0.02316,0.05,-0.01952,0.04506,-0.00087,0.14142,0.0794,0.36175
2023-07-03,商务部、海关总署发布对镓、锗相关物项实施出口管制的公告（自8月1日起施,801880,0.0,0.02742728962752028,0.0,0.0,2023-07-03,-0.00935,0.00138,0.05,0.01898507621783363,0.015247657509464939,0.0,2023-07-03,0.00389,0.0065,0.05,0.012022348949700001,0.05018544498612217,0.0,2023-07-03,0.0341,0.02328,0.05,-0.01281,0.02714,-0.00382,0.09133,0.02148,0.21132
2023-07-03,商务部、海关总署发布对镓、锗相关物项实施出口管制的公告（自8月1日起施,801110,0.0,-0.012420849416366453,0.012420849416366453,0.012420849416366453,2023-07-03,-0.02856,0.01048,0.107,-0.026616922022361322,0.026616922022361322,0.026616922022361322,2023-07-03,-0.07961,0.04131,0.05,-0.03607101450188255,0.03607101450188255,0.03607101450188255,2023-07-03,-0.19928,0.12339,0.05,-0.03255,0.01352,-0.08674,0.01699,-0.21372,-0.01241
2023-07-03,商务部、海关总署发布对镓、锗相关物项实施出口管制的公告（自8月1日起施,801890,0.0,-0.009705568614601923,0.01533066235192393,0.009705568614601923,2023-07-03,0.00054,0.00014,0.05,-0.015618208855449511,0.015618208855449511,0.015618208855449511,2023-07-03,0.03401,0.00092,0.05,-0.05952966149986938,0.06396183364327956,0.05952966149986938,2023-07-03,0.15091,0.00567,0.05,-0.00212,0.02863,0.02863,0.09865,0.14094,0.28068
2023-07-03,商务部、海关总署发布对镓、锗相关物项实施出口管制的公告（自8月1日起施,801050,0.0,0.0033945967057100734,0.0017621892757684636,0.0,2023-07-03,-0.01265,0.00202,0.05,0.022411614627765086,0.010153250106888594,0.0,2023-07-03,0.00411,0.0063,0.05,0.007130297435001376,0.03831866332794417,0.0,2023-07-03,0.11841,0.01371,0.05,-0.01675,0.03057,-0.00312,0.09789,0.10385,0.30672
2023-07-03,商务部、海关总署发布对镓、锗相关物项实施出口管制的公告（自8月1日起施,801030,0.0,-0.00954207543068375,0.00954207543068375,0.00954207543068375,2023-07-03,-0.0088,0.00144,0.05,0.0047511734006395745,0.00954207543068375,0.0,2023-07-03,-0.00783,0.00656,0.05,-0.005430881308809643,0.035578543915638604,0.005430881308809643,2023-07-03,0.01704,0.01786,0.05,-0.01154,0.02009,-0.01295,0.05982,0.00681,0.15238
2023-07-21,国务院常务会议审议通过《关于在超大特大城市积极稳步推进城中村改造的指导,801180,0.0,0.014836691559459103,0.0016760416343847284,0.0,2023-07-21,-0.01797,0.00579,0.05,0.06821889638666656,0.006018378048171533,0.0,2023-07-21,-0.04435,0.02227,0.05,0.08843164435391793,0.04916877558564764,0.0,2023-07-21,-0.10528,0.06044,0.05,-0.02078,0.01161,-0.04918,0.02148,-0.11504,0.02285
2023-07-21,国务院常务会议审议通过《关于在超大特大城市积极稳步推进城中村改造的指导,801710,0.0,-0.008754743927430031,0.010751098161087158,0.008754743927430031,2023-07-21,-0.05328,0.03527,0.5,0.023678295036631658,0.010751098161087158,0.0,2023-07-21,-0.20479,0.16423,0.5,0.03835548368957076,0.029660104337868722,0.0,2023-07-21,-0.5764,0.49779,0.5,-0.05696,-0.01444,-0.21146,-0.11741,-0.58878,-0.40633
2023-07-21,国务院常务会议审议通过《关于在超大特大城市积极稳步推进城中村改造的指导,801780,0.0,-9.997763832636508e-05,0.00012851939960334402,9.997763832636508e-05,2023-07-21,-0.01742,0.00508,0.05,0.017172652201082883,0.0006119096077249475,0.0,2023-07-21,-0.03976,0.01934,0.05,0.03025941942660415,0.014277055633315897,0.0,2023-07-21,-0.08544,0.04829,0.05,-0.02037,0.01376,-0.04561,0.02882,-0.09664,0.05251
2023-07-24,政治局会议：活跃资本市场，提振投资者信心,801790,0.0,0.026677838175026114,0.0,0.0,2023-07-24,-0.02541,0.00815,0.0675,0.06886214521485301,0.0033725254915494625,0.0,2023-07-24,-0.0731,0.03724,0.05,0.08821294466334839,0.022895494825678972,0.0,2023-07-24,-0.15543,0.08791,0.05,-0.02939,0.01656,-0.08147,0.02377,-0.17324,0.0404
2023-07-24,政治局会议：活跃资本市场，提振投资者信心,801780,0.0,-0.0004834523411262337,0.0005119831562654078,0.0004834523411262337,2023-07-24,-0.0197,0.00562,0.05,0.020365640607966418,0.0005119831562654078,0.0,2023-07-24,-0.04649,0.02235,0.05,0.02872036814314116,0.01427705563331599,0.0,2023-07-24,-0.08633,0.04903,0.05,-0.02311,0.01627,-0.05317,0.03054,-0.09862,0.06815
2023-07-24,政治局会议：活跃资本市场，提振投资者信心,801750,0.0,0.0053347272953085945,0.007117367749374343,0.0,2023-07-24,-0.04525,0.01166,0.05,-0.022983142075827745,0.03769152364540655,0.022983142075827745,2023-07-24,-0.1041,0.04773,0.05,-0.004594907706505946,0.041864531451484145,0.004594907706505946,2023-07-24,-0.23496,0.13273,0.05,-0.05382,0.04516,-0.12039,0.10113,-0.2698,0.1643
2023-07-24,政治局会议：活跃资本市场，提振投资者信心,801760,0.0,-0.009710583916284987,0.013993457616507011,0.009710583916284987,2023-07-24,-0.05325,0.01015,0.05,-0.05125455563165959,0.07623554674219499,0.05125455563165959,2023-07-24,-0.11886,0.05549,0.05,-0.04589645903235251,0.07623554674219499,0.04589645903235251,2023-07-24,-0.1913,0.12796,0.05,-0.06685,0.09033,-0.14138,0.18898,-0.24622,0.41187
2023-08-09,美国总统签署第14105号行政令，建立对华半导体、量子信息、人工智能领,801080,0.0,-0.015259210974769677,0.015259210974769677,0.015259210974769677,2023-08-09,-0.01096,0.0019,0.05,-0.032831774938829605,0.032831774938829605,0.032831774938829605,2023-08-09,-0.02507,0.01258,0.05,0.018577140670227976,0.05692563892454827,0.0,2023-08-09,-0.07599,0.04908,0.05,-0.01411,0.0223,-0.03161,0.05572,-0.08948,0.08855
2023-08-09,美国总统签署第14105号行政令，建立对华半导体、量子信息、人工智能领,801750,0.0,-0.007235711023087288,0.007235711023087288,0.007235711023087288,2023-08-09,-0.03539,0.00687,0.05,-0.015417473406824977,0.029382316442346703,0.015417473406824977,2023-08-09,-0.04969,0.02601,0.05,-0.022793493988498947,0.06903890176334049,0.022793493988498947,2023-08-09,-0.03038,0.05883,0.05,-0.04426,0.05818,-0.06492,0.15135,-0.06528,0.36921
2023-08-09,美国总统签署第14105号行政令，建立对华半导体、量子信息、人工智能领,801770,0.0,-0.026447743139171642,0.026447743139171642,0.026447743139171642,2023-08-09,-0.03795,0.00713,0.05,-0.01667200427780935,0.026447743139171642,0.01667200427780935,2023-08-09,-0.05916,0.03091,0.05,-0.015077517648735217,0.058861714135799006,0.015077517648735217,2023-08-09,-0.01624,0.06202,0.05,-0.04783,0.06627,-0.07782,0.17402,-0.04995,0.43273
2023-08-15,央行降息：MLF降15bp至2.50%、7天逆回购降10bp至1.80,801780,0.0,0.018773062187938505,0.0,0.0,2023-08-15,-0.04018,0.01504,0.089,0.02598067700655382,0.011424320059799301,0.0,2023-08-15,-0.11466,0.0617,0.05,0.030711056173728934,0.034487145616422056,0.0,2023-08-15,-0.25448,0.15396,0.05,-0.04569,0.018,-0.12486,0.01934,-0.2749,0.00382
2023-08-15,央行降息：MLF降15bp至2.50%、7天逆回购降10bp至1.80,801790,0.0,0.023451436608125098,0.0,0.0,2023-08-15,-0.03687,0.01035,0.05,0.006207219121417973,0.02267525074113717,0.0,2023-08-15,-0.08254,0.03883,0.05,-0.014997751175070961,0.041951691836081266,0.014997751175070961,2023-08-15,-0.1532,0.08575,0.05,-0.04334,0.03138,-0.09543,0.07004,-0.17459,0.1392
2023-08-15,央行降息：MLF降15bp至2.50%、7天逆回购降10bp至1.80,801180,0.0,0.02483624650342975,0.0014424643529477033,0.0,2023-08-15,-0.04033,0.01708,0.109,0.003982058747305617,0.02034879994464983,0.0,2023-08-15,-0.11383,0.06505,0.05,-0.01581057517676665,0.07366140692747965,0.01581057517676665,2023-08-15,-0.2493,0.15759,0.05,-0.04528,0.01189,-0.12287,0.00261,-0.26745,-0.03043
2023-08-15,央行降息：MLF降15bp至2.50%、7天逆回购降10bp至1.80,801710,0.0,0.01298485090159085,0.0,0.0,2023-08-15,-0.03738,0.0154,0.1295,0.021820293369405164,0.0031480728281171053,0.0,2023-08-15,-0.1234,0.07246,0.05,0.008421173292105566,0.027815590671720035,0.0,2023-08-15,-0.28461,0.18755,0.05,-0.04209,0.01228,-0.13223,-0.00557,-0.29956,-0.05538
2023-08-21,LPR非对称下调：1年期降至3.45%(-10bp)，5年期维持4.2,801780,0.0,0.0016104764531685856,0.0016221757122747427,0.0,2023-08-21,-0.02331,0.00597,0.058,0.02012204181009225,0.011465113546283504,0.0,2023-08-21,-0.08387,0.04491,0.05,0.022338715764015582,0.034487145616421876,0.0,2023-08-21,-0.15724,0.08935,0.05,-0.02774,0.02346,-0.09445,0.03199,-0.17712,0.05806
2023-08-21,LPR非对称下调：1年期降至3.45%(-10bp)，5年期维持4.2,801790,0.0,-0.010158753197048176,0.016024568636812897,0.010158753197048176,2023-08-21,-0.01963,0.0031,0.05,0.00650170279546658,0.016024568636812897,0.0,2023-08-21,-0.03522,0.02051,0.05,-0.028105641960117667,0.04166300796080171,0.028105641960117667,2023-08-21,-0.02704,0.05031,0.05,-0.02611,0.04871,-0.04948,0.1253,-0.05247,0.29285
2023-08-25,住建部、央行、金融监管总局联合发文推动落实购买首套房贷款“认房不用认贷,801180,0.0,0.044225489061903156,0.0,0.0,2023-08-25,-0.03751,0.01079,0.05,0.01137102292676806,0.04809708699916671,0.0,2023-08-25,-0.10027,0.04854,0.05,-0.027790443713923363,0.08495587900289843,0.027790443713923363,2023-08-25,-0.19258,0.105,0.05,-0.04396,0.0305,-0.11297,0.06251,-0.21519,0.12205
2023-08-25,住建部、央行、金融监管总局联合发文推动落实购买首套房贷款“认房不用认贷,801710,0.0,0.016026497959285013,0.0,0.0,2023-08-25,-0.01948,0.00354,0.05,0.021421071752253384,0.009550133164568557,0.0,2023-08-25,-0.02792,0.01541,0.05,0.005594391758856343,0.029587482830208334,0.0,2023-08-25,0.01678,0.03074,0.05,-0.02477,0.03633,-0.03775,0.09495,-0.00159,0.25573
2023-08-25,住建部、央行、金融监管总局联合发文推动落实购买首套房贷款“认房不用认贷,801780,0.0,0.016232097722274297,0.0,0.0,2023-08-25,-0.01987,0.00331,0.05,-0.012981634572067358,0.034487145616421994,0.012981634572067358,2023-08-25,-0.00862,0.01167,0.05,0.028105272268471593,0.034487145616421994,0.0,2023-08-25,0.06024,0.02893,0.05,-0.02591,0.04393,-0.01964,0.12776,0.03888,0.32824
2023-08-27,证监会：印花税减半、阶段性收紧IPO、规范减持,801790,0.0,-0.0010452499457431763,0.012563153769862206,0.0010452499457431763,2023-08-28,-0.01516,0.00216,0.05,-0.023370596790264653,0.03738948642553446,0.023370596790264653,2023-08-28,-0.00041,0.01156,0.05,-0.023280560917515514,0.041663007960801655,0.023280560917515514,2023-08-28,0.11696,0.02596,0.05,-0.02117,0.04833,-0.01336,0.1498,0.09256,0.40544
2023-08-27,证监会：印花税减半、阶段性收紧IPO、规范减持,801780,0.0,-0.019453855753757576,0.023211534546615266,0.019453855753757576,2023-08-28,-0.01337,0.00196,0.05,-0.020245257828919283,0.034487145616421896,0.020245257828919283,2023-08-28,0.00465,0.00755,0.05,0.01732493489293252,0.034487145616421896,0.0,2023-08-28,0.09774,0.02038,0.05,-0.01839,0.0396,-0.00459,0.12071,0.0798,0.32675
2023-09-01,证监会及沪深交易所发布股票程序化交易报告制度相关规则,801790,0.0,0.0028655370246883916,0.0006483493405460999,0.0,2023-09-01,-0.03228,0.00937,0.05,0.012598753404202911,0.007927803229048664,0.0,2023-09-01,-0.06743,0.0312,0.05,-0.007947528543818305,0.02541335005655325,0.007947528543818305,2023-09-01,-0.15517,0.08669,0.05,-0.03779,0.02576,-0.07769,0.05791,-0.17591,0.09631
2023-09-01,证监会及沪深交易所发布股票程序化交易报告制度相关规则,801780,0.0,0.007952639061291622,0.0,0.0,2023-09-01,-0.03092,0.01061,0.0505,0.011959558502973255,0.008070081825244154,0.0,2023-09-01,-0.07832,0.04071,0.05,0.04347147959011566,0.008070081825244154,0.0,2023-09-01,-0.16301,0.09341,0.05,-0.0355,0.01735,-0.08752,0.02394,-0.17849,0.03323
2023-09-01,证监会及沪深交易所发布股票程序化交易报告制度相关规则,801750,0.0,-0.01570133885463909,0.01701680697891428,0.01570133885463909,2023-09-01,-0.04304,0.01207,0.05,-0.010448611509223382,0.021503336864689748,0.010448611509223382,2023-09-01,-0.11245,0.05421,0.05,-0.005975167618315735,0.06720401337329651,0.005975167618315735,2023-09-01,-0.27023,0.15433,0.05,-0.05059,0.03668,-0.12604,0.06668,-0.30041,0.09025
2023-09-15,央行降准0.25个百分点：释放长期资金约5000亿元,801780,0.0,-0.001796717831267891,0.0037636831913342027,0.001796717831267891,2023-09-15,-0.0221,0.00551,0.05,0.008709309820771782,0.0073828729009079025,0.0,2023-09-15,-0.04998,0.02349,0.05,0.04645882836239412,0.007813767733899014,0.0,2023-09-15,-0.10727,0.0611,0.05,-0.0264,0.02336,-0.05731,0.05249,-0.12316,0.09732
2023-09-15,央行降准0.25个百分点：释放长期资金约5000亿元,801790,0.0,-0.0007564376726723054,0.0033705477553454613,0.0007564376726723054,2023-09-15,-0.03464,0.00653,0.05,0.013814735308820714,0.0033705477553454613,0.0,2023-09-15,-0.04539,0.02514,0.05,0.017458593818540313,0.02711871130142179,0.0,2023-09-15,-0.04872,0.06532,0.05,-0.04361,0.06009,-0.0619,0.16029,-0.08375,0.364
2023-09-15,央行降准0.25个百分点：释放长期资金约5000亿元,801180,0.0,-0.0056709869740162455,0.01509320728898063,0.0056709869740162455,2023-09-15,-0.03755,0.01291,0.0595,-0.0036720261179948865,0.01606537856598284,0.0036720261179948865,2023-09-15,-0.09564,0.04838,0.05,-0.05313271555798027,0.0763792461270405,0.05313271555798027,2023-09-15,-0.1877,0.10288,0.05,-0.0431,0.02098,-0.10637,0.0384,-0.20961,0.08122
2023-10-07,巴以冲突爆发：哈马斯袭击以色列引发中东局势骤紧,801030,0.0,0.00023194592650255252,0.0037745188451173695,0.0,2023-10-09,-0.00784,0.00151,0.05,-0.0003480840474243685,0.004160658300241112,0.0003480840474243685,2023-10-09,-0.02461,0.01211,0.05,0.011469875424845233,0.015107274102095619,0.0,2023-10-09,-0.05569,0.03532,0.05,-0.00982,0.01302,-0.02902,0.02486,-0.06339,0.04239
2023-10-07,巴以冲突爆发：哈马斯袭击以色列引发中东局势骤紧,801040,0.0,-0.0021438657229720937,0.003364000160213876,0.0021438657229720937,2023-10-09,0.00135,0.00013,0.05,0.003930057085907324,0.013072711632196143,0.0,2023-10-09,0.04126,0.0009,0.05,-0.007006607868422665,0.04096599915653559,0.007006607868422665,2023-10-09,0.16474,0.00678,0.05,-0.00169,0.03339,0.03566,0.11302,0.15305,0.30895
2023-10-17,美国商务部BIS更新并扩大对华先进计算芯片及半导体制造设备出口管制规则,801080,0.0,-0.008381707051312692,0.008381707051312692,0.008381707051312692,2023-10-17,-0.01882,0.00345,0.05,-0.00290738657054046,0.024027114398878686,0.00290738657054046,2023-10-17,-0.02458,0.0139,0.05,0.07548113930500655,0.024027114398878686,0.0,2023-10-17,0.01382,0.02917,0.05,-0.02386,0.03439,-0.0338,0.08736,-0.00433,0.23137
2023-10-17,美国商务部BIS更新并扩大对华先进计算芯片及半导体制造设备出口管制规则,801880,0.0,0.011674480461919101,0.010564161678133566,0.0,2023-10-17,-0.00812,0.00106,0.05,-0.0038988654618687946,0.01574201408759097,0.0038988654618687946,2023-10-17,-0.01027,0.00997,0.05,0.02048221218239088,0.02577498401895757,0.0,2023-10-17,0.02413,0.02374,0.05,-0.0121,0.03384,-0.01759,0.08744,0.01065,0.21266
2023-10-17,美国商务部BIS更新并扩大对华先进计算芯片及半导体制造设备出口管制规则,801110,0.0,0.0072356925729322175,0.0,0.0,2023-10-17,-0.02134,0.0059,0.05,0.007763839137545192,0.00661939095954624,0.0,2023-10-17,-0.0632,0.03116,0.05,-0.012322435577963087,0.027764534910547162,0.012322435577963087,2023-10-17,-0.1326,0.0754,0.05,-0.02513,0.0187,-0.0699,0.02979,-0.14522,0.04088
2023-10-17,美国商务部BIS更新并扩大对华先进计算芯片及半导体制造设备出口管制规则,801890,0.0,-0.015524480898087,0.015524480898087,0.015524480898087,2023-10-17,-0.00879,0.00129,0.05,-0.014796671817543627,0.023506533539528918,0.014796671817543627,2023-10-17,-0.01092,0.00806,0.05,0.02981892887677673,0.023506533539528918,0.0,2023-10-17,0.00513,0.02088,0.05,-0.01207,0.02576,-0.01708,0.0654,-0.00629,0.15079
2023-10-17,美国商务部BIS更新并扩大对华先进计算芯片及半导体制造设备出口管制规则,801750,0.0,-0.00968223379620381,0.00968223379620381,0.00968223379620381,2023-10-17,-0.03377,0.0072,0.05,-0.034316623498620524,0.036429457240021,0.034316623498620524,2023-10-17,-0.08383,0.03831,0.05,0.06092121619347379,0.03888847640236115,0.0,2023-10-17,-0.10729,0.07671,0.05,-0.04143,0.04701,-0.09833,0.11349,-0.13479,0.26841
2023-10-17,美国商务部BIS更新并扩大对华先进计算芯片及半导体制造设备出口管制规则,801770,0.0,-0.0118315852192995,0.011976742225066925,0.0118315852192995,2023-10-17,-0.02661,0.00469,0.05,-0.047135712923580764,0.04727568392927762,0.047135712923580764,2023-10-17,-0.04514,0.02412,0.05,-0.008535868313072292,0.08340099611519228,0.008535868313072292,2023-10-17,-0.05221,0.06314,0.05,-0.03412,0.05259,-0.05913,0.14017,-0.08216,0.31255
2023-10-17,美国商务部BIS更新并扩大对华先进计算芯片及半导体制造设备出口管制规则,801030,0.0,-0.011817412509062875,0.011817412509062875,0.011817412509062875,2023-10-17,-0.02411,0.00707,0.093,0.0018152929523322925,0.015107274102095709,0.0,2023-10-17,-0.07614,0.03967,0.05,0.020750339212304958,0.015107274102095709,0.0,2023-10-17,-0.23079,0.15325,0.05,-0.02818,0.01884,-0.08531,0.01992,-0.24511,-0.04413
2023-10-20,中国商务部、海关总署发布2023年第39号公告，对石墨相关物项实施出口,801080,0.0,-0.024027114398878724,0.024027114398878724,0.024027114398878724,2023-10-20,-0.01182,0.00193,0.05,-0.01009924371069204,0.024027114398878724,0.01009924371069204,2023-10-20,-0.01759,0.01076,0.05,0.061208589649824896,0.024027114398878724,0.0,2023-10-20,0.00182,0.02651,0.05,-0.01552,0.02726,-0.02453,0.07826,-0.01348,0.18725
2023-10-20,中国商务部、海关总署发布2023年第39号公告，对石墨相关物项实施出口,801880,0.0,-0.005445317906476288,0.005445317906476288,0.005445317906476288,2023-10-20,-0.03699,0.01447,0.1935,0.024630499628953917,0.005445317906476288,0.0,2023-10-20,-0.12789,0.07618,0.05,0.05058257464968485,0.025774984018957867,0.0,2023-10-20,-0.34519,0.24225,0.05,-0.04187,0.01454,-0.1372,-0.00774,-0.36351,-0.10601
2023-10-20,中国商务部、海关总署发布2023年第39号公告，对石墨相关物项实施出口,801110,0.0,-0.0037434757375179872,0.006619390959546223,0.0037434757375179872,2023-10-20,-0.02294,0.00715,0.05,-0.0024354037768402614,0.007367720540231271,0.0024354037768402614,2023-10-20,-0.06134,0.03027,0.05,-0.009280464871174732,0.027764534910546868,0.009280464871174732,2023-10-20,-0.13324,0.07599,0.05,-0.02662,0.01587,-0.06825,0.02717,-0.14585,0.03597
2023-10-20,中国商务部、海关总署发布2023年第39号公告，对石墨相关物项实施出口,801890,0.0,-0.017946375099511247,0.017946375099511247,0.017946375099511247,2023-10-20,-0.01162,0.00189,0.05,0.0016356317411609922,0.017946375099511247,0.0,2023-10-20,-0.01915,0.0115,0.05,0.047195590274439425,0.018479252381897675,0.0,2023-10-20,-0.00703,0.02925,0.05,-0.01527,0.02691,-0.02587,0.07754,-0.02137,0.17693
2023-10-20,中国商务部、海关总署发布2023年第39号公告，对石墨相关物项实施出口,801050,0.0,-0.009213437271922698,0.019327572816954228,0.009213437271922698,2023-10-20,-0.01795,0.00313,0.05,0.01196175088763507,0.019327572816954228,0.0,2023-10-20,-0.05165,0.02515,0.05,0.01289675891210229,0.028805913865666045,0.0,2023-10-20,-0.09593,0.06914,0.05,-0.02307,0.03611,-0.06181,0.07572,-0.11896,0.17431
2023-10-20,中国商务部、海关总署发布2023年第39号公告，对石墨相关物项实施出口,801030,0.0,-0.011779023118165921,0.015107274102095638,0.011779023118165921,2023-10-20,-0.00857,0.00169,0.05,0.016457414370165235,0.015107274102095638,0.0,2023-10-20,-0.01534,0.0083,0.05,0.03180741729800629,0.015107274102095638,0.0,2023-10-20,-0.02063,0.02034,0.05,-0.01067,0.01365,-0.01941,0.03666,-0.02841,0.08224
2023-10-31,中央金融工作会议：加快建设金融强国（五年一度重磅会议）,801780,0.0,0.0051952481065562495,0.00015065586682697912,0.0,2023-10-31,-0.02117,0.00672,0.05,-0.005533166085192498,0.023759090397809646,0.005533166085192498,2023-10-31,-0.04847,0.02382,0.05,0.003659112175630197,0.023759090397809646,0.0,2023-10-31,-0.09594,0.05401,0.05,-0.02451,0.01409,-0.05523,0.02599,-0.10702,0.04853
2023-10-31,中央金融工作会议：加快建设金融强国（五年一度重磅会议）,801790,0.0,0.004015922887872225,0.002875574470935188,0.0,2023-10-31,-0.01835,0.00314,0.05,0.0223350017028916,0.005300112956748307,0.0,2023-10-31,-0.02247,0.0144,0.05,-0.001800444811711266,0.02360815825967098,0.001800444811711266,2023-10-31,0.03438,0.02928,0.05,-0.02373,0.03837,-0.03299,0.10795,0.0145,0.28551
2023-10-31,中央金融工作会议：加快建设金融强国（五年一度重磅会议）,801180,0.0,-0.0017699603567550293,0.007697401456860427,0.0017699603567550293,2023-10-31,-0.03528,0.00928,0.05,0.004829275846024661,0.021502108328160133,0.0,2023-10-31,-0.07244,0.03409,0.05,0.03365078468887828,0.02393173199299771,0.0,2023-10-31,-0.15931,0.09212,0.05,-0.04184,0.03389,-0.08517,0.09495,-0.18273,0.16577
2024-01-24,央行降准0.5pp+支农支小再贷款利率降25bp,801780,0.0,-0.002936831496612391,0.004353595553938846,0.002936831496612391,2024-01-24,-0.01081,0.00292,0.05,0.05238035023757326,0.004353595553938846,0.0,2024-01-24,-0.02236,0.01077,0.05,0.004585553870532388,0.055338641408583335,0.0,2024-01-24,-0.04389,0.0256,0.05,-0.01277,0.0099,-0.02582,0.02123,-0.0507,0.03896
2024-01-24,央行降准0.5pp+支农支小再贷款利率降25bp,801790,0.0,0.025888628603299546,3.4819443212207305e-05,0.0,2024-01-24,-0.0205,0.00631,0.05,0.029700398982704712,0.005277493566243467,0.0,2024-01-24,-0.05447,0.02659,0.05,0.0023901900863190217,0.033401910739629684,0.0,2024-01-24,-0.14098,0.08359,0.05,-0.02383,0.01458,-0.06054,0.02605,-0.15359,0.01862
2024-01-24,央行降准0.5pp+支农支小再贷款利率降25bp,801180,0.0,0.05555150955492372,0.0,0.0,2024-01-24,-0.03832,0.01331,0.05,0.030926944737581286,0.055285212283537166,0.0,2024-01-24,-0.09799,0.04998,0.05,-0.035793858580426496,0.15158020937520839,0.035793858580426496,2024-01-24,-0.22474,0.12737,0.05,-0.04393,0.02088,-0.10886,0.0385,-0.24682,0.0442
2024-01-24,央行降准0.5pp+支农支小再贷款利率降25bp,801710,0.0,0.01930908859754754,0.0,0.0,2024-01-24,-0.02747,0.00867,0.05,0.007517677091451125,0.02501818781253704,0.0,2024-01-24,-0.07965,0.04206,0.05,-0.03848938615753361,0.08911899622506282,0.03848938615753361,2024-01-24,-0.18944,0.11593,0.05,-0.03183,0.01853,-0.0877,0.01859,-0.2047,0.00382
2024-02-05,A股春节前急跌：沪指失守2700后V型反转,801790,0.0,-0.006143362204687697,0.019888200155953384,0.006143362204687697,2024-02-05,-0.01198,0.0018,0.05,-0.011743064621853594,0.019888200155953384,0.011743064621853594,2024-02-05,7e-05,0.00717,0.05,-0.03600916718108982,0.04334555097693477,0.03600916718108982,2024-02-05,0.04441,0.02198,0.05,-0.01627,0.03321,-0.00818,0.10077,0.02923,0.24357
2024-02-05,A股春节前急跌：沪指失守2700后V型反转,801780,0.0,-0.017094269055319855,0.021755716748200784,0.017094269055319855,2024-02-05,0.0006,0.0001,0.05,-0.03181845527711025,0.048435843893431085,0.03181845527711025,2024-02-05,0.03445,0.00031,0.05,-0.08028725180600926,0.08464900566826582,0.08028725180600926,2024-02-05,0.13504,0.00346,0.05,-0.00145,0.02226,0.03103,0.08219,0.12773,0.22971
2024-02-05,A股春节前急跌：沪指失守2700后V型反转,801750,0.0,-0.05185853926028716,0.07176183306361517,0.05185853926028716,2024-02-05,-0.02514,0.00396,0.05,0.03183619958192874,0.07176183306361517,0.0,2024-02-05,-0.04829,0.0266,0.05,0.12569905473052034,0.07176183306361517,0.0,2024-02-05,-0.09697,0.07729,0.05,-0.03345,0.06255,-0.06541,0.14665,-0.12736,0.27398
2024-02-05,A股春节前急跌：沪指失守2700后V型反转,801080,0.0,-0.017530823957244257,0.04212926829061725,0.017530823957244257,2024-02-05,-0.01668,0.0027,0.05,0.03647482837023608,0.04212926829061725,0.0,2024-02-05,-0.02889,0.01616,0.05,0.1112258747037469,0.04393570520773452,0.0,2024-02-05,-0.06781,0.05435,0.05,-0.02199,0.03929,-0.0392,0.09346,-0.08809,0.17731
2024-02-07,证监会主席换帅：吴清接任易会满,801790,0.0,0.008415158830814562,0.0,0.0,2024-02-07,-0.00876,0.00115,0.05,-0.003181459240117257,0.018472590645439872,0.003181459240117257,2024-02-07,0.00451,0.0071,0.05,-0.04536166721247037,0.05332806193198774,0.04536166721247037,2024-02-07,0.09314,0.01866,0.05,-0.01306,0.03664,-0.00416,0.11339,0.07626,0.30903
2024-02-07,证监会主席换帅：吴清接任易会满,801780,0.0,-0.027273481278666245,0.027273481278666245,0.027273481278666245,2024-02-07,0.02876,0.0,0.05,-0.009626313784290463,0.027273481278666245,0.009626313784290463,2024-02-07,0.15504,0.0,0.05,-0.06407699138978618,0.06527079082757292,0.06407699138978618,2024-02-07,0.50157,0.0,0.05,0.02682,0.04927,0.15125,0.20253,0.49463,0.59713
2024-02-20,LPR非对称下调：1年期维持3.45%，5年期大降至3.95%(-25,801180,0.0,0.014461875104798905,0.0,0.0,2024-02-20,-0.05555,0.01705,0.05,0.02405905904260086,0.007314511007709704,0.0,2024-02-20,-0.14077,0.06925,0.05,-0.027582990632155524,0.07541388526259596,0.027582990632155524,2024-02-20,-0.33293,0.1897,0.05,-0.06457,0.03968,-0.15892,0.06731,-0.36393,0.07912
2024-02-20,LPR非对称下调：1年期维持3.45%，5年期大降至3.95%(-25,801710,0.0,0.00724985211842788,0.0,0.0,2024-02-20,-0.02557,0.00527,0.05,0.013937889096969913,0.00384598503848263,0.0,2024-02-20,-0.04216,0.02104,0.05,-0.0045023938142269015,0.03967060699384646,0.0045023938142269015,2024-02-20,-0.009,0.04035,0.05,-0.03157,0.03771,-0.05471,0.10175,-0.03066,0.27122
2024-02-20,LPR非对称下调：1年期维持3.45%，5年期大降至3.95%(-25,801780,0.0,0.01842043445174313,0.0,0.0,2024-02-20,-0.01071,0.00311,0.05,-0.010659280760226153,0.028553742863205674,0.010659280760226153,2024-02-20,-0.02774,0.01391,0.05,-0.05310696951685401,0.07023366926754884,0.05310696951685401,2024-02-20,-0.04427,0.02531,0.05,-0.01254,0.00856,-0.03132,0.01567,-0.051,0.0399
2024-03-13,推动大规模设备更新和消费品以旧换新行动方案,801890,0.0,0.004009900815853618,0.0020197700189274054,0.0,2024-03-13,-0.0341,0.00733,0.05,0.0201775557960322,0.0033959459258687697,0.0,2024-03-13,-0.07141,0.03334,0.05,0.01374167140208149,0.040897758638182326,0.0,2024-03-13,-0.1304,0.08269,0.05,-0.04176,0.04677,-0.08599,0.10939,-0.15783,0.20978
2024-03-13,推动大规模设备更新和消费品以旧换新行动方案,801040,0.0,0.00423988121782104,0.0017797639773632478,0.0,2024-03-13,-0.00951,0.00131,0.05,0.017176451591454533,0.011201936539874413,0.0,2024-03-13,0.00779,0.00552,0.05,0.060087142393898674,0.021397788162179916,0.0,2024-03-13,0.07244,0.01799,0.05,-0.0136,0.03363,-0.00037,0.10093,0.05671,0.26224
2024-03-13,推动大规模设备更新和消费品以旧换新行动方案,801030,0.0,-0.0002460635718013471,0.003686602701091273,0.0002460635718013471,2024-03-13,-0.02882,0.0053,0.05,0.022113158890906925,0.003686602701091273,0.0,2024-03-13,-0.02103,0.01673,0.05,0.06219015005724127,0.01837884410926182,0.0,2024-03-13,0.03597,0.03918,0.05,-0.03651,0.05235,-0.03325,0.14574,0.01071,0.36204
2024-03-13,推动大规模设备更新和消费品以旧换新行动方案,801880,0.0,0.017901307653422682,0.0,0.0,2024-03-13,-0.02667,0.00498,0.05,0.04253316034357013,0.004893204589039336,0.0,2024-03-13,-0.04104,0.02168,0.05,0.04473252336005906,0.026100752729079177,0.0,2024-03-13,-0.07189,0.06264,0.05,-0.03365,0.04703,-0.05495,0.12332,-0.09804,0.25633
2024-04-12,国务院新国九条：推动资本市场高质量发展,801790,0.0,-0.014738309418664164,0.014738309418664164,0.014738309418664164,2024-04-12,-0.0058,0.00073,0.05,-0.00305416668765246,0.01970119709920115,0.00305416668765246,2024-04-12,0.00448,0.00701,0.05,0.018987520472553365,0.02382355605052432,0.0,2024-04-12,0.07495,0.01921,0.05,-0.01014,0.03998,-0.00392,0.10445,0.05886,0.27169
2024-04-12,国务院新国九条：推动资本市场高质量发展,801780,0.0,7.410854979505999e-05,0.0025648205075837235,0.0,2024-04-12,-0.01347,0.00383,0.05,0.028131173033795198,0.0025648205075837235,0.0,2024-04-12,-0.03015,0.01455,0.05,0.021511669249349996,0.03471707680131987,0.0,2024-04-12,-0.0582,0.03293,0.05,-0.0158,0.01118,-0.03495,0.02471,-0.06645,0.05112
2024-05-14,美国对华301关税：电动车100%+电池25%+太阳能50%,801880,0.0,0.004143485132116487,0.006112983498506624,0.0,2024-05-14,-0.08652,0.04566,0.424,-0.01811258349442646,0.028141725380327328,0.01811258349442646,2024-05-14,-0.29781,0.20492,0.2255,-0.018226734852652693,0.05034518011306543,0.018226734852652693,2024-05-14,-0.85603,0.66944,0.05,-0.09493,0.00223,-0.31351,-0.09489,-0.88825,-0.44688
2024-05-14,美国对华301关税：电动车100%+电池25%+太阳能50%,801730,0.0,-0.0048472766001711465,0.0048472766001711465,0.0048472766001711465,2024-05-14,-0.03745,0.00997,0.05,-0.024411091551640673,0.024411091551640673,0.024411091551640673,2024-05-14,-0.08618,0.04006,0.05,-0.035770389032529826,0.04304727151719492,0.035770389032529826,2024-05-14,-0.18368,0.10285,0.05,-0.04434,0.03523,-0.09874,0.06977,-0.20871,0.13019
2024-05-14,美国对华301关税：电动车100%+电池25%+太阳能50%,801080,0.0,0.003220025709490981,0.0005296953567155477,0.0,2024-05-14,-0.04975,0.01468,0.05,0.008981639761473037,0.002826600911801832,0.0,2024-05-14,-0.13033,0.06246,0.05,0.06974212056278772,0.01810595100120719,0.0,2024-05-14,-0.25155,0.14092,0.05,-0.05811,0.03845,-0.14758,0.06709,-0.2823,0.12635
2024-05-17,房地产新政5·17：取消房贷利率下限+首付15%+3000亿保障房再贷,801180,0.0,0.04383657829181775,0.017809137624886798,0.0,2024-05-17,-0.04195,0.01034,0.05,0.028206383199505636,0.03251626239525243,0.0,2024-05-17,-0.08049,0.03795,0.05,-0.055586822327764795,0.11438726669987534,0.055586822327764795,2024-05-17,-0.12434,0.08501,0.05,-0.05023,0.04535,-0.09783,0.1264,-0.15431,0.28054
2024-05-17,房地产新政5·17：取消房贷利率下限+首付15%+3000亿保障房再贷,801710,0.0,0.005008780044333472,0.006344002861299433,0.0,2024-05-17,-0.02291,0.00415,0.05,-0.010560825803213492,0.021737731285063417,0.010560825803213492,2024-05-17,-0.02357,0.01593,0.05,-0.09485404148219212,0.10507875371257719,0.09485404148219212,2024-05-17,0.00564,0.04008,0.05,-0.02914,0.04281,-0.03397,0.12885,-0.01751,0.29958
2024-05-17,房地产新政5·17：取消房贷利率下限+首付15%+3000亿保障房再贷,801780,0.0,-0.006856074433685633,0.008021568405606616,0.006856074433685633,2024-05-17,-0.00025,0.00017,0.05,0.015331335997989193,0.008021568405606616,0.0,2024-05-17,0.03474,0.00085,0.05,-0.018447136303635148,0.039160861427574106,0.018447136303635148,2024-05-17,0.15533,0.00456,0.05,-0.00286,0.02733,0.02992,0.09985,0.14475,0.28158
2024-05-24,证监会发布《上市公司股东减持股份管理暂行办法》及沪深北交易所配套细则,801790,0.0,-0.00524243032887739,0.00524243032887739,0.00524243032887739,2024-05-24,-0.0287,0.00765,0.05,-0.00598312342519236,0.01017219384779311,0.00598312342519236,2024-05-24,-0.07183,0.03561,0.05,-0.011349251423280582,0.02966736227901645,0.011349251423280582,2024-05-24,-0.15527,0.08838,0.05,-0.03397,0.0269,-0.08319,0.04089,-0.17188,0.061
2024-05-24,证监会发布《上市公司股东减持股份管理暂行办法》及沪深北交易所配套细则,801780,0.0,0.005122911419174425,0.0,0.0,2024-05-24,-0.016,0.00426,0.05,0.002319203831933514,0.012152445295020789,0.0,2024-05-24,-0.02736,0.01284,0.05,-0.00633735257830903,0.03916086142757426,0.00633735257830903,2024-05-24,-0.03141,0.02679,0.05,-0.01894,0.01503,-0.03284,0.03813,-0.04113,0.0973
2024-05-24,证监会发布《上市公司股东减持股份管理暂行办法》及沪深北交易所配套细则,801750,0.0,-0.013292597084659907,0.013292597084659907,0.013292597084659907,2024-05-24,-0.07856,0.02398,0.05,-0.0013033260029434723,0.02443143257961089,0.0013033260029434723,2024-05-24,-0.20421,0.09748,0.05,-0.03970859950408401,0.05333571174221263,0.03970859950408401,2024-05-24,-0.36966,0.20521,0.05,-0.09138,0.05674,-0.23085,0.11044,-0.41981,0.2116
2024-06-19,国资委：央企市值管理纳入业绩考核,801790,0.0,-0.006553558829277439,0.006553558829277439,0.006553558829277439,2024-06-19,-0.01634,0.00413,0.05,-0.009245742557812409,0.011299662076152517,0.009245742557812409,2024-06-19,-0.0462,0.0225,0.05,-0.030677407066512674,0.04447573243025815,0.030677407066512674,2024-06-19,-0.1083,0.06361,0.05,-0.01948,0.01685,-0.05224,0.03121,-0.12058,0.04742
2024-06-19,国资委：央企市值管理纳入业绩考核,801780,0.0,0.01784851922943509,0.0,0.0,2024-06-19,-0.0073,0.00109,0.05,0.02873714707544206,0.006094422334478089,0.0,2024-06-19,-0.00118,0.00468,0.05,0.05106101588601719,0.036962145921295375,0.0,2024-06-19,0.05601,0.00975,0.05,-0.00994,0.02057,-0.00618,0.05939,0.04683,0.17209
2024-07-10,证监会批准中证金融暂停转融券业务、并上调融券保证金比例申请,801790,0.0,0.0048616282519666765,0.0017399387305355694,0.0,2024-07-10,-0.00887,0.00133,0.05,0.006375129804423008,0.011513628765613054,0.0,2024-07-10,-0.00538,0.00662,0.05,0.060508858368549134,0.014735713949223602,0.0,2024-07-10,0.01811,0.01954,0.05,-0.01207,0.02482,-0.0112,0.0718,0.00702,0.1715
2024-07-10,证监会批准中证金融暂停转融券业务、并上调融券保证金比例申请,801780,0.0,-0.02676921942962951,0.026886600807650585,0.02676921942962951,2024-07-10,0.00363,4e-05,0.05,-0.011388594245839267,0.026886600807650585,0.011388594245839267,2024-07-10,0.04685,0.00025,0.05,-0.013398612359892925,0.034654557063443135,0.013398612359892925,2024-07-10,0.18859,0.00299,0.05,0.00118,0.02947,0.04263,0.10448,0.17991,0.30147
2024-07-10,证监会批准中证金融暂停转融券业务、并上调融券保证金比例申请,801750,0.0,0.017132455367696142,0.0,0.0,2024-07-10,-0.08208,0.02664,0.074,-0.016300845677982623,0.03287015458924918,0.016300845677982623,2024-07-10,-0.22969,0.11739,0.05,0.014462335069763244,0.04335800721159539,0.0,2024-07-10,-0.51556,0.30524,0.05,-0.09481,0.0522,-0.25437,0.07073,-0.55848,0.07328
2024-07-22,LPR双降：1年期降至3.35%(-10bp)，5年期降至3.85%(,801780,0.0,0.02155589310577888,0.008816210633599941,0.0,2024-07-22,-0.01122,0.00298,0.05,0.024168879355409567,0.020961175459830235,0.0,2024-07-22,-0.02689,0.01281,0.05,0.06156635831690571,0.023264409229566442,0.0,2024-07-22,-0.04949,0.02959,0.05,-0.01329,0.01063,-0.0313,0.02551,-0.05821,0.05218
2024-07-22,LPR双降：1年期降至3.35%(-10bp)，5年期降至3.85%(,801790,0.0,0.014193520925598557,0.0,0.0,2024-07-22,-0.00616,0.0008,0.05,0.02694144621848027,0.0038250409452177518,0.0,2024-07-22,0.00454,0.00472,0.05,0.05430831820269666,0.017007262009224925,0.0,2024-07-22,0.0636,0.01352,0.05,-0.00929,0.02694,-0.0018,0.08016,0.05241,0.21421
2024-07-22,LPR双降：1年期降至3.35%(-10bp)，5年期降至3.85%(,801180,0.0,0.006898722008043423,0.0,0.0,2024-07-22,-0.07483,0.02508,0.067,0.002079167664607695,0.019699719030771223,0.0,2024-07-22,-0.21059,0.10555,0.05,0.02718769229523499,0.0501414813794673,0.0,2024-07-22,-0.47768,0.27942,0.05,-0.08613,0.04433,-0.23414,0.07475,-0.52145,0.08088
2024-07-22,LPR双降：1年期降至3.35%(-10bp)，5年期降至3.85%(,801710,0.0,0.001623387451118674,0.0009380931679100479,0.0,2024-07-22,-0.03151,0.00861,0.05,0.01310286980454567,0.009236850712186528,0.0,2024-07-22,-0.08947,0.04313,0.05,-0.003924735342425656,0.048817191439346076,0.003924735342425656,2024-07-22,-0.17061,0.09661,0.05,-0.03718,0.02825,-0.09978,0.05038,-0.19194,0.10946
2024-08-05,全球科技股黑色星期一：日股暴跌12.4%+美科技股急挫联动,801080,0.0,-0.026668695731942638,0.03875379182254968,0.026668695731942638,2024-08-05,-0.0475,0.01753,0.11,-0.02817072963014744,0.03875379182254968,0.02817072963014744,2024-08-05,-0.16076,0.09017,0.05,-0.020729867423097015,0.05726849315356575,0.020729867423097015,2024-08-05,-0.39204,0.26089,0.05,-0.05411,0.02215,-0.17581,0.00828,-0.41466,-0.07915
2024-08-05,全球科技股黑色星期一：日股暴跌12.4%+美科技股急挫联动,801750,0.0,-0.010608520009589673,0.022829413807571863,0.010608520009589673,2024-08-05,-0.04842,0.0122,0.05,-0.04294576064659783,0.04294576064659783,0.04294576064659783,2024-08-05,-0.11846,0.054,0.05,-0.03894138055159979,0.06769001250079631,0.03894138055159979,2024-08-05,-0.21963,0.13099,0.05,-0.05777,0.05026,-0.13622,0.12501,-0.2619,0.27212
2024-08-05,全球科技股黑色星期一：日股暴跌12.4%+美科技股急挫联动,801790,0.0,-0.00011933341740721914,0.009576439863649502,0.00011933341740721914,2024-08-05,-0.01964,0.00549,0.05,-0.007621109121482728,0.01700726200922512,0.007621109121482728,2024-08-05,-0.05026,0.0238,0.05,0.020665237354929644,0.021352705618953857,0.0,2024-08-05,-0.1111,0.06469,0.05,-0.0231,0.01685,-0.05718,0.03613,-0.12349,0.05637
2024-08-05,全球科技股黑色星期一：日股暴跌12.4%+美科技股急挫联动,801770,0.0,-0.020631959549654133,0.03190542766628823,0.020631959549654133,2024-08-05,-0.02277,0.00434,0.05,-0.030002751244405212,0.03190542766628823,0.030002751244405212,2024-08-05,-0.04645,0.02282,0.05,-0.023966931309552852,0.03190542766628823,0.023966931309552852,2024-08-05,-0.02132,0.04489,0.05,-0.0286,0.03872,-0.05768,0.10082,-0.04611,0.26773
2024-08-15,商务部、海关总署发布对锑、超硬材料相关物项实施出口管制的公告（2024,801080,0.0,-0.0013813447997466088,0.0034485160994740527,0.0013813447997466088,2024-08-15,-0.02723,0.00475,0.05,-0.02049653971673182,0.02049653971673182,0.02049653971673182,2024-08-15,-0.04862,0.0256,0.05,-0.012580861640429819,0.03887867939847656,0.012580861640429819,2024-08-15,-0.04376,0.05793,0.05,-0.035,0.05472,-0.06365,0.14125,-0.07447,0.31193
2024-08-15,商务部、海关总署发布对锑、超硬材料相关物项实施出口管制的公告（2024,801880,0.0,9.540667093244082e-05,0.0037671557027366674,0.0,2024-08-15,-0.03162,0.00759,0.05,-0.017618432327880296,0.021412580420718134,0.017618432327880296,2024-08-15,-0.06239,0.02878,0.05,0.060028877865156316,0.023641463977288238,0.0,2024-08-15,-0.1242,0.0755,0.05,-0.03801,0.03577,-0.07506,0.09,-0.14724,0.16832
2024-08-15,商务部、海关总署发布对锑、超硬材料相关物项实施出口管制的公告（2024,801110,0.0,-0.0038985753628891784,0.006404286042628771,0.0038985753628891784,2024-08-15,-0.02505,0.00655,0.05,0.012902649411035139,0.006404286042628771,0.0,2024-08-15,-0.07342,0.03544,0.05,0.05032162252704886,0.02524787295472887,0.0,2024-08-15,-0.1357,0.07835,0.05,-0.02972,0.02432,-0.08285,0.04129,-0.15245,0.0876
2024-08-15,商务部、海关总署发布对锑、超硬材料相关物项实施出口管制的公告（2024,801890,0.0,-0.0026729157505597234,0.005108032133583164,0.0026729157505597234,2024-08-15,-0.03899,0.00846,0.05,-0.017988750552099697,0.020386471139065943,0.017988750552099697,2024-08-15,-0.07978,0.03671,0.05,0.022230313105163324,0.02867132149372196,0.0,2024-08-15,-0.16189,0.10029,0.05,-0.04766,0.05253,-0.09541,0.12981,-0.19429,0.2484
2024-08-15,商务部、海关总署发布对锑、超硬材料相关物项实施出口管制的公告（2024,801050,0.0,-0.0014360476767648622,0.0014360476767648622,0.0014360476767648622,2024-08-15,-0.02723,0.00447,0.05,0.008473455796917051,0.010703428640666013,0.0,2024-08-15,-0.02928,0.02055,0.05,-0.0071928673358766515,0.04121536076859805,0.0071928673358766515,2024-08-15,0.01172,0.05382,0.05,-0.03568,0.06196,-0.04412,0.17398,-0.02002,0.42159
2024-08-15,商务部、海关总署发布对锑、超硬材料相关物项实施出口管制的公告（2024,801030,0.0,-0.014087030919912036,0.014087030919912036,0.014087030919912036,2024-08-15,-0.03231,0.00946,0.05,-0.029404135248206065,0.029404135248206065,0.029404135248206065,2024-08-15,-0.06464,0.02994,0.05,0.014761755307499458,0.0327563528841015,0.0,2024-08-15,-0.13365,0.07772,0.05,-0.03777,0.02534,-0.07572,0.06499,-0.1532,0.12458
2024-09-09,证监会科八条：进一步强化科创板硬科技定位,801080,0.0,0.014777621999209956,0.0,0.0,2024-09-09,-0.01909,0.00273,0.05,-0.014899142063332982,0.02924459844125932,0.014899142063332982,2024-09-09,-0.0415,0.02463,0.05,0.06423262496838023,0.06638237990745385,0.0,2024-09-09,-0.06692,0.06964,0.05,-0.0266,0.06021,-0.05853,0.15571,-0.10158,0.32202
2024-09-09,证监会科八条：进一步强化科创板硬科技定位,801750,0.0,0.022418128249424463,0.0,0.0,2024-09-09,-0.02947,0.00449,0.05,0.011359364605709299,0.017752049064550433,0.0,2024-09-09,-0.046,0.0278,0.05,0.18908004142228552,0.07130886744871012,0.0,2024-09-09,-0.07829,0.08491,0.05,-0.03977,0.07917,-0.06635,0.19989,-0.11687,0.39309
2024-09-09,证监会科八条：进一步强化科创板硬科技定位,801770,0.0,0.030014769880322367,0.0,0.0,2024-09-09,-0.04185,0.00802,0.05,0.036084216188113194,0.007979707910488893,0.0,2024-09-09,-0.0527,0.02911,0.05,0.05838394122273094,0.03619487128380118,0.0,2024-09-09,-0.05322,0.0724,0.05,-0.05249,0.07037,-0.07477,0.18503,-0.08862,0.40331
2024-09-09,证监会科八条：进一步强化科创板硬科技定位,801790,0.0,0.0022086987266269897,0.00532252888915003,0.0,2024-09-09,-0.00244,0.00036,0.05,0.01945692576842939,0.00532252888915003,0.0,2024-09-09,0.02096,0.00303,0.05,0.13120625781409712,0.04211025235194306,0.0,2024-09-09,0.11064,0.012,0.05,-0.00581,0.03307,0.01454,0.10556,0.09749,0.2798
2024-09-24,央行、金监总局、证监会联合发布一揽子金融政策,801780,0.0,0.004141945547215586,0.0007164822971515994,0.0,2024-09-24,-0.01046,0.00179,0.05,-0.1110921065587479,0.1147587277047427,0.1110921065587479,2024-09-24,-0.01225,0.00821,0.05,-0.0698820717861326,0.1147587277047427,0.0698820717861326,2024-09-24,0.01649,0.01836,0.05,-0.01352,0.02178,-0.01841,0.06209,0.00537,0.15992
2024-09-24,央行、金监总局、证监会联合发布一揽子金融政策,801790,0.0,0.024631386734156102,0.0,0.0,2024-09-24,-0.01065,0.0018,0.05,0.12515668903076604,0.0,0.0,2024-09-24,-0.01426,0.00881,0.05,0.12385252393686508,0.04211025235194314,0.0,2024-09-24,-0.00249,0.02209,0.05,-0.01382,0.02277,-0.02012,0.06081,-0.01415,0.1465
2024-09-24,央行、金监总局、证监会联合发布一揽子金融政策,801180,0.0,-0.017035627678616327,0.01947851949017876,0.017035627678616327,2024-09-24,-0.07564,0.02938,0.084,0.01308983267695707,0.034289650059952,0.0,2024-09-24,-0.2256,0.12204,0.05,0.05707214009839956,0.07680271743868738,0.0,2024-09-24,-0.47503,0.28963,0.05,-0.08569,0.03036,-0.2481,0.02801,-0.51751,-0.01001
2024-09-24,央行、金监总局、证监会联合发布一揽子金融政策,801750,0.0,-0.011853419060456005,0.011853419060456005,0.011853419060456005,2024-09-24,-0.03817,0.00899,0.05,0.1300507239210451,0.017876552646273858,0.0,2024-09-24,-0.08462,0.03905,0.05,0.19733467716239872,0.07130886744871016,0.0,2024-09-24,-0.12046,0.08036,0.05,-0.04602,0.04467,-0.10058,0.10395,-0.14983,0.24282
2024-09-26,政治局会议：促进房地产市场止跌回稳,801180,0.0,0.059888115678843334,0.0,0.0,2024-09-26,-0.04834,0.01192,0.05,-0.014724210567625406,0.07680271743868725,0.014724210567625406,2024-09-26,-0.0949,0.04419,0.05,0.13571055216219619,0.07680271743868725,0.0,2024-09-26,-0.0952,0.07942,0.05,-0.05787,0.05218,-0.11415,0.14736,-0.12898,0.35161
2024-09-26,政治局会议：促进房地产市场止跌回稳,801710,0.0,0.027014175099112636,0.0,0.0,2024-09-26,-0.03051,0.01031,0.05,-0.008547448975859018,0.042852037490698214,0.008547448975859018,2024-09-26,-0.08941,0.04554,0.05,0.11298248829518709,0.04290778542142846,0.0,2024-09-26,-0.17332,0.09945,0.05,-0.03509,0.01776,-0.09812,0.02585,-0.18894,0.03921
2024-09-26,政治局会议：促进房地产市场止跌回稳,801780,0.0,-0.05628460215253284,0.05628460215253284,0.05628460215253284,2024-09-26,-0.0007,0.00023,0.05,-0.08130923331482232,0.11475872770474282,0.08130923331482232,2024-09-26,0.03472,0.00204,0.05,-0.08289969437345346,0.11475872770474282,0.08289969437345346,2024-09-26,0.13367,0.00998,0.05,-0.0038,0.03202,0.02872,0.1127,0.12087,0.28304
2024-09-27,证监会并购六条：支持上市公司并购重组,801080,0.0,0.0589993945674272,0.0,0.0,2024-09-27,-0.03464,0.00972,0.05,0.0944199671172734,0.06638237990745378,0.0,2024-09-27,-0.10708,0.05335,0.05,0.19812976966382867,0.06638237990745378,0.0,2024-09-27,-0.20904,0.12145,0.05,-0.04072,0.0295,-0.11863,0.04419,-0.23444,0.08959
2024-09-27,证监会并购六条：支持上市公司并购重组,801750,0.0,0.07645778759947075,0.0,0.0,2024-09-27,-0.0544,0.0167,0.05,0.0966322452041457,0.07130886744871016,0.0,2024-09-27,-0.1405,0.06894,0.05,0.19576702892639108,0.07130886744871016,0.0,2024-09-27,-0.27369,0.15637,0.05,-0.06323,0.03881,-0.15614,0.06101,-0.30188,0.12225
2024-09-27,证监会并购六条：支持上市公司并购重组,801790,0.0,0.04182126269134856,0.0,0.0,2024-09-27,-0.00469,0.00059,0.05,0.0699471158481173,0.042110252351943094,0.0,2024-09-27,0.02453,0.00295,0.05,0.0935805972602588,0.042110252351943094,0.0,2024-09-27,0.11416,0.01246,0.05,-0.00844,0.0349,0.01717,0.11516,0.09944,0.28975
2024-09-27,证监会并购六条：支持上市公司并购重组,801030,0.0,0.009926388612002679,0.0,0.0,2024-09-27,0.044,0.0,0.05,-0.0229651551643264,0.03256825858519623,0.0229651551643264,2024-09-27,0.26705,0.0,0.05,0.022968124746065133,0.033308996789962325,0.0,2024-09-27,0.88069,0.00016,0.05,0.03885,0.09835,0.25727,0.39217,0.86047,1.12762
2024-10-21,LPR双降：1年期降至3.10%(-25bp)，5年期降至3.60%(,801780,0.0,-0.02037610588053662,0.02037610588053662,0.02037610588053662,2024-10-21,-0.03399,0.0093,0.05,-0.03451583432278771,0.03451583432278771,0.03451583432278771,2024-10-21,-0.07955,0.03779,0.05,-0.026381120715000872,0.08185013795059604,0.026381120715000872,2024-10-21,-0.15171,0.08369,0.05,-0.04009,0.03036,-0.09207,0.06033,-0.17284,0.12265
2024-10-21,LPR双降：1年期降至3.10%(-25bp)，5年期降至3.60%(,801790,0.0,-0.014667687987400813,0.014721163683031335,0.014667687987400813,2024-10-21,-0.03893,0.00963,0.05,-0.010462758658037918,0.01504188337803014,0.010462758658037918,2024-10-21,-0.08767,0.03997,0.05,0.017199544281613965,0.06316895934282259,0.0,2024-10-21,-0.14315,0.08987,0.05,-0.04659,0.04181,-0.10184,0.10453,-0.17285,0.23294
2024-10-21,LPR双降：1年期降至3.10%(-25bp)，5年期降至3.60%(,801180,0.0,0.005413652885980724,0.0,0.0,2024-10-21,-0.10007,0.03206,0.05,0.05495225561402872,0.002225083922338271,0.0,2024-10-21,-0.25173,0.1226,0.05,0.06440423575638499,0.07986170264398008,0.0,2024-10-21,-0.49844,0.28284,0.05,-0.11575,0.0654,-0.28374,0.11148,-0.55712,0.2128
2024-10-21,LPR双降：1年期降至3.10%(-25bp)，5年期降至3.60%(,801710,0.0,0.011754046945665175,9.78850096391426e-05,0.0,2024-10-21,-0.04854,0.01307,0.05,0.06737387318494137,0.004210202762101976,0.0,2024-10-21,-0.12012,0.05599,0.05,0.03817356487759849,0.052131045290663654,0.0,2024-10-21,-0.19869,0.11366,0.05,-0.05737,0.04468,-0.13713,0.09135,-0.23014,0.21277
2024-10-21,LPR双降：1年期降至3.10%(-25bp)，5年期降至3.60%(,801750,0.0,-0.0033070979276524914,0.031104075750358055,0.0033070979276524914,2024-10-21,-0.06828,0.01502,0.05,0.00896574685798135,0.04027267122528216,0.0,2024-10-21,-0.12898,0.05986,0.05,0.02492655217029993,0.08677515933780207,0.0,2024-10-21,-0.07213,0.10198,0.05,-0.08327,0.08993,-0.15815,0.21626,-0.13023,0.5661
2024-10-29,欧盟对中国电动车反补贴关税终裁：最高36.3%,801880,0.0,0.022693654454854384,0.0,0.0,2024-10-29,-0.02287,0.0037,0.05,0.02080683915129944,0.020105084420949576,0.0,2024-10-29,-0.01397,0.01515,0.05,0.029209723753994332,0.020934320779118325,0.0,2024-10-29,0.00644,0.04867,0.05,-0.03014,0.05384,-0.02776,0.16074,-0.02283,0.35909
2024-10-29,欧盟对中国电动车反补贴关税终裁：最高36.3%,801730,0.0,-0.004235968132019985,0.00948889651962559,0.004235968132019985,2024-10-29,-0.03947,0.00726,0.05,0.00062003133656785,0.020528976073323105,0.0,2024-10-29,-0.11313,0.05385,0.05,0.007556459219732359,0.04089813340792906,0.0,2024-10-29,-0.23094,0.13318,0.05,-0.04999,0.07159,-0.13419,0.14564,-0.26992,0.27842
2024-11-08,人大常委会10万亿化债方案：6万亿+4万亿置换隐性债务,801780,0.0,-0.024470924061664623,0.024470924061664623,0.024470924061664623,2024-11-08,-0.09727,0.06181,0.5,0.009395196224141866,0.024470924061664623,0.0,2024-11-08,-0.36053,0.28306,0.5,0.039080442119145076,0.024470924061664623,0.0,2024-11-08,-0.99996,0.84843,0.5,-0.10452,-0.02079,-0.37422,-0.19324,-1.027,-0.67141
2024-11-08,人大常委会10万亿化债方案：6万亿+4万亿置换隐性债务,801710,0.0,-0.026670418334235335,0.026670418334235335,0.026670418334235335,2024-11-08,-0.04904,0.01282,0.05,-0.03409049350397664,0.03409049350397664,0.03409049350397664,2024-11-08,-0.10526,0.0481,0.05,-0.008167583630835917,0.03663190766557356,0.008167583630835917,2024-11-08,-0.15909,0.09794,0.05,-0.05821,0.0477,-0.12236,0.11165,-0.19283,0.2527
2024-11-08,人大常委会10万亿化债方案：6万亿+4万亿置换隐性债务,801180,0.0,-0.039668397058143845,0.039668397058143845,0.039668397058143845,2024-11-08,-0.08762,0.02511,0.05,-0.07986170264397996,0.07986170264397996,0.07986170264397996,2024-11-08,-0.20159,0.09488,0.05,-0.029640270126281454,0.07986170264397996,0.029640270126281454,2024-11-08,-0.30549,0.1826,0.05,-0.10272,0.07169,-0.22818,0.1383,-0.35407,0.33956
2024-12-02,美BIS第三轮半导体出口管制：扩大实体清单+HBM芯片,801080,0.0,-0.003406991633314038,0.01126524618067585,0.003406991633314038,2024-12-02,-0.05705,0.01363,0.05,-0.007135607375542197,0.01496446134376514,0.007135607375542197,2024-12-02,-0.14471,0.06706,0.05,0.025764281879201656,0.03471903644959706,0.0,2024-12-02,-0.25893,0.14601,0.05,-0.06863,0.0651,-0.16559,0.12383,-0.3046,0.28572
2024-12-02,美BIS第三轮半导体出口管制：扩大实体清单+HBM芯片,801770,0.0,0.009222373554595764,0.005926932293871506,0.0,2024-12-02,-0.05229,0.01437,0.05,-0.003824037129073976,0.019003337026945087,0.003824037129073976,2024-12-02,-0.143,0.06841,0.05,0.05251437246838764,0.032032980355303706,0.0,2024-12-02,-0.1487,0.10536,0.05,-0.06164,0.04635,-0.16104,0.09716,-0.19059,0.33763
2024-12-03,中国商务部发布2024年第46号公告，加强镓、锗、锑及超硬材料等两用物,801080,0.0,-0.013442942382199674,0.013442942382199674,0.013442942382199674,2024-12-03,-0.04562,0.00859,0.05,-0.011760801131343146,0.014964461343765056,0.011760801131343146,2024-12-03,-0.12955,0.05999,0.05,-0.00769044121681095,0.04882792673160027,0.00769044121681095,2024-12-03,-0.22866,0.1419,0.05,-0.05746,0.07932,-0.15255,0.18575,-0.28214,0.40712
2024-12-03,中国商务部发布2024年第46号公告，加强镓、锗、锑及超硬材料等两用物,801880,0.0,-0.0016794060763448693,0.0026131513706591706,0.0016794060763448693,2024-12-03,-0.03194,0.00694,0.05,0.007009981354036077,0.010011806900486229,0.0,2024-12-03,-0.06733,0.03168,0.05,-0.010251618360598291,0.02937460802829554,0.010251618360598291,2024-12-03,-0.12747,0.07988,0.05,-0.03903,0.04291,-0.08061,0.10407,-0.15229,0.20944
2024-12-03,中国商务部发布2024年第46号公告，加强镓、锗、锑及超硬材料等两用物,801110,0.0,0.012591063894023202,0.00029321009255034447,0.0,2024-12-03,-0.03612,0.00809,0.05,0.02109641269574336,0.003442247804307579,0.0,2024-12-03,-0.06725,0.03166,0.05,0.020213514940977007,0.017494057970405985,0.0,2024-12-03,-0.15062,0.09515,0.05,-0.04391,0.04609,-0.0831,0.11889,-0.1767,0.21169
2024-12-03,中国商务部发布2024年第46号公告，加强镓、锗、锑及超硬材料等两用物,801890,0.0,0.011671957508950337,0.0,0.0,2024-12-03,-0.06666,0.01592,0.05,0.0266507749003293,0.006495589014487423,0.0,2024-12-03,-0.13937,0.06443,0.05,-0.03971728767636473,0.06933879348670174,0.03971728767636473,2024-12-03,-0.21798,0.13071,0.05,-0.08019,0.07614,-0.1659,0.15611,-0.26307,0.36517
2024-12-03,中国商务部发布2024年第46号公告，加强镓、锗、锑及超硬材料等两用物,801050,0.0,0.005099428560766395,0.001129666953299413,0.0,2024-12-03,-0.03251,0.00723,0.05,-0.002514327983483944,0.007575127721595382,0.002514327983483944,2024-12-03,-0.07486,0.03459,0.05,-0.06121067978898176,0.07219738918604308,0.06121067978898176,2024-12-03,-0.17991,0.1019,0.05,-0.03957,0.04202,-0.08761,0.09012,-0.20604,0.15012
2024-12-03,中国商务部发布2024年第46号公告，加强镓、锗、锑及超硬材料等两用物,801030,0.0,-0.01038803518107323,0.01038803518107323,0.01038803518107323,2024-12-03,-0.03912,0.00786,0.05,-0.004141461919614731,0.01038803518107323,0.004141461919614731,2024-12-03,-0.04808,0.02653,0.05,-0.05527941334090858,0.05909465657438711,0.05527941334090858,2024-12-03,0.01721,0.05295,0.05,-0.04855,0.06032,-0.06547,0.17234,-0.01718,0.44252
2024-12-09,中央政治局会议：适度宽松货币政策+更加积极财政政策,801780,0.0,0.008662938041869017,0.0,0.0,2024-12-09,0.02564,1e-05,0.05,0.019678067023885193,0.010358139820477074,0.0,2024-12-09,0.18285,0.00018,0.05,0.07421028328553025,0.010358139820477074,0.0,2024-12-09,0.69312,0.00193,0.05,0.01919,0.09369,0.16902,0.33359,0.66698,0.99602
2024-12-09,中央政治局会议：适度宽松货币政策+更加积极财政政策,801790,0.0,-0.003415955151864769,0.006568928508054239,0.003415955151864769,2024-12-09,-0.06065,0.01339,0.05,-0.021656780854398705,0.021656780854398705,0.021656780854398705,2024-12-09,-0.1348,0.06209,0.05,-0.08131856359588119,0.08165187406020546,0.08131856359588119,2024-12-09,-0.26454,0.15779,0.05,-0.07392,0.07934,-0.15987,0.18254,-0.31293,0.35603
2024-12-09,中央政治局会议：适度宽松货币政策+更加积极财政政策,801180,0.0,-0.025763550648503886,0.027658173796397123,0.025763550648503886,2024-12-09,-0.09045,0.02638,0.05,-0.01429709863967854,0.027658173796397123,0.01429709863967854,2024-12-09,-0.19212,0.08935,0.05,-0.1257189513145518,0.1295227290506306,0.1257189513145518,2024-12-09,-0.31833,0.1787,0.05,-0.1058,0.07149,-0.22067,0.1617,-0.37047,0.36069
2024-12-09,中央政治局会议：适度宽松货币政策+更加积极财政政策,801710,0.0,0.00404789788141291,0.0,0.0,2024-12-09,0.00744,0.00032,0.05,0.005428317655869819,0.017064557173545106,0.0,2024-12-09,0.15924,0.00172,0.05,-0.044813161926160694,0.07809993111454232,0.044813161926160694,2024-12-09,0.6539,0.00957,0.05,-0.00254,0.1127,0.14041,0.39663,0.61854,1.10936
2024-12-12,中央经济工作会议：明年实施更加积极有为的宏观政策,801780,0.0,0.006512941760990598,0.0,0.0,2024-12-12,-0.03289,0.00721,0.05,0.012836813668002822,0.010020934062852193,0.0,2024-12-12,-0.08752,0.04174,0.05,0.08541076192507346,0.010020934062852193,0.0,2024-12-12,-0.12568,0.07982,0.05,-0.04013,0.04354,-0.10196,0.08098,-0.15038,0.19961
2024-12-12,中央经济工作会议：明年实施更加积极有为的宏观政策,801790,0.0,-0.005021068210394164,0.008510167839711648,0.005021068210394164,2024-12-12,-0.0948,0.02282,0.05,-0.026103839213690083,0.029519007741411,0.026103839213690083,2024-12-12,-0.20921,0.09463,0.05,-0.0865300098585764,0.08973328150801976,0.0865300098585764,2024-12-12,-0.37048,0.21074,0.05,-0.11391,0.1068,-0.2399,0.22283,-0.43416,0.45895
2024-12-12,中央经济工作会议：明年实施更加积极有为的宏观政策,801180,0.0,-0.006751212578532395,0.009198674847223132,0.006751212578532395,2024-12-12,-0.09217,0.02723,0.05,-0.05867210245863008,0.06099162657069011,0.05867210245863008,2024-12-12,-0.19401,0.08935,0.05,-0.13683369491959874,0.13896062121444358,0.13683369491959874,2024-12-12,-0.3376,0.18903,0.05,-0.10764,0.07107,-0.22144,0.16872,-0.38985,0.3661
2024-12-12,中央经济工作会议：明年实施更加积极有为的宏观政策,801710,0.0,0.010155614758506015,0.0,0.0,2024-12-12,-0.00244,0.00071,0.05,-0.03737667078514162,0.04705441899168278,0.03737667078514162,2024-12-12,0.11742,0.00259,0.05,-0.06448026656823991,0.07809993111454248,0.06448026656823991,2024-12-12,0.55101,0.01025,0.05,-0.01185,0.09684,0.10065,0.33443,0.52089,0.96701
2024-12-12,中央经济工作会议：明年实施更加积极有为的宏观政策,801880,0.0,0.0009311344480507078,0.00526401472662974,0.0,2024-12-12,-0.03093,0.00653,0.05,-0.012180350292817388,0.013099287542991894,0.012180350292817388,2024-12-12,-0.0707,0.03345,0.05,-0.014606150863089806,0.039208760888382134,0.014606150863089806,2024-12-12,-0.14673,0.08993,0.05,-0.03801,0.04376,-0.08361,0.09846,-0.17453,0.1832
2025-01-13,美国商务部BIS发布人工智能扩散框架(Framework for AI,801080,0.0,0.01731609381631105,0.0027142973935001535,0.0,2025-01-13,-0.05532,0.01232,0.05,0.024249102483132834,0.012619853671725962,0.0,2025-01-13,-0.1273,0.05824,0.05,0.04660689794235995,0.03346049512180837,0.0,2025-01-13,-0.23977,0.14847,0.05,-0.06733,0.07137,-0.15029,0.16918,-0.28488,0.35552
2025-01-13,美国商务部BIS发布人工智能扩散框架(Framework for AI,801750,0.0,0.04426747812896381,0.0,0.0,2025-01-13,-0.07122,0.01627,0.05,0.039107561736296814,0.005055733456905524,0.0,2025-01-13,-0.19048,0.0885,0.05,0.22966408179410958,0.027931162813608027,0.0,2025-01-13,-0.30359,0.18508,0.05,-0.08631,0.08793,-0.21791,0.16102,-0.35285,0.40143
2025-01-13,美国商务部BIS发布人工智能扩散框架(Framework for AI,801770,0.0,0.01943717640590159,0.0,0.0,2025-01-13,-0.06016,0.01127,0.05,0.045961468538537886,0.004168609027933549,0.0,2025-01-13,-0.10241,0.05131,0.05,0.09220228992337942,0.05234963567064812,0.0,2025-01-13,-0.08292,0.10493,0.05,-0.07587,0.10558,-0.13267,0.26336,-0.13868,0.61666
2025-01-15,拜登末期AI芯片出口管制框架：分国别配额限制,801080,0.0,-0.012619853671725911,0.012619853671725911,0.012619853671725911,2025-01-15,-0.06645,0.01289,0.05,0.032555788460428614,0.012619853671725911,0.0,2025-01-15,-0.1285,0.05984,0.05,0.0676999562566416,0.03346049512180831,0.0,2025-01-15,-0.08446,0.11131,0.05,-0.0831,0.10921,-0.15715,0.25895,-0.14674,0.64408
2025-01-15,拜登末期AI芯片出口管制框架：分国别配额限制,801770,0.0,0.019232007485188385,0.00416860902793359,0.0,2025-01-15,-0.04565,0.0086,0.05,0.06979686934176299,0.00416860902793359,0.0,2025-01-15,-0.08186,0.04044,0.05,0.08625529031840973,0.05234963567064815,0.0,2025-01-15,-0.00101,0.07222,0.05,-0.05749,0.07922,-0.10299,0.20275,-0.04455,0.56056
2025-01-15,拜登末期AI芯片出口管制框架：分国别配额限制,801750,0.0,0.0001151328421158393,0.0038694644506764853,0.0,2025-01-15,-0.10102,0.02552,0.05,0.003653144706812661,0.005055733456905466,0.0,2025-01-15,-0.26673,0.1217,0.05,0.20040121636762853,0.027931162813608024,0.0,2025-01-15,-0.47449,0.26556,0.05,-0.12049,0.10438,-0.30103,0.22455,-0.54378,0.45849
2025-01-27,DeepSeek-R1登顶全球应用榜：中国AI里程碑,801080,0.0,-0.00750995916029118,0.025183535976074367,0.00750995916029118,2025-01-27,-0.06453,0.01604,0.05,0.02154902301903494,0.025183535976074367,0.0,2025-01-27,-0.17427,0.08033,0.05,0.04835121312972235,0.04789892506618627,0.0,2025-01-27,-0.3308,0.19004,0.05,-0.07715,0.06866,-0.19809,0.14072,-0.37962,0.29029
2025-01-27,DeepSeek-R1登顶全球应用榜：中国AI里程碑,801750,0.0,0.057570597758181075,0.010543958126707609,0.0,2025-01-27,-0.04859,0.00848,0.05,0.13499945004328784,0.010543958126707609,0.0,2025-01-27,-0.0693,0.03878,0.05,0.15312665351303023,0.0572542950797,0.0,2025-01-27,-0.01297,0.08948,0.05,-0.06246,0.09773,-0.09516,0.27129,-0.06582,0.66929
2025-01-27,DeepSeek-R1登顶全球应用榜：中国AI里程碑,801770,0.0,-0.049771650221348995,0.049771650221348995,0.049771650221348995,2025-01-27,-0.05705,0.01458,0.05,-0.00245807869332626,0.049771650221348995,0.00245807869332626,2025-01-27,-0.131,0.06154,0.05,-0.018176437765882958,0.08586266828931499,0.018176437765882958,2025-01-27,-0.19804,0.11735,0.05,-0.06793,0.05775,-0.15108,0.11574,-0.23693,0.28401
2025-01-27,DeepSeek-R1登顶全球应用榜：中国AI里程碑,801760,0.0,0.04593720390300082,0.0,0.0,2025-01-27,-0.06452,0.01596,0.05,0.10160365292348228,0.00197381688047695,0.0,2025-01-27,-0.17274,0.08039,0.05,0.06111855048856696,0.08518875600677961,0.0,2025-01-27,-0.26027,0.15884,0.05,-0.07719,0.0692,-0.19671,0.13715,-0.30593,0.34515
2025-03-05,2025政府工作报告：GDP目标5%左右+财政赤字率4%,801780,0.0,-0.006517691576385709,0.019004340767630475,0.006517691576385709,2025-03-05,-0.01795,0.00325,0.05,-0.0020888452488466713,0.0197115767297847,0.0020888452488466713,2025-03-05,-0.02715,0.01446,0.05,0.032080378449239166,0.0197115767297847,0.0,2025-03-05,-0.03345,0.03712,0.05,-0.02284,0.03367,-0.03513,0.08043,-0.04957,0.17475
2025-03-05,2025政府工作报告：GDP目标5%左右+财政赤字率4%,801790,0.0,0.010150066687888426,0.002097688966566036,0.0,2025-03-05,-0.05075,0.01356,0.05,0.001618496651762058,0.015182099516346949,0.0,2025-03-05,-0.14538,0.07087,0.05,0.0002036486036107732,0.020841456446167188,0.0,2025-03-05,-0.29895,0.16824,0.05,-0.06005,0.04737,-0.16409,0.08021,-0.33314,0.1362
2025-03-05,2025政府工作报告：GDP目标5%左右+财政赤字率4%,801180,0.0,-0.009761094133784343,0.019010217043093025,0.009761094133784343,2025-03-05,-0.00072,0.00068,0.05,-0.0269933313829257,0.0269933313829257,0.0269933313829257,2025-03-05,0.1345,0.00319,0.05,-0.05082142456905914,0.05082142456905914,0.05082142456905914,2025-03-05,0.56253,0.01519,0.05,-0.01128,0.11072,0.11481,0.38617,0.52681,1.06145
2025-04-02,特朗普宣布对等关税：对华累计加征54%关税,801080,0.0,-0.01839180488504044,0.0190339640603892,0.01839180488504044,2025-04-02,-0.05242,0.01534,0.0615,-0.060064255449295834,0.09259853157659928,0.060064255449295834,2025-04-02,-0.15611,0.07741,0.05,-0.0032043859296368993,0.09259853157659928,0.0032043859296368993,2025-04-02,-0.35785,0.21273,0.05,-0.06129,0.04118,-0.17379,0.06243,-0.39537,0.05938
2025-04-02,特朗普宣布对等关税：对华累计加征54%关税,801110,0.0,-0.014760812306005677,0.020750614027998777,0.014760812306005677,2025-04-02,-0.02015,0.00465,0.05,-0.03600630143951267,0.04977463702667424,0.03600630143951267,2025-04-02,-0.05069,0.0238,0.05,-0.007011439308059586,0.05303674816408348,0.007011439308059586,2025-04-02,-0.09521,0.0544,0.05,-0.02438,0.02448,-0.05863,0.04716,-0.11014,0.0892
2025-04-02,特朗普宣布对等关税：对华累计加征54%关税,801880,0.0,-0.01213901389211769,0.015119569643654863,0.01213901389211769,2025-04-02,-0.03291,0.01021,0.0765,-0.055752014239738634,0.07809366348610716,0.055752014239738634,2025-04-02,-0.09098,0.04508,0.05,0.011390693572062016,0.07809366348610716,0.0,2025-04-02,-0.21783,0.12951,0.05,-0.03821,0.02298,-0.1012,0.03689,-0.23694,0.03302
2025-04-02,特朗普宣布对等关税：对华累计加征54%关税,801030,0.0,-0.0020246986631760056,0.0034039073329322485,0.0020246986631760056,2025-04-02,-0.04114,0.01804,0.1775,-0.027814037299932037,0.0356835496956956,0.027814037299932037,2025-04-02,-0.12557,0.07475,0.05,0.005297727846998113,0.0356835496956956,0.0,2025-04-02,-0.34431,0.24396,0.05,-0.04602,0.01037,-0.13453,-0.01044,-0.36181,-0.11704
2025-04-02,特朗普宣布对等关税：对华累计加征54%关税,801050,0.0,-0.014968895499976376,0.014968895499976376,0.014968895499976376,2025-04-02,-0.02428,0.00712,0.05,-0.03489751515206674,0.055382373898429926,0.03489751515206674,2025-04-02,-0.04939,0.02245,0.05,-0.0046523667928362045,0.055382373898429926,0.0046523667928362045,2025-04-02,-0.12898,0.07334,0.05,-0.02837,0.01896,-0.05694,0.04883,-0.14581,0.06945
2025-04-02,特朗普宣布对等关税：对华累计加征54%关税,801890,0.0,-0.007717619961069344,0.013688372825817667,0.007717619961069344,2025-04-02,-0.03703,0.00911,0.05,-0.05632550618196963,0.08983744192006073,0.05632550618196963,2025-04-02,-0.09919,0.04684,0.05,0.0006998862279148366,0.08983744192006073,0.0,2025-04-02,-0.1983,0.11349,0.05,-0.04435,0.04013,-0.11425,0.07718,-0.22938,0.16281
2025-04-04,中国反制：对美所有商品加征34%关税,801010,0.0,0.11596266961715163,0.0,0.0,2025-04-07,-0.03822,0.01688,0.186,0.06932419307597426,0.047143533858392636,0.0,2025-04-07,-0.12069,0.0729,0.05,0.019477571637295243,0.08789282723944719,0.0,2025-04-07,-0.32682,0.23535,0.05,-0.04273,0.0093,-0.13006,-0.0111,-0.3445,-0.11838
2025-04-04,中国反制：对美所有商品加征34%关税,801030,0.0,-0.03208722678758502,0.03208722678758502,0.03208722678758502,2025-04-07,-0.04709,0.02172,0.1975,-0.013927455594194171,0.032389894562377175,0.013927455594194171,2025-04-07,-0.14622,0.09082,0.05,0.005120637473130296,0.032389894562377175,0.0,2025-04-07,-0.36508,0.25988,0.05,-0.0524,0.00896,-0.15682,-0.0217,-0.38514,-0.12538
2025-04-04,中国反制：对美所有商品加征34%关税,801050,0.0,-0.041027616502492426,0.041027616502492426,0.041027616502492426,2025-04-07,-0.03184,0.0134,0.222,0.00649189055459809,0.041027616502492426,0.0,2025-04-07,-0.10389,0.06195,0.05,-0.0009581661891179261,0.041027616502492426,0.0009581661891179261,2025-04-07,-0.29528,0.21072,0.05,-0.03577,0.00961,-0.11158,-0.00778,-0.31033,-0.10114
2025-04-04,中国反制：对美所有商品加征34%关税,801080,0.0,-0.07499196182235479,0.07499196182235479,0.07499196182235479,2025-04-07,-0.05735,0.01953,0.0905,-0.005626534361989344,0.07499196182235479,0.005626534361989344,2025-04-07,-0.1866,0.10028,0.05,0.005074332981555019,0.07499196182235479,0.0,2025-04-07,-0.4364,0.2751,0.05,-0.06589,0.03275,-0.20469,0.02651,-0.47027,-0.03412
2025-04-07,A股黑色星期一：沪指跌7.34%创业板跌12.5%,801080,0.0,-0.07499196182235479,0.07499196182235479,0.07499196182235479,2025-04-07,-0.03711,0.00946,0.05,-0.005626534361989344,0.07499196182235479,0.005626534361989344,2025-04-07,-0.10449,0.04896,0.05,0.005074332981555019,0.07499196182235479,0.0,2025-04-07,-0.22019,0.12759,0.05,-0.04421,0.03777,-0.11814,0.07548,-0.24657,0.13406
2025-04-07,A股黑色星期一：沪指跌7.34%创业板跌12.5%,801790,0.0,-0.023206065518474484,0.023206065518474484,0.023206065518474484,2025-04-07,-0.10916,0.07015,0.5,-0.022429502130884016,0.023812974234841633,0.022429502130884016,2025-04-07,-0.42652,0.33524,0.5,-0.01513457352687031,0.02883497746589847,0.01513457352687031,2025-04-07,-1.20436,0.9674,0.4485,-0.11713,-0.02504,-0.44177,-0.22955,-1.23665,-0.81227
2025-04-07,A股黑色星期一：沪指跌7.34%创业板跌12.5%,801750,0.0,-0.0679446161389019,0.0679446161389019,0.0679446161389019,2025-04-07,-0.07367,0.02387,0.074,-0.023108054657268506,0.0679446161389019,0.023108054657268506,2025-04-07,-0.23623,0.12473,0.05,0.007197616532476747,0.0679446161389019,0.0,2025-04-07,-0.48195,0.29052,0.05,-0.08511,0.047,-0.25795,0.04267,-0.51996,0.05111
2025-04-07,A股黑色星期一：沪指跌7.34%创业板跌12.5%,801730,0.0,-0.06686349182268547,0.06686349182268547,0.06686349182268547,2025-04-07,-0.02367,0.00621,0.05,-0.04833382933197572,0.07036122564006753,0.04833382933197572,2025-04-07,-0.0592,0.0277,0.05,-0.02106148608060321,0.07036122564006753,0.02106148608060321,2025-04-07,-0.1702,0.09904,0.05,-0.02808,0.02285,-0.06763,0.05189,-0.18705,0.05242
2025-04-07,A股黑色星期一：沪指跌7.34%创业板跌12.5%,801880,0.0,-0.06394085200745359,0.06394085200745359,0.06394085200745359,2025-04-07,-0.03182,0.00784,0.05,-0.012065879235141685,0.06394085200745359,0.012065879235141685,2025-04-07,-0.06809,0.03134,0.05,0.02025664061754129,0.06394085200745359,0.0,2025-04-07,-0.13814,0.08118,0.05,-0.0381,0.03441,-0.07961,0.08019,-0.16209,0.15715
2025-05-07,央行一揽子宽松：降准0.5个百分点+降息10bp,801780,0.0,0.014358749289865136,0.0,0.0,2025-05-07,-0.03028,0.00757,0.05,0.029916357020547624,0.009879625444985,0.0,2025-05-07,-0.07041,0.03283,0.05,0.05628780417842005,0.013429055903073887,0.0,2025-05-07,-0.1492,0.08571,0.05,-0.03617,0.03191,-0.08092,0.06718,-0.16936,0.12305
2025-05-07,央行一揽子宽松：降准0.5个百分点+降息10bp,801790,0.0,0.0014565420297163456,0.0,0.0,2025-05-07,-0.04863,0.01438,0.05,0.02387419788577616,0.007641744597533793,0.0,2025-05-07,-0.13701,0.06671,0.05,0.02304156648761091,0.03145871036467356,0.0,2025-05-07,-0.31145,0.17931,0.05,-0.05678,0.03743,-0.15111,0.06248,-0.34374,0.07908
2025-05-07,央行一揽子宽松：降准0.5个百分点+降息10bp,801180,0.0,-0.0023854581027640265,0.006839776571465248,0.0023854581027640265,2025-05-07,-0.05533,0.01708,0.05,-0.03215932728727988,0.03648070633917883,0.03215932728727988,2025-05-07,-0.12951,0.06198,0.05,-0.025933606661602604,0.04746552127747841,0.025933606661602604,2025-05-07,-0.24765,0.14132,0.05,-0.06428,0.03908,-0.14654,0.07632,-0.28188,0.15787
2025-05-07,央行一揽子宽松：降准0.5个百分点+降息10bp,801710,0.0,-0.0019018125966024924,0.003558653652726913,0.0019018125966024924,2025-05-07,-0.03748,0.01282,0.0755,-0.02178428698996626,0.0234081231771429,0.02178428698996626,2025-05-07,-0.11156,0.05932,0.05,-0.020400744380132507,0.024876049617904527,0.020400744380132507,2025-05-07,-0.25191,0.15572,0.05,-0.04304,0.02118,-0.1224,0.02108,-0.27132,0.00111
2025-05-20,LPR双降：1年期降至3.00%(-10bp)5年期降至3.50%(-,801780,0.0,-0.0010297375292770417,0.003480813828766083,0.0010297375292770417,2025-05-20,0.03868,0.0,0.05,0.016973635301232193,0.003480813828766083,0.0,2025-05-20,0.22992,0.0,0.05,0.051861337669352414,0.013429055903074145,0.0,2025-05-20,0.77282,0.0001,0.05,0.03427,0.08519,0.22214,0.33529,0.75652,0.9776
2025-05-20,LPR双降：1年期降至3.00%(-10bp)5年期降至3.50%(-,801790,0.0,-0.00906703089664651,0.00906703089664651,0.00906703089664651,2025-05-20,-0.03561,0.00662,0.05,-0.007608149462151603,0.018080024365598413,0.007608149462151603,2025-05-20,-0.04703,0.02564,0.05,0.01845532577603093,0.018080024365598413,0.0,2025-05-20,-0.0657,0.07035,0.05,-0.045,0.0634,-0.06257,0.15579,-0.09999,0.34695
2025-05-20,LPR双降：1年期降至3.00%(-10bp)5年期降至3.50%(-,801180,0.0,-0.016365185562265627,0.016365185562265627,0.016365185562265627,2025-05-20,-0.04902,0.01216,0.05,-0.013945978770643852,0.032892135196403105,0.013945978770643852,2025-05-20,-0.09629,0.04466,0.05,-0.0290934816042151,0.032892135196403105,0.0290934816042151,2025-05-20,-0.15759,0.10161,0.05,-0.05863,0.05234,-0.11464,0.1426,-0.19358,0.31884
2025-05-20,LPR双降：1年期降至3.00%(-10bp)5年期降至3.50%(-,801710,0.0,-0.007977376149032156,0.007977376149032156,0.007977376149032156,2025-05-20,-0.04155,0.01813,0.1925,-0.010744867271229253,0.019330534606358807,0.010744867271229253,2025-05-20,-0.13469,0.07918,0.05,-0.04224573698892731,0.04224573698892731,0.04224573698892731,2025-05-20,-0.35761,0.2463,0.05,-0.04651,0.01073,-0.1443,-0.00797,-0.37975,-0.10314
