event_date,event_name,industry_code,event_type,real_dir,final_dir,dir_correct,dispersion,realized_car_T1,realized_mdd_T1,realized_downside_T1,industry_return_T1,market_return_T1,pred_var_T1,pred_mdd_T1,pred_tail_T1,realized_car_T5,realized_mdd_T5,realized_downside_T5,industry_return_T5,market_return_T5,pred_var_T5,pred_mdd_T5,pred_tail_T5,realized_car_T20,realized_mdd_T20,realized_downside_T20,industry_return_T20,market_return_T20,pred_var_T20,pred_mdd_T20,pred_tail_T20
2020-01-01,央行宣布全面下调金融机构存款准备金率0.5个百分点（自1月6日起实施）,801780,monetary_policy,-,+,False,0.0,0.0029473281509109217,0.0,0.0,0.016574065108099,0.013586692515858312,-0.01126,0.00206,0.05,-0.0034899965598210736,0.010668224985372966,0.0034899965598210736,0.00033760530537563227,0.0038410069662955237,-0.0051,0.00694,0.05,-0.03686939938018152,0.043807183678403146,0.03686939938018152,-0.08313988636571845,-0.04804175773852404,-0.02306,0.0292,0.05
2020-01-01,央行宣布全面下调金融机构存款准备金率0.5个百分点（自1月6日起实施）,801790,monetary_policy,-,+,False,0.0,-0.005182133595176164,0.005182133595176164,0.005182133595176164,0.008334150864948375,0.013586692515858312,-0.025,0.00636,0.05,-0.015902750341306282,0.015902750341306282,0.015902750341306282,-0.01212282594985492,0.0038410069662955237,-0.01758,0.0124,0.05,-0.043490219136066544,0.044049992424753937,0.043490219136066544,-0.08944263030286048,-0.04804175773852404,-0.06696,0.04946,0.05
2020-01-01,央行宣布全面下调金融机构存款准备金率0.5个百分点（自1月6日起实施）,801180,monetary_policy,-,+,False,0.0,-0.0020751706508062018,0.0020751706508062018,0.0020751706508062018,0.011483327159501622,0.013586692515858312,0.02947,0.0,0.05,-0.016987756938784515,0.016987756938784515,0.016987756938784515,-0.013212000065232932,0.0038410069662955237,0.21371,0.0,0.05,-0.08546533194350525,0.08546533194350525,0.08546533194350525,-0.12940118490975716,-0.04804175773852404,0.67192,0.00059,0.05
2020-02-03,央行开展1.2万亿元逆回购操作并下调7天、14天逆回购中标利率10个基,801780,monetary_policy,-,+,False,0.0,0.014263871598082956,0.0,0.0,-0.06566913994133172,-0.07880889162843929,-0.01334,0.00293,0.05,-0.01935975912038268,0.033150772358171404,0.01935975912038268,-0.044839401483964814,-0.025982660410434844,-0.00575,0.00678,0.05,-0.044320628116666705,0.08333121083634429,0.044320628116666705,-0.05956127448966497,-0.015947447252067093,-0.03057,0.0343,0.05
2020-02-03,央行开展1.2万亿元逆回购操作并下调7天、14天逆回购中标利率10个基,801790,monetary_policy,-,+,False,0.0,-0.00975907627306527,0.00975907627306527,0.00975907627306527,-0.08779886591710684,-0.07880889162843929,-0.0218,0.00585,0.05,-0.02587437097414602,0.02587437097414602,0.02587437097414602,-0.051184746390225966,-0.025982660410434844,-0.02924,0.01497,0.05,-0.029016351467244128,0.039759844513955866,0.029016351467244128,-0.04450106198483961,-0.015947447252067093,-0.11049,0.06845,0.05
2020-02-03,央行开展1.2万亿元逆回购操作并下调7天、14天逆回购中标利率10个基,801180,monetary_policy,-,+,False,0.0,-0.015104953918954611,0.015104953918954611,0.015104953918954611,-0.09272344087094242,-0.07880889162843929,-0.01431,0.00242,0.05,-0.045887645879753136,0.045887645879753136,0.045887645879753136,-0.07067802317026006,-0.025982660410434844,-0.00055,0.0078,0.05,-0.003436693686589054,0.045887645879753136,0.003436693686589054,-0.019329334447368396,-0.015947447252067093,-0.00898,0.03611,0.05
2020-02-17,央行开展中期借贷便利（MLF）操作，1年期中标利率下调10个基点至3.,801780,monetary_policy,-,+,False,0.0,-0.004623551096945899,0.004623551096945899,0.004623551096945899,0.017763928534873852,0.02249147009304031,-0.02139,0.0048,0.05,-0.023582859119785082,0.023582859119785082,0.023582859119785082,0.016023927852520492,0.040563387628161696,-0.02095,0.01376,0.05,-0.005740660045896462,0.03878697024722122,0.005740660045896462,-0.02878393285644487,-0.023176320185850252,-0.0572,0.04868,0.05
2020-02-17,央行开展中期借贷便利（MLF）操作，1年期中标利率下调10个基点至3.,801790,monetary_policy,+,+,True,0.0,0.012038872731673145,0.0,0.0,0.034801114770711905,0.02249147009304031,-0.02365,0.00463,0.05,0.024970469885425395,0.007014848597007593,0.0,0.06654674436280716,0.040563387628161696,-0.02115,0.01527,0.05,0.020266234820002893,0.02548794960560268,0.0,-0.003379782112996832,-0.023176320185850252,-0.12698,0.08828,0.05
2020-02-17,央行开展中期借贷便利（MLF）操作，1年期中标利率下调10个基点至3.,801180,monetary_policy,-,+,False,0.0,-0.014306510085623114,0.014306510085623114,0.014306510085623114,0.007863185563690589,0.02249147009304031,-0.03093,0.00706,0.05,-0.036825492695954254,0.036825492695954254,0.036825492695954254,0.0022441281973837324,0.040563387628161696,-0.04739,0.02429,0.05,0.017283851563389963,0.04521675593460073,0.0,-0.006293044700337869,-0.023176320185850252,-0.13574,0.08835,0.05
2020-02-20,LPR下调：1年期降至4.05%(-10bp)，5年期降至4.75%(,801780,monetary_policy,-,+,False,0.0,-0.00992343302732035,0.00992343302732035,0.00992343302732035,0.012888614022156908,0.023040689791526736,-0.02105,0.00568,0.05,-0.01420212501282725,0.030044886218957956,0.01420212501282725,-0.008920931572303448,0.005357278174892066,-0.02571,0.01494,0.05,0.016336985553800476,0.030044886218957956,0.0,-0.08778603319298195,-0.10244930591603552,-0.099,0.06717,0.05
2020-02-20,LPR下调：1年期降至4.05%(-10bp)，5年期降至4.75%(,801790,monetary_policy,+,-,False,0.0,0.018562688495609825,0.0,0.0,0.04203107543446061,0.023040689791526736,-0.0621,0.03415,0.4945,0.008691824754543997,0.012402216246128204,0.0,0.014095667452493466,0.005357278174892066,-0.18865,0.12626,0.354,-0.0030270967163879003,0.02548794960560284,0.0030270967163879003,-0.10516627867488892,-0.10244930591603552,-0.60484,0.48093,0.05
2020-02-20,LPR下调：1年期降至4.05%(-10bp)，5年期降至4.75%(,801180,monetary_policy,-,-,True,0.0,-0.012329344631977324,0.012329344631977324,0.012329344631977324,0.010427268554551228,0.023040689791526736,-0.0806,0.05256,0.5,0.005382907620304023,0.03065026253471448,0.0,0.010769023528707677,0.005357278174892066,-0.28548,0.22022,0.5,0.02234294728133257,0.03065026253471448,0.0,-0.08239537807579489,-0.10244930591603552,-0.88476,0.75224,0.5
2020-03-13,央行宣布定向降准：对达到普惠金融考核标准的银行下调存款准备金率0.5-,801780,monetary_policy,+,+,True,0.0,0.0049560257340801606,0.0,0.0,-0.009185913965083725,-0.01407219752608957,-0.02196,0.00584,0.05,0.002085612221265354,0.018989075151966794,0.0,-0.08968375743618173,-0.09157837268417335,-0.02442,0.01363,0.05,-0.006136950522525608,0.036783139357031244,0.006136950522525608,-0.05185241046851974,-0.045997745836339865,-0.10279,0.07125,0.05
2020-03-13,央行宣布定向降准：对达到普惠金融考核标准的银行下调存款准备金率0.5-,801790,monetary_policy,-,+,False,0.0,0.0005179195924935875,0.0,0.0,-0.013561566200404274,-0.01407219752608957,-0.04729,0.01398,0.05,-0.0038120282488542934,0.010322784459562369,0.0038120282488542934,-0.09504130158937141,-0.09157837268417335,-0.06441,0.03146,0.05,-0.037545005085725225,0.04504423021667116,0.037545005085725225,-0.08181576532070789,-0.045997745836339865,-0.21827,0.12872,0.05
2020-03-13,央行宣布定向降准：对达到普惠金融考核标准的银行下调存款准备金率0.5-,801180,monetary_policy,-,-,True,0.0,0.0024226662015258693,0.0,0.0,-0.011683623561891454,-0.01407219752608957,-0.09038,0.05156,0.5,-0.015270623142849216,0.03185844867195166,0.015270623142849216,-0.10545053700972729,-0.09157837268417335,-0.2994,0.2111,0.4515,-0.022801697817426247,0.040918911298826154,0.022801697817426247,-0.06775061695292284,-0.045997745836339865,-0.8867,0.71206,0.05
2020-03-30,央行开展500亿元7天逆回购操作，中标利率下调20个基点至2.2%,801780,monetary_policy,-,-,True,0.0,0.005592102616846173,0.0,0.0,-0.004151951750204996,-0.009689867632904248,-0.03434,0.01324,0.106,-0.01634631483052551,0.021816417800300414,0.01634631483052551,-0.015509294985277533,0.0008509294052037042,-0.09502,0.04546,0.05,-0.031756564005031906,0.053517198712131536,0.031756564005031906,-0.0023422818182643468,0.03037901533155396,-0.25139,0.16125,0.05
2020-03-30,央行开展500亿元7天逆回购操作，中标利率下调20个基点至2.2%,801790,monetary_policy,-,-,True,0.0,-0.00015633454841612604,0.00015633454841612604,0.00015633454841612604,-0.009844687320239798,-0.009689867632904248,-0.03893,0.01115,0.05,-0.015580050056524852,0.015580050056524852,0.015580050056524852,-0.014742378174048554,0.0008509294052037042,-0.08156,0.03875,0.05,-0.03674619832503656,0.03674619832503656,0.03674619832503656,-0.007483496315775051,0.03037901533155396,-0.25354,0.15113,0.05
2020-03-30,央行开展500亿元7天逆回购操作，中标利率下调20个基点至2.2%,801180,monetary_policy,-,-,True,0.0,-0.003352228978324434,0.003352228978324434,0.003352228978324434,-0.01300961395615352,-0.009689867632904248,-0.04333,0.01376,0.05,-0.00771261499157605,0.015604077390136695,0.00771261499157605,-0.006868248477259531,0.0008509294052037042,-0.09019,0.04192,0.05,-0.034936433405706624,0.03603167922861672,0.034936433405706624,-0.005618752520214709,0.03037901533155396,-0.15714,0.09204,0.05
2020-04-03,央行宣布对中小银行定向降准1个百分点（分4月15日、5月15日两次实施,801780,monetary_policy,-,-,True,0.0,-0.0008114948862623095,0.0008114948862623095,0.0008114948862623095,-0.006513872135102683,-0.005707008457019103,-0.10304,0.07651,0.5,-0.01090175737540433,0.016099602774041655,0.01090175737540433,-0.0017254279213939627,0.009277470183002956,-0.39349,0.33331,0.5,-0.027578982943113672,0.03319299920368446,0.027578982943113672,0.024946939274099078,0.05401561802539612,-1.15783,0.99117,0.5
2020-04-03,央行宣布对中小银行定向降准1个百分点（分4月15日、5月15日两次实施,801790,monetary_policy,-,+,False,0.0,-0.00792958414806455,0.00792958414806455,0.00792958414806455,-0.01359133840129001,-0.005707008457019103,-0.04472,0.01199,0.05,-0.005105532939118307,0.011761389854762827,0.005105532939118307,0.0041245708142734205,0.009277470183002956,-0.05593,0.02739,0.05,-0.025119579506288958,0.029260226132648226,0.025119579506288958,0.027539188907536705,0.05401561802539612,-0.19063,0.11559,0.05
2020-04-03,央行宣布对中小银行定向降准1个百分点（分4月15日、5月15日两次实施,801180,monetary_policy,-,-,True,0.0,0.004776222838188016,0.0,0.0,-0.0009580435629612527,-0.005707008457019103,-0.0597,0.02742,0.143,-0.007143001309153352,0.013566051249675552,0.007143001309153352,0.0020681998921867617,0.009277470183002956,-0.14384,0.07891,0.05,-0.03166586609637789,0.03626886077342482,0.03166586609637789,0.020639300601512423,0.05401561802539612,-0.37621,0.24181,0.05
2020-04-15,央行开展中期借贷便利（MLF）操作，1年期中标利率下调20个基点至2.,801780,monetary_policy,-,-,True,0.0,0.0018467350684838735,0.0,0.0,-0.005573956138962277,-0.007407012417861458,-0.04972,0.02153,0.2335,-0.002545501190987398,0.01211602409340937,0.002545501190987398,-0.007147814863071256,-0.004614058764163098,-0.13746,0.07695,0.05,-0.017082552261971196,0.03732342710453418,0.017082552261971196,0.005299976863972322,0.02277152488996137,-0.4326,0.30594,0.05
2020-04-15,央行开展中期借贷便利（MLF）操作，1年期中标利率下调20个基点至2.,801790,monetary_policy,-,+,False,0.0,-0.0006459311480295771,0.0006459311480295771,0.0006459311480295771,-0.008048159145856548,-0.007407012417861458,-0.02421,0.00431,0.05,0.0028749019813456567,0.004292978632327865,0.0,-0.0017524217495009653,-0.004614058764163098,-0.03726,0.02093,0.05,-0.02371351821405243,0.03411509989938313,0.02371351821405243,-0.0014819862943311612,0.02277152488996137,-0.17613,0.11409,0.05
2020-04-15,央行开展中期借贷便利（MLF）操作，1年期中标利率下调20个基点至2.,801180,monetary_policy,-,-,True,0.0,-0.0067341239867383385,0.0067341239867383385,0.0067341239867383385,-0.014091256664606644,-0.007407012417861458,-0.05773,0.02037,0.127,-0.015458945691490755,0.015458945691490755,0.015458945691490755,-0.02000167597180147,-0.004614058764163098,-0.15707,0.08552,0.05,-0.035698955309202196,0.04125720663743382,0.035698955309202196,-0.013740350068610407,0.02277152488996137,-0.40445,0.26664,0.05
2020-04-20,LPR下调：1年期降至3.85%(-20bp)，5年期降至4.65%(,801780,monetary_policy,+,-,False,0.0,-0.006679350283065211,0.006679350283065211,0.006679350283065211,-0.0030656636537718107,0.0036379860121937835,-0.02534,0.00701,0.05,-0.004358282417013748,0.010198174365278263,0.004358282417013748,-0.015383116626126014,-0.011073093879468865,-0.05471,0.0254,0.05,-0.006375286583805484,0.03836673895211702,0.006375286583805484,0.018400070628994403,0.024934320652732822,-0.14477,0.08958,0.05
2020-04-20,LPR下调：1年期降至3.85%(-20bp)，5年期降至4.65%(,801790,monetary_policy,-,-,True,0.0,0.004369720265486654,0.0,0.0,0.008023603258883405,0.0036379860121937835,-0.04515,0.01388,0.117,-0.019349249191534246,0.023615775125868217,0.019349249191534246,-0.030208087018207874,-0.011073093879468865,-0.12986,0.06459,0.05,-0.030493972446060447,0.038362684907941855,0.030493972446060447,-0.006319998280273187,0.024934320652732822,-0.435,0.28694,0.05
2020-04-20,LPR下调：1年期降至3.85%(-20bp)，5年期降至4.65%(,801180,monetary_policy,-,-,True,0.0,-0.0048465296873991814,0.0048465296873991814,0.0048465296873991814,-0.0012261752824158645,0.0036379860121937835,-0.05442,0.02265,0.142,-0.008390750211420772,0.008390750211420772,0.008390750211420772,-0.019370932526079243,-0.011073093879468865,-0.12661,0.06492,0.05,-0.03408372771474788,0.03420602819303825,0.03408372771474788,-0.009999261657894443,0.024934320652732822,-0.36605,0.23468,0.05
2020-04-20,LPR下调：1年期降至3.85%(-20bp)，5年期降至4.65%(,801710,monetary_policy,+,+,True,0.0,0.023672447761320603,0.0,0.0,0.027396553807344404,0.0036379860121937835,-0.03889,0.00745,0.05,0.018788560382198227,0.019294607182851968,0.0,0.007507419009757044,-0.011073093879468865,0.01043,0.01484,0.05,0.0027430535251238286,0.034740319587901025,0.0,0.02774577035402004,0.024934320652732822,0.08821,0.04289,0.05
2020-06-12,证监会发布创业板改革并试点注册制相关制度规则（首发注册管理办法等，试行,801790,capital_market_policy,-,-,True,0.0,-0.004841264484609975,0.004841264484609975,0.004841264484609975,-0.003048632169555865,0.0018013531420448814,-0.06793,0.01979,0.0725,-0.010635188831499498,0.011204368409062027,0.010635188831499498,0.0013729655515375416,0.0121372361817218,-0.18508,0.08974,0.05,0.0657204947102894,0.03307261074880646,0.0,0.2943065172620687,0.2144896562338503,-0.49696,0.29815,0.05
2020-06-12,证监会发布创业板改革并试点注册制相关制度规则（首发注册管理办法等，试行,801780,capital_market_policy,-,-,True,0.0,-0.0010481051729680502,0.0010481051729680502,0.0010481051729680502,0.0007513599615303068,0.0018013531420448814,-0.03577,0.00967,0.05,-0.02042181550679545,0.02042181550679545,0.02042181550679545,-0.008532443723138994,0.0121372361817218,-0.0744,0.03405,0.05,-0.10909046017166013,0.10909046017166013,0.10909046017166013,0.08200042076157832,0.2144896562338503,-0.19733,0.11824,0.05
2020-06-12,证监会发布创业板改革并试点注册制相关制度规则（首发注册管理办法等，试行,801750,capital_market_policy,-,-,True,0.0,-0.0033358009998391003,0.0033358009998391003,0.0033358009998391003,-0.0015404568134065322,0.0018013531420448814,-0.06771,0.01739,0.05,0.008437589455731365,0.0037550321648022627,0.0,0.020677234653481813,0.0121372361817218,-0.14885,0.06795,0.05,0.04524582613016137,0.051171357957987294,0.0,0.2694402440566872,0.2144896562338503,-0.29594,0.17022,0.05
2020-08-04,国务院印发《新时期促进集成电路产业和软件产业高质量发展的若干政策》（国,801080,industry_policy,-,+,False,0.0,-0.018856471206779246,0.018856471206779246,0.018856471206779246,-0.017932969136214116,0.000941250738004662,-0.03973,0.00703,0.05,-0.031114181959547405,0.031114181959547405,0.031114181959547405,-0.040544719242825766,-0.00973338355013964,-0.05781,0.03223,0.05,-0.05171668221157022,0.05359258404459366,0.05171668221157022,-0.04279215096597122,0.009411249864031523,0.0019,0.07139,0.05
2020-08-04,国务院印发《新时期促进集成电路产业和软件产业高质量发展的若干政策》（国,801750,industry_policy,-,-,True,0.0,-0.010797160331979971,0.010797160331979971,0.010797160331979971,-0.009866072429106088,0.000941250738004662,-0.08328,0.02696,0.062,-0.004207800871640743,0.012209306426432842,0.004207800871640743,-0.013900228281993776,-0.00973338355013964,-0.23502,0.11711,0.05,-0.04244723623186919,0.05266348819883686,0.04244723623186919,-0.03343546791405372,0.009411249864031523,-0.54313,0.3211,0.05
2020-08-04,国务院印发《新时期促进集成电路产业和软件产业高质量发展的若干政策》（国,801770,industry_policy,-,-,True,0.0,-0.010924384523793407,0.010924384523793407,0.010924384523793407,-0.009993416370783992,0.000941250738004662,-0.05661,0.01544,0.05,-0.015115672125693869,0.015115672125693869,0.015115672125693869,-0.024701929041415882,-0.00973338355013964,-0.13016,0.06047,0.05,-0.04518455075730099,0.049854918071323695,0.04518455075730099,-0.036198543990440424,0.009411249864031523,-0.40567,0.23471,0.05
2020-08-17,美国商务部BIS扩大对华为的外国直接产品规则(FDPR)，并新增38家,801080,geopolitical,+,-,False,0.0,-0.0017596907556198804,0.0017596907556198804,0.0017596907556198804,0.02170706581147619,0.02350812359486798,-0.07821,0.01993,0.0755,-0.016702957818037545,0.02580848937530822,0.016702957818037545,-0.01373214244501375,0.003021279680076816,-0.17301,0.07899,0.05,-0.03868780188809573,0.059257254372330266,0.03868780188809573,-0.054492162502963626,-0.01644040369601918,-0.47429,0.26806,0.05
2020-08-17,美国商务部BIS扩大对华为的外国直接产品规则(FDPR)，并新增38家,801880,geopolitical,-,+,False,0.0,0.000881079315418587,0.0,0.0,0.024409915431730322,0.02350812359486798,-0.01495,0.00204,0.05,-0.0017942931749636015,0.01226893197138126,0.0017942931749636015,0.0012215654436036338,0.003021279680076816,0.0193,0.01006,0.05,0.016058327179159004,0.031703256787449334,0.0,-0.0006460818983679006,-0.01644040369601918,0.07945,0.0383,0.05
2020-08-17,美国商务部BIS扩大对华为的外国直接产品规则(FDPR)，并新增38家,801110,geopolitical,-,-,True,0.0,-0.010685540400439564,0.010685540400439564,0.010685540400439564,0.012571386190016964,0.02350812359486798,-0.07494,0.0234,0.059,-0.022454846490588487,0.022454846490588487,0.022454846490588487,-0.019501409181932883,0.003021279680076816,-0.14443,0.06911,0.05,-0.03695114952995038,0.03850048029339659,0.03695114952995038,-0.05278406141066494,-0.01644040369601918,-0.34649,0.20233,0.05
2020-08-17,美国商务部BIS扩大对华为的外国直接产品规则(FDPR)，并新增38家,801890,geopolitical,+,+,True,0.0,-0.0019825812108422713,0.0019825812108422713,0.0019825812108422713,0.021478935619884343,0.02350812359486798,-0.01438,0.00186,0.05,0.0010361079652014826,0.006271779206355107,0.0,0.004060518017219961,0.003021279680076816,0.02173,0.00895,0.05,0.006484293288290033,0.038958774825586184,0.0,-0.010062714807072104,-0.01644040369601918,0.06971,0.04198,0.05
2020-08-17,美国商务部BIS扩大对华为的外国直接产品规则(FDPR)，并新增38家,801750,geopolitical,-,+,False,0.0,-0.003917361373603656,0.003917361373603656,0.003917361373603656,0.01949867240592784,0.02350812359486798,-0.03597,0.00597,0.05,-0.013297737606051463,0.015769528407170164,0.013297737606051463,-0.010316634110394962,0.003021279680076816,-0.03852,0.02648,0.05,-0.042452777822508114,0.05119095319215431,0.042452777822508114,-0.05819524071310811,-0.01644040369601918,-0.08517,0.08768,0.05
2020-08-17,美国商务部BIS扩大对华为的外国直接产品规则(FDPR)，并新增38家,801770,geopolitical,-,+,False,0.0,-0.0018370385880123186,0.0018370385880123186,0.0018370385880123186,0.021627899676680107,0.02350812359486798,-0.05029,0.01218,0.05,-0.011422904376114928,0.012397635605481128,0.011422904376114928,-0.008436136484917034,0.003021279680076816,-0.10093,0.04598,0.05,-0.07154963123215163,0.07221183732046033,0.07154963123215163,-0.08681373010641313,-0.01644040369601918,-0.31382,0.1815,0.05
2020-09-22,双碳目标宣布：2030年碳达峰、2060年碳中和,801730,industry_policy,+,-,False,0.0,-0.006154613888283311,0.006154613888283311,0.006154613888283311,-0.017947268727850352,-0.01186568354027806,-0.05984,0.01694,0.082,-0.0029244381534628827,0.025656460200513383,0.0029244381534628827,-0.026200659904680457,-0.02334449127216709,-0.1511,0.07163,0.05,0.05335455106747222,0.05905383191548719,0.0,0.05511731638763284,0.0016734776703388743,-0.39683,0.2357,0.05
2020-09-22,双碳目标宣布：2030年碳达峰、2060年碳中和,801160,industry_policy,-,-,True,0.0,-0.0015736422570372666,0.0015736422570372666,0.0015736422570372666,-0.013420653456287734,-0.01186568354027806,-0.03979,0.01296,0.1385,-0.023652663674250674,0.023652663674250674,0.023652663674250674,-0.04644499554571069,-0.02334449127216709,-0.10788,0.05321,0.05,-0.04184614765368588,0.04926053000174735,0.04184614765368588,-0.04024269857703533,0.0016734776703388743,-0.29236,0.18336,0.05
2020-09-22,双碳目标宣布：2030年碳达峰、2060年碳中和,801050,industry_policy,-,+,False,0.0,-0.01689347987687073,0.01689347987687073,0.01689347987687073,-0.028558710731035775,-0.01186568354027806,-0.0355,0.00688,0.05,-0.05166077270977609,0.05166077270977609,0.05166077270977609,-0.07379926952430615,-0.02334449127216709,-0.05298,0.0281,0.05,-0.03834239411742835,0.05703016801069605,0.03834239411742835,-0.03673308158747257,0.0016734776703388743,-0.11664,0.08872,0.05
2020-09-22,双碳目标宣布：2030年碳达峰、2060年碳中和,801770,industry_policy,-,-,True,0.0,-0.001127035599656212,0.001127035599656212,0.001127035599656212,-0.012979346092170108,-0.01186568354027806,-0.04289,0.01141,0.05,-0.03790694710989395,0.03790694710989395,0.03790694710989395,-0.060366519986099654,-0.02334449127216709,-0.09195,0.04285,0.05,-0.03646827341533321,0.04086122311345941,0.03646827341533321,-0.034855824586231376,0.0016734776703388743,-0.26705,0.15441,0.05
2020-11-05,国家组织冠脉支架集中带量采购在天津开标并产生拟中选结果（首次高值医用耗,801150,industry_policy,-,+,False,0.0,-0.010933042825276296,0.010933042825276296,0.010933042825276296,0.003749096590559997,0.01484443425122195,-0.0412,0.00813,0.05,-0.0539268377252643,0.0539268377252643,0.0539268377252643,-0.035994187890653784,0.018954823527065567,-0.06262,0.0323,0.05,-0.09768323587119498,0.1045412604262681,0.09768323587119498,-0.05016688359711352,0.05266038952513408,-0.16767,0.1123,0.05
2020-11-10,市场监管总局发布《关于平台经济领域的反垄断指南（征求意见稿）》公开征求,801760,industry_policy,-,-,True,0.0,-0.004843644722604568,0.004843644722604568,0.004843644722604568,-0.010332302557306217,-0.005515372338823821,-0.05229,0.01367,0.067,-0.018015994215485165,0.01853820823109653,0.018015994215485165,-0.03323025573062377,-0.01549339034599051,-0.13475,0.06386,0.05,-0.04532395526769939,0.06458361337269014,0.04532395526769939,-0.03748834241397914,0.008207614401718244,-0.33315,0.18596,0.05
2020-11-10,市场监管总局发布《关于平台经济领域的反垄断指南（征求意见稿）》公开征求,801750,industry_policy,-,+,False,0.0,-0.00713664658255031,0.00713664658255031,0.00713664658255031,-0.012612657658220727,-0.005515372338823821,-0.0364,0.00609,0.05,-0.019567351597201688,0.026197799280991863,0.019567351597201688,-0.03475757732685958,-0.01549339034599051,-0.03731,0.02621,0.05,-0.05621291771079029,0.07581027109397531,0.05621291771079029,-0.04846667726203735,0.008207614401718244,-0.04951,0.07619,0.05
2020-12-18,美国商务部BIS将中芯国际(SMIC)等逾60家中国实体列入出口管制实,801080,geopolitical,+,-,False,0.0,-0.002747835347773897,0.002747835347773897,0.002747835347773897,-0.006228047000532588,-0.0034898010514445854,-0.04216,0.01129,0.052,0.011150549090764406,0.007641409327656587,0.0,0.007631306547245309,-0.003480433795624016,-0.10396,0.04822,0.05,0.009987886003122615,0.041776925055541654,0.0,0.09867859726017936,0.08781363864475389,-0.25781,0.14435,0.05
2020-12-18,美国商务部BIS将中芯国际(SMIC)等逾60家中国实体列入出口管制实,801880,geopolitical,+,+,True,0.0,0.017987261164999824,0.0,0.0,0.014434688150628983,-0.0034898010514445854,-0.03284,0.00739,0.05,0.016735021829695107,0.025139480380449962,0.0,0.013196342898524449,-0.003480433795624016,-0.0614,0.0296,0.05,-0.016487974714732956,0.07497273736891018,0.016487974714732956,0.06987779487643686,0.08781363864475389,-0.07798,0.06683,0.05
2020-12-18,美国商务部BIS将中芯国际(SMIC)等逾60家中国实体列入出口管制实,801110,geopolitical,+,+,True,0.0,0.0008015075670664285,0.0,0.0,-0.0026910905863284373,-0.0034898010514445854,-0.03379,0.00686,0.05,0.012723822903835336,0.012686513846927948,0.0,0.009199104684967319,-0.003480433795624016,-0.06115,0.02959,0.05,-0.007543318627046713,0.03130043188968418,0.007543318627046713,0.0796079137616088,0.08781363864475389,-0.12543,0.08432,0.05
2020-12-18,美国商务部BIS将中芯国际(SMIC)等逾60家中国实体列入出口管制实,801890,geopolitical,+,+,True,0.0,-0.007223753851135606,0.007223753851135606,0.007223753851135606,-0.010688345438795155,-0.0034898010514445854,-0.02272,0.00398,0.05,-0.00601608284600097,0.008219256778405985,0.00601608284600097,-0.009475578063570245,-0.003480433795624016,-0.02692,0.01708,0.05,-0.01979313030643104,0.03994837490937183,0.01979313030643104,0.06628240154594556,0.08781363864475389,-0.06065,0.05644,0.05
2020-12-18,美国商务部BIS将中芯国际(SMIC)等逾60家中国实体列入出口管制实,801750,geopolitical,-,-,True,0.0,-0.006270983522068341,0.006270983522068341,0.006270983522068341,-0.009738900088623992,-0.0034898010514445854,-0.04438,0.01296,0.083,-0.048591178717265704,0.048591178717265704,0.048591178717265704,-0.05190249413231274,-0.003480433795624016,-0.10992,0.05108,0.05,-0.09521040673582726,0.11909531739592205,0.09521040673582726,-0.015757540343393828,0.08781363864475389,-0.29531,0.17628,0.05
2020-12-18,美国商务部BIS将中芯国际(SMIC)等逾60家中国实体列入出口管制实,801770,geopolitical,-,+,False,0.0,-0.0033792197934434665,0.0033792197934434665,0.0033792197934434665,-0.006857228040099805,-0.0034898010514445854,-0.03277,0.00692,0.05,-0.04300678060027452,0.04300678060027452,0.04300678060027452,-0.04633753214325642,-0.003480433795624016,-0.05719,0.0278,0.05,-0.0914736926845342,0.13344296889182194,0.0914736926845342,-0.01169269183468169,0.08781363864475389,-0.14431,0.09131,0.05
2020-12-31,沪深交易所发布退市制度改革相关业务规则（退市新规），当日施行,801790,capital_market_policy,-,-,True,0.0,0.014050319053289018,0.0,0.0,0.033400063697165416,0.019081641492841417,-0.05632,0.01475,0.077,-0.03554263752760789,0.04890581428660915,0.03554263752760789,0.03988807498066316,0.07821052069622247,-0.12969,0.06069,0.05,-0.07111017498573302,0.09717482039805397,0.07111017498573302,-0.023258564993858144,0.05151483922341327,-0.3547,0.20993,0.05
2020-12-31,沪深交易所发布退市制度改革相关业务规则（退市新规），当日施行,801780,capital_market_policy,-,+,False,0.0,-0.008234903634363966,0.008234903634363966,0.008234903634363966,0.010689602379598373,0.019081641492841417,-0.02629,0.00615,0.05,-0.05829992782787263,0.06677854187217247,0.05829992782787263,0.015350925156379702,0.07821052069622247,-0.04623,0.02164,0.05,0.022227478550262303,0.06677854187217247,0.0,0.07488736275753438,0.05151483922341327,-0.1085,0.07213,0.05
2020-12-31,沪深交易所发布退市制度改革相关业务规则（退市新规），当日施行,801750,capital_market_policy,-,+,False,0.0,0.009021553071479671,0.0,0.0,0.028275340605739663,0.019081641492841417,-0.0346,0.00799,0.05,-0.07553589130596183,0.09162137541553679,0.07553589130596183,-0.003233072000031978,0.07821052069622247,-0.06768,0.03136,0.05,-0.060612677044672436,0.09162137541553679,0.060612677044672436,-0.012220290134116296,0.05151483922341327,-0.22859,0.13658,0.05
2021-02-07,国务院反垄断委员会印发《关于平台经济领域的反垄断指南》正式稿,801760,industry_policy,+,-,False,0.0,-0.00841701558902086,0.00841701558902086,0.00841701558902086,0.006257232246174915,0.014798809646690891,-0.04185,0.01401,0.1155,0.010474241757352898,0.029538373094671,0.0,0.06491521307447234,0.0538766542157858,-0.12349,0.06367,0.05,0.04446884494495951,0.04715909751359805,0.0,-0.019728853269332713,-0.061464445325485006,-0.35831,0.23731,0.05
2021-02-07,国务院反垄断委员会印发《关于平台经济领域的反垄断指南》正式稿,801750,industry_policy,+,-,False,0.0,-0.0029952305289947523,0.0029952305289947523,0.0029952305289947523,0.011759253271249603,0.014798809646690891,-0.04677,0.01568,0.11,0.02759793909889474,0.005842964869324452,0.0,0.08296147793657993,0.0538766542157858,-0.12574,0.06309,0.05,0.043731594088022074,0.05013605887662152,0.0,-0.02042078941128289,-0.061464445325485006,-0.42715,0.28871,0.05
2021-04-10,市场监管总局对阿里巴巴集团作出反垄断行政处罚决定（罚款182.28亿元,801760,industry_policy,+,-,False,0.0,0.001265413349948341,0.0,0.0,-0.016151859579497274,-0.017395260734286544,-0.07743,0.03973,0.3985,0.01423605917581594,0.005328815182454297,0.0,0.0003064038402615932,-0.013734135371674339,-0.26304,0.17874,0.1945,-0.0042726866213749215,0.03115572319487675,0.0042726866213749215,-0.002451230722091191,0.0018292718044494727,-0.72132,0.55802,0.05
2021-04-10,市场监管总局对阿里巴巴集团作出反垄断行政处罚决定（罚款182.28亿元,801750,industry_policy,+,+,True,0.0,-0.000516755234781674,0.000516755234781674,0.000516755234781674,-0.017903026877023387,-0.017395260734286544,-0.03534,0.00868,0.05,0.02328488018787267,0.000516755234781674,0.0,0.009230947119584831,-0.013734135371674339,-0.06925,0.03179,0.05,-0.017084433901183083,0.06216083848287939,0.017084433901183083,-0.015286414169964346,0.0018292718044494727,-0.16416,0.0964,0.05
2021-06-23,第五批国家组织药品集中带量采购在上海开标（251个品种、148家企业中,801150,industry_policy,-,+,False,0.0,-0.005622313220448816,0.005622313220448816,0.005622313220448816,-0.0007231837317511758,0.004926829668276511,-0.04024,0.00958,0.05,-0.0005716895557993373,0.02206316638070205,0.0005716895557993373,0.012771886309362657,0.013351208611682708,-0.07035,0.03282,0.05,0.003859348827529363,0.04936603094907473,0.0,0.00127941972968304,-0.0025700105307178145,-0.17583,0.10505,0.05
2021-07-09,央行宣布全面下调金融机构存款准备金率0.5个百分点（自7月15日起实施,801780,monetary_policy,-,-,True,0.0,-0.007177039307214361,0.007177039307214361,0.007177039307214361,-0.010849401167709827,-0.0036989090763300814,-0.03311,0.00973,0.05,-0.019129088047385223,0.03130343065940089,0.019129088047385223,-0.00694477289567863,0.012421935448622357,-0.06947,0.03188,0.05,-0.07572305351716313,0.07928445253929284,0.07572305351716313,-0.101078896614062,-0.027433166209960946,-0.15235,0.09162,0.05
2021-07-09,央行宣布全面下调金融机构存款准备金率0.5个百分点（自7月15日起实施,801790,monetary_policy,+,-,False,0.0,0.0023125432937127766,0.0,0.0,-0.00139491966999572,-0.0036989090763300814,-0.03814,0.01111,0.05,-0.0034505021056292495,0.012534574200300123,0.0034505021056292495,0.008928571428571619,0.012421935448622357,-0.10213,0.04947,0.05,-0.014737299121246439,0.03222493712898211,0.014737299121246439,-0.04176617455492848,-0.027433166209960946,-0.2176,0.12396,0.05
2021-07-09,央行宣布全面下调金融机构存款准备金率0.5个百分点（自7月15日起实施,801180,monetary_policy,-,-,True,0.0,0.002130782779557361,0.0,0.0,-0.0015760078685356227,-0.0036989090763300814,-0.0313,0.00896,0.05,-0.030259300587947457,0.03232121388155162,0.030259300587947457,-0.01821324421794912,0.012421935448622357,-0.0647,0.03044,0.05,-0.07704619214382902,0.09607318244739531,0.07704619214382902,-0.102365737358864,-0.027433166209960946,-0.10645,0.0636,0.05
2021-07-26,教育双减政策：学科类培训机构不得上市融资,801760,industry_policy,-,+,False,0.0,-0.006374313425695055,0.006374313425695055,0.006374313425695055,-0.03837996638021768,-0.032210975810083586,-0.0063,0.00087,0.05,-0.005653788129808213,0.012978076647185659,0.005653788129808213,-0.05998146198922283,-0.05463657749269635,0.00221,0.00416,0.05,-0.007421587219386794,0.05609822817385792,0.007421587219386794,-0.05163935713949097,-0.04454838967959507,0.03113,0.01439,0.05
2021-09-02,国家在服贸会致辞中宣布设立北京证券交易所,801790,capital_market_policy,+,+,True,0.0,0.010965677651936456,0.0,0.0,0.010955712201456747,-9.85735787073505e-06,0.03102,0.0,0.05,0.024398421639385104,0.0,0.0,0.0459979584965553,0.021085093847180714,0.2651,1e-05,0.05,0.0012342299510459398,0.04754236039153593,0.0,0.0018704874490285128,0.0006354731779534273,0.89564,0.00103,0.05
2021-09-02,国家在服贸会致辞中宣布设立北京证券交易所,801780,capital_market_policy,+,-,False,0.0,0.00989270473091497,0.0,0.0,0.00988274985711346,-9.85735787073505e-06,-0.04962,0.01978,0.129,0.006492439278490192,0.020839745834629615,0.0,0.02771442681715519,0.021085093847180714,-0.14991,0.08488,0.05,0.02469107022127881,0.050280313297565805,0.0,0.02534223391209367,0.0006354731779534273,-0.35761,0.23595,0.05
2021-09-02,国家在服贸会致辞中宣布设立北京证券交易所,801750,capital_market_policy,+,-,False,0.0,-0.004789412383166658,0.004789412383166658,0.004789412383166658,-0.004799222530085578,-9.85735787073505e-06,-0.03611,0.01436,0.186,0.01211344448845253,0.005557740936322803,0.0,0.03345395144948515,0.021085093847180714,-0.10958,0.06142,0.05,0.000565523883658825,0.04283070127554971,0.0,0.0012013564368722474,0.0006354731779534273,-0.29183,0.19567,0.05
2021-10-08,市场监管总局对美团作出反垄断行政处罚决定（罚款34.42亿元，按202,801760,industry_policy,+,-,False,0.0,0.028940803196298104,0.0,0.0,0.030245465657934067,0.0012679664929053924,-0.0243,0.00717,0.05,0.014288707153173652,0.014239979596114016,0.0,0.014734546896164602,0.0004395590129782079,-0.05033,0.02439,0.05,0.07780815899827265,0.03684726137578437,0.0,0.053156694968449436,-0.022871847669750478,-0.12384,0.07357,0.05
2021-10-08,市场监管总局对美团作出反垄断行政处罚决定（罚款34.42亿元，按202,801750,industry_policy,+,+,True,0.0,0.016761056901346993,0.0,0.0,0.018050275852788955,0.0012679664929053924,-0.01979,0.00476,0.05,0.015051621452900621,0.01260506114147435,0.0,0.01549779654174821,0.0004395590129782079,-0.03024,0.01521,0.05,0.04795223780411417,0.020420556736145835,0.0,0.023983633855884312,-0.022871847669750478,-0.05578,0.04214,0.05
2021-11-26,国家组织胰岛素专项集中带量采购产生拟中选结果（42个产品、11家企业中,801150,industry_policy,-,+,False,0.0,0.006250807752433474,0.0,0.0,-0.0012121619066636224,-0.007416609856708112,-0.01419,0.00233,0.05,-0.013915716158541813,0.0280252918134946,0.013915716158541813,-0.022027420303888712,-0.008226177293634951,-0.01447,0.01166,0.05,-0.041639004086700404,0.06297132731198699,0.041639004086700404,-0.03140312158195979,0.010680612575416859,-0.04805,0.04167,0.05
2021-12-03,2021年国家医保药品目录谈判调整结果公布（新增74种药品，谈判新增药,801150,industry_policy,-,+,False,0.0,-0.004550309604050007,0.004550309604050007,0.004550309604050007,0.004644376789860294,0.009236716312858606,-0.01474,0.00194,0.05,-0.020753659028756366,0.024908879072756962,0.020753659028756366,0.024118959645144766,0.045823626595729916,0.01113,0.01004,0.05,0.004470711507442715,0.035953646945910855,0.0,0.017987587290976048,0.013456714694296545,0.0942,0.03133,0.05
2021-12-06,央行全面降准0.5个百分点，释放长期资金约1.2万亿元,801780,monetary_policy,-,-,True,0.0,0.007001090647880126,0.0,0.0,0.005275778037689749,-0.0017133175189317784,-0.02793,0.00755,0.05,-0.006990166165981804,0.019678734635487874,0.006990166165981804,0.024232290553007685,0.03144224322375466,-0.07088,0.03357,0.05,-0.023207567346863134,0.038459831777567094,0.023207567346863134,-0.0153639588991763,0.008029964386990551,-0.12482,0.07059,0.05
2021-12-06,央行全面降准0.5个百分点，释放长期资金约1.2万亿元,801790,monetary_policy,+,-,False,0.0,0.0117922431578672,0.0,0.0,0.010058721782145508,-0.0017133175189317784,-0.02524,0.00713,0.05,0.00546439748447991,0.008185116704709398,0.0,0.037078453623012875,0.03144224322375466,-0.0516,0.02412,0.05,0.023434331579998746,0.019029387112255224,0.0,0.03165247281500916,0.008029964386990551,-0.09054,0.05298,0.05
2021-12-06,央行全面降准0.5个百分点，释放长期资金约1.2万亿元,801180,monetary_policy,-,-,True,0.0,0.003075159330964139,0.0,0.0,0.0013565730876770044,-0.0017133175189317784,-0.0371,0.01129,0.05,-0.008303568117760007,0.016712130221482335,0.008303568117760007,0.022877592297611216,0.03144224322375466,-0.07118,0.03379,0.05,0.026555047643964658,0.055557344450810085,0.0,0.034798248117831276,0.008029964386990551,-0.11491,0.06863,0.05
2021-12-20,LPR下调：1年期降至3.80%(-5bp)，5年期维持4.65%不变,801780,monetary_policy,-,-,True,0.0,0.014163125249510466,0.0,0.0,-0.0010535381322273052,-0.0150041576181289,-0.03553,0.01372,0.11,-0.0013337391379569796,0.01693976408984545,0.0013337391379569796,-0.008068764266662032,-0.006744019891982256,-0.10995,0.06229,0.05,0.03983131463462786,0.02778001537103552,0.0,0.0004849619973745778,-0.03783916879929561,-0.2688,0.17704,0.05
2021-12-20,LPR下调：1年期降至3.80%(-5bp)，5年期维持4.65%不变,801790,monetary_policy,-,-,True,0.0,0.003184633112689461,0.0,0.0,-0.011867307242618197,-0.0150041576181289,-0.0207,0.00689,0.087,-0.010599631063948789,0.019029387112255013,0.010599631063948789,-0.01727216683318822,-0.006744019891982256,-0.0478,0.02296,0.05,-0.002176435426519907,0.019120361444142166,0.002176435426519907,-0.03993324971833112,-0.03783916879929561,-0.15199,0.09296,0.05
2022-01-17,中国人民银行下调1年期MLF利率10个基点至2.85%、7天期逆回购利,801780,monetary_policy,+,-,False,0.0,-0.008604072539147634,0.008604072539147634,0.008604072539147634,-0.00010027827220537855,0.008577596529695253,-0.03319,0.01999,0.5,0.0317038642887324,0.008604072539147634,0.0,0.04318093821465663,0.011124387843440608,-0.11538,0.08569,0.5,0.07313169137006725,0.03560291477399304,0.0,0.055991487488892044,-0.015972134658787884,-0.3073,0.25073,0.05
2022-01-17,中国人民银行下调1年期MLF利率10个基点至2.85%、7天期逆回购利,801790,monetary_policy,+,-,False,0.0,-0.0030522007898189374,0.0030522007898189374,0.0030522007898189374,0.005499215192973583,0.008577596529695253,-0.02446,0.01049,0.1215,0.015475946741190016,0.00839125946240138,0.0,0.026772495018423603,0.011124387843440608,-0.07355,0.04357,0.05,0.0028654264321803513,0.051478982210009676,0.0,-0.013152475203437763,-0.015972134658787884,-0.16753,0.11018,0.05
2022-01-17,中国人民银行下调1年期MLF利率10个基点至2.85%、7天期逆回购利,801180,monetary_policy,+,-,False,0.0,0.0016505777076956107,0.0,0.0,0.010242332227008433,0.008577596529695253,-0.11927,0.08316,0.5,0.010907254466165028,0.01353419758816951,0.0,0.02215297883859413,0.011124387843440608,-0.44029,0.35931,0.5,0.027411412843199034,0.04485434880411451,0.0,0.011001459407292469,-0.015972134658787884,-1.19747,0.97967,0.5
2022-01-20,LPR双降：1年期降至3.70%(-10bp)，5年期降至4.60%(,801780,monetary_policy,+,-,False,0.0,0.011834376433363714,0.0,0.0,0.02096366045440723,0.009022508261899098,-0.03063,0.01738,0.5,0.014604258347347354,0.00568192619535032,0.0,0.0001574786046310006,-0.014238832159297887,-0.11098,0.07911,0.4105,0.044374898256073214,0.035602914773993154,0.0,0.010002606542422132,-0.032911832495254756,-0.31685,0.25519,0.05
2022-01-20,LPR双降：1年期降至3.70%(-10bp)，5年期降至4.60%(,801790,monetary_policy,+,-,False,0.0,0.011268294772498688,0.0,0.0,0.02039247131708022,0.009022508261899098,-0.02608,0.00942,0.134,0.005468796426506106,0.01587610342059673,0.0,-0.008847905007222212,-0.014238832159297887,-0.07837,0.04285,0.05,-0.006806460484675703,0.056803451878673,0.006806460484675703,-0.03949427989257315,-0.032911832495254756,-0.18089,0.11343,0.05
2022-01-20,LPR双降：1年期降至3.70%(-10bp)，5年期降至4.60%(,801180,monetary_policy,-,-,True,0.0,-0.013534197588169539,0.013534197588169539,0.013534197588169539,-0.004633801735827836,0.009022508261899098,-0.03834,0.01531,0.2185,-0.02372661434424017,0.02372661434424017,0.02372661434424017,-0.0376276072241819,-0.014238832159297887,-0.11633,0.06702,0.05,0.0034103857787122216,0.04485434880411439,0.0,-0.029613688762035517,-0.032911832495254756,-0.26973,0.17304,0.05
2022-01-20,LPR双降：1年期降至3.70%(-10bp)，5年期降至4.60%(,801710,monetary_policy,-,-,True,0.0,-0.020258223836097877,0.020258223836097877,0.020258223836097877,-0.011418495566131392,0.009022508261899098,-0.03398,0.01396,0.1295,-0.03717730293597188,0.03717730293597188,0.03717730293597188,-0.05088677371862915,-0.014238832159297887,-0.09309,0.05089,0.05,-0.01588081854605905,0.042109211035460836,0.01588081854605905,-0.048269984201438576,-0.032911832495254756,-0.21047,0.1316,0.05
2022-01-24,中国人民银行下调14天期逆回购利率10个基点,801780,monetary_policy,+,-,False,0.0,-0.0026706987892433087,0.0026706987892433087,0.0026706987892433087,-0.001121486343233613,0.0015533610053659608,-0.02898,0.01546,0.365,0.009310863403854786,0.0056819261953502,0.0,-0.03620798765296951,-0.04509894097772216,-0.09226,0.06269,0.173,0.018398005071755152,0.042059108944815606,0.0,-0.025473761224876434,-0.04307919504765789,-0.24178,0.18476,0.05
2022-01-24,中国人民银行下调14天期逆回购利率10个基点,801790,monetary_policy,-,-,True,0.0,-0.009150058801812522,0.009150058801812522,0.009150058801812522,-0.00761091114098611,0.0015533610053659608,-0.01442,0.00434,0.05,-0.007893774403115228,0.015876103420596754,0.007893774403115228,-0.052636714514939675,-0.04509894097772216,-0.03945,0.01937,0.05,-0.03603507331836231,0.07231274281856143,0.03603507331836231,-0.07756190641398164,-0.04307919504765789,-0.05257,0.03215,0.05
2022-01-24,中国人民银行下调14天期逆回购利率10个基点,801180,monetary_policy,+,-,False,0.0,0.006921952916087104,0.0,0.0,0.00848606621319381,0.0015533610053659608,-0.02855,0.00864,0.05,0.003279985856023293,0.01845987183838908,0.0,-0.04196687901022733,-0.04509894097772216,-0.0584,0.02765,0.05,0.00037124116409836816,0.04485434880411453,0.0,-0.042723946654077194,-0.04307919504765789,-0.11511,0.06628,0.05
2022-04-15,央行降准0.25个百分点：释放长期资金约5300亿元,801780,monetary_policy,+,-,False,0.0,0.014515556059958357,0.0,0.0,0.013832769001834722,-0.000673017830081668,-0.04045,0.01281,0.0615,0.012696645821782981,0.024516467393075038,0.0,-0.034594300206019724,-0.04669803758402591,-0.11138,0.05678,0.05,-0.05373968448085442,0.0847164350144017,0.05373968448085442,-0.08840154363689856,-0.03663036332346581,-0.25834,0.15295,0.05
2022-04-15,央行降准0.25个百分点：释放长期资金约5300亿元,801790,monetary_policy,+,-,False,0.0,0.010199071564495732,0.0,0.0,0.009519189577400944,-0.000673017830081668,-0.03906,0.01109,0.05,0.0059243702315150415,0.021604296669245317,0.0,-0.04105032381624374,-0.04669803758402591,-0.09038,0.04233,0.05,-0.057721215832066575,0.07510715063123329,0.057721215832066575,-0.09223723004813145,-0.03663036332346581,-0.17871,0.09927,0.05
2022-04-15,央行降准0.25个百分点：释放长期资金约5300亿元,801180,monetary_policy,-,-,True,0.0,0.04240402331275006,0.0,0.0,0.041702466818911654,-0.000673017830081668,-0.08588,0.02818,0.0805,-0.018967123227094707,0.05887462554567647,0.018967123227094707,-0.0647794333778009,-0.04669803758402591,-0.2193,0.10899,0.05,-0.026925160105039536,0.11383535568348477,0.026925160105039536,-0.06256924503131556,-0.03663036332346581,-0.51912,0.2969,0.05
2022-04-25,中国人民银行下调金融机构外汇存款准备金率1个百分点（9%→8%），5月,801780,monetary_policy,-,+,False,0.0,0.0032846596384961124,0.0,0.0,-0.04629821447568072,-0.049420544446520887,0.00506,0.0003,0.05,-0.03333746877375665,0.04049673186029709,0.03333746877375665,-0.03261703330851118,0.0007452812558399469,0.12968,0.0014,0.05,-0.07073387395643405,0.08613715624686814,0.07073387395643405,-0.06459857897123822,0.006602301335698391,0.46928,0.01127,0.05
2022-04-25,中国人民银行下调金融机构外汇存款准备金率1个百分点（9%→8%），5月,801790,monetary_policy,-,+,False,0.0,0.013690029454033859,0.0,0.0,-0.03640708370159429,-0.049420544446520887,-0.0321,0.00555,0.05,-0.040029337302739165,0.06748426958314947,0.040029337302739165,-0.03931388916167455,0.0007452812558399469,-0.05331,0.02888,0.05,-0.0535693184481405,0.0751071506312333,0.0535693184481405,-0.04732069789518456,0.006602301335698391,-0.0617,0.07151,0.05
2022-04-25,中国人民银行下调金融机构外汇存款准备金率1个百分点（9%→8%），5月,801180,monetary_policy,-,-,True,0.0,-0.005047558243782002,0.005047558243782002,0.005047558243782002,-0.054218649613769654,-0.049420544446520887,-0.09879,0.0281,0.0615,-0.010311921005405567,0.04468733292719707,0.010311921005405567,-0.009574325031002862,0.0007452812558399469,-0.24356,0.11584,0.05,-0.06070701609797502,0.06857262275996438,0.06070701609797502,-0.05450552077574711,0.006602301335698391,-0.57713,0.32451,0.05
2022-05-20,LPR非对称下调：1年期维持3.70%，5年期大降至4.45%(-15,801180,monetary_policy,-,-,True,0.0,-0.03146427884091951,0.03146427884091951,0.03146427884091951,-0.012575449683126405,0.01950245999722977,-0.11441,0.03267,0.058,-0.03883790735176018,0.04675345282952259,0.03883790735176018,-0.04041268941563814,-0.0016384146606732708,-0.28441,0.13501,0.05,-0.1368437048295702,0.1368437048295702,0.1368437048295702,-0.07006192753212415,0.07736927561219975,-0.66847,0.36581,0.05
2022-05-20,LPR非对称下调：1年期维持3.70%，5年期大降至4.45%(-15,801710,monetary_policy,-,-,True,0.0,0.00038968633145941567,0.0,0.0,0.01989974617077994,0.01950245999722977,-0.06176,0.01733,0.05,0.003610490116914278,0.010442761794777707,0.0,0.0019661599763010074,-0.0016384146606732708,-0.16407,0.07915,0.05,-0.0535405930415872,0.057431161922587105,0.0535405930415872,0.01968628567113706,0.07736927561219975,-0.30078,0.16741,0.05
2022-08-15,中国人民银行下调1年期MLF利率10个基点至2.75%、7天期逆回购利,801780,monetary_policy,-,-,True,0.0,-0.011774425491596685,0.011774425491596685,0.011774425491596685,-0.01306489612336681,-0.0013058462208004329,-0.03756,0.01309,0.102,0.00034642241462634615,0.011774425491596685,0.0,-0.009219416265892844,-0.00956252600716978,-0.11322,0.06073,0.05,0.03551136170206037,0.018530542180876134,0.0,0.011455311305385907,-0.02323108300534149,-0.25144,0.15109,0.05
2022-08-15,中国人民银行下调1年期MLF利率10个基点至2.75%、7天期逆回购利,801790,monetary_policy,-,-,True,0.0,-0.0072834238016712405,0.0072834238016712405,0.0072834238016712405,-0.00857975899102581,-0.0013058462208004329,-0.02694,0.00703,0.05,0.0030718184993545616,0.0072834238016712405,0.0,-0.006520081852104731,-0.00956252600716978,-0.06009,0.02803,0.05,0.0442061464997443,0.009804535518978832,0.0,0.01994810683572057,-0.02323108300534149,-0.12157,0.06939,0.05
2022-08-15,中国人民银行下调1年期MLF利率10个基点至2.75%、7天期逆回购利,801180,monetary_policy,+,-,False,0.0,-0.00264391253974805,0.00264391253974805,0.00264391253974805,-0.0039463062173503705,-0.0013058462208004329,-0.14508,0.07133,0.2645,0.04286048959575428,0.00264391253974805,0.0,0.03288810904214512,-0.00956252600716978,-0.46164,0.30042,0.0595,0.12854097973388146,0.015683475418009362,0.0,0.10232375055875487,-0.02323108300534149,-1.19376,0.85029,0.05
2022-08-22,LPR双降：1年期降至3.65%(-5bp)，5年期降至4.30%(-,801780,monetary_policy,+,-,False,0.0,-0.009001229913656261,0.009001229913656261,0.009001229913656261,-0.0017621260804486782,0.007304856526286985,-0.03553,0.01524,0.162,0.012695644515675841,0.013047227186577137,0.0,0.002076557500007903,-0.010485960982627551,-0.10479,0.06025,0.05,0.07380665863931224,0.01853054218087605,0.0,0.016101508943280995,-0.05373886372538794,-0.25087,0.16062,0.05
2022-08-22,LPR双降：1年期降至3.65%(-5bp)，5年期降至4.30%(-,801790,monetary_policy,+,-,False,0.0,-0.009804535518978863,0.009804535518978863,0.009804535518978863,-0.002571299717964881,0.007304856526286985,-0.04927,0.01733,0.0615,0.017426773144398,0.009804535518978863,0.0,0.006758075698525268,-0.010485960982627551,-0.12144,0.06036,0.05,0.012111354111149941,0.03346515453456913,0.0,-0.04227836002234708,-0.05373886372538794,-0.31311,0.18518,0.05
2022-08-22,LPR双降：1年期降至3.65%(-5bp)，5年期降至4.30%(-,801180,monetary_policy,-,-,True,0.0,-0.003266564752964829,0.003266564752964829,0.003266564752964829,0.004014429986467949,0.007304856526286985,-0.08738,0.03622,0.0905,-0.015683475418009407,0.015683475418009407,0.015683475418009407,-0.02600498008933161,-0.010485960982627551,-0.23682,0.13643,0.05,0.08619751140669418,0.02417593876460825,0.0,0.027826491362354933,-0.05373886372538794,-0.54282,0.34868,0.05
2022-08-22,LPR双降：1年期降至3.65%(-5bp)，5年期降至4.30%(-,801710,monetary_policy,-,-,True,0.0,-0.0065647441163054765,0.0065647441163054765,0.0065647441163054765,0.0006921578960801256,0.007304856526286985,-0.05068,0.01419,0.073,-0.030193511908261472,0.031745069492021716,0.030193511908261472,-0.04036286490309027,-0.010485960982627551,-0.14722,0.07301,0.05,-0.03161035039645288,0.03741783439005253,0.03161035039645288,-0.08365050980957389,-0.05373886372538794,-0.33498,0.20104,0.05
2022-09-05,中国人民银行下调金融机构外汇存款准备金率2个百分点（8%→6%），9月,801780,monetary_policy,+,+,True,0.0,0.005386506614210473,0.0,0.0,0.0033408080518362304,-0.0020347384303609495,-0.00895,0.00128,0.05,-0.001534353102787711,0.01853054218087618,0.001534353102787711,0.015879431052240323,0.017440544107994338,0.00862,0.00465,0.05,0.05395551410870114,0.021646874270459405,0.0,-0.02532821402031238,-0.07522492844117967,0.08263,0.01353,0.05
2022-09-05,中国人民银行下调金融机构外汇存款准备金率2个百分点（8%→6%），9月,801790,monetary_policy,+,-,False,0.0,0.008600577740573323,0.0,0.0,0.006548339384160329,-0.0020347384303609495,-0.03779,0.01249,0.05,0.007842868316910057,0.007870098656806292,0.0,0.02542019631571879,0.017440544107994338,-0.09389,0.04553,0.05,-0.023460702634060415,0.05569020282505357,0.023460702634060415,-0.09692080139841386,-0.07522492844117967,-0.22223,0.12892,0.05
2022-09-05,中国人民银行下调金融机构外汇存款准备金率2个百分点（8%→6%），9月,801180,monetary_policy,+,-,False,0.0,0.019056745421642374,0.0,0.0,0.016983231499014373,-0.0020347384303609495,-0.0618,0.02354,0.1185,0.05668103846588801,0.0022271015421670716,0.0,0.07511013072533346,0.017440544107994338,-0.22754,0.12622,0.05,0.0638377384491895,0.055916082979531885,0.0,-0.016189379298677142,-0.07522492844117967,-0.49689,0.31024,0.05
2022-10-07,美国商务部BIS发布对华先进计算芯片及半导体制造设备出口管制新规(EA,801080,geopolitical,+,+,True,0.0,-0.021409718321367288,0.021409718321367288,0.021409718321367288,-0.043000567181808114,-0.022063216102457872,-0.01815,0.0026,0.05,0.011103207708283325,0.02671795861235382,0.0,0.02109097713146335,0.009878090927846639,-0.0105,0.01383,0.05,0.11161001360589129,0.02671795861235382,0.0,0.10059290964267587,-0.009910943431930441,0.03753,0.04071,0.05
2022-10-07,美国商务部BIS发布对华先进计算芯片及半导体制造设备出口管制新规(EA,801880,geopolitical,+,+,True,0.0,-0.004679791848495762,0.004679791848495762,0.004679791848495762,-0.026639756692085736,-0.022063216102457872,-0.03127,0.00495,0.05,0.03327223302224036,0.004679791848495762,0.0,0.04347899009325329,0.009878090927846639,-0.03495,0.02584,0.05,0.11086736675849984,0.023567779419137604,0.0,0.09985762312617874,-0.009910943431930441,0.03139,0.0615,0.05
2022-10-07,美国商务部BIS发布对华先进计算芯片及半导体制造设备出口管制新规(EA,801110,geopolitical,-,+,False,0.0,0.006595159235524006,0.0,0.0,-0.01561356729037744,-0.022063216102457872,-0.0144,0.00246,0.05,-0.014581712873025787,0.021038122341689912,0.014581712873025787,-0.004847661430822714,0.009878090927846639,-0.01836,0.01123,0.05,-0.05143411840961831,0.0664110709192985,0.05143411840961831,-0.06083530120352032,-0.009910943431930441,-0.01818,0.03306,0.05
2022-10-07,美国商务部BIS发布对华先进计算芯片及半导体制造设备出口管制新规(EA,801890,geopolitical,+,+,True,0.0,0.003899644293684945,0.0,0.0,-0.01824961050354712,-0.022063216102457872,-0.02983,0.00499,0.05,0.04645388512031379,0.0026562940132843285,0.0,0.05679085174933096,0.009878090927846639,-0.01873,0.0186,0.05,0.14269515573747849,0.01686868973582514,0.0,0.1313699686890233,-0.009910943431930441,0.05607,0.04724,0.05
2022-10-07,美国商务部BIS发布对华先进计算芯片及半导体制造设备出口管制新规(EA,801750,geopolitical,+,+,True,0.0,-0.004321386060498478,0.004321386060498478,0.004321386060498478,-0.026289258488441436,-0.022063216102457872,-0.01074,0.00138,0.05,0.05570163788974214,0.004321386060498478,0.0,0.06612995466149374,0.009878090927846639,0.01783,0.007,0.05,0.1876564890030985,0.05616090246475692,0.0,0.17588569272402377,-0.009910943431930441,0.13215,0.02139,0.05
2022-10-07,美国商务部BIS发布对华先进计算芯片及半导体制造设备出口管制新规(EA,801770,geopolitical,+,+,True,0.0,0.006154861490310193,0.0,0.0,-0.016044150651289057,-0.022063216102457872,-0.01243,0.00176,0.05,0.039992222820521395,0.018126851764921476,0.0,0.05026536056179598,0.009878090927846639,0.0107,0.00598,0.05,0.08845781710345157,0.048988291967422985,0.0,0.07767017325009684,-0.009910943431930441,0.12285,0.01501,0.05
2022-10-07,美国商务部BIS发布对华先进计算芯片及半导体制造设备出口管制新规(EA,801030,geopolitical,+,+,True,0.0,0.0010460160736469604,0.0,0.0,-0.021040278507490462,-0.022063216102457872,-0.02026,0.00302,0.05,0.025977489697726064,0.002554378674278133,0.0,0.03611218863088417,0.009878090927846639,0.00031,0.01176,0.05,0.037420584360533526,0.02631018980450032,0.0,0.02713876763381573,-0.009910943431930441,0.09355,0.03104,0.05
2022-11-25,央行降准0.25个百分点：释放长期资金约5000亿元,801780,monetary_policy,+,-,False,0.0,0.01855731015008022,0.0,0.0,0.02369997250038569,0.005048967101858759,-0.01674,0.00439,0.05,0.005265432638732248,0.021671631608374948,0.0,0.042181725500190836,0.03672293074333299,-0.04583,0.02273,0.05,0.017975719500369802,0.0303396636231786,0.0,0.0394418249012356,0.021087050496059412,-0.09836,0.05491,0.05
2022-11-25,央行降准0.25个百分点：释放长期资金约5000亿元,801790,monetary_policy,+,+,True,0.0,0.00944641112829836,0.0,0.0,0.014543072849174443,0.005048967101858759,-0.03066,0.00511,0.05,0.010615285865406276,0.009743153424737928,0.0,0.04772804101639494,0.03672293074333299,-0.03858,0.02507,0.05,0.003219668838790657,0.041192178741208216,0.0,0.024374612654233685,0.021087050496059412,0.0047,0.04599,0.05
2022-11-25,央行降准0.25个百分点：释放长期资金约5000亿元,801180,monetary_policy,+,+,True,0.0,0.04151935141322305,0.0,0.0,0.0467779483544577,0.005048967101858759,-0.04868,0.0121,0.05,0.06559377035598413,0.02981033825156461,0.0,0.10472549658529395,0.03672293074333299,-0.08472,0.04115,0.05,0.013109422901807166,0.07848088604998017,0.0,0.03447291246057027,0.021087050496059412,-0.14245,0.09648,0.05
2022-11-25,央行降准0.25个百分点：释放长期资金约5000亿元,801710,monetary_policy,+,-,False,0.0,0.015071282161375432,0.0,0.0,0.02019634367104972,0.005048967101858759,-0.03974,0.0122,0.0685,0.0021646027759700814,0.025687439699538715,0.0,0.038967024077131596,0.03672293074333299,-0.115,0.05639,0.05,-0.002627329758819741,0.03994597778960435,0.002627329758819741,0.018404318101944872,0.021087050496059412,-0.25136,0.14548,0.05
2022-11-28,房地产金融16条：支持房企合理融资需求,801180,industry_policy,-,+,False,0.0,0.006956410831212123,0.0,0.0,-0.004386922030243157,-0.011264969108336853,-0.03104,0.00627,0.05,0.009111013717332028,0.04308963362957396,0.0,0.03454660984313662,0.02520594442043156,-0.04459,0.02563,0.05,-0.025093771436348056,0.07848088604998031,0.025093771436348056,-0.011552976817026717,0.013889330299254876,-0.01401,0.05543,0.05
2022-11-28,房地产金融16条：支持房企合理融资需求,801780,industry_policy,-,-,True,0.0,-0.007363249957305529,0.007363249957305529,0.007363249957305529,-0.018545272282336378,-0.011264969108336853,-0.01641,0.00528,0.05,-0.014929644039616163,0.02353514269358535,0.014929644039616163,0.00989998460293573,0.02520594442043156,-0.03974,0.01886,0.05,-0.0024968588683074167,0.03033966362317823,0.0024968588683074167,0.011357791733414446,0.013889330299254876,-0.07846,0.04366,0.05
2022-11-28,房地产金融16条：支持房企合理融资需求,801710,industry_policy,+,+,True,0.0,0.0028293294618975118,0.0,0.0,-0.008467511955424833,-0.011264969108336853,-0.02153,0.0039,0.05,-0.011091710541896727,0.025687439699538715,0.011091710541896727,0.013834656839088133,0.02520594442043156,-0.04063,0.0203,0.05,-0.022928837873525065,0.0399459777896043,0.022928837873525065,-0.009357973776874196,0.013889330299254876,-0.03133,0.0439,0.05
2023-02-01,证监会就全面实行股票发行注册制主要制度规则公开征求意见,801790,capital_market_policy,-,+,False,0.0,0.012949424857576552,0.0,0.0,0.022471279772108055,0.009400128654863726,-0.02304,0.00393,0.05,-0.005437190536338732,0.020878323851513097,0.005437190536338732,-0.020420502783197625,-0.015065224744266192,-0.01636,0.01476,0.05,-0.004934490599723396,0.025952588194225343,0.004934490599723396,-0.02585599680851769,-0.021025255132602783,0.02149,0.04068,0.05
2023-02-01,证监会就全面实行股票发行注册制主要制度规则公开征求意见,801780,capital_market_policy,-,-,True,0.0,-0.014549374193696951,0.014549374193696951,0.014549374193696951,-0.005286011528101708,0.009400128654863726,-0.01771,0.00443,0.05,-0.012129798391836255,0.017050275181196395,0.012129798391836255,-0.027012284997226632,-0.015065224744266192,-0.04306,0.02036,0.05,-0.01729969911300777,0.032323561527224154,0.01729969911300777,-0.03796122365804233,-0.021025255132602783,-0.06281,0.03937,0.05
2023-02-01,证监会就全面实行股票发行注册制主要制度规则公开征求意见,801750,capital_market_policy,+,-,False,0.0,0.01730954023540421,0.0,0.0,0.02687238079543719,0.009400128654863726,-0.02745,0.00821,0.112,0.06728774050426756,0.0030166069903858326,0.0,0.05120881082677031,-0.015065224744266192,-0.07557,0.03767,0.05,0.07956242259972868,0.037460973403307715,0.0,0.05686434723299838,-0.021025255132602783,-0.16883,0.09659,0.05
2023-02-17,证监会发布全面实行股票发行注册制相关制度规则（主板注册制正式落地）,801790,capital_market_policy,+,-,False,0.0,0.0006170836473406993,0.0,0.0,-0.013800302261840702,-0.0144084946627423,-0.05079,0.01969,0.1125,0.013941802131246739,0.0016504938043055241,0.0,0.016457901073285486,0.002481502327599472,-0.15898,0.09384,0.05,-0.009745505094297391,0.03284598956200777,0.009745505094297391,-0.04708112400420117,-0.037703054216844056,-0.36998,0.24731,0.05
2023-02-17,证监会发布全面实行股票发行注册制相关制度规则（主板注册制正式落地）,801780,capital_market_policy,+,+,True,0.0,0.006120796933464678,0.0,0.0,-0.008375889199225273,-0.0144084946627423,-0.0056,0.0007,0.05,0.0106359550693651,0.0013416280625802252,0.0,0.0131438505442254,0.002481502327599472,0.01975,0.00315,0.05,0.028098452354061276,0.016010669348046427,0.0,-0.010663999335297158,-0.037703054216844056,0.12897,0.01064,0.05
2023-02-17,证监会发布全面实行股票发行注册制相关制度规则（主板注册制正式落地）,801750,capital_market_policy,-,-,True,0.0,-0.023828927577722148,0.023828927577722148,0.023828927577722148,-0.03789408326464194,-0.0144084946627423,-0.03171,0.00795,0.05,-0.03090833057962461,0.03090833057962461,0.03090833057962461,-0.028503527346300683,0.002481502327599472,-0.08671,0.04072,0.05,0.04891650134113701,0.03090833057962461,0.0,0.009369145622129649,-0.037703054216844056,-0.19145,0.10788,0.05
2023-03-17,央行降准0.25个百分点：释放长期资金约5000亿元,801780,monetary_policy,-,-,True,0.0,-0.0069865923843503985,0.0069865923843503985,0.0069865923843503985,-0.0020285220537169524,0.004992954065482724,-0.0216,0.00615,0.05,-0.015276575390465008,0.01771438290748062,0.015276575390465008,0.009706542629649428,0.025370695360497963,-0.04931,0.0229,0.05,-0.02448588138658714,0.04658154643554646,0.02448588138658714,0.013366280666053276,0.038802269829209424,-0.06874,0.04394,0.05
2023-03-17,央行降准0.25个百分点：释放长期资金约5000亿元,801790,monetary_policy,+,+,True,0.0,0.013928924416418909,0.0,0.0,0.01899142496169448,0.004992954065482724,-0.02435,0.00522,0.05,0.0013025298873248214,0.015327600582191072,0.0,0.026706271336792042,0.025370695360497963,-0.03957,0.01936,0.05,0.003933724747716694,0.028086660835977904,0.0,0.04288863202602111,0.038802269829209424,-0.05142,0.04651,0.05
2023-03-17,央行降准0.25个百分点：释放长期资金约5000亿元,801180,monetary_policy,-,-,True,0.0,0.003058286449102665,0.0,0.0,0.008066510398344828,0.004992954065482724,-0.06309,0.02618,0.112,-0.016719776930927077,0.019717760819309402,0.016719776930927077,0.008226726062560807,0.025370695360497963,-0.17589,0.10208,0.05,-0.01618634448398215,0.052416754103905956,0.01618634448398215,0.02198785843901163,0.038802269829209424,-0.44949,0.30632,0.05
2023-05-21,中国网信办宣布美光公司(Micron)在华销售产品未通过网络安全审查,801080,geopolitical,+,+,True,0.0,-0.012660753243858291,0.012660753243858291,0.012660753243858291,-0.006456185601347086,0.006284129454892096,-0.01115,0.0015,0.05,0.023388513208655537,0.012660753243858291,0.0,-0.0008926216163646084,-0.02372621395650698,0.00048,0.00896,0.05,0.03450447045514937,0.03459131973878395,0.0,0.03943788819048244,0.004768870387928725,0.05361,0.02806,0.05
2023-05-21,中国网信办宣布美光公司(Micron)在华销售产品未通过网络安全审查,801750,geopolitical,+,+,True,0.0,-0.014047309900949156,0.014047309900949156,0.014047309900949156,-0.00785145555996758,0.006284129454892096,-0.05498,0.013,0.05,0.013783875269867574,0.014047309900949156,0.0,-0.01026937786044213,-0.02372621395650698,-0.12289,0.05657,0.05,0.10764541211048595,0.027889610762241557,0.0,0.11292762951662438,0.004768870387928725,-0.26551,0.15136,0.05
2023-05-21,中国网信办宣布美光公司(Micron)在华销售产品未通过网络安全审查,801770,geopolitical,+,-,False,0.0,-0.017716691379455196,0.017716691379455196,0.017716691379455196,-0.011543895906704016,0.006284129454892096,-0.07525,0.02306,0.05,0.028074381098362355,0.02247569991943843,0.0,0.003682068369218916,-0.02372621395650698,-0.19078,0.09367,0.05,0.16918127997938726,0.02247569991943843,0.0,0.17475695396360158,0.004768870387928725,-0.37052,0.20865,0.05
2023-06-13,中国人民银行下调7天期逆回购利率10个基点至1.90%,801780,monetary_policy,-,+,False,0.0,-0.0029671020535714243,0.0029671020535714243,0.0029671020535714243,0.0023429797960889953,0.005325884291879968,0.0463,0.0,0.05,-0.05000882619032543,0.05000882619032543,0.05000882619032543,-0.02863988618921054,0.02249383003783123,0.26681,0.0,0.05,-0.04482784900015169,0.05381918360023075,0.04482784900015169,-0.04507506270824746,-0.00025881586668696777,0.86232,1e-05,0.05
2023-06-13,中国人民银行下调7天期逆回购利率10个基点至1.90%,801790,monetary_policy,-,+,False,0.0,-0.0005473510555020766,0.0005473510555020766,0.0005473510555020766,0.00477561810798921,0.005325884291879968,-0.01962,0.00329,0.05,-0.023525902159248102,0.023525902159248102,0.023525902159248102,-0.001561259766073464,0.02249383003783123,-0.0062,0.01092,0.05,-0.015574289861832069,0.03667748279611538,0.015574289861832069,-0.015829074855189917,-0.00025881586668696777,-0.00578,0.04421,0.05
2023-06-13,中国人民银行下调7天期逆回购利率10个基点至1.90%,801180,monetary_policy,-,-,True,0.0,-0.003505466885593722,0.003505466885593722,0.003505466885593722,0.0018017476952645328,0.005325884291879968,-0.04534,0.02436,0.2805,-0.03638589118927238,0.03638589118927238,0.03638589118927238,-0.014710519203627648,0.02249383003783123,-0.1455,0.10064,0.081,-0.0547499490457406,0.0547499490457406,0.0547499490457406,-0.054994594756914594,-0.00025881586668696777,-0.37061,0.28695,0.05
2023-06-15,中国人民银行下调1年期MLF利率10个基点至2.65%（含2370亿元,801780,monetary_policy,-,-,True,0.0,-0.009857128124083792,0.009857128124083792,0.009857128124083792,0.00589536905326371,0.015909317356901154,-0.01807,0.00519,0.05,-0.023880383778760006,0.036425191790017464,0.023880383778760006,-0.023878615457562757,1.8115824822473314e-06,-0.04239,0.02078,0.05,-0.03780084681297291,0.03780084681297291,0.03780084681297291,-0.029065908013276576,0.009078098614786922,-0.07132,0.04102,0.05
2023-06-15,中国人民银行下调1年期MLF利率10个基点至2.65%（含2370亿元,801790,monetary_policy,-,+,False,0.0,-0.005752343131398274,0.005752343131398274,0.005752343131398274,0.010065458373079705,0.015909317356901154,-0.02561,0.00571,0.05,-0.02236945633187759,0.02236945633187759,0.02236945633187759,-0.02236768527351074,1.8115824822473314e-06,-0.05353,0.02496,0.05,-0.0018770840493046448,0.028990740743892407,0.0018770840493046448,0.007183974211374622,0.009078098614786922,-0.08976,0.05889,0.05
2023-06-15,中国人民银行下调1年期MLF利率10个基点至2.65%（含2370亿元,801180,monetary_policy,-,-,True,0.0,-0.006012008580664752,0.006012008580664752,0.006012008580664752,0.009801661823774177,0.015909317356901154,-0.02198,0.00758,0.05,-0.03729642489613394,0.041484887419262706,0.03729642489613394,-0.03729468087920207,1.8115824822473314e-06,-0.05352,0.02765,0.05,-0.05281943447943094,0.05281943447943094,0.05281943447943094,-0.044220835899625555,0.009078098614786922,-0.14031,0.08527,0.05
2023-06-20,LPR双降：1年期降至3.55%(-10bp)，5年期降至4.20%(,801780,monetary_policy,+,-,False,0.0,-0.0040109398012877495,0.0040109398012877495,0.0040109398012877495,-0.005700942984146584,-0.0016968089815381227,-0.02172,0.00795,0.05,0.008152742123732182,0.0040109398012877495,0.0,-0.014957347311082114,-0.022923202476374138,-0.0512,0.02558,0.05,-0.010341171014738082,0.02637330992606641,0.010341171014738082,-0.030492818417739542,-0.020362216566756963,-0.08992,0.04988,0.05
2023-06-20,LPR双降：1年期降至3.55%(-10bp)，5年期降至4.20%(,801790,monetary_policy,-,+,False,0.0,-0.005763546531621921,0.005763546531621921,0.005763546531621921,-0.007450575875639687,-0.0016968089815381227,-0.01513,0.00292,0.05,-0.010120228176038304,0.013468437786469556,0.010120228176038304,-0.032811442612826314,-0.022923202476374138,-0.02479,0.01301,0.05,0.022093268160017887,0.013468437786469556,0.0,0.0012811836823189982,-0.020362216566756963,-0.00304,0.02764,0.05
2023-06-20,LPR双降：1年期降至3.55%(-10bp)，5年期降至4.20%(,801180,monetary_policy,-,-,True,0.0,-0.01686973542129422,0.01686973542129422,0.01686973542129422,-0.018537919684253334,-0.0016968089815381227,-0.05415,0.02698,0.1925,0.00918263711998546,0.01686973542129422,0.0,-0.013951060806357662,-0.022923202476374138,-0.17358,0.11112,0.05,0.0006761105384220922,0.04097571881333305,0.0,-0.01969987313754107,-0.020362216566756963,-0.43442,0.3187,0.05
2023-06-20,LPR双降：1年期降至3.55%(-10bp)，5年期降至4.20%(,801710,monetary_policy,-,-,True,0.0,-0.029411051135607047,0.029411051135607047,0.029411051135607047,-0.031057955181421848,-0.0016968089815381227,-0.0165,0.00477,0.05,-0.0038769413084517312,0.029411051135607047,0.0038769413084517312,-0.026711271874223286,-0.022923202476374138,-0.0491,0.02431,0.05,-0.011054943474128276,0.03941020661852157,0.011054943474128276,-0.031192056887731856,-0.020362216566756963,-0.08824,0.05087,0.05
2023-06-21,财政部、税务总局、工信部公告延续和优化新能源汽车车辆购置税减免政策（2,801730,industry_policy,+,+,True,0.0,0.0020027187324249685,0.0,0.0,-0.013370093947133177,-0.015342086794939425,-0.01035,0.00131,0.05,0.027109156274335744,0.0029634493297495384,0.0,0.0003090959957403605,-0.026092708953942,-0.02345,0.01699,0.05,0.0019252361677091212,0.03731867222958104,0.0,-0.023745115380797266,-0.025621025024475497,-0.02302,0.04849,0.05
2023-06-21,财政部、税务总局、工信部公告延续和优化新能源汽车车辆购置税减免政策（2,801160,industry_policy,+,-,False,0.0,0.01785043513250928,0.0,0.0,0.0022344854124394242,-0.015342086794939425,-0.01284,0.0041,0.05,0.0577363364404162,0.008954833688518772,0.0,0.030137130063667472,-0.026092708953942,-0.02883,0.01398,0.05,0.034906716289900164,0.027522393925434725,0.0,0.008391345413839124,-0.025621025024475497,-0.06297,0.0353,0.05
2023-06-21,财政部、税务总局、工信部公告延续和优化新能源汽车车辆购置税减免政策（2,801880,industry_policy,+,+,True,0.0,0.013876215643172207,0.0,0.0,-0.0016787612565499765,-0.015342086794939425,-0.00602,0.00076,0.05,0.030026312390105225,0.004744291684217325,0.0,0.0031501356060079644,-0.026092708953942,0.01742,0.00438,0.05,0.04880256211470324,0.03471656713187066,0.0,0.0219311654250276,-0.025621025024475497,0.13665,0.01388,0.05
2023-06-21,财政部、税务总局、工信部公告延续和优化新能源汽车车辆购置税减免政策（2,801050,industry_policy,+,-,False,0.0,-0.002064308022806105,0.002064308022806105,0.002064308022806105,-0.017374724024888155,-0.015342086794939425,-0.07786,0.0436,0.5,0.007229587819305605,0.0033105542146120385,0.0,-0.019051760665462325,-0.026092708953942,-0.29978,0.22047,0.4685,0.05203162462256361,0.010311474706576208,0.0,0.02507749604156939,-0.025621025024475497,-0.79381,0.63852,0.05
2023-07-03,商务部、海关总署发布对镓、锗相关物项实施出口管制的公告（自8月1日起施,801080,geopolitical,+,+,True,0.0,-0.009705169575096595,0.009705169575096595,0.009705169575096595,0.0032918875900489475,0.01312443200331459,-0.01393,0.00197,0.05,0.01131088637019162,0.009705169575096595,0.0,0.006901594782590781,-0.004359976390075904,0.0093,0.00772,0.05,-0.05254725191510601,0.08250878262036912,0.05254725191510601,-0.015490475747521937,0.03911200452211294,0.10106,0.02316,0.05
2023-07-03,商务部、海关总署发布对镓、锗相关物项实施出口管制的公告（自8月1日起施,801880,geopolitical,+,+,True,0.0,0.0023185677898238666,0.0,0.0,0.01547342967844112,0.01312443200331459,-0.00935,0.00138,0.05,0.03137820093496302,0.004449969481332815,0.0,0.02688141632964758,-0.004359976390075904,0.00389,0.0065,0.05,-0.0021643882072902576,0.05018544498612217,0.0021643882072902576,0.03686296275347156,0.03911200452211294,0.0341,0.02328,0.05
2023-07-03,商务部、海关总署发布对镓、锗相关物项实施出口管制的公告（自8月1日起施,801110,geopolitical,-,-,True,0.0,-0.00799875223026747,0.00799875223026747,0.00799875223026747,0.005020700693289637,0.01312443200331459,-0.02856,0.01048,0.107,-0.013128854827698877,0.013128854827698877,0.013128854827698877,-0.017431589720697027,-0.004359976390075904,-0.07961,0.04131,0.05,-0.03400392803600971,0.035923009771288705,0.03400392803600971,0.0037781146989894765,0.03911200452211294,-0.19928,0.12339,0.05
2023-07-03,商务部、海关总署发布对镓、锗相关物项实施出口管制的公告（自8月1日起施,801890,geopolitical,-,+,False,0.0,-0.01533066235192393,0.01533066235192393,0.01533066235192393,-0.002407436584212941,0.01312443200331459,0.00054,0.00014,0.05,-0.005697953048244164,0.01533066235192393,0.005697953048244164,-0.010033086497557964,-0.004359976390075904,0.03401,0.00092,0.05,-0.06396183364327956,0.06396183364327956,0.06396183364327956,-0.027351504647865177,0.03911200452211294,0.15091,0.00567,0.05
2023-07-03,商务部、海关总署发布对镓、锗相关物项实施出口管制的公告（自8月1日起施,801050,geopolitical,+,+,True,0.0,0.005165889256125489,0.0,0.0,0.01835812062171871,0.01312443200331459,-0.01265,0.00202,0.05,0.022252537240443182,0.010153250106888594,0.0,0.0177955403133796,-0.004359976390075904,0.00411,0.0063,0.05,-0.00038468263570123895,0.03831866332794417,0.00038468263570123895,0.03871227617742412,0.03911200452211294,0.11841,0.01371,0.05
2023-07-03,商务部、海关总署发布对镓、锗相关物项实施出口管制的公告（自8月1日起施,801030,geopolitical,+,+,True,0.0,-0.007603366049357518,0.007603366049357518,0.007603366049357518,0.005421276093245941,0.01312443200331459,-0.0088,0.00144,0.05,-0.0013570668877459502,0.00954207543068375,0.0013570668877459502,-0.005711126498231467,-0.004359976390075904,-0.00783,0.00656,0.05,-0.005874196167314105,0.035578543915638604,0.005874196167314105,0.03300805676773888,0.03911200452211294,0.01704,0.01786,0.05
2023-07-21,国务院常务会议审议通过《关于在超大特大城市积极稳步推进城中村改造的指导,801180,industry_policy,+,-,False,0.0,0.01654045568622564,0.0,0.0,0.01606590823581433,-0.00046682593669222783,-0.01797,0.00579,0.05,0.060900689081218706,0.006018378048171533,0.0,0.0827227486589115,0.020569370726483127,-0.04435,0.02227,0.05,0.09596772945303989,0.04916877558564764,0.0,0.09809047643059099,0.0019368699647850374,-0.10528,0.06044,0.05
2023-07-21,国务院常务会议审议通过《关于在超大特大城市积极稳步推进城中村改造的指导,801710,industry_policy,+,-,False,0.0,0.0020180504925970677,0.0,0.0,0.0015502824775932567,-0.00046682593669222783,-0.05328,0.03527,0.5,0.02015354377237566,0.010751098161087158,0.0,0.041137460212165466,0.020569370726483127,-0.20479,0.16423,0.5,0.03341119335162235,0.029660104337868722,0.0,0.03541277645329832,0.0019368699647850374,-0.5764,0.49779,0.5
2023-07-21,国务院常务会议审议通过《关于在超大特大城市积极稳步推进城中村改造的指导,801780,industry_policy,+,-,False,0.0,-0.00012851939960334402,0.00012851939960334402,0.00012851939960334402,-0.000595285340106444,-0.00046682593669222783,-0.01742,0.00508,0.05,0.009767848719462124,0.0006119096077249475,0.0,0.03053813794745608,0.020569370726483127,-0.03976,0.01934,0.05,0.012963148435138905,0.014277055633315897,0.0,0.014925126332777872,0.0019368699647850374,-0.08544,0.04829,0.05
2023-07-24,政治局会议：活跃资本市场，提振投资者信心,801790,capital_market_policy,+,-,False,0.0,0.0009105709966543696,0.0,0.0,-0.00346006999681836,-0.004366664835121714,-0.02541,0.00815,0.0675,0.06675348701039185,0.0033725254915494625,0.0,0.11443419238519459,0.044697023216140774,-0.0731,0.03724,0.05,0.1059350772160561,0.022895494825678972,0.0,0.09496632728815269,-0.009918077610409637,-0.15543,0.08791,0.05
2023-07-24,政治局会议：活跃资本市场，提振投资者信心,801780,capital_market_policy,+,-,False,0.0,2.8545429918480636e-05,0.0,0.0,-0.0043382440535282285,-0.004366664835121714,-0.0197,0.00562,0.05,0.017303395422677115,0.0005119831562654078,0.0,0.06277382890574357,0.044697023216140774,-0.04649,0.02235,0.05,0.030391844767849507,0.01427705563331599,0.0,0.020172338482309593,-0.009918077610409637,-0.08633,0.04903,0.05
2023-07-24,政治局会议：活跃资本市场，提振投资者信心,801750,capital_market_policy,-,-,True,0.0,0.01254135649090471,0.0,0.0,0.008119927755409373,-0.004366664835121714,-0.04525,0.01166,0.05,-0.02562286998922425,0.03769152364540655,0.02562286998922425,0.017928887212143696,0.044697023216140774,-0.1041,0.04773,0.05,-0.019480856495606602,0.041864531451484145,0.019480856495606602,-0.029205721459375722,-0.009918077610409637,-0.23496,0.13273,0.05
2023-07-24,政治局会议：活跃资本市场，提振投资者信心,801760,capital_market_policy,-,+,False,0.0,0.0043436564729772975,0.0,0.0,-4.1975654120784966e-05,-0.004366664835121714,-0.05325,0.01015,0.05,-0.07222303129529539,0.07623554674219499,0.07222303129529539,-0.030754162585700517,0.044697023216140774,-0.11886,0.05549,0.05,-0.05562592913531683,0.07623554674219499,0.05562592913531683,-0.0649923044634112,-0.009918077610409637,-0.1913,0.12796,0.05
2023-08-09,美国总统签署第14105号行政令，建立对华半导体、量子信息、人工智能领,801080,geopolitical,-,+,False,0.0,-0.01350717666516077,0.01350717666516077,0.01350717666516077,-0.01652312301067216,-0.0030572410403514327,-0.01096,0.0019,0.05,-0.022224906563007907,0.022224906563007907,0.022224906563007907,-0.054949655703259936,-0.03346858532182573,-0.02507,0.01258,0.05,-0.0003524580301144109,0.05692563892454827,0.0003524580301144109,-0.040395057105411136,-0.04005671738700012,-0.07599,0.04908,0.05
2023-08-09,美国总统签署第14105号行政令，建立对华半导体、量子信息、人工智能领,801750,geopolitical,-,+,False,0.0,-0.005817004694753991,0.005817004694753991,0.005817004694753991,-0.008856461749620737,-0.0030572410403514327,-0.03539,0.00687,0.05,0.004090840680745389,0.01103915750346307,0.0,-0.029514659291441925,-0.03346858532182573,-0.04969,0.02601,0.05,-0.027229398222578416,0.06903890176334049,0.027229398222578416,-0.06619539530035834,-0.04005671738700012,-0.03038,0.05883,0.05
2023-08-09,美国总统签署第14105号行政令，建立对华半导体、量子信息、人工智能领,801770,geopolitical,-,+,False,0.0,-0.021951415989815315,0.021951415989815315,0.021951415989815315,-0.024941546260308867,-0.0030572410403514327,-0.03795,0.00713,0.05,-0.0013044921115803465,0.026447743139171642,0.0013044921115803465,-0.03472941792786799,-0.03346858532182573,-0.05916,0.03091,0.05,-0.02442135032836923,0.058861714135799006,0.02442135032836923,-0.06349982858705694,-0.04005671738700012,-0.01624,0.06202,0.05
2023-08-15,央行降息：MLF降15bp至2.50%、7天逆回购降10bp至1.80,801780,monetary_policy,+,-,False,0.0,0.01320594727316271,0.0,0.0,0.010743817821368795,-0.002430038491602171,-0.04018,0.01504,0.089,0.02266937112946965,0.011424320059799301,0.0,-0.01084163710350583,-0.032768174327901245,-0.11466,0.0617,0.05,0.023976047080568774,0.034487145616422056,0.0,0.003603010225375902,-0.01989600920185408,-0.25448,0.15396,0.05
2023-08-15,央行降息：MLF降15bp至2.50%、7天逆回购降10bp至1.80,801790,monetary_policy,+,-,False,0.0,0.01592954310199146,0.0,0.0,0.013460795207497878,-0.002430038491602171,-0.03687,0.01035,0.05,0.0002444186616588073,0.02267525074113717,0.0,-0.03253176481955655,-0.032768174327901245,-0.08254,0.03883,0.05,-0.011592177543061521,0.041951691836081266,0.011592177543061521,-0.031257548673849334,-0.01989600920185408,-0.1532,0.08575,0.05
2023-08-15,央行降息：MLF降15bp至2.50%、7天逆回购降10bp至1.80,801180,monetary_policy,+,-,False,0.0,-0.0014424643529477033,0.0014424643529477033,0.0014424643529477033,-0.0038689976006494042,-0.002430038491602171,-0.04033,0.01708,0.109,0.006332517515087677,0.018055303031556218,0.0,-0.026643161850682273,-0.032768174327901245,-0.11383,0.06505,0.05,-0.02185338698286221,0.07366140692747965,0.02185338698286221,-0.04131460099621331,-0.01989600920185408,-0.2493,0.15759,0.05
2023-08-15,央行降息：MLF降15bp至2.50%、7天逆回购降10bp至1.80,801710,monetary_policy,+,-,False,0.0,0.00035944086472383674,0.0,0.0,-0.0020714710820151083,-0.002430038491602171,-0.03738,0.0154,0.1295,0.02504721665970866,0.0026369955438966188,0.0,-0.008541709230126981,-0.032768174327901245,-0.1234,0.07246,0.05,0.006819397747519718,0.027815590671720035,0.0,-0.013212290254669856,-0.01989600920185408,-0.28461,0.18755,0.05
2023-08-21,LPR非对称下调：1年期降至3.45%(-10bp)，5年期维持4.2,801780,monetary_policy,+,-,False,0.0,-0.0016221757122747427,0.0016221757122747427,0.0016221757122747427,-0.015988089214121648,-0.014389255402478485,-0.02331,0.00597,0.058,0.01621269905745404,0.011465113546283504,0.0,-0.003889170007654985,-0.019781163022026482,-0.08387,0.04491,0.05,0.014791621180667347,0.034487145616421876,0.0,0.004635215964086337,-0.010008365268886155,-0.15724,0.08935,0.05
2023-08-21,LPR非对称下调：1年期降至3.45%(-10bp)，5年期维持4.2,801790,monetary_policy,+,+,True,0.0,-0.016024568636812897,0.016024568636812897,0.016024568636812897,-0.03018324242846171,-0.014389255402478485,-0.01963,0.0031,0.05,-0.005103217057990883,0.016024568636812897,0.005103217057990883,-0.024783432511456538,-0.019781163022026482,-0.03522,0.02051,0.05,-0.02989957599806159,0.04166300796080171,0.02989957599806159,-0.03960869538897416,-0.010008365268886155,-0.02704,0.05031,0.05
2023-08-25,住建部、央行、金融监管总局联合发文推动落实购买首套房贷款“认房不用认贷,801180,industry_policy,+,-,False,0.0,0.012159499520000283,0.0,0.0,0.008278506710778677,-0.0038343688035947787,-0.03751,0.01079,0.05,0.013949625137439803,0.04567010530781312,0.0,0.025343058009699604,0.011236685324199858,-0.10027,0.04854,0.05,-0.01232214179273794,0.07366140692747973,0.01232214179273794,-0.003308395052445734,0.009126201084079133,-0.19258,0.105,0.05
2023-08-25,住建部、央行、金融监管总局联合发文推动落实购买首套房贷款“认房不用认贷,801710,industry_policy,+,+,True,0.0,0.004431553321447401,0.0,0.0,0.0005801923080452909,-0.0038343688035947787,-0.01948,0.00354,0.05,0.010049572282611052,0.009550133164568557,0.0,0.02139918148819331,0.011236685324199858,-0.02792,0.01541,0.05,0.009538345130087889,0.029587482830208334,0.0,0.018751595069833815,0.009126201084079133,0.01678,0.03074,0.05
2023-08-25,住建部、央行、金融监管总局联合发文推动落实购买首套房贷款“认房不用认贷,801780,industry_policy,-,+,False,0.0,0.01233766213182319,0.0,0.0,0.008455986181440833,-0.0038343688035947787,-0.01987,0.00331,0.05,-0.015982907613849795,0.034487145616421994,0.015982907613849795,-0.004925817193072168,0.011236685324199858,-0.00862,0.01167,0.05,0.0215618945312388,0.034487145616421994,0.0,0.03088487380056426,0.009126201084079133,0.06024,0.02893,0.05
2023-08-27,证监会：印花税减半、阶段性收紧IPO、规范减持,801790,capital_market_policy,-,+,False,0.0,0.011664446053529787,0.0,0.0,0.023519991061285994,0.011718851101276018,-0.01516,0.00216,0.05,-0.02273698896151788,0.03738948642553446,0.02273698896151788,-0.0010428499599622887,0.022198874567556315,-0.00041,0.01156,0.05,-0.02674416253320977,0.041663007960801655,0.02674416253320977,-0.020496967665444177,0.006418861955173494,0.11696,0.02596,0.05
2023-08-27,证监会：印花税减半、阶段性收紧IPO、规范减持,801780,capital_market_policy,-,+,False,0.0,0.0038469729381105378,0.0,0.0,0.015610906142438985,0.011718851101276018,-0.01337,0.00196,0.05,-0.02501072285562511,0.034487145616421896,0.02501072285562511,-0.0033670581875845373,0.022198874567556315,0.00465,0.00755,0.05,0.015575445551876843,0.034487145616421896,0.0,0.022094284141938036,0.006418861955173494,0.09774,0.02038,0.05
2023-09-01,证监会及沪深交易所发布股票程序化交易报告制度相关规则,801790,capital_market_policy,+,-,False,0.0,0.003516166069186699,0.0,0.0,0.01050509870899674,0.006964444496381228,-0.03228,0.00937,0.05,0.006078663519820227,0.007927803229048664,0.0,0.004263575626663796,-0.0018041212471461288,-0.06743,0.0312,0.05,-0.009945098947290898,0.02541335005655325,0.009945098947290898,-0.02633495755261972,-0.016554494693073685,-0.15517,0.08669,0.05
2023-09-01,证监会及沪深交易所发布股票程序化交易报告制度相关规则,801780,capital_market_policy,+,-,False,0.0,0.003050021249635604,0.0,0.0,0.010035707449722597,0.006964444496381228,-0.03092,0.01061,0.0505,0.020192596232074367,0.004111772994302508,0.0,0.01835204509303079,-0.0018041212471461288,-0.07832,0.04071,0.05,0.038906859447545905,0.008070081825244154,0.0,0.021708281356223713,-0.016554494693073685,-0.16301,0.09341,0.05
2023-09-01,证监会及沪深交易所发布股票程序化交易报告制度相关规则,801750,capital_market_policy,-,-,True,0.0,-0.01701680697891428,0.01701680697891428,0.01701680697891428,-0.010170875090243281,0.006964444496381228,-0.04304,0.01207,0.05,-0.01663880178188626,0.021503336864689748,0.01663880178188626,-0.018412904613210657,-0.0018041212471461288,-0.11245,0.05421,0.05,-0.020550068351192108,0.06720401337329651,0.020550068351192108,-0.03676436704680419,-0.016554494693073685,-0.27023,0.15433,0.05
2023-09-15,央行降准0.25个百分点：释放长期资金约5000亿元,801780,monetary_policy,+,-,False,0.0,0.0019743963624687666,0.0,0.0,-0.0046627472559298555,-0.006624065088383313,-0.0221,0.00551,0.05,0.016211872918925785,0.0037636831913342027,0.0,-0.0004086741901334623,-0.016355395515424198,-0.04998,0.02349,0.05,0.042989540844713625,0.007813767733899014,0.0,-0.019284916704477517,-0.05970765296337932,-0.10727,0.0611,0.05
2023-09-15,央行降准0.25个百分点：释放长期资金约5000亿元,801790,monetary_policy,+,+,True,0.0,0.002622950863819584,0.0,0.0,-0.0040184888218093295,-0.006624065088383313,-0.03464,0.00653,0.05,0.0018332934741207563,0.0033705477553454613,0.0,-0.014552086281168553,-0.016355395515424198,-0.04539,0.02514,0.05,0.023905821226398505,0.02711871130142179,0.0,-0.037229192214571105,-0.05970765296337932,-0.04872,0.06532,0.05
2023-09-15,央行降准0.25个百分点：释放长期资金约5000亿元,801180,monetary_policy,-,-,True,0.0,0.009566611160259253,0.0,0.0,0.0028791762168751678,-0.006624065088383313,-0.03755,0.01291,0.0595,0.005121934247553694,0.01606537856598284,0.0,-0.011317232528293197,-0.016355395515424198,-0.09564,0.04838,0.05,-0.045344101439352635,0.0763792461270405,0.045344101439352635,-0.10234436453005435,-0.05970765296337932,-0.1877,0.10288,0.05
2023-10-07,巴以冲突爆发：哈马斯袭击以色列引发中东局势骤紧,801030,geopolitical,-,-,True,0.0,-0.0037745188451173695,0.0037745188451173695,0.0037745188451173695,-0.005067891407090075,-0.0012982729175661234,-0.00784,0.00151,0.05,-0.0017608203709152948,0.004160658300241112,0.0017608203709152948,-0.008824354774626175,-0.007075993958016613,-0.02461,0.01211,0.05,0.013880077821896819,0.015107274102095619,0.0,-0.015078644005634745,-0.028562275224643052,-0.05569,0.03532,0.05
2023-10-07,巴以冲突爆发：哈马斯袭击以色列引发中东局势骤紧,801040,geopolitical,+,+,True,0.0,-0.003364000160213876,0.003364000160213876,0.003364000160213876,-0.0046579056874772595,-0.0012982729175661234,0.00135,0.00013,0.05,-0.0017961326233113528,0.013072711632196143,0.0017961326233113528,-0.008859417157737637,-0.007075993958016613,0.04126,0.0009,0.05,0.006206192336452476,0.028205063642527957,0.0,-0.022533345861801446,-0.028562275224643052,0.16474,0.00678,0.05
2023-10-17,美国商务部BIS更新并扩大对华先进计算芯片及半导体制造设备出口管制规则,801080,geopolitical,-,+,False,0.0,-0.001964928117319742,0.001964928117319742,0.001964928117319742,0.001558992267398418,0.0035308582674060673,-0.01882,0.00345,0.05,-0.013108209025731954,0.024027114398878686,0.013108209025731954,-0.0545674406498422,-0.042009906256471385,-0.02458,0.0139,0.05,0.06533414073740729,0.024027114398878686,0.0,0.051473857733143724,-0.0130102683038672,0.01382,0.02917,0.05
2023-10-17,美国商务部BIS更新并扩大对华先进计算芯片及半导体制造设备出口管制规则,801880,geopolitical,-,+,False,0.0,-0.010564161678133566,0.010564161678133566,0.010564161678133566,-0.007070603968326927,0.0035308582674060673,-0.00812,0.00106,0.05,-0.0042513134615687065,0.01574201408759097,0.0042513134615687065,-0.04608262243805239,-0.042009906256471385,-0.01027,0.00997,0.05,0.012662929609971618,0.02577498401895757,0.0,-0.0005120868056343042,-0.0130102683038672,0.02413,0.02374,0.05
2023-10-17,美国商务部BIS更新并扩大对华先进计算芯片及半导体制造设备出口管制规则,801110,geopolitical,+,-,False,0.0,0.004838641533580823,0.0,0.0,0.008386584358448745,0.0035308582674060673,-0.02134,0.0059,0.05,0.007856135534737518,0.00661939095954624,0.0,-0.03448380623908631,-0.042009906256471385,-0.0632,0.03116,0.05,-0.016444605569570614,0.027764534910547162,0.016444605569570614,-0.0292409251428265,-0.0130102683038672,-0.1326,0.0754,0.05
2023-10-17,美国商务部BIS更新并扩大对华先进计算芯片及半导体制造设备出口管制规则,801890,geopolitical,-,+,False,0.0,-0.0065506922833235,0.0065506922833235,0.0065506922833235,-0.0030429635819232415,0.0035308582674060673,-0.00879,0.00129,0.05,-0.023506533539528918,0.023506533539528918,0.023506533539528918,-0.06452893252559011,-0.042009906256471385,-0.01092,0.00806,0.05,0.025563453139415326,0.023506533539528918,0.0,0.012220597451430448,-0.0130102683038672,0.00513,0.02088,0.05
2023-10-17,美国商务部BIS更新并扩大对华先进计算芯片及半导体制造设备出口管制规则,801750,geopolitical,-,+,False,0.0,-0.002672965852327902,0.002672965852327902,0.002672965852327902,0.0008484545514999553,0.0035308582674060673,-0.03377,0.0072,0.05,-0.036429457240021,0.036429457240021,0.036429457240021,-0.07690896541286485,-0.042009906256471385,-0.08383,0.03831,0.05,0.04476303310038254,0.03888847640236115,0.0,0.031170385725784122,-0.0130102683038672,-0.10729,0.07671,0.05
2023-10-17,美国商务部BIS更新并扩大对华先进计算芯片及半导体制造设备出口管制规则,801770,geopolitical,-,+,False,0.0,0.00014691658786891715,0.0,0.0,0.003678293596923954,0.0035308582674060673,-0.02661,0.00469,0.05,-0.04159900242833359,0.04173978674915494,0.04159900242833359,-0.08186133849242805,-0.042009906256471385,-0.04514,0.02412,0.05,-0.017497251093835264,0.08340099611519228,0.017497251093835264,-0.03027987546639166,-0.0130102683038672,-0.05221,0.06314,0.05
2023-10-17,美国商务部BIS更新并扩大对华先进计算芯片及半导体制造设备出口管制规则,801030,geopolitical,+,-,False,0.0,-0.0014840632753737593,0.0014840632753737593,0.0014840632753737593,0.0020415549749470685,0.0035308582674060673,-0.02411,0.00707,0.093,-0.0133446807938149,0.015107274102095709,0.0133446807938149,-0.05479397826111554,-0.042009906256471385,-0.07614,0.03967,0.05,0.023653019033551326,0.015107274102095709,0.0,0.01033501860586128,-0.0130102683038672,-0.23079,0.15325,0.05
2023-10-20,中国商务部、海关总署发布2023年第39号公告，对石墨相关物项实施出口,801080,geopolitical,-,+,False,0.0,-0.01629318851468753,0.01629318851468753,0.01629318851468753,-0.022683930266796826,-0.00649659194944463,-0.01182,0.00193,0.05,-0.012833589951134816,0.024027114398878724,0.012833589951134816,-0.018253367640381213,-0.005490237141454468,-0.01759,0.01076,0.05,0.052893625535808564,0.024027114398878724,0.0,0.06446055836096742,0.010985851319284645,0.00182,0.02651,0.05
2023-10-20,中国商务部、海关总署发布2023年第39号公告，对石墨相关物项实施出口,801880,geopolitical,+,-,False,0.0,-0.0024789932236866097,0.0024789932236866097,0.0024789932236866097,-0.008959480165711464,-0.00649659194944463,-0.03699,0.01447,0.1935,0.028066081878580285,0.005445317906476288,0.0,0.02242175529198076,-0.005490237141454468,-0.12789,0.07618,0.05,0.033959866392766935,0.025774984018957867,0.0,0.04531879575506381,0.010985851319284645,-0.34519,0.24225,0.05
2023-10-20,中国商务部、海关总署发布2023年第39号公告，对石墨相关物项实施出口,801110,geopolitical,-,-,True,0.0,-0.006619390959546223,0.006619390959546223,0.006619390959546223,-0.01307297942697283,-0.00649659194944463,-0.02294,0.00715,0.05,-0.006405573927730446,0.007367720540231271,0.006405573927730446,-0.011860642949294675,-0.005490237141454468,-0.06134,0.03027,0.05,-0.0141503793322304,0.027764534910546868,0.0141503793322304,-0.003319981976401709,0.010985851319284645,-0.13324,0.07599,0.05
2023-10-20,中国商务部、海关总署发布2023年第39号公告，对石墨相关物项实施出口,801890,geopolitical,+,+,True,0.0,-0.0033937111612022397,0.0033937111612022397,0.0033937111612022397,-0.009868255554038252,-0.00649659194944463,-0.01162,0.00189,0.05,0.0032873891351630213,0.017946375099511247,0.0,-0.0022208965522200197,-0.005490237141454468,-0.01915,0.0115,0.05,0.034966964964859404,0.018479252381897675,0.0,0.04633695816233385,0.010985851319284645,-0.00703,0.02925,0.05
2023-10-20,中国商务部、海关总署发布2023年第39号公告，对石墨相关物项实施出口,801050,geopolitical,+,+,True,0.0,0.01031346988523385,0.0,0.0,0.00374987553036199,-0.00649659194944463,-0.01795,0.00313,0.05,0.010712415725980362,0.019327572816954228,0.0,0.005163364881832777,-0.005490237141454468,-0.05165,0.02515,0.05,0.004899720756875059,0.028805913865666045,0.0,0.015939399679900657,0.010985851319284645,-0.09593,0.06914,0.05
2023-10-20,中国商务部、海关总署发布2023年第39号公告，对石墨相关物项实施出口,801030,geopolitical,+,+,True,0.0,0.003379303041247894,0.0,0.0,-0.00313924286112921,-0.00649659194944463,-0.00857,0.00169,0.05,0.007087141835941946,0.015107274102095638,0.0,0.0015579946051531568,-0.005490237141454468,-0.01534,0.0083,0.05,0.026406590957568588,0.015107274102095638,0.0,0.037682541158962524,0.010985851319284645,-0.02063,0.02034,0.05
2023-10-31,中央金融工作会议：加快建设金融强国（五年一度重磅会议）,801780,industry_policy,-,-,True,0.0,0.005346709486535595,0.0,0.0,0.002186286326503195,-0.0031436151630181985,-0.02117,0.00672,0.05,-0.008082927845991295,0.023759090397809646,0.008082927845991295,0.0054339092004822565,0.013626982966550294,-0.04847,0.02382,0.05,0.009574798266170026,0.023759090397809646,0.0,-0.010660238382215415,-0.020043127743617717,-0.09594,0.05401,0.05
2023-10-31,中央金融工作会议：加快建设金融强国（五年一度重磅会议）,801790,industry_policy,+,+,True,0.0,0.006911371522316134,0.0,0.0,0.0037460296669831195,-0.0031436151630181985,-0.01835,0.00314,0.05,0.020599011016677382,0.005300112956748307,0.0,0.03450669635547987,0.013626982966550294,-0.02247,0.0144,0.05,0.0029437419031446144,0.01953984851697169,0.0,-0.017158387635482275,-0.020043127743617717,0.03438,0.02928,0.05
2023-10-31,中央金融工作会议：加快建设金融强国（五年一度重磅会议）,801180,industry_policy,+,+,True,0.0,0.005973420918989669,0.0,0.0,0.0028110276193953343,-0.0031436151630181985,-0.03528,0.00928,0.05,0.0008694283155712412,0.021502108328160133,0.0,0.014508258966968501,0.013626982966550294,-0.07244,0.03409,0.05,0.046723593004168285,0.021502108328160133,0.0,0.025743978317327665,-0.020043127743617717,-0.15931,0.09212,0.05
2024-01-24,央行降准0.5pp+支农支小再贷款利率降25bp,801780,monetary_policy,+,-,False,0.0,0.0014229590455003827,0.0,0.0,0.015420861724126267,0.013978012539245022,-0.01081,0.00292,0.05,0.04180062252888783,0.004353595553938846,0.0,0.04602528899284719,0.004055158321661034,-0.02236,0.01077,0.05,0.018968523193946707,0.05162515369144689,0.0,0.08780297637208068,0.06755307118062226,-0.04389,0.0256,0.05
2024-01-24,央行降准0.5pp+支农支小再贷款利率降25bp,801790,monetary_policy,+,-,False,0.0,0.02592435071796939,0.0,0.0,0.04026473415662202,0.013978012539245022,-0.0205,0.00631,0.05,0.02553882999762158,0.005277493566243467,0.0,0.029697552318272535,0.004055158321661034,-0.05447,0.02659,0.05,0.0043348270661729416,0.033401910739629684,0.0,0.07218072912815132,0.06755307118062226,-0.14098,0.08359,0.05
2024-01-24,央行降准0.5pp+支农支小再贷款利率降25bp,801180,monetary_policy,+,-,False,0.0,0.02170876655217424,0.0,0.0,0.035990224502497004,0.013978012539245022,-0.03832,0.01331,0.05,0.06192121898031977,0.026882861019832612,0.0,0.06622747764841641,0.004055158321661034,-0.09799,0.04998,0.05,-0.035878755281938735,0.15158020937520839,0.035878755281938735,0.029250595789250378,0.06755307118062226,-0.22474,0.12737,0.05
2024-01-24,央行降准0.5pp+支农支小再贷款利率降25bp,801710,monetary_policy,+,-,False,0.0,0.004754867438770072,0.0,0.0,0.018799343574696703,0.013978012539245022,-0.02747,0.00867,0.05,0.019672240345228076,0.013256133034773625,0.0,0.023807172716030278,0.004055158321661034,-0.07965,0.04206,0.05,-0.042078887152377176,0.08911899622506282,0.042078887152377176,0.02263162596923829,0.06755307118062226,-0.18944,0.11593,0.05
2024-02-05,A股春节前急跌：沪指失守2700后V型反转,801790,market_event,-,+,False,0.0,-0.019888200155953384,0.019888200155953384,0.019888200155953384,-0.013478505447655165,0.006539758739072532,-0.01198,0.0018,0.05,-0.016293502372795143,0.019888200155953384,0.016293502372795143,0.0530628256750354,0.07050510311269109,7e-05,0.00717,0.05,-0.04093931738098988,0.04334555097693477,0.04093931738098988,0.08261783514921794,0.12883142304697226,0.04441,0.02198,0.05
2024-02-05,A股春节前急跌：沪指失守2700后V型反转,801780,market_event,-,+,False,0.0,0.004765116211449483,0.0,0.0,0.011336037660908627,0.006539758739072532,0.0006,0.0001,0.05,-0.03683943849450699,0.048435843893431085,0.03683943849450699,0.031068296208515367,0.07050510311269109,0.03445,0.00031,0.05,-0.0702674364351229,0.07467670944776514,0.0702674364351229,0.04951133278205022,0.12883142304697226,0.13504,0.00346,0.05
2024-02-05,A股春节前急跌：沪指失守2700后V型反转,801750,market_event,+,+,True,0.0,-0.07176183306361517,0.07176183306361517,0.07176183306361517,-0.06569137939945224,0.006539758739072532,-0.02514,0.00396,0.05,0.031875043768868405,0.07176183306361517,0.0,0.10462750012920541,0.07050510311269109,-0.04829,0.0266,0.05,0.12254007428615443,0.07176183306361517,0.0,0.2671585094836939,0.12883142304697226,-0.09697,0.07729,0.05
2024-02-05,A股春节前急跌：沪指失守2700后V型反转,801080,market_event,+,+,True,0.0,-0.04212926829061725,0.04212926829061725,0.04212926829061725,-0.03586502480201903,0.006539758739072532,-0.01668,0.0027,0.05,0.038613592604895386,0.04212926829061725,0.0,0.11184115104574621,0.07050510311269109,-0.02889,0.01616,0.05,0.112790927640948,0.04393570520773452,0.0,0.2561533664026925,0.12883142304697226,-0.06781,0.05435,0.05
2024-02-07,证监会主席换帅：吴清接任易会满,801790,capital_market_policy,-,+,False,0.0,0.004541617685573707,0.0,0.0,0.014229429893243495,0.00964401278862903,-0.00876,0.00115,0.05,-0.004259655496574588,0.018472590645439872,0.004259655496574588,0.039391924262250244,0.04383831588203235,0.00451,0.0071,0.05,-0.04100462953645445,0.049007383451640824,0.04100462953645445,0.03447955323880336,0.07871172802301607,0.09314,0.01866,0.05
2024-02-07,证监会主席换帅：吴清接任易会满,801780,capital_market_policy,-,+,False,0.0,-0.016330197730003437,0.016330197730003437,0.016330197730003437,-0.006843673577123455,0.00964401278862903,0.02876,0.0,0.05,-0.0020381745536733886,0.027273481278666245,0.0020381745536733886,0.04171079118845222,0.04383831588203235,0.15504,0.0,0.05,-0.06527079082757292,0.06527079082757292,0.06527079082757292,0.008303360459976039,0.07871172802301607,0.50157,0.0,0.05
2024-02-20,LPR非对称下调：1年期维持3.45%，5年期大降至3.95%(-25,801180,monetary_policy,+,-,False,0.0,0.0067531373528844085,0.0,0.0,0.008837151082738748,0.002070034502533513,-0.05555,0.01705,0.05,0.01698888128801035,0.007314511007709704,0.0,0.03179371635999506,0.01455751910801073,-0.14077,0.06925,0.05,-0.02682959749945102,0.07541388526259596,0.02682959749945102,0.030271623482287957,0.05867545995543777,-0.33293,0.1897,0.05
2024-02-20,LPR非对称下调：1年期维持3.45%，5年期大降至3.95%(-25,801710,monetary_policy,+,+,True,0.0,0.004228467859971552,0.0,0.0,0.006307255436868164,0.002070034502533513,-0.02557,0.00527,0.05,0.013835359111652235,0.00384598503848263,0.0,0.028594286724296758,0.01455751910801073,-0.04216,0.02104,0.05,-0.0034826383154258345,0.03967060699384646,0.0034826383154258345,0.05498847623499592,0.05867545995543777,-0.009,0.04035,0.05
2024-02-20,LPR非对称下调：1年期维持3.45%，5年期大降至3.95%(-25,801780,monetary_policy,-,-,True,0.0,0.005213028251020324,0.0,0.0,0.007293853901896075,0.002070034502533513,-0.01071,0.00311,0.05,0.00039388369029613735,0.01770049986394019,0.0,0.014957136767654644,0.01455751910801073,-0.02774,0.01391,0.05,-0.05157005697732209,0.06872455526360675,0.05157005697732209,0.004079506165043378,0.05867545995543777,-0.04427,0.02531,0.05
2024-03-13,推动大规模设备更新和消费品以旧换新行动方案,801890,industry_policy,+,+,True,0.0,0.006041874030806582,0.0,0.0,-0.000986588120907017,-0.006986252096598422,-0.0341,0.00733,0.05,0.01793153653991375,0.0033959459258687697,0.0,0.01231090394349299,-0.0055216214398134955,-0.07141,0.03334,0.05,0.010316759383686591,0.040897758638182326,0.0,-0.015871200205896607,-0.025920543578391242,-0.1304,0.08269,0.05
2024-03-13,推动大规模设备更新和消费品以旧换新行动方案,801040,industry_policy,+,+,True,0.0,0.006030377844441714,0.0,0.0,-0.0009980039920157724,-0.006986252096598422,-0.00951,0.00131,0.05,0.02650188504213058,0.011201936539874413,0.0,0.020833930225673036,-0.0055216214398134955,0.00779,0.00552,0.05,0.05478818034438637,0.021397788162179916,0.0,0.027447497349797567,-0.025920543578391242,0.07244,0.01799,0.05
2024-03-13,推动大规模设备更新和消费品以旧换新行动方案,801030,industry_policy,+,+,True,0.0,0.003453269963665573,0.0,0.0,-0.0035571075474566394,-0.006986252096598422,-0.02882,0.0053,0.05,0.020598781137073585,0.003686602701091273,0.0,0.014963421025699697,-0.0055216214398134955,-0.02103,0.01673,0.05,0.060214796461335096,0.01837884410926182,0.0,0.03273345262720406,-0.025920543578391242,0.03597,0.03918,0.05
2024-03-13,推动大规模设备更新和消费品以旧换新行动方案,801880,industry_policy,+,+,True,0.0,0.016821529311589645,0.0,0.0,0.009717757770570046,-0.006986252096598422,-0.02667,0.00498,0.05,0.03903022422775737,0.004893204589039336,0.0,0.03329309266504743,-0.0055216214398134955,-0.04104,0.02168,0.05,0.04218049587130501,0.026100752729079177,0.0,0.015166610911523382,-0.025920543578391242,-0.07189,0.06264,0.05
2024-04-12,国务院新国九条：推动资本市场高质量发展,801790,capital_market_policy,-,+,False,0.0,-0.014182443045452464,0.014182443045452464,0.014182443045452464,-0.022173646149930337,-0.008106168375784262,-0.0058,0.00073,0.05,-0.005063425718895176,0.01970119709920115,0.005063425718895176,0.01354972975400881,0.018707881440938046,0.00448,0.00701,0.05,0.032640143500902496,0.02382355605052432,0.0,0.07766764983306107,0.04360425712243288,0.07495,0.01921,0.05
2024-04-12,国务院新国九条：推动资本市场高质量发展,801780,capital_market_policy,+,-,False,0.0,0.0026457148410603537,0.0,0.0,-0.005481900144699958,-0.008106168375784262,-0.01347,0.00383,0.05,0.021565425448821784,0.0025648205075837235,0.0,0.0406767503122798,0.018707881440938046,-0.03015,0.01455,0.05,0.013465917244025682,0.03471707680131987,0.0,0.0576573456843561,0.04360425712243288,-0.0582,0.03293,0.05
2024-05-14,美国对华301关税：电动车100%+电池25%+太阳能50%,801880,geopolitical,-,-,True,0.0,0.010319551880983546,0.0,0.0,0.008211624283900543,-0.0020863969158654294,-0.08652,0.04566,0.424,-0.014565504997733014,0.02463087726292764,0.014565504997733014,-0.007501239656342751,0.0071686807973716515,-0.29781,0.20492,0.2255,-0.020684279320421495,0.05034518011306543,0.020684279320421495,-0.05323664599986644,-0.03323991026801387,-0.85603,0.66944,0.05
2024-05-14,美国对华301关税：电动车100%+电池25%+太阳能50%,801730,geopolitical,-,-,True,0.0,-0.0027266674972444838,0.0027266674972444838,0.0027266674972444838,-0.004807375502453026,-0.0020863969158654294,-0.03745,0.00997,0.05,-0.016745756183677907,0.016745756183677907,0.016745756183677907,-0.0096971203670978,0.0071686807973716515,-0.08618,0.04006,0.05,-0.03168086464869302,0.04304727151719492,0.03168086464869302,-0.06386770581857171,-0.03323991026801387,-0.18368,0.10285,0.05
2024-05-14,美国对华301关税：电动车100%+电池25%+太阳能50%,801080,geopolitical,+,-,False,0.0,0.003751708328687986,0.0,0.0,0.0016574838601364217,-0.0020863969158654294,-0.04975,0.01468,0.05,0.006881285869539289,0.002826600911801832,0.0,0.014099296408785156,0.0071686807973716515,-0.13033,0.06246,0.05,0.06341200433516958,0.01810595100120719,0.0,0.028064284733139377,-0.03323991026801387,-0.25155,0.14092,0.05
2024-05-17,房地产新政5·17：取消房贷利率下限+首付15%+3000亿保障房再贷,801180,industry_policy,+,+,True,0.0,0.06276347935841531,0.0,0.0,0.07374360445655803,0.010331673332218072,-0.04195,0.01034,0.05,0.053231460816005605,0.017809137624886798,0.0,0.05364605747621076,0.00039364249514961536,-0.08049,0.03795,0.05,-0.03953096325055283,0.11438726669987534,0.03953096325055283,-0.06560512599818313,-0.027147322558022213,-0.12434,0.08501,0.05
2024-05-17,房地产新政5·17：取消房贷利率下限+首付15%+3000亿保障房再贷,801710,industry_policy,-,+,False,0.0,0.011425264818331504,0.0,0.0,0.021874980254386722,0.010331673332218072,-0.02291,0.00415,0.05,-0.010147666767487684,0.021329239377557017,0.010147666767487684,-0.009758018825204662,0.00039364249514961536,-0.02357,0.01593,0.05,-0.0853188378670714,0.10065099315330668,0.0853188378670714,-0.11014998241324081,-0.027147322558022213,0.00564,0.04008,0.05
2024-05-17,房地产新政5·17：取消房贷利率下限+首付15%+3000亿保障房再贷,801780,industry_policy,+,+,True,0.0,0.0011749186623419838,0.0,0.0,0.011518730870371252,0.010331673332218072,-0.00025,0.00017,0.05,0.012729481025370859,0.008021568405606616,0.0,0.013128134385193446,0.00039364249514961536,0.03474,0.00085,0.05,-0.01147961771920647,0.03234037849460315,0.01147961771920647,-0.03831529939216305,-0.027147322558022213,0.15533,0.00456,0.05
2024-05-24,证监会发布《上市公司股东减持股份管理暂行办法》及沪深北交易所配套细则,801790,capital_market_policy,-,-,True,0.0,-0.004340472928609507,0.004340472928609507,0.004340472928609507,-0.015363069813038144,-0.011070648735567512,-0.0287,0.00765,0.05,-0.008649348096204768,0.01017219384779311,0.008649348096204768,-0.021574119459421448,-0.01303753756392434,-0.07183,0.03561,0.05,-0.008987441621407188,0.02966736227901645,0.008987441621407188,-0.04876409215040922,-0.040137382914784636,-0.15527,0.08838,0.05
2024-05-24,证监会发布《上市公司股东减持股份管理暂行办法》及沪深北交易所配套细则,801780,capital_market_policy,+,+,True,0.0,0.0025691510135401607,0.0,0.0,-0.008529939890446925,-0.011070648735567512,-0.016,0.00426,0.05,-0.0035408814439412684,0.012152445295020789,0.0035408814439412684,-0.016532254633031096,-0.01303753756392434,-0.02736,0.01284,0.05,-0.013498832936115646,0.03916086142757426,0.013498832936115646,-0.053094408024440876,-0.040137382914784636,-0.03141,0.02679,0.05
2024-05-24,证监会发布《上市公司股东减持股份管理暂行办法》及沪深北交易所配套细则,801750,capital_market_policy,-,-,True,0.0,-0.010475107540003692,0.010475107540003692,0.010475107540003692,-0.021429790039528496,-0.011070648735567512,-0.07856,0.02398,0.05,-0.019601258221380702,0.02443143257961089,0.019601258221380702,-0.032383243644943716,-0.01303753756392434,-0.20421,0.09748,0.05,-0.010903595211628314,0.05333571174221263,0.010903595211628314,-0.050603336350256045,-0.040137382914784636,-0.36966,0.20521,0.05
2024-06-19,国资委：央企市值管理纳入业绩考核,801790,capital_market_policy,-,-,True,0.0,-0.0032280210890192063,0.0032280210890192063,0.0032280210890192063,-0.007962532664480548,-0.0047498441726201435,-0.01634,0.00413,0.05,-0.011299662076152517,0.011299662076152517,0.011299662076152517,-0.03575177166351784,-0.024731567947788746,-0.0462,0.0225,0.05,-0.04161128332404629,0.04447573243025815,0.04161128332404629,-0.05439857543051985,-0.013342490248449801,-0.1083,0.06361,0.05
2024-06-19,国资委：央企市值管理纳入业绩考核,801780,capital_market_policy,+,+,True,0.0,0.015761915035140683,0.0,0.0,0.010937204222241537,-0.0047498441726201435,-0.0073,0.00109,0.05,0.03504514935083902,0.0005059211590587688,0.0,0.009446859910639427,-0.024731567947788746,-0.00118,0.00468,0.05,0.04722590893045164,0.036962145921295375,0.0,0.03325330745262267,-0.013342490248449801,0.05601,0.00975,0.05
2024-07-10,证监会批准中证金融暂停转融券业务、并上调融券保证金比例申请,801790,capital_market_policy,+,+,True,0.0,0.006613073324908125,0.0,0.0,0.0034394341975814147,-0.0031527894991906225,-0.00887,0.00133,0.05,-0.004976695911967699,0.011513628765613054,0.004976695911967699,0.011937315537101423,0.016998608353772537,-0.00538,0.00662,0.05,0.06606214589552706,0.011513628765613054,0.0,0.036052087287261836,-0.028150383843763782,0.01811,0.01954,0.05
2024-07-10,证监会批准中证金融暂停转融券业务、并上调融券保证金比例申请,801780,capital_market_policy,-,+,False,0.0,0.00012062456248007614,0.0,0.0,-0.0030325452405645104,-0.0031527894991906225,0.00363,4e-05,0.05,-0.014995835330090856,0.026886600807650585,0.014995835330090856,0.0017478646919679708,0.016998608353772537,0.04685,0.00025,0.05,-0.01548696925515447,0.034654557063443135,0.01548696925515447,-0.04320138896980863,-0.028150383843763782,0.18859,0.00299,0.05
2024-07-10,证监会批准中证金融暂停转融券业务、并上调融券保证金比例申请,801750,capital_market_policy,-,-,True,0.0,0.004132599598539288,0.0,0.0,0.0009667808827300561,-0.0031527894991906225,-0.08208,0.02664,0.074,-0.002147987137526064,0.028783486894327703,0.002147987137526064,0.014814108424147099,0.016998608353772537,-0.22969,0.11739,0.05,0.018879208806711567,0.04335800721159539,0.0,-0.009802632011627566,-0.028150383843763782,-0.51556,0.30524,0.05
2024-07-22,LPR双降：1年期降至3.35%(-10bp)，5年期降至3.85%(,801780,monetary_policy,+,-,False,0.0,-0.008816210633599941,0.008816210633599941,0.008816210633599941,-0.015563455819726735,-0.006807259419002287,-0.01122,0.00298,0.05,0.004606980416256956,0.020961175459830235,0.0,-0.03221699306126846,-0.03665510413063955,-0.02689,0.01281,0.05,0.04535715924670658,0.023264409229566442,0.0,-0.011764158704227645,-0.054642872482067895,-0.04949,0.02959,0.05
2024-07-22,LPR双降：1年期降至3.35%(-10bp)，5年期降至3.85%(,801790,monetary_policy,+,+,True,0.0,0.01095123304558121,0.0,0.0,0.004069425742279753,-0.006807259419002287,-0.00616,0.0008,0.05,0.023670327965893634,0.0038250409452177518,0.0,-0.013852414501142052,-0.03665510413063955,0.00454,0.00472,0.05,0.0523949207903458,0.017007262009224925,0.0,-0.005110960667177422,-0.054642872482067895,0.0636,0.01352,0.05
2024-07-22,LPR双降：1年期降至3.35%(-10bp)，5年期降至3.85%(,801180,monetary_policy,+,-,False,0.0,0.0014593566041261052,0.0,0.0,-0.005357837033865387,-0.006807259419002287,-0.07483,0.02508,0.067,0.010095108773679362,0.019699719030771223,0.0,-0.026930032620269717,-0.03665510413063955,-0.21059,0.10555,0.05,0.03476170191316896,0.0431376615229102,0.0,-0.0217806498137999,-0.054642872482067895,-0.47768,0.27942,0.05
2024-07-22,LPR双降：1年期降至3.35%(-10bp)，5年期降至3.85%(,801710,monetary_policy,+,-,False,0.0,-0.0009380931679100479,0.0009380931679100479,0.0009380931679100479,-0.007738966743359166,-0.006807259419002287,-0.03151,0.00861,0.05,0.022547992961577723,0.002569777152026157,0.0,-0.014933610199005742,-0.03665510413063955,-0.08947,0.04313,0.05,0.0032829087485017894,0.04193439112016456,0.0,-0.051539351297681946,-0.054642872482067895,-0.17061,0.09661,0.05
2024-08-05,全球科技股黑色星期一：日股暴跌12.4%+美科技股急挫联动,801080,market_event,-,-,True,0.0,-0.03875379182254968,0.03875379182254968,0.03875379182254968,-0.05041891306620461,-0.012135414573725467,-0.0475,0.01753,0.11,-0.02285461085611562,0.03875379182254968,0.02285461085611562,-0.038088979823474034,-0.015590688076321801,-0.16076,0.09017,0.05,-0.008664275510834374,0.05726849315356575,0.008664275510834374,-0.027106139577950716,-0.018603045982852784,-0.39204,0.26089,0.05
2024-08-05,全球科技股黑色星期一：日股暴跌12.4%+美科技股急挫联动,801750,market_event,-,-,True,0.0,-0.022829413807571863,0.022829413807571863,0.022829413807571863,-0.034687783980267284,-0.012135414573725467,-0.04842,0.0122,0.05,-0.031209006566821684,0.031209006566821684,0.031209006566821684,-0.04631312475658811,-0.015590688076321801,-0.11846,0.054,0.05,-0.027302765543284258,0.06769001250079631,0.027302765543284258,-0.045397896923276115,-0.018603045982852784,-0.21963,0.13099,0.05
2024-08-05,全球科技股黑色星期一：日股暴跌12.4%+美科技股急挫联动,801790,market_event,-,-,True,0.0,0.009548547537520546,0.0,0.0,-0.0027027426191497117,-0.012135414573725467,-0.01964,0.00549,0.05,-0.007597066739051694,0.0169834470253002,0.007597066739051694,-0.02306931131755019,-0.015590688076321801,-0.05026,0.0238,0.05,0.022680317598300137,0.021352705618953857,0.0,0.0036553486242600908,-0.018603045982852784,-0.1111,0.06469,0.05
2024-08-05,全球科技股黑色星期一：日股暴跌12.4%+美科技股急挫联动,801770,market_event,-,+,False,0.0,-0.03190542766628823,0.03190542766628823,0.03190542766628823,-0.043653656648131256,-0.012135414573725467,-0.02277,0.00434,0.05,-0.022063245949375032,0.03190542766628823,0.022063245949375032,-0.03730995284014915,-0.015590688076321801,-0.04645,0.02282,0.05,-0.015614366215051634,0.03190542766628823,0.015614366215051634,-0.0339269374252128,-0.018603045982852784,-0.02132,0.04489,0.05
2024-08-15,商务部、海关总署发布对锑、超硬材料相关物项实施出口管制的公告（2024,801080,geopolitical,-,+,False,0.0,-0.0034485160994740527,0.0034485160994740527,0.0034485160994740527,0.006403049545776085,0.009885656490812522,-0.02723,0.00475,0.05,-0.010148283533119584,0.014706584061165984,0.010148283533119584,-0.006440421430284338,0.0037458763177879995,-0.04862,0.0256,0.05,-0.006403576615248818,0.03887867939847656,0.006403576615248818,-0.04336695764831211,-0.03720160435677211,-0.04376,0.05793,0.05
2024-08-15,商务部、海关总署发布对锑、超硬材料相关物项实施出口管制的公告（2024,801880,geopolitical,-,+,False,0.0,0.00387716827022877,0.0,0.0,0.013801153114717746,0.009885656490812522,-0.03162,0.00759,0.05,-0.00670517340089094,0.01444256402948825,0.00670517340089094,-0.0029844138333517956,0.0037458763177879995,-0.06239,0.02878,0.05,0.06312125195721885,0.023641463977288238,0.0,0.023571435758630743,-0.03720160435677211,-0.1242,0.0755,0.05
2024-08-15,商务部、海关总署发布对锑、超硬材料相关物项实施出口管制的公告（2024,801110,geopolitical,+,-,False,0.0,-0.006404286042628771,0.006404286042628771,0.006404286042628771,0.003418059876297397,0.009885656490812522,-0.02505,0.00655,0.05,0.0040508183912202345,0.006404286042628771,0.0,0.0078118685736872084,0.0037458763177879995,-0.07342,0.03544,0.05,0.04728084359540907,0.02524787295472887,0.0,0.008320316001545924,-0.03720160435677211,-0.1357,0.07835,0.05
2024-08-15,商务部、海关总署发布对锑、超硬材料相关物项实施出口管制的公告（2024,801890,geopolitical,-,+,False,0.0,0.002447618899010351,0.0,0.0,0.012357471709478984,0.009885656490812522,-0.03899,0.00846,0.05,-0.007864259948157315,0.010990785130617239,0.007864259948157315,-0.004147842175466043,0.0037458763177879995,-0.07978,0.03671,0.05,0.019735191359391724,0.02867132149372196,0.0,-0.01820059377823713,-0.03720160435677211,-0.16189,0.10029,0.05
2024-08-15,商务部、海关总署发布对锑、超硬材料相关物项实施出口管制的公告（2024,801050,geopolitical,+,+,True,0.0,-0.0009176494766626186,0.0009176494766626186,0.0009176494766626186,0.008958935446644611,0.009885656490812522,-0.02723,0.00447,0.05,0.019384363590013498,0.005330869732035222,0.0,0.023202851336308727,0.0037458763177879995,-0.02928,0.02055,0.05,-0.009641941041826918,0.04121536076859805,0.009641941041826918,-0.046484849722729704,-0.03720160435677211,0.01172,0.05382,0.05
2024-08-15,商务部、海关总署发布对锑、超硬材料相关物项实施出口管制的公告（2024,801030,geopolitical,-,-,True,0.0,-0.006129947511755884,0.006129947511755884,0.006129947511755884,0.003695110423648673,0.009885656490812522,-0.03231,0.00946,0.05,-0.021075483341932544,0.023352360165216135,0.021075483341932544,-0.0174085531780811,0.0037458763177879995,-0.06464,0.02994,0.05,0.014942324245507121,0.0327563528841015,0.0,-0.02281515854601701,-0.03720160435677211,-0.13365,0.07772,0.05
2024-09-09,证监会科八条：进一步强化科创板硬科技定位,801080,capital_market_policy,-,+,False,0.0,0.005612602217813789,0.0,0.0,-0.006335821209931258,-0.011881735970087903,-0.01909,0.00273,0.05,-0.0006338773226842731,0.015187070534263542,0.0006338773226842731,-0.022932107867761342,-0.022312373852877432,-0.0415,0.02463,0.05,0.07588018563618681,0.06638237990745385,0.0,0.2838577535219713,0.193309227795476,-0.06692,0.06964,0.05
2024-09-09,证监会科八条：进一步强化科创板硬科技定位,801750,capital_market_policy,+,+,True,0.0,0.0006069100926899829,0.0,0.0,-0.01128203702287689,-0.011881735970087903,-0.02947,0.00449,0.05,0.01753885616211215,0.011750430716490748,0.0,-0.005164851206406529,-0.022312373852877432,-0.046,0.0278,0.05,0.17998692234102598,0.07130886744871012,0.0,0.40808928310753,0.193309227795476,-0.07829,0.08491,0.05
2024-09-09,证监会科八条：进一步强化科创板硬科技定位,801770,capital_market_policy,+,+,True,0.0,0.012277297110333096,0.0,0.0,0.0002496855375540008,-0.011881735970087903,-0.04185,0.00802,0.05,0.04441836971478619,0.0019192836737075647,0.0,0.021114916590897037,-0.022312373852877432,-0.0527,0.02911,0.05,0.06782794560806504,0.03619487128380118,0.0,0.2742489411919893,0.193309227795476,-0.05322,0.0724,0.05
2024-09-09,证监会科八条：进一步强化科创板硬科技定位,801790,capital_market_policy,+,+,True,0.0,0.0075715272885050755,0.0,0.0,-0.004400171569715061,-0.011881735970087903,-0.00244,0.00036,0.05,0.015030639372069832,0.00532252888915003,0.0,-0.007617103725724994,-0.022312373852877432,0.02096,0.00303,0.05,0.12154894508586422,0.04211025235194306,0.0,0.3383547055952436,0.193309227795476,0.11064,0.012,0.05
2024-09-24,央行、金监总局、证监会联合发布一揽子金融政策,801780,monetary_policy,-,+,False,0.0,-0.0007164822971515994,0.0007164822971515994,0.0007164822971515994,0.04256254631209666,0.04331005950016875,-0.01046,0.00179,0.05,-0.08521414237408997,0.0889875065149382,0.08521414237408997,0.14402331823674253,0.2505913910887947,-0.01225,0.00821,0.05,-0.0794310007043052,0.1147587277047427,0.0794310007043052,0.13586931456559537,0.23387743388558935,0.01649,0.01836,0.05
2024-09-24,央行、金监总局、证监会联合发布一揽子金融政策,801790,monetary_policy,+,+,True,0.0,0.016432389584163598,0.0,0.0,0.06045413685495249,0.04331005950016875,-0.01065,0.0018,0.05,0.0852171425523165,0.0,0.0,0.357163215937909,0.2505913910887947,-0.01426,0.00881,0.05,0.11938042129779847,0.04211025235194314,0.0,0.3811782417726981,0.23387743388558935,-0.00249,0.02209,0.05
2024-09-24,央行、金监总局、证监会联合发布一揽子金融政策,801180,monetary_policy,+,-,False,0.0,-0.01947851949017876,0.01947851949017876,0.01947851949017876,0.022987924171895102,0.04331005950016875,-0.07564,0.02938,0.084,0.04906179450168513,0.01947851949017876,0.0,0.3119476489239694,0.2505913910887947,-0.2256,0.12204,0.05,0.06944146722422673,0.07680271743868738,0.0,0.31955969326946865,0.23387743388558935,-0.47503,0.28963,0.05
2024-09-24,央行、金监总局、证监会联合发布一揽子金融政策,801750,monetary_policy,+,+,True,0.0,-0.011631364301537661,0.011631364301537661,0.011631364301537661,0.031174940118663397,0.04331005950016875,-0.03817,0.00899,0.05,0.05721443328795739,0.017876552646273858,0.0,0.32214326880473854,0.2505913910887947,-0.08462,0.03905,0.05,0.18684343007996151,0.07130886744871016,0.0,0.46441932593103386,0.23387743388558935,-0.12046,0.08036,0.05
2024-09-26,政治局会议：促进房地产市场止跌回稳,801180,capital_market_policy,-,+,False,0.0,0.036957788676271086,0.0,0.0,0.08079127480161397,0.04227123476385519,-0.04834,0.01192,0.05,0.009375770222499247,0.0542211854312472,0.0,0.17390435341591104,0.16300032955729082,-0.0949,0.04419,0.05,0.10075247067204574,0.07680271743868725,0.0,0.2586444395226857,0.1434400313035331,-0.0952,0.07942,0.05
2024-09-26,政治局会议：促进房地产市场止跌回稳,801710,capital_market_policy,-,-,True,0.0,0.016840306046528752,0.0,0.0,0.05982340134077191,0.04227123476385519,-0.03051,0.01031,0.05,-0.014752422565197043,0.042852037490698214,0.014752422565197043,0.14584325725219816,0.16300032955729082,-0.08941,0.04554,0.05,0.09593147625269016,0.04290778542142846,0.0,0.25313192151290353,0.1434400313035331,-0.17332,0.09945,0.05
2024-09-26,政治局会议：促进房地产市场止跌回稳,801780,capital_market_policy,-,+,False,0.0,-0.0056142753646734045,0.0056142753646734045,0.0056142753646734045,0.03641963704721274,0.04227123476385519,-0.0007,0.00023,0.05,-0.1066489748215027,0.11475872770474282,0.1066489748215027,0.038967536692935845,0.16300032955729082,0.03472,0.00204,0.05,-0.0767173747372295,0.11475872770474282,0.0767173747372295,0.0557183139324704,0.1434400313035331,0.13367,0.00998,0.05
2024-09-27,证监会并购六条：支持上市公司并购重组,801080,capital_market_policy,+,-,False,0.0,0.01721056955113509,0.0,0.0,0.06264809052158782,0.04466874640370966,-0.03464,0.00972,0.05,0.1253123988447753,0.040028951191901835,0.0,0.26892929392913945,0.12762402265521855,-0.10708,0.05335,0.05,0.2537081009929212,0.06638237990745378,0.0,0.37596278171998443,0.09751446977987865,-0.20904,0.12145,0.05
2024-09-27,证监会并购六条：支持上市公司并购重组,801750,capital_market_policy,+,-,False,0.0,0.03127194608769779,0.0,0.0,0.07733757112074935,0.04466874640370966,-0.0544,0.0167,0.05,0.11257421028027115,0.057808296344416255,0.0,0.25456540649869264,0.12762402265521855,-0.1405,0.06894,0.05,0.272299715187557,0.07130886744871016,0.0,0.39636734731516254,0.09751446977987865,-0.27369,0.15637,0.05
2024-09-27,证监会并购六条：支持上市公司并购重组,801790,capital_market_policy,+,+,True,0.0,0.023786309557805474,0.0,0.0,0.06951756059103298,0.04466874640370966,-0.00469,0.00059,0.05,0.048155825715986866,0.042110252351943094,0.0,0.18192568856336333,0.12762402265521855,0.02453,0.00295,0.05,0.10129988207162732,0.042110252351943094,0.0,0.20869255614048488,0.09751446977987865,0.11416,0.01246,0.05
2024-09-27,证监会并购六条：支持上市公司并购重组,801030,capital_market_policy,-,+,False,0.0,0.003906272547402612,0.0,0.0,0.04874950724891591,0.04466874640370966,0.044,0.0,0.05,-0.017536615100737896,0.02719307468585358,0.017536615100737896,0.10784931419156796,0.12762402265521855,0.26705,0.0,0.05,0.032188963530976666,0.033308996789962325,0.0,0.13284232302234167,0.09751446977987865,0.88069,0.00016,0.05
2024-10-21,LPR双降：1年期降至3.10%(-25bp)，5年期降至3.60%(,801780,monetary_policy,-,-,True,0.0,-0.014805333814922772,0.014805333814922772,0.014805333814922772,-0.012304719976562462,0.0025381926274969935,-0.03399,0.0093,0.05,-0.024581185999505983,0.024581185999505983,0.024581185999505983,-0.016831231079051823,0.007945258804952893,-0.07955,0.03779,0.05,-0.04997597403738496,0.08185013795059604,0.04997597403738496,-0.039424196115382615,0.011106853756998492,-0.15171,0.08369,0.05
2024-10-21,LPR双降：1年期降至3.10%(-25bp)，5年期降至3.60%(,801790,monetary_policy,-,+,False,0.0,-0.014721163683031335,0.014721163683031335,0.014721163683031335,-0.012220336204662785,0.0025381926274969935,-0.03893,0.00963,0.05,-0.010615908408438957,0.01504188337803014,0.010615908408438957,-0.0027549957432404515,0.007945258804952893,-0.08767,0.03997,0.05,0.020937931463678394,0.05972594054298004,0.0,0.03227733976341929,0.011106853756998492,-0.14315,0.08987,0.05
2024-10-21,LPR双降：1年期降至3.10%(-25bp)，5年期降至3.60%(,801180,monetary_policy,+,-,False,0.0,0.0013574662931088444,0.0,0.0,0.0038991044315430656,0.0025381926274969935,-0.10007,0.03206,0.05,0.021627759093474364,0.002225083922338271,0.0,0.029744856041795886,0.007945258804952893,-0.25173,0.1226,0.05,0.05050453203705696,0.07986170264398008,0.0,0.06217233224545704,0.011106853756998492,-0.49844,0.28284,0.05
2024-10-21,LPR双降：1年期降至3.10%(-25bp)，5年期降至3.60%(,801710,monetary_policy,+,-,False,0.0,-9.78850096391426e-05,9.78850096391426e-05,9.78850096391426e-05,0.0024400591668480853,0.0025381926274969935,-0.04854,0.01307,0.05,0.03568084619744338,0.004210202762101976,0.0,0.0439095985598148,0.007945258804952893,-0.12012,0.05599,0.05,0.037373255137051586,0.052131045290663654,0.0,0.048895208173280746,0.011106853756998492,-0.19869,0.11366,0.05
2024-10-21,LPR双降：1年期降至3.10%(-25bp)，5年期降至3.60%(,801750,monetary_policy,+,+,True,0.0,0.028689333009871865,0.0,0.0,0.03130034469090237,0.0025381926274969935,-0.06828,0.01502,0.05,-0.008696743172197374,0.04027267122528216,0.008696743172197374,-0.0008205822425075837,0.007945258804952893,-0.12898,0.05986,0.05,0.08135511625342717,0.060153032612982896,0.0,0.09336556938903695,0.011106853756998492,-0.07213,0.10198,0.05
2024-10-29,欧盟对中国电动车反补贴关税终裁：最高36.3%,801880,geopolitical,+,+,True,0.0,0.0080646866162144,0.0,0.0,-0.0019819940876107944,-0.009966305572660317,-0.02287,0.0037,0.05,0.024081707438324385,0.020105084420949576,0.0,0.01907129419894793,-0.004892591287378512,-0.01397,0.01515,0.05,0.04684717538422989,0.020934320779118325,0.0,0.016196682919337402,-0.02927886054967077,0.00644,0.04867,0.05
2024-10-29,欧盟对中国电动车反补贴关税终裁：最高36.3%,801730,geopolitical,+,+,True,0.0,-0.00948889651962559,0.00948889651962559,0.00948889651962559,-0.019360632850023984,-0.009966305572660317,-0.03947,0.00726,0.05,-0.0065949812873605795,0.020528976073323105,0.0065949812873605795,-0.011455306026752154,-0.004892591287378512,-0.11313,0.05385,0.05,0.02744237617709966,0.04089813340792906,0.0,-0.0026399658778116786,-0.02927886054967077,-0.23094,0.13318,0.05
2024-11-08,人大常委会10万亿化债方案：6万亿+4万亿置换隐性债务,801780,industry_policy,+,-,False,0.0,-0.004096744523364948,0.004096744523364948,0.004096744523364948,-0.014101672233698404,-0.010046083949735829,-0.09727,0.06181,0.5,-0.004709625472368195,0.024470924061664623,0.004709625472368195,-0.03017614478177033,-0.025587024612278353,-0.36053,0.28306,0.5,0.040485138522329045,0.024470924061664623,0.0,-0.0157611610580366,-0.054057763535426684,-0.99996,0.84843,0.5
2024-11-08,人大常委会10万亿化债方案：6万亿+4万亿置换隐性债务,801710,industry_policy,-,-,True,0.0,-0.014312246623670033,0.014312246623670033,0.014312246623670033,-0.024214548542315195,-0.010046083949735829,-0.04904,0.01282,0.05,-0.031515095087299216,0.03196632086966256,0.031515095087299216,-0.05629574218592048,-0.025587024612278353,-0.10526,0.0481,0.05,-0.011626755449173576,0.03663190766557356,0.011626755449173576,-0.06505600258784494,-0.054057763535426684,-0.15909,0.09794,0.05
2024-11-08,人大常委会10万亿化债方案：6万亿+4万亿置换隐性债务,801180,industry_policy,-,-,True,0.0,-0.023082848339398443,0.023082848339398443,0.023082848339398443,-0.032897040056917626,-0.010046083949735829,-0.08762,0.02511,0.05,-0.0657364934122574,0.0657364934122574,0.0657364934122574,-0.08964151674967125,-0.025587024612278353,-0.20159,0.09488,0.05,-0.030203416129401806,0.07986170264397996,0.030203416129401806,-0.08262845053774337,-0.054057763535426684,-0.30549,0.1826,0.05
2024-12-02,美BIS第三轮半导体出口管制：扩大实体清单+HBM芯片,801080,geopolitical,-,-,True,0.0,0.007947788339599304,0.0,0.0,0.015938368618417798,0.007927573601784976,-0.05705,0.01363,0.05,0.001610494722800171,0.013442942382199695,0.0,0.016074400214022955,0.014440648902372288,-0.14471,0.06706,0.05,0.030653753219769042,0.03471903644959706,0.0,0.04761332565510523,0.016455160020865334,-0.25893,0.14601,0.05
2024-12-02,美BIS第三轮半导体出口管制：扩大实体清单+HBM芯片,801770,geopolitical,-,-,True,0.0,0.015239630104278978,0.0,0.0,0.023288016995379524,0.007927573601784976,-0.05229,0.01437,0.05,0.005182742783480299,0.013716320917567608,0.0,0.01969823385474001,0.014440648902372288,-0.143,0.06841,0.05,0.07017157140372299,0.032032980355303706,0.0,0.08778141586095223,0.016455160020865334,-0.1487,0.10536,0.05
2024-12-03,中国商务部发布2024年第46号公告，加强镓、锗、锑及超硬材料等两用物,801080,geopolitical,-,+,False,0.0,-0.011265246180675814,0.011265246180675814,0.011265246180675814,-0.010198525342331233,0.0010788746266114924,-0.04562,0.00859,0.05,-0.014964461343765056,0.014964461343765056,0.014964461343765056,-0.010238694588756148,0.0047975596509501894,-0.12955,0.05999,0.05,0.01767600836641714,0.03471903644959707,0.0,0.03093255137200268,0.01302629019118351,-0.22866,0.1419,0.05
2024-12-03,中国商务部发布2024年第46号公告，加强镓、锗、锑及超硬材料等两用物,801880,geopolitical,+,+,True,0.0,0.0009361917049512947,0.0,0.0,0.002016076365038977,0.0010788746266114924,-0.03194,0.00694,0.05,0.007273224671492384,0.010011806900486229,0.0,0.012105678051659297,0.0047975596509501894,-0.06733,0.03168,0.05,-0.008506847126943828,0.02937460802829554,0.008506847126943828,0.004408630404951763,0.01302629019118351,-0.12747,0.07988,0.05
2024-12-03,中国商务部发布2024年第46号公告，加强镓、锗、锑及超硬材料等两用物,801110,geopolitical,+,+,True,0.0,-0.00029321009255034447,0.00029321009255034447,0.00029321009255034447,0.000785348197132052,0.0010788746266114924,-0.03612,0.00809,0.05,0.016404027244203423,0.003442247804307579,0.0,0.0212802861943735,0.0047975596509501894,-0.06725,0.03166,0.05,0.015390260138464784,0.017494057970405985,0.0,0.02861702832432922,0.01302629019118351,-0.15062,0.09515,0.05
2024-12-03,中国商务部发布2024年第46号公告，加强镓、锗、锑及超硬材料等两用物,801890,geopolitical,+,-,False,0.0,0.003722315732124004,0.0,0.0,0.0048052062707311105,0.0010788746266114924,-0.06666,0.01592,0.05,0.021427378989609336,0.006495589014487423,0.0,0.02632773776942532,0.0047975596509501894,-0.13937,0.06443,0.05,-0.03309612270541051,0.06933879348670174,0.03309612270541051,-0.02050095221279158,0.01302629019118351,-0.21798,0.13071,0.05
2024-12-03,中国商务部发布2024年第46号公告，加强镓、锗、锑及超硬材料等两用物,801050,geopolitical,-,+,False,0.0,-0.001129666953299413,0.001129666953299413,0.001129666953299413,-5.2011095700410515e-05,0.0010788746266114924,-0.03251,0.00723,0.05,0.0019933280018860078,0.006784722610352589,0.0,0.006800450762829202,0.0047975596509501894,-0.07486,0.03459,0.05,-0.05016752302044847,0.06293464780393723,0.05016752302044847,-0.037794729542302785,0.01302629019118351,-0.17991,0.1019,0.05
2024-12-03,中国商务部发布2024年第46号公告，加强镓、锗、锑及超硬材料等两用物,801030,geopolitical,-,+,False,0.0,-0.00034077711200530825,0.00034077711200530825,0.00034077711200530825,0.0007377298588266967,0.0010788746266114924,-0.03912,0.00786,0.05,-0.0024063339801895234,0.01038803518107323,0.0024063339801895234,0.0023796811399505735,0.0047975596509501894,-0.04808,0.02653,0.05,-0.051583209343986525,0.05888309600443435,0.051583209343986525,-0.03922885700671108,0.01302629019118351,0.01721,0.05295,0.05
2024-12-09,中央政治局会议：适度宽松货币政策+更加积极财政政策,801780,industry_policy,+,+,True,0.0,0.004746357687942515,0.0,0.0,0.0030849055597623742,-0.001653603534332193,0.02564,1e-05,0.05,0.004716382889639714,0.010358139820477074,0.0,-0.005388586116058858,-0.010057533825253095,0.18285,0.00018,0.05,0.07596599877443966,0.010358139820477074,0.0,0.020674466473981967,-0.05138780627216599,0.69312,0.00193,0.05
2024-12-09,中央政治局会议：适度宽松货币政策+更加积极财政政策,801790,industry_policy,-,+,False,0.0,-0.006568928508054239,0.006568928508054239,0.006568928508054239,-0.008211669638988783,-0.001653603534332193,-0.06065,0.01339,0.05,-0.012924066039506132,0.012924066039506132,0.012924066039506132,-0.022851615633406763,-0.010057533825253095,-0.1348,0.06209,0.05,-0.0813851123963536,0.08165187406020546,0.0813851123963536,-0.1285907162792571,-0.05138780627216599,-0.26454,0.15779,0.05
2024-12-09,中央政治局会议：适度宽松货币政策+更加积极财政政策,801180,industry_policy,-,-,True,0.0,-0.027658173796397123,0.027658173796397123,0.027658173796397123,-0.02926604167678637,-0.001653603534332193,-0.09045,0.02638,0.05,-0.008559667183691944,0.027658173796397123,0.008559667183691944,-0.018531111866711858,-0.010057533825253095,-0.19212,0.08935,0.05,-0.12896132321381404,0.1295227290506306,0.12896132321381404,-0.17372208999206595,-0.05138780627216599,-0.31833,0.1787,0.05
2024-12-09,中央政治局会议：适度宽松货币政策+更加积极财政政策,801710,industry_policy,+,+,True,0.0,0.002357261805663091,0.0,0.0,0.0006997602948777271,-0.001653603534332193,0.00744,0.00032,0.05,0.02288336939477542,0.0,0.0,0.012595685307798643,-0.010057533825253095,0.15924,0.00172,0.05,-0.04632384846809812,0.07809993111454232,0.04632384846809812,-0.09533117378940459,-0.05138780627216599,0.6539,0.00957,0.05
2024-12-12,中央经济工作会议：明年实施更加积极有为的宏观政策,801780,industry_policy,+,-,False,0.0,0.0028176652407463365,0.0,0.0,0.012791962986316685,0.009946272479330442,-0.03289,0.00721,0.05,0.023089122303022735,0.004754614855610231,0.0,0.01104929747965322,-0.011768109503761726,-0.08752,0.04174,0.05,0.07930837822105707,0.010020934062852193,0.0,0.02276905558171749,-0.05238477137787978,-0.12568,0.07982,0.05
2024-12-12,中央经济工作会议：明年实施更加积极有为的宏观政策,801790,industry_policy,-,-,True,0.0,0.0035190473125834565,0.0,0.0,0.013500321195352605,0.009946272479330442,-0.0948,0.02282,0.05,-0.023495924661029677,0.026920238381084073,0.023495924661029677,-0.03498753155048828,-0.011768109503761726,-0.20921,0.09463,0.05,-0.0810685047328844,0.08429092828082606,0.0810685047328844,-0.12920652102438535,-0.05238477137787978,-0.37048,0.21074,0.05
2024-12-12,中央经济工作会议：明年实施更加积极有为的宏观政策,801180,industry_policy,-,-,True,0.0,0.002470184694508104,0.0,0.0,0.012441026303884328,0.009946272479330442,-0.09217,0.02723,0.05,-0.04722409884259915,0.049571831956529505,0.04722409884259915,-0.05843646997996499,-0.011768109503761726,-0.19401,0.08935,0.05,-0.12376515377343766,0.12952272905063056,0.12376515377343766,-0.16966651586634818,-0.05238477137787978,-0.3376,0.18903,0.05
2024-12-12,中央经济工作会议：明年实施更加积极有为的宏观政策,801710,industry_policy,-,+,False,0.0,0.00759454279052485,0.0,0.0,0.017616352661805834,0.009946272479330442,-0.00244,0.00071,0.05,-0.030857534097616934,0.04060082254349277,0.030857534097616934,-0.042262508761101825,-0.011768109503761726,0.11742,0.00259,0.05,-0.058194627006002975,0.07809993111454248,0.058194627006002975,-0.10753088615275208,-0.05238477137787978,0.55101,0.01025,0.05
2024-12-12,中央经济工作会议：明年实施更加积极有为的宏观政策,801880,industry_policy,-,+,False,0.0,-0.00526401472662974,0.00526401472662974,0.00526401472662974,0.004629900427894462,0.009946272479330442,-0.03093,0.00653,0.05,-0.009580383468360654,0.011805618401236567,0.009580383468360654,-0.021235749970378803,-0.011768109503761726,-0.0707,0.03345,0.05,-0.014066066329254445,0.039208760888382134,0.014066066329254445,-0.06571399003829004,-0.05238477137787978,-0.14673,0.08993,0.05
2025-01-13,美国商务部BIS发布人工智能扩散框架(Framework for AI,801080,geopolitical,+,+,True,0.0,-0.0027142973935001535,0.0027142973935001535,0.0027142973935001535,-0.005377658274260622,-0.0026706097097346504,-0.05532,0.01232,0.05,0.019020207696063496,0.012619853671725962,0.0,0.040823665457006664,0.021396492038405324,-0.1273,0.05824,0.05,0.06052662179167445,0.03283282367968203,0.0,0.12159195607618933,0.05758019933658054,-0.23977,0.14847,0.05
2025-01-13,美国商务部BIS发布人工智能扩散框架(Framework for AI,801750,geopolitical,+,-,False,0.0,0.009804585776027386,0.0,0.0,0.007107791844319422,-0.0026706097097346504,-0.07122,0.01627,0.05,0.03914657014597678,0.005018382950579506,0.0,0.061380661460841646,0.021396492038405324,-0.19048,0.0885,0.05,0.26499691663124914,0.010543958126707647,0.0,0.33783569125103674,0.05758019933658054,-0.30359,0.18508,0.05
2025-01-13,美国商务部BIS发布人工智能扩散框架(Framework for AI,801770,geopolitical,+,+,True,0.0,0.0014102636855835016,0.0,0.0,-0.0012641122880432398,-0.0026706097097346504,-0.06016,0.01127,0.05,0.03905550802571511,0.004168609027933549,0.0,0.06128765093064836,0.021396492038405324,-0.10241,0.05131,0.05,0.11422768090428637,0.05234963567064812,0.0,0.1783851328770909,0.05758019933658054,-0.08292,0.10493,0.05
2025-01-15,拜登末期AI芯片出口管制框架：分国别配额限制,801080,geopolitical,+,+,True,0.0,-0.0033831691544983222,0.0033831691544983222,0.0033831691544983222,-0.009777831948592053,-0.0064163704607203,-0.06645,0.01289,0.05,0.023448980574746647,0.012619853671725911,0.0,0.026683640188424063,0.003160547985363138,-0.1285,0.05984,0.05,0.056322242759661245,0.03346049512180831,0.0,0.08939538600090757,0.031309710145686065,-0.08446,0.11131,0.05
2025-01-15,拜登末期AI芯片出口管制框架：分国别配额限制,801770,geopolitical,+,+,True,0.0,-0.00416860902793359,0.00416860902793359,0.00416860902793359,-0.010558232148824787,-0.0064163704607203,-0.04565,0.0086,0.05,0.042044654088204236,0.00416860902793359,0.0,0.045338086220340745,0.003160547985363138,-0.08186,0.04044,0.05,0.08400729974303323,0.05234963567064815,0.0,0.11794725409379558,0.031309710145686065,-0.00101,0.07222,0.05
2025-01-15,拜登末期AI芯片出口管制框架：分国别配额限制,801750,geopolitical,+,-,False,0.0,-0.0038694644506764853,0.0038694644506764853,0.0038694644506764853,-0.01026100699399668,-0.0064163704607203,-0.10102,0.02552,0.05,0.001848529388855491,0.005055733456905466,0.0,0.005014919740054191,0.003160547985363138,-0.26673,0.1217,0.05,0.20057423805911156,0.027931162813608024,0.0,0.2381638694611199,0.031309710145686065,-0.47449,0.26556,0.05
2025-01-27,DeepSeek-R1登顶全球应用榜：中国AI里程碑,801080,industry_policy,+,-,False,0.0,-0.025183535976074367,0.025183535976074367,0.025183535976074367,-0.029197897839201792,-0.004118069412324621,-0.06453,0.01604,0.05,0.02280784992366569,0.025183535976074367,0.0,0.041006630195831395,0.01779296108601769,-0.17427,0.08033,0.05,0.027231625255058622,0.04789892506618627,0.0,0.042135454527487015,0.014508732895296639,-0.3308,0.19004,0.05
2025-01-27,DeepSeek-R1登顶全球应用榜：中国AI里程碑,801750,industry_policy,+,+,True,0.0,-0.010543958126707609,0.010543958126707609,0.010543958126707609,-0.014618606787585753,-0.004118069412324621,-0.04859,0.00848,0.05,0.14211023440683346,0.010543958126707609,0.0,0.1624317573635774,0.01779296108601769,-0.0693,0.03878,0.05,0.13240714022288858,0.0572542950797,0.0,0.14883693294910993,0.014508732895296639,-0.01297,0.08948,0.05
2025-01-27,DeepSeek-R1登顶全球应用榜：中国AI里程碑,801770,industry_policy,-,-,True,0.0,-0.035760027516424264,0.035760027516424264,0.035760027516424264,-0.03973083465324956,-0.004118069412324621,-0.05705,0.01458,0.05,-0.007684494191779079,0.049771650221348995,0.007684494191779079,0.009971736988118929,0.01779296108601769,-0.131,0.06154,0.05,-0.029817542474652403,0.08586266828931499,0.029817542474652403,-0.01574142433871406,0.014508732895296639,-0.19804,0.11735,0.05
2025-01-27,DeepSeek-R1登顶全球应用榜：中国AI里程碑,801760,industry_policy,+,-,False,0.0,0.004950664705930308,0.0,0.0,0.0008122081127095448,-0.004118069412324621,-0.06452,0.01596,0.05,0.08849984965547764,0.00197381688047695,0.0,0.10786748512253408,0.01779296108601769,-0.17274,0.08039,0.05,0.05230190002996804,0.08518875600677961,0.0,0.06756946722271695,0.014508732895296639,-0.26027,0.15884,0.05
2025-03-05,2025政府工作报告：GDP目标5%左右+财政赤字率4%,801780,industry_policy,-,+,False,0.0,0.012728546832730725,0.0,0.0,0.017251028382055278,0.004465640435898033,-0.01795,0.00325,0.05,-0.003074234575627499,0.0197115767297847,0.003074234575627499,0.011345085043005021,0.014463784685607273,-0.02715,0.01446,0.05,0.022034523687411767,0.0197115767297847,0.0,0.02268243304233475,0.0006339407719662127,-0.03345,0.03712,0.05
2025-03-05,2025政府工作报告：GDP目标5%左右+财政赤字率4%,801790,industry_policy,+,-,False,0.0,-0.002097688966566036,0.002097688966566036,0.002097688966566036,0.0023585839446609302,0.004465640435898033,-0.05075,0.01356,0.05,-0.004751450121050049,0.015182099516346949,0.004751450121050049,0.009643610613062181,0.014463784685607273,-0.14538,0.07087,0.05,-0.006370819804531913,0.020841456446167188,0.006370819804531913,-0.0057409177549901935,0.0006339407719662127,-0.29895,0.16824,0.05
2025-03-05,2025政府工作报告：GDP目标5%左右+财政赤字率4%,801180,industry_policy,-,+,False,0.0,-0.019010217043093025,0.019010217043093025,0.019010217043093025,-0.014629469401117867,0.004465640435898033,-0.00072,0.00068,0.05,-0.026161253914291582,0.026161253914291582,0.026161253914291582,-0.012075859972406011,0.014463784685607273,0.1345,0.00319,0.05,-0.047962233496445794,0.05037515319816843,0.047962233496445794,-0.047358697939807626,0.0006339407719662127,0.56253,0.01519,0.05
2025-04-02,特朗普宣布对等关税：对华累计加征54%关税,801080,geopolitical,-,-,True,0.0,0.0006546191731640061,0.0,0.0,-0.0001942561299814738,-0.0008483199766237126,-0.05242,0.01534,0.0615,-0.07173668940594458,0.09259853157659928,0.07173668940594458,-0.1197032464782889,-0.05167343847905348,-0.15611,0.07741,0.05,-0.01906442759438909,0.09259853157659928,0.01906442759438909,-0.04861423351769456,-0.030124104736908297,-0.35785,0.21273,0.05
2025-04-02,特朗普宣布对等关税：对华累计加征54%关税,801110,geopolitical,-,-,True,0.0,0.006116727575016689,0.0,0.0,0.005263218656199609,-0.0008483199766237126,-0.02015,0.00465,0.05,-0.04396236734649506,0.04977463702667424,0.04396236734649506,-0.0933641191410759,-0.05167343847905348,-0.05069,0.0238,0.05,-0.01031238357514408,0.05303674816408348,0.01031238357514408,-0.040125836989147734,-0.030124104736908297,-0.09521,0.0544,0.05
2025-04-02,特朗普宣布对等关税：对华累计加征54%关税,801880,geopolitical,-,-,True,0.0,0.0030263122909841567,0.0,0.0,0.0021754250331884606,-0.0008483199766237126,-0.03291,0.01021,0.0765,-0.07309061327371547,0.07809366348610716,0.07309061327371547,-0.1209872084443735,-0.05167343847905348,-0.09098,0.04508,0.05,-0.00044833857349368955,0.07809366348610716,0.00044833857349368955,-0.03055893751225669,-0.030124104736908297,-0.21783,0.12951,0.05
2025-04-02,特朗普宣布对等关税：对华累计加征54%关税,801030,geopolitical,-,-,True,0.0,0.0013839194031608493,0.0,0.0,0.0005344254200614351,-0.0008483199766237126,-0.04114,0.01804,0.1775,-0.03434901344933228,0.0356835496956956,0.03434901344933228,-0.08424752029509552,-0.05167343847905348,-0.12557,0.07475,0.05,-0.00620328263040737,0.0356835496956956,0.00620328263040737,-0.0361405190316445,-0.030124104736908297,-0.34431,0.24396,0.05
2025-04-02,特朗普宣布对等关税：对华累计加征54%关税,801050,geopolitical,-,-,True,0.0,-0.007821177738873808,0.007821177738873808,0.007821177738873808,-0.008662862854180942,-0.0008483199766237126,-0.02428,0.00712,0.05,-0.05457437495907236,0.055382373898429926,0.05457437495907236,-0.1034277678311456,-0.05167343847905348,-0.04939,0.02245,0.05,-0.019842663297855,0.055382373898429926,0.019842663297855,-0.04936902556731981,-0.030124104736908297,-0.12898,0.07334,0.05
2025-04-02,特朗普宣布对等关税：对华累计加征54%关税,801890,geopolitical,-,-,True,0.0,0.006053617031621883,0.0,0.0,0.005200161650739332,-0.0008483199766237126,-0.03703,0.00911,0.05,-0.0696012709069812,0.08983744192006073,0.0696012709069812,-0.11767817239575906,-0.05167343847905348,-0.09919,0.04684,0.05,-0.019015250971930575,0.08983744192006073,0.019015250971930575,-0.04856653829696178,-0.030124104736908297,-0.1983,0.11349,0.05
2025-04-04,中国反制：对美所有商品加征34%关税,801010,geopolitical,+,-,False,0.0,0.05280410213361453,0.0,0.0,-0.021371158026658787,-0.07045494979545541,-0.03822,0.01688,0.186,0.0633522457173532,0.047143533858392636,0.0,0.03278973874968072,-0.028741658364631717,-0.12069,0.0729,0.05,0.02647759110493353,0.08789282723944719,0.0,0.01853585326040652,-0.007736883798873384,-0.32682,0.23535,0.05
2025-04-04,中国反制：对美所有商品加征34%关税,801030,geopolitical,-,-,True,0.0,-0.028520633052661948,0.028520633052661948,0.028520633052661948,-0.09696616307825745,-0.07045494979545541,-0.04709,0.02172,0.1975,-0.023319808297883382,0.032389894562377175,0.023319808297883382,-0.0513912166992887,-0.028741658364631717,-0.14622,0.09082,0.05,0.012817237967074346,0.032389894562377175,0.0,0.0049811886874271405,-0.007736883798873384,-0.36508,0.25988,0.05
2025-04-04,中国反制：对美所有商品加征34%关税,801050,geopolitical,+,-,False,0.0,-0.02209797264901303,0.02209797264901303,0.02209797264901303,-0.09099601089090092,-0.07045494979545541,-0.03184,0.0134,0.222,-0.01539094544372599,0.041027616502492426,0.01539094544372599,-0.04369024251250553,-0.028741658364631717,-0.10389,0.06195,0.05,0.00893095251943321,0.041027616502492426,0.0,0.0011249709787035655,-0.007736883798873384,-0.29528,0.21072,0.05
2025-04-04,中国反制：对美所有商品加征34%关税,801080,geopolitical,-,-,True,0.0,-0.04301360297599588,0.04301360297599588,0.04301360297599588,-0.11043803153325582,-0.07045494979545541,-0.05735,0.01953,0.0905,-0.010427264827933325,0.07499196182235479,0.010427264827933325,-0.038869226309203087,-0.028741658364631717,-0.1866,0.10028,0.05,0.005597532984833453,0.07499196182235479,0.0,-0.00218265827630415,-0.007736883798873384,-0.4364,0.2751,0.05
2025-04-07,A股黑色星期一：沪指跌7.34%创业板跌12.5%,801080,market_event,-,-,True,0.0,-0.04301360297599588,0.04301360297599588,0.04301360297599588,-0.11043803153325582,-0.07045494979545541,-0.03711,0.00946,0.05,-0.010427264827933325,0.07499196182235479,0.010427264827933325,-0.038869226309203087,-0.028741658364631717,-0.10449,0.04896,0.05,0.005597532984833453,0.07499196182235479,0.0,-0.00218265827630415,-0.007736883798873384,-0.22019,0.12759,0.05
2025-04-07,A股黑色星期一：沪指跌7.34%创业板跌12.5%,801790,market_event,-,-,True,0.0,-0.02091690317658257,0.02091690317658257,0.02091690317658257,-0.08989815360885545,-0.07045494979545541,-0.10916,0.07015,0.5,-0.023812974234841633,0.023812974234841633,0.023812974234841633,-0.05187020822936994,-0.028741658364631717,-0.42652,0.33524,0.5,-0.01544549329178413,0.02883497746589847,0.01544549329178413,-0.023062877103842805,-0.007736883798873384,-1.20436,0.9674,0.4485
2025-04-07,A股黑色星期一：沪指跌7.34%创业板跌12.5%,801750,market_event,-,-,True,0.0,-0.05921792207158039,0.05921792207158039,0.05921792207158039,-0.12550067614049143,-0.07045494979545541,-0.07367,0.02387,0.074,-0.030009638479417955,0.0679446161389019,0.030009638479417955,-0.057888770067228146,-0.028741658364631717,-0.23623,0.12473,0.05,0.0056309444911843975,0.0679446161389019,0.0,-0.002149505270895302,-0.007736883798873384,-0.48195,0.29052,0.05
2025-04-07,A股黑色星期一：沪指跌7.34%创业板跌12.5%,801730,market_event,-,-,True,0.0,-0.054551170259219406,0.054551170259219406,0.054551170259219406,-0.12116272009277818,-0.07045494979545541,-0.02367,0.00621,0.05,-0.053696233159788775,0.07036122564006753,0.053696233159788775,-0.08089457273547429,-0.028741658364631717,-0.0592,0.0277,0.05,-0.0312753763879281,0.07036122564006753,0.0312753763879281,-0.038770286233922535,-0.007736883798873384,-0.1702,0.09904,0.05
2025-04-07,A股黑色星期一：沪指跌7.34%创业板跌12.5%,801880,market_event,-,+,False,0.0,-0.03220870118335606,0.03220870118335606,0.03220870118335606,-0.10039438855396132,-0.07045494979545541,-0.03182,0.00784,0.05,-0.027177667007538542,0.06394085200745359,0.027177667007538542,-0.05513819415189192,-0.028741658364631717,-0.06809,0.03134,0.05,0.018683628645039363,0.06394085200745359,0.0,0.010802191782397275,-0.007736883798873384,-0.13814,0.08118,0.05
2025-05-07,央行一揽子宽松：降准0.5个百分点+降息10bp,801780,monetary_policy,+,-,False,0.0,0.008763411845536417,0.0,0.0,0.014877904835886469,0.0060613746677862235,-0.03028,0.00757,0.05,0.03382229020186389,0.009879625444985,0.0,0.057632650178817135,0.023031385763895962,-0.07041,0.03283,0.05,0.06646289798450589,0.009879625444985,0.0,0.08332030245098254,0.015806836316889283,-0.1492,0.08571,0.05
2025-05-07,央行一揽子宽松：降准0.5个百分点+降息10bp,801790,monetary_policy,+,-,False,0.0,0.001140384487528845,0.0,0.0,0.0072086714529593365,0.0060613746677862235,-0.04863,0.01438,0.05,-0.003511078282879998,0.007641744597533793,0.003511078282879998,0.01943944248263585,0.023031385763895962,-0.13701,0.06671,0.05,0.016445317392069336,0.03145871036467356,0.0,0.03251210214915434,0.015806836316889283,-0.31145,0.17931,0.05
2025-05-07,央行一揽子宽松：降准0.5个百分点+降息10bp,801180,monetary_policy,-,-,True,0.0,0.004484994831271294,0.0,0.0,0.010573554733112944,0.0060613746677862235,-0.05533,0.01708,0.05,-0.02576298352643791,0.030112922057924936,0.02576298352643791,-0.003324954974568306,0.023031385763895962,-0.12951,0.06198,0.05,-0.0241287053803233,0.04746552127747841,0.0241287053803233,-0.008703267559918793,0.015806836316889283,-0.24765,0.14132,0.05
2025-05-07,央行一揽子宽松：降准0.5个百分点+降息10bp,801710,monetary_policy,-,-,True,0.0,0.0016627582367974014,0.0,0.0,0.007734211505238786,0.0060613746677862235,-0.03748,0.01282,0.0755,-0.011644553352456288,0.013285221477813778,0.011644553352456288,0.011118642211131347,0.023031385763895962,-0.11156,0.05932,0.05,-0.009301731235807686,0.024876049617904527,0.009301731235807686,0.006358074137974956,0.015806836316889283,-0.25191,0.15572,0.05
2025-05-20,LPR双降：1年期降至3.00%(-10bp)5年期降至3.50%(-,801780,monetary_policy,+,+,True,0.0,-0.003480813828766083,0.003480813828766083,0.003480813828766083,0.0019233720885614147,0.005423062588580052,0.03868,0.0,0.05,0.006133754043037731,0.003480813828766083,0.0,0.001712328767123461,-0.00439447067365295,0.22992,0.0,0.05,0.04350447231349053,0.013429055903074145,0.0,0.04168345420359931,-0.0017450985196584279,0.77282,0.0001,0.05
2025-05-20,LPR双降：1年期降至3.00%(-10bp)5年期降至3.50%(-,801790,monetary_policy,-,+,False,0.0,-0.002831690956780819,0.002831690956780819,0.002831690956780819,0.002576015194509118,0.005423062588580052,-0.03561,0.00662,0.05,-0.011167561693341987,0.018080024365598413,0.011167561693341987,-0.015512956844637271,-0.00439447067365295,-0.04703,0.02564,0.05,0.03160355145175342,0.018080024365598413,0.0,0.029803301621240452,-0.0017450985196584279,-0.0657,0.07035,0.05
2025-05-20,LPR双降：1年期降至3.00%(-10bp)5年期降至3.50%(-,801180,monetary_policy,-,+,False,0.0,-0.006532280157000914,0.006532280157000914,0.006532280157000914,-0.0011446425325584153,0.005423062588580052,-0.04902,0.01216,0.05,-0.02533016899080276,0.032892135196403105,0.02533016899080276,-0.029613326979666788,-0.00439447067365295,-0.09629,0.04466,0.05,-0.014669030377594261,0.032892135196403105,0.014669030377594261,-0.016388529994055934,-0.0017450985196584279,-0.15759,0.10161,0.05
2025-05-20,LPR双降：1年期降至3.00%(-10bp)5年期降至3.50%(-,801710,monetary_policy,-,-,True,0.0,-0.004652822825443437,0.004652822825443437,0.004652822825443437,0.0007450072137407115,0.005423062588580052,-0.04155,0.01813,0.1925,-0.013280723286676288,0.019330534606358807,0.013280723286676288,-0.01761683221132071,-0.00439447067365295,-0.13469,0.07918,0.05,-0.029256392405323073,0.03425742733787318,0.029256392405323073,-0.030950435637904117,-0.0017450985196584279,-0.35761,0.2463,0.05
